timestamp,spot_price,strike,model_prob,implied_prob,kelly_size,status
1779795002.1514668,77146.34119840302,77146.32386922288,0.535830701760544,0.505,155.0462290548861,BUY_YES
1779795002.1563218,77146.34119840302,77146.32386922288,0.4569560964964624,0.505,256.22046498482257,BUY_NO
1779795003.3634667,77146.46516536125,77146.32386922288,0.6300528206769772,0.505,172.63,BUY_YES
1779795003.614073,77146.46516536125,77146.32386922288,0.457988162939116,0.51,326.57,SELL_YES
1779795003.8653412,77146.46516536125,77146.32386922288,0.3808815938520683,0.505,401.57,BUY_NO
1779795004.0345106,77146.46516536125,77146.32386922288,0.5499119515581193,0.5,166.74,BUY_YES
1779795013.0057867,77143.60685303454,77146.32386922288,0.4844223995846622,0.5,133.86,SELL_YES
1779795014.9481094,77141.09620935275,77146.32386922288,0.3491325306646926,0.505,215.51664330508424,BUY_NO
1779795015.01397,77141.09620935275,77146.32386922288,0.29826265106498867,0.505,281.41696868212284,BUY_NO
1779795029.2482915,77151.72732810421,77146.32386922288,0.2414263335856862,0.505,303.4905438113294,BUY_NO
1779795029.258144,77151.72732810421,77146.32386922288,0.20671238354783325,0.505,169.05948317743446,BUY_NO
1779795030.157867,77152.53450070847,77146.32386922288,0.5619922013619025,0.505,190.25,BUY_YES
1779795030.502921,77152.6493689531,77146.32386922288,0.4791933711576171,0.51,224.2362290548861,SELL_YES
1779795030.6091597,77152.6493689531,77146.32386922288,0.5558143654839746,0.51,190.12,BUY_YES
1779795030.9595401,77152.6493689531,77146.32386922288,0.47394221066137837,0.515,190.12,SELL_YES
1779795031.0347273,77152.6493689531,77146.32386922288,0.5513508790621716,0.515,117.94743233701263,BUY_YES
1779795031.0779476,77152.6493689531,77146.32386922288,0.4793482412219833,0.515,117.94743233701263,SELL_YES
1779795031.4180713,77152.65041671989,77146.32386922288,0.5559460050386857,0.515,139.2825676629874,BUY_YES
1779795031.527954,77152.65041671989,77146.32386922288,0.47445252834979007,0.52,139.2825676629874,SELL_YES
1779795031.8768098,77152.65041671989,77146.32386922288,0.5517846490973215,0.52,605.0,SELL_NO
1779795038.046227,77152.61204178237,77146.32386922288,0.5744972468170402,0.52,120.0,BUY_YES
1779795038.0506253,77152.61204178237,77146.32386922288,0.6368226597944842,0.52,120.0,BUY_YES
1779795039.243582,77152.74578447259,77146.32386922288,0.23528696022637555,0.505,457.15917059569256,BUY_NO
1779795039.403087,77152.74578447259,77146.32386922288,0.20149391619241921,0.505,147.91839641029696,BUY_NO
1779795039.4224424,77152.74578447259,77146.32386922288,0.17276982876355632,0.505,142.0668666550082,BUY_NO
1779795039.8528857,77152.74578447259,77146.32386922288,0.14835435444902287,0.505,117.02732368238844,BUY_NO
1779795039.952346,77152.74578447259,77146.32386922288,0.25786553039963384,0.505,240.0,SELL_YES
1779795040.7491193,77151.7259534758,77146.32386922288,0.5403779188566752,0.505,153.6,BUY_YES
1779795042.57321,77151.72157147578,77146.32386922288,0.610700074664466,0.505,196.6,BUY_YES
1779795042.6784387,77151.72157147578,77146.32386922288,0.4440058039450766,0.51,350.2,SELL_YES
1779795043.377448,77150.4189303142,77146.32386922288,0.1282624693869943,0.505,120.6848790556453,BUY_NO
1779795043.58678,77150.4189303142,77146.32386922288,0.09544463413210337,0.505,162.53967325151348,BUY_NO
1779795043.5897572,77150.4189303142,77146.32386922288,0.08262793901228786,0.505,231.2768759878652,BUY_NO
1779795059.3475473,77153.14434792768,77146.32386922288,0.5217700261290912,0.505,186.6,SELL_NO
1779795061.0231218,77153.99091516653,77146.32386922288,0.06319459136655012,0.51,100.61666330731214,BUY_NO
1779795061.0262196,77153.99091516653,77146.32386922288,0.05688853546962405,0.51,134.0372478464742,BUY_NO
1779795069.6666033,77154.32317266469,77146.32386922288,0.5247714122825358,0.505,186.6,SELL_NO
1779795072.0023198,77155.71948499487,77146.32386922288,0.04970081996436368,0.51,117.05644364612226,BUY_NO
1779795133.7275167,77167.34645915733,77146.32386922288,0.5269202467363739,0.505,191.6,SELL_NO
1779795133.730385,77167.34645915733,77146.32386922288,0.549576077239689,0.505,191.6,BUY_YES
1779795133.7332103,77167.34645915733,77146.32386922288,0.5704913466788186,0.505,191.6,BUY_YES
1779795133.7401154,77167.34645915733,77146.32386922288,0.48641764467699583,0.51,383.2,SELL_YES
1779795133.7444346,77167.34645915733,77146.32386922288,0.41495499797544644,0.51,383.2,SELL_YES
1779795133.7482836,77167.34645915733,77146.32386922288,0.3542117482791295,0.51,383.2,SELL_YES
1779795133.7513142,77167.34645915733,77146.32386922288,0.30257998603726005,0.51,383.2,SELL_YES
1779795133.7540576,77167.34645915733,77146.32386922288,0.258692988131671,0.51,383.2,SELL_YES
1779795133.764794,77167.34645915733,77146.32386922288,0.5408860813363624,0.51,110.93627812302486,BUY_YES
1779795133.767972,77167.34645915733,77146.32386922288,0.608253169135908,0.51,190.12,BUY_YES
1779795136.1813514,77167.38928917823,77146.32386922288,0.5964548385661295,0.515,182.23,SELL_NO
1779795141.5930858,77167.44012888886,77146.32386922288,0.4337136208640285,0.505,301.05627812302487,SELL_YES
1779795141.6914995,77167.44012888886,77146.32386922288,0.5171565777344241,0.505,132.77,SELL_NO
1779795145.9596016,77171.29173,77146.32386922288,0.5575137539947167,0.51,190.12,BUY_YES
1779795146.0428805,77171.29173,77146.32386922288,0.6223866908955091,0.515,182.23,BUY_YES
1779795155.5204623,77191.59053328393,77146.32386922288,0.5753881972318162,0.52,365.0,SELL_NO
1779795156.9773157,77191.59434903464,77146.32386922288,0.49057996764704376,0.525,198.63372187697513,SELL_YES
1779795157.0147958,77191.59434903464,77146.32386922288,0.4184929724999872,0.52,108.86,SELL_YES
1779795161.1322126,77187.79756961868,77146.32386922288,0.18504288494611168,0.505,213.28652132303273,BUY_NO
1779795161.3633633,77187.71853564383,77146.32386922288,0.15893901203910077,0.505,120.82041749332075,BUY_NO
1779795176.2161176,77204.90901679875,77146.32386922288,0.12861620890982114,0.515,204.7590896197728,BUY_NO
1779795179.455337,77209.89655759557,77146.32386922288,0.8145362234931147,0.515,109.16,BUY_YES
1779795179.610551,77209.89655759557,77146.32386922288,0.6952628644695777,0.52,257.23,BUY_YES
1779795180.6454167,77211.70010670662,77146.32386922288,0.659659016009317,0.515,111.41,BUY_YES
1779795184.6842132,77212.48086082877,77146.32386922288,0.9856775212231078,0.515,173.69,BUY_YES
1779795185.154752,77212.81315504247,77146.32386922288,0.9020093733807948,0.52,137.23,BUY_YES
1779795185.1601272,77212.81315504247,77146.32386922288,0.7682079673736755,0.525,307.5996634254427,BUY_YES
1779795185.1627026,77212.81315504247,77146.32386922288,0.7413548110762522,0.52,120.00000000000003,BUY_YES
1779795185.1930597,77212.81315504247,77146.32386922288,0.7319263476843743,0.52,120.00000000000003,BUY_YES
1779795186.1416886,77212.81315504247,77146.32386922288,0.45563865316155566,0.52,176.66,SELL_YES
1779795186.144446,77212.81315504247,77146.32386922288,0.3966380104784328,0.52,176.66,SELL_YES
1779795186.1473124,77212.81315504247,77146.32386922288,0.3564233330336059,0.52,176.66,SELL_YES
1779795186.2461727,77212.81315504247,77146.32386922288,0.45145983307856496,0.515,335.64,SELL_YES
1779795194.4383767,77199.12999327687,77146.32386922288,0.8432529071609536,0.505,573.0,BUY_YES
1779795194.4509573,77199.12999327687,77146.32386922288,0.8652649710868104,0.505,99.0,BUY_YES
1779795197.3222828,77199.45918380268,77146.32386922288,0.9500128076243318,0.505,120.0,BUY_YES
1779795197.3254385,77199.45918380268,77146.32386922288,0.956010886480682,0.505,120.0,BUY_YES
1779795198.3427281,77204.89208414052,77146.32386922288,0.9654428654822926,0.515,719.7897964594424,BUY_YES
1779795198.4363508,77204.89208414052,77146.32386922288,0.9691264356599487,0.515,245.90020354055764,SELL_NO
1779795198.6694384,77204.89208414052,77146.32386922288,0.8252574703109563,0.52,267.23,SELL_NO
1779795200.2217913,77205.630161529,77146.32386922288,0.7029688497643128,0.525,600.0,SELL_NO
1779795200.4408174,77205.630161529,77146.32386922288,0.5990235222996658,0.53,790.0,SELL_NO
1779795201.4037473,77205.5674419268,77146.32386922288,0.43556949486150853,0.535,113.98,BUY_NO
1779795201.409165,77205.5674419268,77146.32386922288,0.37173407063228225,0.535,113.98,BUY_NO
1779795201.4171915,77205.5674419268,77146.32386922288,0.3174739600374399,0.53,335.64,BUY_NO
1779795201.4219203,77205.5674419268,77146.32386922288,0.2713528660318239,0.53,335.64,BUY_NO
1779795201.4257503,77205.5674419268,77146.32386922288,0.23214993612705032,0.53,335.64,BUY_NO
1779795201.5430048,77205.5674419268,77146.32386922288,0.19882744570799277,0.525,598.36,SELL_YES
1779795201.5496268,77205.5674419268,77146.32386922288,0.31750332885179383,0.52,255.12,SELL_YES
1779795201.5525768,77205.5674419268,77146.32386922288,0.4183778295240247,0.52,255.12,SELL_YES
1779795201.5604184,77205.5674419268,77146.32386922288,0.5770029818311079,0.515,589.0,SELL_NO
1779795202.1235938,77205.5674419268,77146.32386922288,0.736368206217029,0.515,789.4734692946813,SELL_NO
1779795202.3704016,77206.68454881235,77146.32386922288,0.7744129752844746,0.515,176.21653070531875,BUY_YES
1779795202.3748717,77206.68454881235,77146.32386922288,0.8067510289918034,0.515,176.21653070531875,BUY_YES
1779795202.3785045,77206.68454881235,77146.32386922288,0.8342383746430329,0.515,670.6610736515688,BUY_YES
1779795203.3379254,77205.64965845918,77146.32386922288,0.931254578443657,0.505,99.20278076738032,BUY_YES
1779795203.3776627,77205.64965845918,77146.32386922288,0.9539229679867107,0.505,103.87629491775806,BUY_YES
1779795203.3813305,77205.64965845918,77146.32386922288,0.959334522788704,0.505,131.7301457004287,BUY_YES
1779795251.053974,77138.241715,77146.32386922288,0.38172867026526486,0.505,102.29,BUY_NO
1779795251.7280915,77140.94517961713,77146.32386922288,0.5365569116458709,0.505,102.29,SELL_NO
1779795300.2771225,77161.12070156958,77161.12099504992,0.46800402325647866,0.495,634.66,SELL_YES
1779795300.2794228,77161.12070156958,77161.12099504992,0.3993034197680069,0.495,634.66,SELL_YES
1779795300.281365,77161.12070156958,77161.12099504992,0.34090790680280586,0.495,634.66,SELL_YES
1779795300.2878795,77161.12070156958,77161.12099504992,0.291271720782385,0.49,157.12,SELL_YES
1779795300.350764,77161.12070156958,77161.12099504992,0.24908096266502724,0.485,208.91,BUY_NO
1779795300.3564281,77161.12070156958,77161.12099504992,0.21321881826527314,0.48,442.0,BUY_NO
1779795300.3622823,77161.12070156958,77161.12099504992,0.18273599552548217,0.475,402.0,BUY_NO
1779795300.3884575,77161.12070156958,77161.12099504992,0.15682559619665984,0.47,392.0,BUY_NO
1779795300.4202993,77161.12070156958,77161.12099504992,0.13480175676716086,0.46499999999999997,121.7513972175409,BUY_NO
1779795300.435585,77161.12070156958,77161.12099504992,0.11608149325208672,0.46499999999999997,275.2486027824591,SELL_YES
1779795300.4394648,77161.12070156958,77161.12099504992,0.1001692692642737,0.45999999999999996,150.810312476013,BUY_NO
1779795300.4593751,77161.12070156958,77161.12099504992,0.07514729704343776,0.45999999999999996,115.7860579448652,BUY_NO
1779795300.9062784,77161.12070156958,77161.12070156958,0.99,0.505,401.94,BUY_YES
1779795301.5074098,77160.90534642823,77161.12070156958,0.4448312062499998,0.51,337.44547917762134,BUY_NO
1779795301.9426086,77160.90534642823,77161.12070156958,0.7843898535033217,0.505,389.68,BUY_YES
1779795302.1341376,77160.90534642823,77161.12070156958,0.48557216878272735,0.51,328.68,SELL_YES
1779795303.1558044,77160.90928719807,77161.12070156958,0.5324720630549514,0.505,337.44547917762134,SELL_NO
1779795303.1598394,77160.90928719807,77161.12070156958,0.6011012535967087,0.505,337.44547917762134,SELL_NO
1779795303.191015,77160.90928719807,77161.12070156958,0.6594360655572024,0.505,433.23910547023075,BUY_YES
1779795303.1943538,77160.90928719807,77161.12070156958,0.7090206557236219,0.505,561.0,BUY_YES
1779795303.1977832,77160.90928719807,77161.12070156958,0.7511675573650786,0.505,561.0,BUY_YES
1779795303.201429,77160.90928719807,77161.12070156958,0.7869924237603168,0.505,561.0,BUY_YES
1779795303.2043235,77160.90928719807,77161.12070156958,0.8174435601962692,0.505,561.0,BUY_YES
1779795303.2072346,77160.90928719807,77161.12070156958,0.8433270261668288,0.505,561.0,BUY_YES
1779795303.2099035,77160.90928719807,77161.12070156958,0.8653279722418044,0.505,561.0,BUY_YES
1779795303.2123168,77160.90928719807,77161.12070156958,0.8840287764055337,0.505,561.0,BUY_YES
1779795303.214628,77160.90928719807,77161.12070156958,0.8999244599447036,0.505,561.0,BUY_YES
1779795303.3692362,77160.90928719807,77161.12070156958,0.4899353399939942,0.505,398.68,SELL_YES
1779795328.9196026,77171.24822353314,77161.12070156958,0.4645284399750469,0.505,166.97849252736822,BUY_NO
1779795328.9266694,77171.24822353314,77161.12070156958,0.5343502991743718,0.505,166.97849252736822,SELL_NO
1779795328.9302099,77171.24822353314,77161.12070156958,0.5907006225723304,0.505,166.97849252736822,SELL_NO
1779795328.9378042,77171.24822353314,77161.12070156958,0.4295817414740355,0.505,331.41317172178964,BUY_NO
1779795328.9405298,77171.24822353314,77161.12070156958,0.36786368746775444,0.505,349.70150747263176,BUY_NO
1779795328.943396,77171.24822353314,77161.12070156958,0.3171523892513593,0.505,349.70150747263176,BUY_NO
1779795328.9505436,77171.24822353314,77161.12070156958,0.41807953086365535,0.5,723.36,SELL_YES
1779795328.9558938,77171.24822353314,77161.12070156958,0.5767874610489909,0.5,789.3715074726318,SELL_NO
1779795328.9585135,77171.24822353314,77161.12070156958,0.6387693418916423,0.5,789.3715074726318,SELL_NO
1779795342.929894,77171.05732733404,77161.12070156958,0.6252225798930534,0.505,241.44467919442116,SELL_NO
1779795345.0392442,77169.94100284252,77161.12070156958,0.4271298290020816,0.505,357.99131435003187,BUY_NO
1779795345.13401,77169.94100284252,77161.12070156958,0.4300819701312924,0.505,524.68,SELL_YES
1779795345.2547624,77169.94100284252,77161.12070156958,0.5854592234198587,0.5,357.99131435003187,SELL_NO
1779795345.264998,77169.94100284252,77161.12070156958,0.42576928892084787,0.505,376.1960361101047,BUY_NO
1779795345.695204,77169.3813334108,77161.12070156958,0.3634038955827207,0.505,143.48396388989522,BUY_NO
1779795345.7482033,77169.3813334108,77161.12070156958,0.34430542020743987,0.5,196.25667111342318,BUY_NO
1779795346.1463397,77169.3813334108,77161.12070156958,0.44115960717632385,0.5,527.1033288865768,SELL_YES
1779795346.391267,77169.3813334108,77161.12070156958,0.6529433937571598,0.505,428.35,SELL_NO
1779795346.5310419,77169.3813334108,77161.12070156958,0.48368071662717654,0.51,519.68,SELL_YES
1779795362.1503704,77105.7532739965,77161.12070156958,0.24951604765012772,0.505,390.96,BUY_NO
1779795362.1598022,77105.7532739965,77161.12070156958,0.3605886405026085,0.5,747.36,SELL_YES
1779795362.2062988,77105.7532739965,77161.12070156958,0.45500034442721726,0.495,261.1,SELL_YES
1779795362.2131603,77105.7532739965,77161.12070156958,0.5352502927631346,0.49,337.35,SELL_NO
1779795362.2175083,77105.7532739965,77161.12070156958,0.6034627488486645,0.49,337.35,SELL_NO
1779795367.2924457,77093.22951043931,77161.12070156958,0.45863402547189147,0.49,460.23,SELL_YES
1779795369.4244168,77104.96115053415,77161.12070156958,0.9045423879788951,0.505,347.55,BUY_YES
1779795370.0175252,77105.04102497121,77161.12070156958,0.47695671741490797,0.51,127.22291148591142,BUY_NO
1779795370.0469673,77105.04102497121,77161.12070156958,0.41467703368884506,0.51,257.85708851408856,BUY_NO
1779795371.9923055,77105.04583376677,77161.12070156958,0.7705961906710987,0.505,347.55,SELL_NO
1779795372.4870796,77105.04583376677,77161.12070156958,0.47710113559588846,0.51,380.88,SELL_YES
1779795375.1893544,77096.3752429951,77161.12070156958,0.4681692641268809,0.505,142.88577014825012,BUY_NO
1779795375.2858038,77096.3752429951,77161.12070156958,0.545591705974633,0.505,184.2624412616732,SELL_NO
1779795375.6553888,77094.60533175715,77161.12070156958,0.4717434673622091,0.505,163.89050894087097,BUY_NO
1779795375.7853408,77094.60533175715,77161.12070156958,0.5421364106219089,0.505,159.34755873832682,SELL_NO
1779795387.2024198,77099.32046753058,77161.12070156958,0.2793811248141972,0.505,378.88,BUY_NO
1779795390.148323,77106.99431281602,77161.12070156958,0.23897395609206762,0.505,561.0,BUY_NO
1779795390.77628,77107.73142110405,77161.12070156958,0.38177613078504097,0.505,1028.88,SELL_YES
1779795393.6409607,77109.36876404089,77161.12070156958,0.47300971116728485,0.5,159.77577658365408,SELL_YES
1779795393.7104497,77109.36876404089,77161.12070156958,0.5505582544921921,0.5,238.22658514788748,BUY_YES
1779795393.724927,77109.36876404089,77161.12070156958,0.6164745163183633,0.5,105.38341485211254,BUY_YES
1779795408.5588298,77128.53897749553,77161.12070156958,0.4392300095532476,0.505,343.61,SELL_YES
1779795408.566431,77128.53897749553,77161.12070156958,0.37484550812026046,0.505,343.61,SELL_YES
1779795411.3779557,77131.14811756837,77161.12070156958,0.2922613926612493,0.505,274.84150236130586,BUY_NO
1779795421.9108696,77133.42822064407,77161.12070156958,0.2476185861028763,0.505,241.20462974054954,BUY_NO
1779795421.9593365,77133.42822064407,77161.12070156958,0.21475729962620727,0.505,169.51447896951254,BUY_NO
1779795432.521447,77126.21696357912,77161.12070156958,0.1907033838169487,0.505,121.7184349751526,BUY_NO
1779795432.5245018,77126.21696357912,77161.12070156958,0.1635978762444064,0.505,275.23053061368387,BUY_NO
1779795432.5359185,77126.21696357912,77161.12070156958,0.5578596903256039,0.505,265.45855472814435,BUY_YES
1779795432.5411575,77125.88146646894,77161.12070156958,0.47620919818443025,0.505,265.45855472814435,SELL_YES
1779795437.1799407,77125.94696228448,77161.12070156958,0.5423967048654179,0.505,179.6387734570904,BUY_YES
1779795439.5788713,77125.71644816616,77161.12070156958,0.4625371991356052,0.505,179.6387734570904,SELL_YES
1779795439.6041734,77125.71644816616,77161.12070156958,0.3946566192652644,0.505,179.6387734570904,SELL_YES
1779795481.154658,77116.86135861893,77161.12070156958,0.1087357874414757,0.505,141.31237544541,BUY_NO
1779795481.1634765,77116.86135861893,77161.12070156958,0.08610326800178243,0.505,107.86717635198238,BUY_NO
1779795481.1661286,77116.86135861893,77161.12070156958,0.07918835545835855,0.505,145.8938500272743,BUY_NO
1779795481.1689246,77116.86135861893,77161.12070156958,0.07482731485069025,0.505,169.87620223073145,BUY_NO
1779795481.1716304,77116.86135861893,77161.12070156958,0.0727433297255566,0.505,181.3365094725027,BUY_NO
1779795481.1737847,77116.86135861893,77161.12070156958,0.07266346060085906,0.505,181.7757279185107,BUY_NO
1779795481.1773164,77116.86135861893,77161.12070156958,0.07432019748010424,0.505,172.66495576090938,BUY_NO
1779795481.179774,77116.86135861893,77161.12070156958,0.07745458385246433,0.505,155.42825363264228,BUY_NO
1779795481.197517,77116.86135861893,77161.12070156958,0.5850987509578152,0.5,292.66,BUY_YES
1779795481.200386,77116.86135861893,77161.12070156958,0.6458339383141428,0.5,292.66,BUY_YES
1779795481.2034423,77116.86135861893,77161.12070156958,0.6974588475670214,0.5,292.66,BUY_YES
1779795481.2063065,77116.86135861893,77161.12070156958,0.7413400204319681,0.5,292.66,BUY_YES
1779795481.2096815,77116.86135861893,77161.12070156958,0.7786390173671729,0.5,292.66,BUY_YES
1779795481.2119925,77116.86135861893,77161.12070156958,0.8103431647620969,0.5,292.66,BUY_YES
1779795481.2142107,77116.86135861893,77161.12070156958,0.8372916900477823,0.5,292.66,BUY_YES
1779795481.2165685,77116.86135861893,77161.12070156958,0.8601979365406148,0.5,292.66,BUY_YES
1779795481.2275333,77116.86135861893,77161.12070156958,0.774401650985385,0.505,389.12,SELL_NO
1779795481.2301729,77116.86135861893,77161.12070156958,0.700939893054251,0.505,389.12,SELL_NO
1779795481.2327125,77116.86135861893,77161.12070156958,0.6380187109845997,0.505,389.12,SELL_NO
1779795481.2354105,77116.86135861893,77161.12070156958,0.5841070848622798,0.505,389.12,SELL_NO
1779795481.2382238,77116.86135861893,77161.12070156958,0.537898235650179,0.505,389.12,SELL_NO
1779795481.2423644,77116.86135861893,77161.12070156958,0.46428997539461686,0.505,747.36,SELL_YES
1779795481.2448435,77116.86135861893,77161.12070156958,0.4351246907182117,0.505,747.36,SELL_YES
1779795481.247449,77116.86135861893,77161.12070156958,0.4100859961519076,0.505,747.36,SELL_YES
1779795481.2503455,77116.86135861893,77161.12070156958,0.38858031213297883,0.505,747.36,SELL_YES
1779795481.2533064,77116.86135861893,77161.12070156958,0.37010046096142224,0.505,747.36,SELL_YES
1779795481.2562053,77116.86135861893,77161.12070156958,0.3542129805915568,0.505,747.36,SELL_YES
1779795481.2589731,77116.86135861893,77161.12070156958,0.3405473151933558,0.505,747.36,SELL_YES
1779795481.2618706,77116.86135861893,77161.12070156958,0.32878655951784486,0.505,747.36,SELL_YES
1779795481.2646625,77116.86135861893,77161.12070156958,0.3186596845958944,0.505,747.36,SELL_YES
1779795481.268393,77116.86135861893,77161.12070156958,0.30993465442760937,0.505,747.36,SELL_YES
1779795481.2713735,77116.86135861893,77161.12070156958,0.30241312350218014,0.505,747.36,SELL_YES
1779795481.2743022,77116.86135861893,77161.12070156958,0.29592518706287696,0.505,747.36,SELL_YES
1779795481.2767062,77116.86135861893,77161.12070156958,0.29032540676057145,0.505,747.36,SELL_YES
1779795481.2790625,77116.86135861893,77161.12070156958,0.28548912076343846,0.505,747.36,SELL_YES
1779795481.2814991,77116.86135861893,77161.12070156958,0.2813094774515547,0.505,747.36,SELL_YES
1779795481.283885,77116.86135861893,77161.12070156958,0.2776948899968441,0.505,747.36,SELL_YES
1779795481.3867419,77116.86135861893,77161.12070156958,0.5525556243193119,0.505,273.01,SELL_NO
1779795481.390492,77116.86135861893,77161.12070156958,0.6181722806714152,0.505,273.01,BUY_YES
1779795481.39466,77116.86135861893,77161.12070156958,0.6739464385707028,0.505,273.01,BUY_YES
1779795481.3975008,77116.86135861893,77161.12070156958,0.7208142520742922,0.505,273.01,BUY_YES
1779795481.4010403,77116.86135861893,77161.12070156958,0.7586985140935051,0.505,273.01,BUY_YES
1779795481.4037297,77116.86135861893,77161.12070156958,0.7879104309002765,0.505,273.01,BUY_YES
1779795481.4066713,77116.86135861893,77161.12070156958,0.8086551717117069,0.505,273.01,BUY_YES
1779795481.4190688,77116.86135861893,77161.12070156958,0.6888568959549508,0.51,327.0,SELL_NO
1779795481.4218132,77116.86135861893,77161.12070156958,0.5872768038060975,0.51,327.0,SELL_NO
1779795481.426244,77116.86135861893,77161.12070156958,0.4300968623355629,0.51,261.1,SELL_YES
1779795481.4290926,77116.86135861893,77161.12070156958,0.3704120392587095,0.51,261.1,SELL_YES
1779795481.4314916,77116.86135861893,77161.12070156958,0.3210770016649777,0.51,261.1,SELL_YES
1779795481.433804,77116.86135861893,77161.12070156958,0.28067660753123985,0.51,261.1,SELL_YES
1779795481.4362972,77116.86135861893,77161.12070156958,0.2479708224555863,0.51,149.44417793720595,BUY_NO
1779795481.4386294,77116.86135861893,77161.12070156958,0.22186818730511387,0.51,261.1,BUY_NO
1779795481.4413586,77116.86135861893,77161.12070156958,0.20140601199960864,0.51,261.1,BUY_NO
1779795481.4437432,77116.86135861893,77161.12070156958,0.18573522969567113,0.51,261.1,BUY_NO
1779795481.4461906,77116.86135861893,77161.12070156958,0.17410838340125256,0.51,261.1,BUY_NO
1779795481.4484284,77116.86135861893,77161.12070156958,0.16586959839924265,0.51,261.1,BUY_NO
1779795481.4508767,77116.86135861893,77161.12070156958,0.160445799777714,0.51,261.1,BUY_NO
1779795481.4534357,77116.86135861893,77161.12070156958,0.15733875833124128,0.51,261.1,BUY_NO
1779795481.455925,77116.86135861893,77161.12070156958,0.15611770486598772,0.51,261.1,BUY_NO
1779795481.4772587,77116.86135861893,77161.12070156958,0.1371403697205614,0.51,470.22,SELL_YES
1779795481.963906,77116.07725199714,77161.12070156958,0.26506931426247715,0.505,222.63999999999987,SELL_YES
1779795481.96901,77116.07725199714,77161.12070156958,0.3738089171231056,0.505,222.63999999999987,SELL_YES
1779795481.9928346,77116.07725199714,77161.12070156958,0.6115816512282272,0.505,97.00395361211775,BUY_YES
1779795481.995915,77116.07725199714,77161.12070156958,0.668344403543993,0.505,391.63506866413195,BUY_YES
1779795482.2489288,77116.07725199714,77161.12070156958,0.5778616992723831,0.505,251.36097772375024,SELL_NO
1779795482.2633834,77116.07725199714,77161.12070156958,0.4287337635639957,0.51,412.3600000000001,SELL_YES
1779795482.3711627,77116.07725199714,77161.12070156958,0.590618375216517,0.505,550.0,SELL_NO
1779795486.9036026,77116.02579699714,77161.12070156958,0.05401370545822538,0.505,545.638540394953,BUY_NO
1779795495.1727955,77116.24907513919,77161.12070156958,0.020194320052842513,0.505,102.91367345995832,BUY_NO
1779795552.1592355,77089.82961400515,77161.12070156958,0.5357385025279914,0.505,122.05,SELL_NO
1779795556.2579606,77087.36134177336,77161.12070156958,0.023266898296922873,0.505,108.43728155554345,BUY_NO
1779795556.2615626,77087.36134177336,77161.12070156958,0.021276863552384444,0.505,118.79918798211656,BUY_NO
1779795556.264837,77087.36134177336,77161.12070156958,0.01958533401952678,0.505,127.6068084447038,BUY_NO
1779795556.2679322,77087.36134177336,77161.12070156958,0.018147533916597763,0.505,135.09328583790284,BUY_NO
1779795556.2711499,77087.36134177336,77161.12070156958,0.0169254038291081,0.505,141.45679162212173,BUY_NO
1779795556.2739513,77087.36134177336,77161.12070156958,0.015886593254741885,0.505,146.8657715387085,BUY_NO
1779795556.277468,77087.36134177336,77161.12070156958,0.015003604266530602,0.505,151.4634044678064,BUY_NO
1779795556.2799332,77087.36134177336,77161.12070156958,0.01425306362655101,0.505,155.37139245754042,BUY_NO
1779795556.282339,77087.36134177336,77161.12070156958,0.013615104082568358,0.505,158.69318224881363,BUY_NO
1779795600.5150802,77131.95242123787,77131.95242123787,0.99,0.505,271.15,BUY_YES
1779795600.5205686,77131.95242123787,77131.95242123787,0.99,0.505,271.15,BUY_YES
1779795603.2360275,77132.37145864457,77131.95242123787,0.49183812495895074,0.51,346.22,SELL_YES
1779795603.3609924,77132.37145864457,77131.95242123787,0.765214612792525,0.505,266.15,BUY_YES
1779795603.4498575,77134.5295379564,77131.95242123787,0.4737961740812093,0.51,124.09541911548891,BUY_NO
1779795603.454025,77134.5295379564,77131.95242123787,0.40422674796902786,0.51,292.12458088451115,BUY_NO
1779795624.1035798,77142.52759005538,77131.95242123787,0.4773677182377942,0.505,416.22,SELL_YES
1779795624.1075096,77142.52759005538,77131.95242123787,0.5542625605021251,0.5,163.689009159301,BUY_YES
1779795624.4197972,77142.52759005538,77131.95242123787,0.6196231764268063,0.5,115.78099084069902,BUY_YES
1779795625.0503268,77142.5306786597,77131.95242123787,0.45127570331002326,0.505,325.4799999999999,SELL_YES
1779795633.9061809,77147.98858613402,77131.95242123787,0.517471492705193,0.505,276.47,SELL_NO
1779795634.1092453,77147.98858613402,77131.95242123787,0.44135076879941404,0.51,143.35595643700822,BUY_NO
1779795634.1830645,77147.98858613402,77131.95242123787,0.3766481534795019,0.51,277.8640435629918,BUY_NO
1779795642.8383985,77157.84293316408,77131.95242123787,0.5700250960953952,0.505,282.27301680446834,BUY_YES
1779795642.84968,77157.84293316408,77131.95242123787,0.4860213316810859,0.505,282.27301680446834,SELL_YES
1779795642.9419863,77157.84293316408,77131.95242123787,0.3173072170987649,0.505,297.49839336653395,BUY_NO
1779795643.2672868,77157.84293316408,77131.95242123787,0.27704036737157317,0.505,169.30977324534388,BUY_NO
1779795643.2691727,77157.84293316408,77131.95242123787,0.250501844995419,0.505,291.6445364973456,BUY_NO
1779795643.514578,77157.84293316408,77131.95242123787,0.5358556955578117,0.5,115.65697664740145,BUY_YES
1779795643.6476119,77157.84293316408,77131.95242123787,0.3899307400405189,0.505,115.65697664740145,SELL_YES
1779795643.7679338,77157.84293316408,77131.95242123787,0.16668409485386776,0.505,170.717019685188,BUY_NO
1779795644.2772827,77160.67052114663,77131.95242123787,0.5602239517893117,0.505,222.04954722301565,BUY_YES
1779795644.465756,77160.67052114663,77131.95242123787,0.40769128353469175,0.505,222.04954722301565,SELL_YES
1779795646.5404818,77157.64453166032,77131.95242123787,0.5216202277718244,0.505,314.47,SELL_NO
1779795647.4650402,77156.78992253318,77131.95242123787,0.5275691644861492,0.505,309.47,SELL_NO
1779795648.3711307,77156.92342253317,77131.95242123787,0.2801743386690479,0.51,145.31791755282939,BUY_NO
1779795652.4874969,77162.74295688025,77131.95242123787,0.24378275042335515,0.505,156.27971556133093,BUY_NO
1779795659.916562,77162.95391977293,77131.95242123787,0.8536636228072132,0.505,333.47,BUY_YES
1779795661.0305548,77162.98584431481,77131.95242123787,0.45039768400300767,0.51,333.47,SELL_YES
1779795665.1394067,77162.12509171074,77131.95242123787,0.9482411659307703,0.505,333.47,BUY_YES
1779795665.9384935,77162.04142963176,77131.95242123787,0.4263025897296766,0.505,333.47,SELL_YES
1779795670.1215138,77163.23450989065,77131.95242123787,0.9564489402085917,0.505,343.67,BUY_YES
1779795671.1578,77166.12328627342,77131.95242123787,0.4299444227805468,0.51,343.67,SELL_YES
1779795672.8109174,77172.4070893959,77131.95242123787,0.8467050324359825,0.505,278.43,BUY_YES
1779795673.498334,77172.4070893959,77131.95242123787,0.44676525633803543,0.51,278.43,SELL_YES
1779795674.4308538,77175.2942629801,77131.95242123787,0.7851192795572188,0.505,278.43,BUY_YES
1779795674.526614,77175.2942629801,77131.95242123787,0.715910752543138,0.505,228.43,BUY_YES
1779795675.3202643,77175.2942629801,77131.95242123787,0.4435174409055545,0.51,506.86,SELL_YES
1779795698.2543066,77174.15538133777,77131.95242123787,0.7687729719122431,0.505,228.43,BUY_YES
1779795728.1966808,77169.13347195562,77131.95242123787,0.4759814513756062,0.505,228.43,SELL_YES
1779795732.7416449,77167.3968434645,77131.95242123787,0.2019821797930154,0.505,172.8532725504042,BUY_NO
1779795732.7453327,77167.3968434645,77131.95242123787,0.17352335633965535,0.505,272.2,BUY_NO
1779795769.3590033,77139.00860915583,77131.95242123787,0.09431004425988243,0.505,157.9887138610718,BUY_NO
1779795769.370761,77139.00860915583,77131.95242123787,0.061776905931100294,0.505,121.22918524169177,BUY_NO
1779795769.374198,77139.00860915583,77131.95242123787,0.05401037004143525,0.505,154.76191850906162,BUY_NO
1779795769.378187,77139.00860915583,77131.95242123787,0.047408814535219966,0.505,183.2647417863261,BUY_NO
1779795769.3812933,77139.00860915583,77131.95242123787,0.041797492354936974,0.505,207.4921415720005,BUY_NO
1779795769.384567,77139.00860915583,77131.95242123787,0.037027868501696426,0.505,228.08543138982373,BUY_NO
1779795769.387449,77139.00860915583,77131.95242123787,0.03297368822644196,0.505,245.58972773497408,BUY_NO
1779795769.3901036,77139.00860915583,77131.95242123787,0.029527634992475668,0.505,260.4683796283516,BUY_NO
1779795794.9595864,77133.35278598873,77131.95242123787,0.780486627334958,0.51,179.98,BUY_YES
1779795794.9629216,77133.35278598873,77131.95242123787,0.7138535499686225,0.51,179.98,BUY_YES
1779795795.2250538,77133.35278598873,77131.95242123787,0.6082755174733291,0.515,192.22,SELL_NO
1779795795.4207797,77133.35767998526,77131.95242123787,0.14857074839317558,0.525,101.0,SELL_YES
1779795795.50838,77133.35767998526,77131.95242123787,0.12778513613419923,0.52,258.96,SELL_YES
1779795795.587239,77133.35767998526,77131.95242123787,0.6074306843862799,0.525,267.9040274551169,BUY_YES
1779795795.5905826,77133.35767998526,77131.95242123787,0.6648160817283378,0.525,495.8978436972904,BUY_YES
1779795795.6108189,77133.35767998526,77131.95242123787,0.5665936694690871,0.53,652.07,SELL_NO
1779795799.9285932,77137.73739961351,77131.95242123787,0.5707555099600093,0.515,490.04999999999995,SELL_NO
1779795803.6653953,77138.19059459948,77131.95242123787,0.20907823423020855,0.515,154.63,SELL_YES
1779795803.7202778,77138.19059459948,77131.95242123787,0.3262164990956773,0.51,609.1718711524073,SELL_YES
1779795808.2857783,77137.88258,77131.95242123787,0.5823539575071328,0.515,265.25931254190755,BUY_YES
1779795809.4400623,77137.83523,77131.95242123787,0.6435008638810629,0.515,249.8847592738299,BUY_YES
1779795810.6359441,77138.25955156829,77131.95242123787,0.6954757342989034,0.515,143.45592818426258,BUY_YES
1779795810.6406255,77138.25955156829,77131.95242123787,0.7396543741540679,0.515,383.91684757470773,BUY_YES
1779795812.1108968,77138.2561720235,77131.95242123787,0.7217022728726334,0.515,131.22722424102972,SELL_NO
1779795812.2629242,77138.2561720235,77131.95242123787,0.6149469319417383,0.52,442.22,SELL_NO
1779795812.274096,77138.2561720235,77131.95242123787,0.44707415832790587,0.525,162.63,SELL_YES
1779795812.277009,77138.2561720235,77131.95242123787,0.38151303457872,0.525,162.63,SELL_YES
1779795812.2803288,77138.2561720235,77131.95242123787,0.325786079391912,0.525,162.63,SELL_YES
1779795812.2830753,77138.2561720235,77131.95242123787,0.2784181674831252,0.525,162.63,SELL_YES
1779795812.285842,77138.2561720235,77131.95242123787,0.23815544236065642,0.525,162.63,SELL_YES
1779795812.294445,77138.2561720235,77131.95242123787,0.20393212600655794,0.52,229.36684757470778,SELL_YES
1779795812.2972026,77138.2561720235,77131.95242123787,0.17484230710557425,0.52,145.01114567887794,BUY_NO
1779795812.29952,77138.2561720235,77131.95242123787,0.1501159610397381,0.52,252.15393971566573,BUY_NO
1779795819.3517396,77143.55402388862,77131.95242123787,0.5515752823874996,0.52,600.0,SELL_NO
1779795819.3553104,77143.55402388862,77131.95242123787,0.6173389900293746,0.52,333.3570100423697,BUY_YES
1779795821.5064602,77143.77123392664,77131.95242123787,0.44880242029622314,0.525,333.3570100423697,SELL_YES
1779795821.5155945,77143.77123392664,77131.95242123787,0.5989847486640212,0.525,219.70377166607307,BUY_YES
1779795821.5226471,77143.77123392664,77131.95242123787,0.43554148090975525,0.525,216.75105698837893,SELL_YES
1779795821.525111,77143.77123392664,77131.95242123787,0.37171025877329195,0.525,216.75105698837893,SELL_YES
1779795833.2970147,77140.58442271921,77131.95242123787,0.5432856619637034,0.515,100.43296701619201,BUY_YES
1779795838.6212432,77140.57742436102,77131.95242123787,0.692245576875464,0.515,174.75,BUY_YES
1779795839.2510417,77140.57742436102,77131.95242123787,0.5984141493467207,0.52,202.22,SELL_NO
1779795840.238443,77140.73284024357,77131.95242123787,0.4460161209519907,0.525,157.63,SELL_YES
1779795840.247987,77140.73284024357,77131.95242123787,0.3806137028091921,0.525,157.63,SELL_YES
1779795841.2373853,77140.54756622428,77131.95242123787,0.34890844005922783,0.52,120.50568169388612,SELL_YES
1779795841.248258,77140.54756622428,77131.95242123787,0.589912413570084,0.52,225.46222358571683,BUY_YES
1779795841.2512374,77140.54756622428,77131.95242123787,0.6445514158676753,0.52,472.2751919712752,BUY_YES
1779795841.2548583,77140.54756622428,77131.95242123787,0.6890906983869115,0.52,594.0,BUY_YES
1779795841.2582057,77140.54756622428,77131.95242123787,0.7248834755031599,0.52,594.0,BUY_YES
1779795841.2612488,77140.54756622428,77131.95242123787,0.7531333645527445,0.52,594.0,BUY_YES
1779795841.2639332,77140.54756622428,77131.95242123787,0.7749146496076277,0.52,594.0,BUY_YES
1779795841.266382,77140.54756622428,77131.95242123787,0.7911862572423572,0.52,594.0,BUY_YES
1779795841.277691,77140.54756622428,77131.95242123787,0.6740083186560036,0.525,657.07,SELL_NO
1779795841.2808862,77140.54756622428,77131.95242123787,0.574407070857603,0.525,657.07,SELL_NO
1779795841.2843914,77140.54756622428,77131.95242123787,0.4897460102289625,0.525,1056.134318306114,SELL_YES
1779795841.2872124,77140.54756622428,77131.95242123787,0.41778410869461813,0.525,1056.134318306114,SELL_YES
1779795841.2901645,77140.54756622428,77131.95242123787,0.3566164923904254,0.525,1056.134318306114,SELL_YES
1779795841.2928963,77140.54756622428,77131.95242123787,0.3046240185318616,0.525,1056.134318306114,SELL_YES
1779795841.2958834,77140.54756622428,77131.95242123787,0.26043041575208237,0.525,1056.134318306114,SELL_YES
1779795841.2985659,77140.54756622428,77131.95242123787,0.22286585338927,0.525,1056.134318306114,SELL_YES
1779795841.3008819,77140.54756622428,77131.95242123787,0.1909359753808795,0.525,160.95288144456936,BUY_NO
1779795841.3031344,77140.54756622428,77131.95242123787,0.16379557907374756,0.525,250.51007116017377,BUY_NO
1779795841.3056118,77140.54756622428,77131.95242123787,0.14072624221268543,0.525,326.6336824184373,BUY_NO
1779795841.3078334,77140.54756622428,77131.95242123787,0.12111730588078261,0.525,391.33875198796113,BUY_NO
1779795841.3100665,77140.54756622428,77131.95242123787,0.10444970999866522,0.525,446.33806112205684,BUY_NO
1779795841.312297,77140.54756622428,77131.95242123787,0.09028225349886544,0.525,493.08747388603797,BUY_NO
1779795841.315024,77140.54756622428,77131.95242123787,0.07823991547403562,0.525,532.824474735422,BUY_NO
1779795841.3171473,77140.54756622428,77131.95242123787,0.06803078624896636,0.525,566.5122997949395,BUY_NO
1779795841.3191943,77140.54756622428,77131.95242123787,0.0606438527965674,0.525,590.887514995434,BUY_NO
1779795841.3212185,77140.54756622428,77131.95242123787,0.05644235253886226,0.525,604.7515187266758,BUY_NO
1779795841.323335,77140.54756622428,77131.95242123787,0.05584018726903592,0.525,606.7385283745714,BUY_NO
1779795841.3255858,77140.54756622428,77131.95242123787,0.0591807750463524,0.525,595.7153417582381,BUY_NO
1779795841.3277395,77140.54756622428,77131.95242123787,0.06664338145102185,0.525,571.0904228737543,BUY_NO
1779795841.3320925,77140.54756622428,77131.95242123787,0.0781988830619125,0.525,532.959872445736,BUY_NO
1779795841.3347816,77140.54756622428,77131.95242123787,0.09360813282396441,0.525,482.11282184638344,BUY_NO
1779795841.3374133,77140.54756622428,77131.95242123787,0.11246119573360566,0.525,419.9019641782777,BUY_NO
1779795841.3401232,77140.54756622428,77131.95242123787,0.13422958871474167,0.525,348.07117445973813,BUY_NO
1779795841.3429654,77140.54756622428,77131.95242123787,0.15832194228350796,0.525,268.5718386786157,BUY_NO
1779795841.346109,77140.54756622428,77131.95242123787,0.18413308331639416,0.525,183.40089172192097,BUY_NO
1779795841.3487225,77140.54756622428,77131.95242123787,0.211081286169789,0.525,1056.134318306114,SELL_YES
1779795841.352422,77140.54756622428,77131.95242123787,0.23863579906875093,0.525,1056.134318306114,SELL_YES
1779795841.3551297,77140.54756622428,77131.95242123787,0.2663296261308915,0.525,1056.134318306114,SELL_YES
1779795841.3575194,77140.54756622428,77131.95242123787,0.293768031642236,0.525,1056.134318306114,SELL_YES
1779795841.3601313,77140.54756622428,77131.95242123787,0.320628662633676,0.525,1056.134318306114,SELL_YES
1779795841.362436,77140.54756622428,77131.95242123787,0.34665708750828517,0.525,1056.134318306114,SELL_YES
1779795841.3650506,77140.54756622428,77131.95242123787,0.3716610934868134,0.525,1056.134318306114,SELL_YES
1779795841.3684921,77140.54756622428,77131.95242123787,0.3955029687535128,0.525,1056.134318306114,SELL_YES
1779795841.371132,77140.54756622428,77131.95242123787,0.41809061765202743,0.525,1056.134318306114,SELL_YES
1779795841.4059646,77140.54756622428,77131.95242123787,0.5767954712535898,0.525,625.0,SELL_NO
1779795841.4087102,77140.54756622428,77131.95242123787,0.6387761505655513,0.525,625.0,SELL_NO
1779795841.4116044,77140.54756622428,77131.95242123787,0.6914597279807185,0.525,625.0,SELL_NO
1779795841.4149766,77140.54756622428,77131.95242123787,0.7362407687836107,0.525,625.0,SELL_NO
1779795841.419863,77140.54756622428,77131.95242123787,0.774304653466069,0.525,625.0,SELL_NO
1779795841.4227903,77140.54756622428,77131.95242123787,0.8066589554461586,0.525,625.0,SELL_NO
1779795841.425712,77140.54756622428,77131.95242123787,0.8341601121292348,0.525,625.0,SELL_NO
1779795841.428706,77140.54756622428,77131.95242123787,0.8575360953098495,0.525,625.0,SELL_NO
1779795841.8144023,77140.54756622428,77131.95242123787,0.730405681013372,0.53,577.0,SELL_NO
1779795841.997115,77140.54756622428,77131.95242123787,0.6223448288613661,0.54,592.0,SELL_NO
1779795843.328139,77142.93334434593,77131.95242123787,0.16611069403044904,0.515,152.63,SELL_YES
1779795844.129478,77142.93334434593,77131.95242123787,0.28969408992588164,0.51,346.70446063864995,SELL_YES
1779795844.143872,77142.93334434593,77131.95242123787,0.559924632975732,0.51,147.32287958587938,BUY_YES
1779795844.147346,77142.93334434593,77131.95242123787,0.6244359380293723,0.51,351.75,BUY_YES
1779795844.174873,77142.93334434593,77131.95242123787,0.6792705473249664,0.515,462.9,SELL_NO
1779795844.1776786,77142.93334434593,77131.95242123787,0.7257454526978083,0.515,194.08563077946735,BUY_YES
1779795844.180492,77142.93334434593,77131.95242123787,0.7644786116036513,0.515,331.2444682333655,BUY_YES
1779795844.1869526,77142.93334434593,77131.95242123787,0.6513068198631035,0.52,604.0,SELL_NO
1779795844.1897516,77142.93334434593,77131.95242123787,0.5551107968836378,0.52,604.0,SELL_NO
1779795844.2174933,77145.07178738555,77131.95242123787,0.47334417735109213,0.525,839.9355393613502,SELL_YES
1779795844.2227855,77145.07178738555,77131.95242123787,0.4038425507484283,0.515,152.63,SELL_YES
1779795844.3124096,77145.07178738555,77131.95242123787,0.2945512429157394,0.51,112.91622733952738,BUY_NO
1779795844.3165212,77145.07178738555,77131.95242123787,0.2518685564783785,0.51,288.93211988187863,BUY_NO
1779795844.3271558,77145.07178738555,77131.95242123787,0.21558827300662173,0.51,346.70446063864995,BUY_NO
1779795844.330617,77145.07178738555,77131.95242123787,0.18475003205562845,0.51,346.70446063864995,BUY_NO
1779795848.0644841,77143.95791889585,77131.95242123787,0.5693642264919254,0.505,155.80867064196744,BUY_YES
1779795848.8886125,77143.94082660569,77131.95242123787,0.43756694688583564,0.505,187.64610987932954,SELL_YES
1779795851.0705342,77143.8284063974,77131.95242123787,0.5908671191250162,0.505,194.01132935803255,BUY_YES
1779795851.3882825,77143.8284063974,77131.95242123787,0.446780407299351,0.51,194.01132935803255,SELL_YES
1779795852.325191,77143.80129674208,77131.95242123787,0.5888538196009983,0.515,261.93736411735415,BUY_YES
1779795852.3293898,77143.80129674208,77131.95242123787,0.6490257466608484,0.515,362.82,BUY_YES
1779795852.8393524,77143.79491170755,77131.95242123787,0.5531718846617211,0.52,462.9,SELL_NO
1779795853.5329483,77143.79491170755,77131.95242123787,0.4716961019624629,0.525,141.29,SELL_YES
1779795853.906394,77142.7720280453,77131.95242123787,0.4024416866680935,0.515,483.46736411735424,SELL_YES
1779795859.8907733,77141.73446825193,77131.95242123787,0.7913671381731701,0.515,368.89,BUY_YES
1779795860.4666874,77142.32235113019,77131.95242123787,0.6741620674471944,0.52,181.8966561014438,BUY_YES
1779795861.2865758,77142.32235113019,77131.95242123787,0.5745377573301151,0.52,286.0533438985562,SELL_NO
1779795861.3231528,77142.32235113019,77131.95242123787,0.4898570937305979,0.525,149.29,SELL_YES
1779795861.362822,77142.32235113019,77131.95242123787,0.4178785296710082,0.52,401.4966561014438,SELL_YES
1779795861.4223657,77142.32235113019,77131.95242123787,0.5699875347772215,0.52,120.59409902164327,BUY_YES
1779795862.6336114,77142.39735262186,77131.95242123787,0.4843212607197111,0.52,120.59409902164327,SELL_YES
1779795862.7575572,77142.39735262186,77131.95242123787,0.5576684236629379,0.52,483.4059009783567,SELL_NO
1779795865.6804411,77141.89515707073,77131.95242123787,0.29588634007970144,0.525,244.99919696764982,BUY_NO
1779795865.6841474,77141.89515707073,77131.95242123787,0.2530033890677462,0.525,421.94319772098163,BUY_NO
1779795868.2948253,77141.9407748522,77131.95242123787,0.6052831628645451,0.52,219.23905625575765,BUY_YES
1779795868.3017626,77141.9407748522,77131.95242123787,0.6629906884348633,0.52,448.0925224709758,BUY_YES
1779795876.2776203,77143.75076416071,77131.95242123787,0.8756000249470082,0.515,368.89,BUY_YES
1779795879.5375543,77143.67322311486,77131.95242123787,0.7605734739638138,0.52,558.31,SELL_NO
1779795879.5472314,77143.67322311486,77131.95242123787,0.6706110064865284,0.52,558.31,SELL_NO
1779795879.5509899,77143.67322311486,77131.95242123787,0.7185193555135491,0.515,368.89,SELL_NO
1779795879.8589065,77143.67322311486,77131.95242123787,0.7592414521865166,0.515,147.53873425515826,SELL_NO
1779795880.5754106,77143.7240735415,77131.95242123787,0.8230418497570379,0.515,162.11916083411006,BUY_YES
1779795880.6338828,77143.7240735415,77131.95242123787,0.8658736239883537,0.515,151.8438767374671,BUY_YES
1779795881.2475758,77143.7240735415,77131.95242123787,0.8962313028485985,0.515,100.64765937804168,BUY_YES
1779795881.2510233,77143.7240735415,77131.95242123787,0.906692457222994,0.515,140.9882166158145,BUY_YES
1779795881.2526863,77143.7240735415,77131.95242123787,0.9160183233699342,0.515,176.9508478540322,BUY_YES
1779795881.2538803,77143.7240735415,77131.95242123787,0.9263285784611321,0.515,216.70950361582027,BUY_YES
1779795901.1520383,77140.0154788603,77140.0154788603,0.99,0.505,979.63,BUY_YES
1779795902.0366921,77140.0149388603,77140.0154788603,0.99,0.505,629.9666836006644,BUY_YES
1779795904.2434227,77139.94578886029,77140.0154788603,0.4699403343320513,0.505,350.46,SELL_YES
1779795904.2464871,77139.94578886029,77140.0154788603,0.42517888565927164,0.505,236.37466154153594,BUY_NO
1779795904.255905,77139.94578886029,77140.0154788603,0.5819167448888237,0.505,236.37466154153594,SELL_NO
1779795904.2592235,77139.94578886029,77140.0154788603,0.6431292331555002,0.505,236.37466154153594,SELL_NO
1779795904.2623441,77139.94578886029,77140.0154788603,0.6951598481821751,0.505,236.37466154153594,SELL_NO
1779795905.7658336,77139.9458588603,77140.0154788603,0.3090099494434887,0.505,408.46,BUY_NO
1779795905.9237008,77136.89663518828,77140.0154788603,0.4111584570269654,0.5,597.24,SELL_YES
1779795906.384753,77136.89663518828,77140.0154788603,0.5717869852019825,0.495,408.46,SELL_NO
1779795906.4575043,77136.89663518828,77140.0154788603,0.7331649322871674,0.495,105.1929962620161,BUY_YES
1779795906.8396757,77136.90128133418,77140.0154788603,0.7716901924440922,0.495,123.99207183558076,BUY_YES
1779795907.3608117,77136.90128133418,77140.0154788603,0.4623922563822633,0.495,165.77,SELL_YES
1779795908.669117,77136.88349938698,77140.0154788603,0.7558976412406722,0.49,114.39670617752802,BUY_YES
1779795909.5212877,77135.29650815325,77140.0154788603,0.43657383259631194,0.49,100.23,BUY_NO
1779795910.1295526,77135.29650815325,77140.0154788603,0.8125321759719615,0.485,173.14766919248723,BUY_YES
1779795910.9639034,77135.29650815325,77140.0154788603,0.4289268116834636,0.485,280.0,SELL_YES
1779795916.0826995,77135.93811766007,77140.0154788603,0.763081198018704,0.505,120.58406881058283,BUY_YES
1779795916.4055326,77135.93811766007,77140.0154788603,0.7971190183158984,0.505,104.17857265518762,BUY_YES
1779795916.5432146,77135.93811766007,77140.0154788603,0.8506434907332364,0.505,167.64870862710768,BUY_YES
1779795916.9936128,77135.95676768752,77140.0154788603,0.4491791006628062,0.505,404.46,SELL_YES
1779795917.8823981,77135.9547021838,77140.0154788603,0.7860296597751004,0.5,210.34759098853408,BUY_YES
1779795918.5617476,77136.076529003,77140.0154788603,0.4638623247153388,0.5,597.24,SELL_YES
1779795918.982685,77136.076529003,77140.0154788603,0.6668857001658074,0.495,212.77173281907324,BUY_YES
1779795919.0642076,77136.076529003,77140.0154788603,0.7153528451409362,0.495,155.51031432689672,BUY_YES
1779795922.2135696,77136.11780397884,77140.0154788603,0.7607669548814846,0.505,143.34968754476927,BUY_YES
1779795922.2217805,77136.11780397884,77140.0154788603,0.7951519116492619,0.505,259.29036351836874,BUY_YES
1779795922.6172938,77136.11286042139,77140.0154788603,0.49218141774160284,0.505,404.46,SELL_YES
1779795923.3612533,77136.11286042139,77140.0154788603,0.7691152503907307,0.5,172.82007849075922,BUY_YES
1779795923.5159123,77135.77096309971,77140.0154788603,0.8227969685566592,0.5,164.34913224812954,BUY_YES
1779795923.9569852,77135.77096309971,77140.0154788603,0.4342850975676294,0.5,597.24,SELL_YES
1779795924.400769,77135.77274347619,77140.0154788603,0.6999133477121622,0.505,213.43388135049702,BUY_YES
1779795924.8408074,77135.77274347619,77140.0154788603,0.4337493207771094,0.505,123.40595354497678,BUY_NO
1779795925.2428741,77135.77952252341,77140.0154788603,0.517186922660543,0.505,223.6359535449768,SELL_NO
1779795925.2993114,77135.77952252341,77140.0154788603,0.44110888426146155,0.505,200.48264904292782,BUY_NO
1779795925.3108678,77135.77952252341,77140.0154788603,0.5234425516222423,0.505,200.48264904292782,SELL_NO
1779795929.984497,77141.66955207034,77140.0154788603,0.7429151507557951,0.505,139.19991958081152,BUY_YES
1779795929.9878285,77141.66955207034,77140.0154788603,0.7799778781424258,0.505,265.3768795459797,BUY_YES
1779795929.99141,77141.66955207034,77140.0154788603,0.8114811964210619,0.505,372.6272955163723,BUY_YES
1779795938.8224814,77141.58899259189,77140.0154788603,0.3728873815106636,0.505,402.3338426389985,BUY_NO
1779795939.130457,77141.58899259189,77140.0154788603,0.5441361331414545,0.505,402.3338426389985,SELL_NO
1779795944.136537,77141.51423597401,77140.0154788603,0.4291355167802939,0.505,224.12496190318052,BUY_NO
1779795944.1897688,77141.51423597401,77140.0154788603,0.4377754108737623,0.505,422.46,SELL_YES
1779795944.2691948,77140.63229873139,77140.0154788603,0.5206090992426979,0.5,224.12496190318052,SELL_NO
1779795944.2726145,77140.63229873139,77140.0154788603,0.4440177343562932,0.505,184.07335678660803,BUY_NO
1779795944.2826807,77140.63229873139,77140.0154788603,0.5259150742028492,0.505,184.07335678660803,SELL_NO
1779795944.3081727,77140.63229873139,77140.0154788603,0.44852781307242184,0.505,169.18522156849443,BUY_NO
1779795944.3121524,77140.63229873139,77140.0154788603,0.38274864111155854,0.505,385.39643090469684,BUY_NO
1779795944.3784146,77140.63229873139,77140.0154788603,0.47383634494482474,0.5,597.24,SELL_YES
1779795944.3825786,77140.63229873139,77140.0154788603,0.40426089320310105,0.505,412.46,SELL_YES
1779795944.611124,77140.63229873139,77140.0154788603,0.3451217592226359,0.505,411.24435309134583,SELL_YES
1779795945.0304122,77140.63229873139,77140.0154788603,0.27521202782521104,0.505,214.06742982370372,BUY_NO
1779795945.0353513,77140.63229873139,77140.0154788603,0.23543022365142938,0.505,350.0989397592764,BUY_NO
1779795945.9828074,77140.70612138229,77140.0154788603,0.11071245339322244,0.505,146.4966603626283,BUY_NO
1779795952.7203927,77140.27752489095,77140.0154788603,0.5465154048992893,0.505,117.12208468223103,BUY_YES
1779795952.7251112,77140.27752489095,77140.0154788603,0.6130380941643959,0.505,330.4916493053308,BUY_YES
1779795952.7283533,77140.27752489095,77140.0154788603,0.6695823800397365,0.505,511.85577923496527,BUY_YES
1779795952.8839827,77140.27752489095,77140.0154788603,0.570645023033776,0.505,294.65048677747285,SELL_NO
1779795952.991341,77140.27752489095,77140.0154788603,0.48654826957870956,0.51,425.46,SELL_YES
1779795953.334214,77140.27752489095,77140.0154788603,0.4150660291419031,0.505,534.0095132225272,SELL_YES
1779795953.799951,77141.23340918579,77140.0154788603,0.574610206055025,0.505,179.61342165987293,BUY_YES
1779795962.7512,77139.60446546903,77140.0154788603,0.23835663129959217,0.505,179.61342165987293,SELL_YES
1779795963.45885,77139.60446546903,77140.0154788603,0.528397016196862,0.505,970.5941956413269,SELL_NO
1779795963.5522022,77139.59766754553,77140.0154788603,0.45063746376733266,0.505,176.0707976585286,BUY_NO
1779795986.222067,77133.13414451304,77140.0154788603,0.5719700572277306,0.505,217.8531443227989,BUY_YES
1779795986.2257733,77133.13414451304,77140.0154788603,0.634674548643571,0.505,293.72580435867303,BUY_YES
1779795986.2321153,77133.13414451304,77140.0154788603,0.5409733663470353,0.51,176.0707976585286,SELL_NO
1779795993.9505851,77133.01381919463,77140.0154788603,0.336084018607873,0.505,524.7806996071946,BUY_NO
1779795993.954612,77133.01381919463,77140.0154788603,0.43417141581669205,0.505,224.3545596847883,BUY_NO
1779795993.9750693,77133.01381919463,77140.0154788603,0.5175457034441883,0.505,749.135259291983,SELL_NO
1779795993.9805217,77133.01381919463,77140.0154788603,0.58841384792756,0.505,749.135259291983,SELL_NO
1779795993.990235,77133.01381919463,77140.0154788603,0.6994599372599477,0.505,132.93087872948888,BUY_YES
1779795993.993046,77133.01381919463,77140.0154788603,0.7415487341273383,0.505,276.10966152259175,BUY_YES
1779795993.995684,77133.01381919463,77140.0154788603,0.7756286615506134,0.505,392.0436603374246,BUY_YES
1779795993.9980652,77133.01381919463,77140.0154788603,0.802221736601875,0.505,482.50868666169276,BUY_YES
1779795994.002823,77133.01381919463,77140.0154788603,0.821768130382964,0.505,515.184740708017,BUY_YES
1779795994.0057213,77133.01381919463,77140.0154788603,0.8347130975213616,0.505,515.184740708017,BUY_YES
1779795994.0084112,77133.01381919463,77140.0154788603,0.8415589748158994,0.505,515.184740708017,BUY_YES
1779795994.0111094,77133.01381919463,77140.0154788603,0.8428831556822565,0.505,515.184740708017,BUY_YES
1779795994.0135784,77133.01381919463,77140.0154788603,0.8393294075024269,0.505,515.184740708017,BUY_YES
1779795994.0159118,77133.01381919463,77140.0154788603,0.8315834743715541,0.505,515.184740708017,BUY_YES
1779795994.0181363,77133.01381919463,77140.0154788603,0.8203430715207689,0.505,515.184740708017,BUY_YES
1779795994.0202665,77133.01381919463,77140.0154788603,0.8062892708549554,0.505,496.3457323049838,BUY_YES
1779796018.5085654,77130.81173233787,77140.0154788603,0.470697774876974,0.505,218.64,SELL_YES
1779796018.5118325,77130.81173233787,77140.0154788603,0.4015931086454279,0.505,172.4150531937997,BUY_NO
1779796018.515164,77130.81173233787,77140.0154788603,0.3428541423486137,0.505,218.64,BUY_NO
1779796018.5365853,77130.81173233787,77140.0154788603,0.4399260209963216,0.5,597.24,SELL_YES
1779796018.5407977,77130.81173233787,77140.0154788603,0.5224371178468733,0.495,369.32,SELL_NO
1779796018.582041,77130.81173233787,77140.0154788603,0.4645661652223989,0.505,120.0,SELL_YES
1779796063.7989607,77163.7253494709,77140.0154788603,0.45338956436938527,0.5,260.77,SELL_YES
1779796200.9445174,77172.61569378586,77172.61569378586,0.99,0.505,843.8,BUY_YES
1779796201.3086364,77172.61569378586,77172.61569378586,0.4448312062499998,0.51,102.03925818293833,BUY_NO
1779796201.329344,77172.61569378586,77172.61569378586,0.3796065253124998,0.51,116.95082995092177,BUY_NO
1779796201.4135885,77172.61359878586,77172.61569378586,0.3241655465156248,0.51,208.3599118661399,SELL_YES
1779796201.5109482,77172.61359878586,77172.61569378586,0.42404071453828107,0.5,528.36,SELL_YES
1779796202.527255,77172.58875881747,77172.61569378586,0.9785491056759267,0.505,831.1710741131261,BUY_YES
1779796202.6652398,77172.58875881747,77172.61569378586,0.4397503836055323,0.505,430.35,SELL_YES
1779796203.3805087,77170.05251918072,77172.61569378586,0.533800560107753,0.505,218.9900881338601,SELL_NO
1779796204.454078,77167.10328566618,77172.61569378586,0.8437529118838061,0.505,140.09081260298228,BUY_YES
1779796204.8297932,77167.10328566618,77172.61569378586,0.44522423095904595,0.505,103.95726947940393,BUY_NO
1779796204.9129062,77167.10328566618,77172.61569378586,0.5269405963151891,0.505,103.95726947940393,SELL_NO
1779796205.0362997,77167.10328566618,77172.61569378586,0.4493995068679107,0.505,396.3927305205961,SELL_YES
1779796205.8334985,77165.31500987202,77172.61569378586,0.7078031638319672,0.5,147.35321849848827,BUY_YES
1779796206.292036,77165.31500987202,77172.61569378586,0.7861127858685961,0.5,145.4840650428514,BUY_YES
1779796207.2407858,77165.22587987201,77172.61569378586,0.4151357249283187,0.5,144.28115663690792,BUY_NO
1779796207.4100277,77164.92246487203,77172.61569378586,0.5746605612607103,0.5,103.21454624241403,SELL_NO
1779796207.74382,77164.92246487203,77172.61569378586,0.43032856688826987,0.505,459.0788433630921,SELL_YES
1779796215.9574826,77160.40437787405,77172.61569378586,0.33009663337634904,0.505,306.8234007139408,BUY_NO
1779796216.1772883,77159.68315258223,77172.61569378586,0.5847368449722503,0.505,309.48,SELL_NO
1779796216.3583875,77159.68315258223,77172.61569378586,0.6349102649185832,0.505,170.3709454896249,BUY_YES
1779796216.4107633,77159.68315258223,77172.61569378586,0.6881737251807957,0.505,99.75046895456336,BUY_YES
1779796216.8776355,77159.68315258223,77172.61569378586,0.7439307712299407,0.505,104.09486411054422,BUY_YES
1779796216.8812873,77159.68315258223,77172.61569378586,0.7588020208318612,0.505,133.3105123098407,BUY_YES
1779796217.1800902,77159.68315258223,77172.61569378586,0.46985804104336665,0.505,184.5265992860592,SELL_YES
1779796220.166419,77160.72939994893,77172.61569378586,0.4837560046856327,0.5,408.35787608613384,SELL_YES
1779796221.5137014,77160.76442994893,77172.61569378586,0.9052834877257036,0.5,167.47320913542683,BUY_YES
1779796226.1707757,77161.88500165613,77172.61569378586,0.4843162046404945,0.505,167.47320913542683,SELL_YES
1779796231.5095518,77166.09876205189,77172.61569378586,0.6647105248425369,0.5,319.518117786538,BUY_YES
1779796231.5202036,77166.09876205189,77172.61569378586,0.7549783541987328,0.5,162.46076890716648,BUY_YES
1779796231.525716,77166.09876205189,77172.61569378586,0.7902316010689229,0.5,231.81922604272506,BUY_YES
1779796233.6542528,77166.41035,77172.61569378586,0.950670715454344,0.5,99.98876772514222,BUY_YES
1779796242.9975042,77164.38080270315,77172.61569378586,0.49095730980259433,0.505,539.35,SELL_YES
1779796243.521864,77164.38181770315,77172.61569378586,0.7294965967001403,0.505,159.71104415526645,BUY_YES
1779796243.7860215,77164.38181770315,77172.61569378586,0.8017862911158513,0.505,128.71261539670002,BUY_YES
1779796244.0925627,77164.38181770315,77172.61569378586,0.8744132560315221,0.505,125.73349823232888,BUY_YES
1779796244.099707,77164.38181770315,77172.61569378586,0.8917512676267937,0.505,158.49534545368533,BUY_YES
1779796258.3099961,77173.99140504703,77172.61569378586,0.47924989761655656,0.505,508.35,SELL_YES
1779796258.3133435,77173.99140504703,77172.61569378586,0.40886241297407305,0.505,125.80449148963484,BUY_NO
1779796258.3272183,77173.99140504703,77172.61569378586,0.34903305102796206,0.5,106.06499326014588,BUY_NO
1779796258.3313391,77173.99140504703,77172.61569378586,0.29817809337376777,0.5,203.57048952645843,BUY_NO
1779796258.3359125,77173.99140504703,77172.61569378586,0.2549513793677026,0.5,286.4501613528241,BUY_NO
1779796258.3392873,77173.99140504703,77172.61569378586,0.21820867246254722,0.5,356.8978824052351,BUY_NO
1779796258.342728,77173.99140504703,77172.61569378586,0.18697737159316513,0.5,416.7784452997845,BUY_NO
1779796258.345919,77173.99140504703,77172.61569378586,0.16043076585419036,0.5,467.6769237601511,BUY_NO
1779796258.4682899,77173.99140504703,77172.61569378586,0.2848661509760618,0.495,135.12,SELL_YES
1779796259.0892172,77173.99140504703,77172.61569378586,0.5569596749681739,0.49,1051.58,SELL_NO
1779796263.058707,77172.63912534199,77172.61569378586,0.5697854795387064,0.505,950.0733982026686,SELL_NO
1779796263.0749776,77172.63912534199,77172.61569378586,0.4858176576079004,0.505,203.6193836995525,SELL_YES
1779796263.2313435,77172.63912534199,77172.61569378586,0.4144450089667153,0.505,174.7553543615873,BUY_NO
1779796265.5962882,77173.30352424996,77172.61569378586,0.5220000762066376,0.505,111.70660179733136,SELL_NO
1779796265.9924202,77173.30352424996,77172.61569378586,0.37992005505929566,0.51,124.09526193886023,BUY_NO
1779796286.3253725,77179.36728151469,77172.61569378586,0.6165020309243787,0.505,211.57008645435107,BUY_YES
1779796288.6737845,77179.22550578,77172.61569378586,0.6725267262857219,0.505,100.76586738695087,BUY_YES
1779796288.682776,77179.22550578,77172.61569378586,0.7201477173428635,0.505,187.14401450311618,SELL_NO
1779796311.3762786,77189.76385888248,77172.61569378586,0.760625559741434,0.505,175.35907662550358,BUY_YES
1779796314.846299,77189.90676239664,77172.61569378586,0.8225634192541771,0.505,103.7411066772853,BUY_YES
1779796320.9782283,77178.07920550527,77172.61569378586,0.2563799697514216,0.505,453.05821327418596,BUY_NO
1779796320.982015,77178.07920550527,77172.61569378586,0.2664550435767637,0.505,434.32167941341305,BUY_NO
1779796320.9850488,77178.07920550527,77172.61569378586,0.2785491260587082,0.505,411.83041137248233,BUY_NO
1779796321.0266294,77178.07920550527,77172.61569378586,0.38526675714990194,0.5,591.4361371440908,SELL_YES
1779796321.0374432,77178.07920550527,77172.61569378586,0.5530802320408041,0.5,588.7658021940949,SELL_NO
1779796321.0428941,77178.07920550527,77172.61569378586,0.6186181972346835,0.5,178.611422355407,BUY_YES
1779796321.8586998,77178.06035146215,77172.61569378586,0.6743254676494809,0.505,260.12,SELL_NO
1779796328.3952427,77175.7559619413,77172.61569378586,0.5746766475020587,0.51,450.32450186598646,SELL_NO
1779796353.9138134,77164.67055625825,77172.61569378586,0.22955151505663862,0.505,497.47,BUY_NO
1779796354.8003747,77163.8620330476,77172.61569378586,0.3436187877981428,0.5,178.611422355407,SELL_YES
1779796354.8144069,77163.8620330476,77172.61569378586,0.5229895741841581,0.5,497.47,SELL_NO
1779796354.8194232,77163.8620330476,77172.61569378586,0.5930411380565344,0.5,155.12061149444122,BUY_YES
1779796354.8234425,77163.8620330476,77172.61569378586,0.6525849673480542,0.5,266.3483165402582,BUY_YES
1779796354.8269467,77163.8620330476,77172.61569378586,0.703197222245846,0.5,360.8918658292028,BUY_YES
1779796381.243367,77166.55844204256,77172.61569378586,0.4875960779598626,0.505,345.47,SELL_YES
1779796381.2459497,77166.55844204256,77172.61569378586,0.4790088490013388,0.505,345.47,SELL_YES
1779796381.2484283,77166.55844204256,77172.61569378586,0.4711487201067062,0.505,345.47,SELL_YES
1779796381.2510824,77166.55844204256,77172.61569378586,0.4639635651840661,0.505,345.47,SELL_YES
1779796381.2598772,77166.55844204256,77172.61569378586,0.6099386758454878,0.5,106.66471571347276,BUY_YES
1779796381.2625604,77166.55844204256,77172.61569378586,0.6669478744686645,0.5,219.66097131054568,BUY_YES
1779796381.3793108,77166.55844204256,77172.61569378586,0.48464483930361,0.5,417.7464808879206,SELL_YES
1779796381.3837876,77166.55844204256,77172.61569378586,0.5604481134080685,0.5,101.14783959381718,BUY_YES
1779796381.3873937,77166.55844204256,77172.61569378586,0.6248808963968583,0.5,230.3347676681381,BUY_YES
1779796381.39104,77166.55844204256,77172.61569378586,0.6796487619373295,0.5,340.14365653131085,BUY_YES
1779796381.3951292,77166.55844204256,77172.61569378586,0.72620144764673,0.5,433.4812120650075,BUY_YES
1779796381.3983867,77166.55844204256,77172.61569378586,0.7657712304997204,0.5,512.8181342686496,BUY_YES
1779796381.4010968,77166.55844204256,77172.61569378586,0.7994055459247623,0.5,580.2545181417456,BUY_YES
1779796381.4221125,77166.55844204256,77172.61569378586,0.4220746287573879,0.505,185.61351911207942,SELL_YES
1779796381.4258661,77166.55844204256,77172.61569378586,0.3602634344437797,0.505,172.80485364091763,BUY_NO
1779796381.4298527,77166.55844204256,77172.61569378586,0.3077239192772127,0.505,185.61351911207942,BUY_NO
1779796381.433111,77166.55844204256,77172.61569378586,0.2630653313856308,0.505,185.61351911207942,BUY_NO
1779796381.460121,77166.55844204256,77172.61569378586,0.22510553167778619,0.505,185.61351911207942,BUY_NO
1779796381.463214,77166.55844204256,77172.61569378586,0.19283970192611827,0.505,185.61351911207942,BUY_NO
1779796381.464999,77166.55844204256,77172.61569378586,0.16541374663720051,0.505,185.61351911207942,BUY_NO
1779796381.4666064,77166.55844204256,77172.61569378586,0.14210168464162043,0.505,185.61351911207942,BUY_NO
1779796381.4683614,77166.55844204256,77172.61569378586,0.12228643194537736,0.505,185.61351911207942,BUY_NO
1779796381.4720073,77166.55844204256,77172.61569378586,0.10544346715357075,0.505,185.61351911207942,BUY_NO
1779796381.4750588,77166.55844204256,77172.61569378586,0.09112694708053513,0.505,185.61351911207942,BUY_NO
1779796381.47788,77166.55844204256,77172.61569378586,0.07895790501845486,0.505,185.61351911207942,BUY_NO
1779796381.4804027,77166.55844204256,77172.61569378586,0.06861421926568663,0.505,185.61351911207942,BUY_NO
1779796381.483245,77166.55844204256,77172.61569378586,0.05982208637583363,0.505,185.61351911207942,BUY_NO
1779796381.486534,77166.55844204256,77172.61569378586,0.05234877341945859,0.505,185.61351911207942,BUY_NO
1779796381.9745953,77166.5771414811,77172.61569378586,0.19299645740653978,0.5,135.12,SELL_YES
1779796381.9778082,77166.5771414811,77172.61569378586,0.31157280922040276,0.5,135.12,SELL_YES
1779796381.9813998,77166.5771414811,77172.61569378586,0.26633688783734233,0.5,135.12,SELL_YES
1779796381.9842594,77166.5771414811,77172.61569378586,0.22788635466174098,0.5,135.12,SELL_YES
1779796388.667588,77166.56839532954,77172.61569378586,0.5231799262232713,0.49,240.0,SELL_NO
1779796390.3019154,77166.56382032954,77172.61569378586,0.5932029372897806,0.495,500.12,SELL_NO
1779796391.3016284,77166.40631263267,77172.61569378586,0.5783641221918664,0.505,1283.04,SELL_NO
1779796401.400971,77167.39101739354,77172.61569378586,0.49310950386308644,0.51,340.47,SELL_YES
1779796401.4088998,77167.39101739354,77172.61569378586,0.42064307828362346,0.505,598.36,SELL_YES
1779796401.4133418,77167.39101739354,77172.61569378586,0.35904661654107994,0.505,598.36,SELL_YES
1779796401.4193687,77167.39101739354,77172.61569378586,0.453689624059918,0.5,135.12,SELL_YES
1779796401.4234285,77167.39101739354,77172.61569378586,0.5341361804509303,0.5,500.12,SELL_NO
1779796401.4270265,77167.39101739354,77172.61569378586,0.6025157533832907,0.5,500.12,SELL_NO
1779796421.649265,77167.77465662331,77172.61569378586,0.30914124588184166,0.505,281.5723972495582,BUY_NO
1779796434.3326917,77164.75338068309,77172.61569378586,0.571867617627186,0.505,344.07299934750756,SELL_NO
1779796439.2467127,77164.77174025703,77172.61569378586,0.8044724406129009,0.505,137.84453858116046,BUY_YES
1779796439.24978,77164.77174025703,77172.61569378586,0.8323015745209658,0.505,188.49746590280347,BUY_YES
1779796442.68888,77165.19289008746,77172.61569378586,0.4319134386216714,0.505,117.07590179231998,BUY_NO
1779796443.2413666,77165.13926156437,77172.61569378586,0.5156264228284206,0.505,117.07590179231998,SELL_NO
1779796443.2467682,77165.13926156437,77172.61569378586,0.5867824594041575,0.505,117.07590179231998,SELL_NO
1779796443.24969,77165.13926156437,77172.61569378586,0.6472650904935339,0.505,117.07590179231998,SELL_NO
1779796443.25294,77165.13926156437,77172.61569378586,0.6986753269195037,0.505,117.07590179231998,SELL_NO
1779796445.2377539,77165.04226947023,77172.61569378586,0.4792158286831533,0.505,323.47,SELL_YES
1779796447.2499747,77164.98551197584,77172.61569378586,0.7973579971989342,0.5,120.98486543763602,BUY_YES
1779796447.2543006,77164.98551197584,77172.61569378586,0.826254297619094,0.5,173.475767155487,BUY_YES
1779796447.25728,77164.98551197584,77172.61569378586,0.8508161529762298,0.5,218.09303361566037,BUY_YES
1779796447.260075,77164.98551197584,77172.61569378586,0.8716937300297953,0.5,256.01771010680795,BUY_YES
1779796447.2746875,77164.98551197584,77172.61569378586,0.4598095126613657,0.5,598.36,SELL_YES
1779796447.2775917,77164.98551197584,77172.61569378586,0.39233808576216084,0.5,154.4208444126769,BUY_NO
1779796447.280608,77164.98551197584,77172.61569378586,0.3349873728978367,0.5,245.1025147167243,BUY_NO
1779796447.283487,77164.98551197584,77172.61569378586,0.2862392669631612,0.5,322.1819344751647,BUY_NO
1779796447.2871466,77164.98551197584,77172.61569378586,0.24480337691868703,0.5,387.69944126983916,BUY_NO
1779796447.2901034,77164.98551197584,77172.61569378586,0.20958287038088397,0.5,443.38932204531244,BUY_NO
1779796447.292761,77164.98551197584,77172.61569378586,0.17964543982375136,0.5,490.72572070446466,BUY_NO
1779796447.2952626,77164.98551197584,77172.61569378586,0.15419862385018865,0.5,530.961659564744,BUY_NO
1779796447.2975404,77164.98551197584,77172.61569378586,0.13256883027266034,0.5,565.1622075959815,BUY_NO
1779796447.31271,77164.98551197584,77172.61569378586,0.2611835057317613,0.495,292.12,SELL_YES
1779796447.3158548,77164.98551197584,77172.61569378586,0.37050597987199707,0.495,292.12,SELL_YES
1779796447.3190765,77164.98551197584,77172.61569378586,0.46343008289119747,0.495,292.12,SELL_YES
1779796447.322431,77164.98551197584,77172.61569378586,0.5424155704575179,0.495,510.52862368440856,SELL_NO
1779796447.3257637,77164.98551197584,77172.61569378586,0.6095532348888901,0.495,510.52862368440856,SELL_NO
1779796447.3286667,77164.98551197584,77172.61569378586,0.6666202496555566,0.495,510.52862368440856,SELL_NO
1779796447.3315754,77164.98551197584,77172.61569378586,0.715127212207223,0.495,510.52862368440856,SELL_NO
1779796447.33437,77164.98551197584,77172.61569378586,0.7563581303761395,0.495,510.52862368440856,SELL_NO
1779796447.3379776,77164.98551197584,77172.61569378586,0.7914044108197186,0.495,510.52862368440856,SELL_NO
1779796447.340839,77164.98551197584,77172.61569378586,0.8211937491967607,0.495,510.52862368440856,SELL_NO
1779796447.3436604,77164.98551197584,77172.61569378586,0.8465146868172465,0.495,510.52862368440856,SELL_NO
1779796447.3463745,77164.98551197584,77172.61569378586,0.8680374837946595,0.495,510.52862368440856,SELL_NO
1779796447.3490014,77164.98551197584,77172.61569378586,0.8863318612254605,0.495,510.52862368440856,SELL_NO
1779796447.3517547,77164.98551197584,77172.61569378586,0.9016969054754886,0.495,510.52862368440856,SELL_NO
1779796447.354394,77164.98551197584,77172.61569378586,0.9132799410279864,0.495,510.52862368440856,SELL_NO
1779796447.357004,77164.98551197584,77172.61569378586,0.9207931786777075,0.495,510.52862368440856,SELL_NO
1779796447.3598635,77164.98551197584,77172.61569378586,0.9239036284321946,0.495,510.52862368440856,SELL_NO
1779796447.362896,77164.98551197584,77172.61569378586,0.9223623780321641,0.495,510.52862368440856,SELL_NO
1779796447.3659327,77164.98551197584,77172.61569378586,0.9160974771432681,0.495,510.52862368440856,SELL_NO
1779796447.3690772,77164.98551197584,77172.61569378586,0.9052528971684526,0.495,510.52862368440856,SELL_NO
1779796447.3714936,77164.98551197584,77172.61569378586,0.8901789111377708,0.495,510.52862368440856,SELL_NO
1779796447.3739498,77164.98551197584,77172.61569378586,0.8713875802062548,0.495,510.52862368440856,SELL_NO
1779796447.3770404,77164.98551197584,77172.61569378586,0.8494950237253506,0.495,510.52862368440856,SELL_NO
1779796447.3797376,77164.98551197584,77172.61569378586,0.8251649418067872,0.495,510.52862368440856,SELL_NO
1779796447.3822117,77164.98551197584,77172.61569378586,0.7990586169097225,0.495,510.52862368440856,SELL_NO
1779796449.238367,77164.99873173574,77172.61569378586,0.42189352964323074,0.495,279.09998995614524,SELL_YES
1779796449.2420137,77164.99873173574,77172.61569378586,0.3601095001967461,0.495,119.85614397680519,BUY_NO
1779796450.9330184,77164.98548673575,77172.61569378586,0.534904113892149,0.49,196.32804665526118,SELL_NO
1779796453.278098,77164.98174173574,77172.61569378586,0.432767097283573,0.505,126.21146210256853,BUY_NO
1779796453.9945786,77164.98174173574,77172.61569378586,0.516352032691037,0.505,126.21146210256853,SELL_NO
1779796454.189083,77164.98174173574,77172.61569378586,0.5873992277873814,0.505,145.292687026805,BUY_YES
1779796455.2485657,77164.98323173575,77172.61569378586,0.6477893436192742,0.505,107.23244683001067,BUY_YES
1779796455.251645,77164.98323173575,77172.61569378586,0.699120942076383,0.505,201.30734718865128,BUY_YES
1779796457.3916807,77164.99864673575,77172.61569378586,0.8381593137697597,0.505,116.57498830961595,BUY_YES
1779796462.242073,77164.95371673575,77172.61569378586,0.48284618268783547,0.505,326.47,SELL_YES
1779796462.2446501,77164.95371673575,77172.61569378586,0.46412455695131916,0.505,326.47,SELL_YES
1779796462.2475765,77164.95371673575,77172.61569378586,0.4468638490301939,0.505,326.47,SELL_YES
1779796462.2502546,77164.95371673575,77172.61569378586,0.4309905465584566,0.505,117.44150711504166,BUY_NO
1779796462.2538824,77164.95371673575,77172.61569378586,0.41642528042219784,0.505,142.22893436256933,BUY_NO
1779796462.2567902,77164.95371673575,77172.61569378586,0.4030871652157303,0.505,164.9279744766678,BUY_NO
1779796462.2596846,77164.95371673575,77172.61569378586,0.3908942822719652,0.505,185.67803809231484,BUY_NO
1779796462.2646446,77164.95371673575,77172.61569378586,0.3797646243064819,0.505,204.6186866550295,BUY_NO
1779796462.267216,77164.95371673575,77172.61569378586,0.369620807643535,0.505,221.88161307139768,BUY_NO
1779796462.279751,77164.95371673575,77172.61569378586,0.4626776864970047,0.5,243.93746935508284,SELL_YES
1779796462.2834852,77164.95371673575,77172.61569378586,0.541776033522454,0.5,851.665217671722,SELL_NO
1779796462.2873425,77164.95371673575,77172.61569378586,0.6090096284940858,0.5,851.665217671722,SELL_NO
1779796462.2906668,77164.95371673575,77172.61569378586,0.6661581842199729,0.5,851.665217671722,SELL_NO
1779796462.2939503,77164.95371673575,77172.61569378586,0.7147344565869769,0.5,851.665217671722,SELL_NO
1779796462.2977629,77164.95371673575,77172.61569378586,0.7560242880989303,0.5,122.4407490486949,BUY_YES
1779796462.3007548,77164.95371673575,77172.61569378586,0.7911206448840907,0.5,174.70607931657395,BUY_YES
1779796462.3039324,77164.95371673575,77172.61569378586,0.8209525481514771,0.5,219.1316100442712,BUY_YES
1779796462.3068655,77164.95371673575,77172.61569378586,0.8463096659287555,0.5,256.8933111628137,BUY_YES
1779796462.3094213,77164.95371673575,77172.61569378586,0.8676552735962848,0.5,288.68109020042914,BUY_YES
1779796462.3118622,77164.95371673575,77172.61569378586,0.88417971692527,0.5,313.28921386890727,BUY_YES
1779796462.3146224,77164.95371673575,77172.61569378586,0.8956566405196724,0.5,330.3805947718472,BUY_YES
1779796462.3170261,77164.95371673575,77172.61569378586,0.9018020034509182,0.5,339.5322404877736,BUY_YES
1779796462.3197737,77164.95371673575,77172.61569378586,0.9024228679875204,0.5,340.4568290499359,BUY_YES
1779796462.322319,77164.95371673575,77172.61569378586,0.8975230167239703,0.5,333.15999348034745,BUY_YES
1779796462.3248572,77164.95371673575,77172.61569378586,0.8873434821945584,0.5,318.00067830100227,BUY_YES
1779796462.3272905,77164.95371673575,77172.61569378586,0.8723469349152346,0.5,295.66789027888126,BUY_YES
1779796462.3301623,77164.95371673575,77172.61569378586,0.853164450379244,0.5,267.10142408499,BUY_YES
1779796462.3329873,77164.95371673575,77172.61569378586,0.8305296969367076,0.5,233.3938551926433,BUY_YES
1779796462.3357503,77164.95371673575,77172.61569378586,0.805213237255653,0.5,195.6927019207106,BUY_YES
1779796462.3383625,77164.95371673575,77172.61569378586,0.7779690756509011,0.5,155.12082396596247,BUY_YES
1779796462.340669,77164.95371673575,77172.61569378586,0.7494962584249815,0.5,112.71923781047673,BUY_YES
1779796462.3432016,77164.95371673575,77172.61569378586,0.7204143304392501,0.5,851.665217671722,SELL_NO
1779796462.346666,77164.95371673575,77172.61569378586,0.6912518581487519,0.5,851.665217671722,SELL_NO
1779796462.3493686,77164.95371673575,77172.61569378586,0.6624466517327002,0.5,851.665217671722,SELL_NO
1779796462.3519425,77164.95371673575,77172.61569378586,0.6343469552124528,0.5,851.665217671722,SELL_NO
1779796462.3543696,77164.95371673575,77172.61569378586,0.6072199961726771,0.5,851.665217671722,SELL_NO
1779796462.3566382,77164.95371673575,77172.61569378586,0.5812616700447301,0.5,851.665217671722,SELL_NO
1779796462.358954,77164.95371673575,77172.61569378586,0.556606708170958,0.5,851.665217671722,SELL_NO
1779796462.3618457,77164.95371673575,77172.61569378586,0.5333386227894436,0.5,851.665217671722,SELL_NO
1779796462.367148,77164.95371673575,77172.61569378586,0.47212687399401576,0.5,243.93746935508284,SELL_YES
1779796462.3705292,77164.95371673575,77172.61569378586,0.45453841550727553,0.5,243.93746935508284,SELL_YES
1779796462.3739555,77164.95371673575,77172.61569378586,0.4382863560633394,0.5,243.93746935508284,SELL_YES
1779796462.3778806,77164.95371673575,77172.61569378586,0.42331038292275835,0.5,243.93746935508284,SELL_YES
1779796462.3806372,77164.95371673575,77172.61569378586,0.4095445523574531,0.5,243.93746935508284,SELL_YES
1779796462.3836758,77164.95371673575,77172.61569378586,0.39691808131527306,0.5,243.93746935508284,SELL_YES
1779796462.386896,77164.95371673575,77172.61569378586,0.3853585692675582,0.5,243.93746935508284,SELL_YES
1779796462.389718,77164.95371673575,77172.61569378586,0.3747938859697447,0.5,243.93746935508284,SELL_YES
1779796462.393817,77164.95371673575,77172.61569378586,0.36515221254272523,0.5,243.93746935508284,SELL_YES
1779796462.43361,77164.95371673575,77172.61569378586,0.31187938066131643,0.5,292.12,SELL_YES
1779796462.4379234,77164.95371673575,77172.61569378586,0.26659747356211894,0.5,292.12,SELL_YES
1779796462.4412553,77164.95371673575,77172.61569378586,0.22810785252780108,0.5,102.75109986162244,BUY_NO
1779796462.444302,77164.95371673575,77172.61569378586,0.19539167464863091,0.5,140.1391855857682,BUY_NO
1779796462.4474802,77164.95371673575,77172.61569378586,0.16758292345133627,0.5,171.91905845129207,BUY_NO
1779796462.4507108,77164.95371673575,77172.61569378586,0.14394548493363582,0.5,198.9319503869874,BUY_NO
1779796462.4543338,77164.95371673575,77172.61569378586,0.12385366219359044,0.5,221.89290853232842,BUY_NO
1779796462.4576252,77164.95371673575,77172.61569378586,0.10677561286455187,0.5,241.40972295586835,BUY_NO
1779796462.4609125,77164.95371673575,77172.61569378586,0.09225927093486909,0.5,257.9990152158772,BUY_NO
1779796462.4641066,77164.95371673575,77172.61569378586,0.07992038029463873,0.5,272.09991363688465,BUY_NO
1779796462.4674492,77164.95371673575,77172.61569378586,0.06943232325044292,0.5,284.0856772947411,BUY_NO
1779796462.5584507,77164.95371673575,77172.61569378586,0.20751747476287646,0.495,328.66,SELL_YES
1779796463.0621986,77164.80892673574,77172.61569378586,0.324889853548445,0.49,249.0,SELL_YES
1779796463.066249,77164.80892673574,77172.61569378586,0.4246563755161783,0.505,326.47,SELL_YES
1779796464.0677392,77164.76237673574,77172.61569378586,0.5815392313104387,0.5,727.03,SELL_NO
1779796464.2367535,77164.76237673574,77172.61569378586,0.6428083466138729,0.505,657.12,SELL_NO
1779796464.2418985,77164.76237673574,77172.61569378586,0.6948870946217919,0.505,657.12,SELL_NO
1779796464.2447321,77164.76237673574,77172.61569378586,0.739154030428523,0.505,657.12,SELL_NO
1779796464.2472553,77164.76237673574,77172.61569378586,0.7757117725960296,0.505,657.12,SELL_NO
1779796464.2499552,77164.76237673574,77172.61569378586,0.8045798942790678,0.505,657.12,SELL_NO
1779796464.2527359,77164.76237673574,77172.61569378586,0.825859230118261,0.505,657.12,SELL_NO
1779796464.2669213,77164.76237673574,77172.61569378586,0.4358836172419203,0.51,598.36,SELL_YES
1779796464.2703056,77164.76237673574,77172.61569378586,0.37200107465563226,0.51,150.31662547602872,BUY_NO
1779796464.2738135,77164.76237673574,77172.61569378586,0.3177009134572874,0.51,235.62695615598437,BUY_NO
1779796464.2764964,77164.76237673574,77172.61569378586,0.27154577643869426,0.51,308.1407372339469,BUY_NO
1779796464.2793546,77164.76237673574,77172.61569378586,0.23231390997289011,0.51,369.77745115021474,BUY_NO
1779796464.2820084,77164.76237673574,77172.61569378586,0.1989668234769566,0.51,422.1686579790427,BUY_NO
1779796464.32778,77164.76237673574,77172.61569378586,0.577075737897618,0.505,1195.91,SELL_NO
1779796464.3303187,77164.76237673574,77172.61569378586,0.6390143772129753,0.505,127.104474344798,BUY_YES
1779796464.333062,77164.76237673574,77172.61569378586,0.6916622206310289,0.505,195.34715827989413,BUY_YES
1779796464.3358083,77164.76237673574,77172.61569378586,0.7364128875363745,0.505,253.3534396247258,BUY_YES
1779796464.338239,77164.76237673574,77172.61569378586,0.7744509544059183,0.505,302.6587787678328,BUY_YES
1779796464.3405824,77164.76237673574,77172.61569378586,0.8067833112450304,0.505,344.56831703947375,BUY_YES
1779796464.3428683,77164.76237673574,77172.61569378586,0.8342658145582759,0.505,380.19142457036855,BUY_YES
1779796464.3451092,77164.76237673574,77172.61569378586,0.8573293583961492,0.505,410.0866307244636,BUY_YES
1779796464.3473487,77164.76237673574,77172.61569378586,0.8752182284721618,0.505,433.2743707589338,BUY_YES
1779796464.3497896,77164.76237673574,77172.61569378586,0.8877178360310627,0.505,449.47649249033043,BUY_YES
1779796464.3526108,77164.76237673574,77172.61569378586,0.8945598343497042,0.505,458.34516209633756,BUY_YES
1779796464.3553045,77164.76237673574,77172.61569378586,0.895578010771796,0.505,459.6649329977065,BUY_YES
1779796464.3576443,77164.76237673574,77172.61569378586,0.890814103464873,0.505,453.4899066426677,BUY_YES
1779796464.3599272,77164.76237673574,77172.61569378586,0.88055541151333,0.505,440.1924831019231,BUY_YES
1779796464.3620882,77164.76237673574,77172.61569378586,0.8653144867416925,0.505,420.4370373980867,BUY_YES
1779796464.3646345,77164.76237673574,77172.61569378586,0.8457711498257268,0.505,395.10476018393575,BUY_YES
1779796464.3669467,77164.76237673574,77172.61569378586,0.8227032941564599,0.505,365.2039649890014,BUY_YES
1779796464.3694277,77164.76237673574,77172.61569378586,0.7969182140174107,0.505,331.78107508641415,BUY_YES
1779796464.3720162,77164.76237673574,77172.61569378586,0.7691989750345225,0.505,295.85110831056767,BUY_YES
1779796464.374349,77164.76237673574,77172.61569378586,0.7402665145951104,0.505,258.3485512247361,BUY_YES
1779796464.3765898,77164.76237673574,77172.61569378586,0.7107559294120304,0.505,220.09662281434905,BUY_YES
1779796464.3788235,77164.76237673574,77172.61569378586,0.6812062224540476,0.505,181.79398435115934,BUY_YES
1779796464.3822997,77164.76237673574,77172.61569378586,0.6520579718883841,0.505,144.01171785225364,BUY_YES
1779796464.3851798,77164.76237673574,77172.61569378586,0.6236618638679768,0.505,107.20438636792176,BUY_YES
1779796464.3908074,77164.76237673574,77172.61569378586,0.5962817978741567,0.505,1195.91,SELL_NO
1779796464.3946054,77164.76237673574,77172.61569378586,0.5701135365208448,0.505,1195.91,SELL_NO
1779796464.397175,77164.76237673574,77172.61569378586,0.5452896913028366,0.505,1195.91,SELL_NO
1779796464.4211695,77164.76237673574,77172.61569378586,0.44510654232513913,0.51,292.12,SELL_YES
1779796464.4254098,77164.76237673574,77172.61569378586,0.37984056097636826,0.51,292.12,SELL_YES
1779796464.4296763,77164.76237673574,77172.61569378586,0.324364476829913,0.51,292.12,SELL_YES
1779796464.434098,77164.76237673574,77172.61569378586,0.27720980530542605,0.51,292.12,SELL_YES
1779796464.4384294,77164.76237673574,77172.61569378586,0.23712833450961213,0.51,292.12,SELL_YES
1779796464.4425895,77164.76237673574,77172.61569378586,0.2030590843331703,0.51,292.12,SELL_YES
1779796464.4462383,77164.76237673574,77172.61569378586,0.17410022168319475,0.51,292.12,SELL_YES
1779796464.4501793,77164.76237673574,77172.61569378586,0.14948518843071554,0.51,292.12,SELL_YES
1779796464.4544702,77164.76237673574,77172.61569378586,0.1285624101661082,0.51,292.12,SELL_YES
1779796464.458272,77164.76237673574,77172.61569378586,0.11077804864119196,0.51,292.12,SELL_YES
1779796464.4616735,77164.76237673574,77172.61569378586,0.09566134134501317,0.51,292.12,SELL_YES
1779796464.4656694,77164.76237673574,77172.61569378586,0.08281214014326119,0.51,292.12,SELL_YES
1779796464.4688952,77164.76237673574,77172.61569378586,0.071890319121772,0.51,292.12,SELL_YES
1779796464.472442,77164.76237673574,77172.61569378586,0.0626067712535062,0.51,292.12,SELL_YES
1779796464.4759219,77164.76237673574,77172.61569378586,0.054715755565480265,0.51,292.12,SELL_YES
1779796464.4794877,77164.76237673574,77172.61569378586,0.048008392230658226,0.51,292.12,SELL_YES
1779796464.4826221,77164.76237673574,77172.61569378586,0.042307133396059494,0.51,292.12,SELL_YES
1779796464.4857478,77164.76237673574,77172.61569378586,0.03746106338665057,0.51,292.12,SELL_YES
1779796464.4890137,77164.76237673574,77172.61569378586,0.03334190387865298,0.51,292.12,SELL_YES
1779796464.4920437,77164.76237673574,77172.61569378586,0.029840618296855036,0.51,292.12,SELL_YES
1779796464.4951613,77164.76237673574,77172.61569378586,0.026864525552326782,0.51,292.12,SELL_YES
1779796464.4977996,77164.76237673574,77172.61569378586,0.024334846719477766,0.51,292.12,SELL_YES
1779796464.5002334,77164.76237673574,77172.61569378586,0.0221846197115561,0.51,292.12,SELL_YES
1779796464.5037868,77164.76237673574,77172.61569378586,0.020356926754822688,0.51,292.12,SELL_YES
1779796464.5068457,77164.76237673574,77172.61569378586,0.018803387741599287,0.51,292.12,SELL_YES
1779796464.5094008,77164.76237673574,77172.61569378586,0.017482879580359396,0.51,292.12,SELL_YES
1779796464.5119178,77164.76237673574,77172.61569378586,0.01656652579183919,0.51,292.12,SELL_YES
1779796464.5143504,77164.76237673574,77172.61569378586,0.016584545609834776,0.51,292.12,SELL_YES
1779796464.51676,77164.76237673574,77172.61569378586,0.017616916217005115,0.51,292.12,SELL_YES
1779796464.519908,77164.76237673574,77172.61569378586,0.019721236937495695,0.51,292.12,SELL_YES
1779796464.5226438,77164.76237673574,77172.61569378586,0.02292180287675907,0.51,292.12,SELL_YES
1779796464.5254126,77164.76237673574,77172.61569378586,0.0272051224904933,0.51,292.12,SELL_YES
1779796464.527922,77164.76237673574,77172.61569378586,0.03252069558729542,0.51,292.12,SELL_YES
1779796464.5303223,77164.76237673574,77172.61569378586,0.03878587582148404,0.51,292.12,SELL_YES
1779796464.5327332,77164.76237673574,77172.61569378586,0.04589301831022814,0.51,292.12,SELL_YES
1779796464.5357158,77164.76237673574,77172.61569378586,0.05371750439383365,0.51,292.12,SELL_YES
1779796464.5381987,77164.76237673574,77172.61569378586,0.06212554561687049,0.51,292.12,SELL_YES
1779796464.5408325,77164.76237673574,77172.61569378586,0.07098112236676393,0.51,292.12,SELL_YES
1779796464.543102,77164.76237673574,77172.61569378586,0.08015165337193773,0.51,292.12,SELL_YES
1779796464.5454707,77164.76237673574,77172.61569378586,0.08951222543004841,0.51,292.12,SELL_YES
1779796464.5477152,77164.76237673574,77172.61569378586,0.09894861116749595,0.51,292.12,SELL_YES
1779796464.5499136,77164.76237673574,77172.61569378586,0.10835907155555635,0.51,292.12,SELL_YES
1779796464.5532093,77164.76237673574,77172.61569378586,0.11765504412945697,0.51,292.12,SELL_YES
1779796464.5563295,77164.76237673574,77172.61569378586,0.1267616959205813,0.51,292.12,SELL_YES
1779796464.5589774,77164.76237673574,77172.61569378586,0.13561739129784942,0.51,292.12,SELL_YES
1779796464.5614483,77164.76237673574,77172.61569378586,0.14417277759976732,0.51,292.12,SELL_YES
1779796464.563963,77164.76237673574,77172.61569378586,0.15238976103090615,0.51,292.12,SELL_YES
1779796464.5662663,77164.76237673574,77172.61569378586,0.16024046775076334,0.51,292.12,SELL_YES
1779796464.5687082,77164.76237673574,77172.61569378586,0.167705861253945,0.51,292.12,SELL_YES
1779796464.5734076,77164.76237673574,77172.61569378586,0.17477399355294093,0.51,292.12,SELL_YES
1779796464.576044,77164.76237673574,77172.61569378586,0.18144087644840895,0.51,292.12,SELL_YES
1779796464.5785508,77164.76237673574,77172.61569378586,0.18770736119111198,0.51,292.12,SELL_YES
1779796464.581055,77164.76237673574,77172.61569378586,0.19357876807620186,0.51,292.12,SELL_YES
1779796464.5833745,77164.76237673574,77172.61569378586,0.19906411109524588,0.51,292.12,SELL_YES
1779796464.720912,77164.75806173575,77172.61569378586,0.317704494430959,0.505,151.01943041391098,SELL_YES
1779796465.6966653,77164.75806173575,77172.61569378586,0.5771265226424126,0.505,99.27249472209267,BUY_YES
1779796466.807974,77164.76318419295,77172.61569378586,0.6390575442460507,0.505,325.19049601788606,SELL_NO
1779796467.3155248,77164.75855919295,77172.61569378586,0.4166834708494973,0.505,128.59801030740118,BUY_NO
1779796469.4034002,77164.82006465687,77172.61569378586,0.5189969067883914,0.505,128.59801030740118,SELL_NO
1779796470.489402,77164.81226081835,77172.61569378586,0.3781031534888605,0.505,188.04780037728978,BUY_NO
1779796471.5080397,77164.51101782966,77172.61569378586,0.5310171024815434,0.505,179.0189989526201,SELL_NO
1779796475.8882914,77163.88913248293,77172.61569378586,0.2773086955353514,0.505,333.6621677856283,BUY_NO
1779796478.7513385,77163.73372126737,77172.61569378586,0.5523184526456477,0.505,342.69096921029796,SELL_NO
1779796478.7568007,77163.73372126737,77172.61569378586,0.6179706847488006,0.505,342.69096921029796,SELL_NO
1779796479.6296546,77163.43863626737,77172.61569378586,0.6538961317973455,0.505,122.34101084677546,BUY_YES
1779796479.6341996,77163.43863626737,77172.61569378586,0.7000107232430396,0.505,193.36179605140546,BUY_YES
1779796481.2599232,77163.66692693853,77172.61569378586,0.8808905382668158,0.505,120.37322960458505,BUY_YES
1779796481.2632413,77163.66692693853,77172.61569378586,0.8972569575267935,0.505,143.99674546234507,BUY_YES
1779796485.9059947,77163.74130626737,77172.61569378586,0.4661399890934394,0.505,323.43,SELL_YES
1779796489.6794336,77163.74205126737,77172.61569378586,0.4510414082131556,0.5,355.91527668720374,SELL_YES
1779796489.686929,77163.74205126737,77172.61569378586,0.6006024174340049,0.5,141.71676829195283,BUY_YES
1779796491.653551,77163.72060126737,77172.61569378586,0.2615740355461714,0.505,325.43,BUY_NO
1779796491.65714,77163.72060126737,77172.61569378586,0.2238379302142457,0.505,325.43,BUY_NO
1779796491.6604657,77163.72060126737,77172.61569378586,0.19176224068210884,0.505,325.43,BUY_NO
1779796491.8692765,77163.72060126737,77172.61569378586,0.28695896978042046,0.5,141.71676829195283,SELL_YES
1779796491.8738296,77163.72060126737,77172.61569378586,0.3573289339041725,0.5,141.71676829195283,SELL_YES
1779796491.8770614,77163.72060126737,77172.61569378586,0.4059789349997408,0.5,141.71676829195283,SELL_YES
1779796491.8806224,77163.72060126737,77172.61569378586,0.473806374980153,0.5,141.71676829195283,SELL_YES
1779796491.8839498,77163.72060126737,77172.61569378586,0.5215124376242962,0.5,964.22,SELL_NO
1779796492.099807,77163.73141126736,77172.61569378586,0.379567736183554,0.505,159.42485600209008,BUY_NO
1779796492.108693,77163.73141126736,77172.61569378586,0.27701268939261775,0.505,148.86363068017798,BUY_NO
1779796492.111881,77163.73141126736,77172.61569378586,0.23696078598372508,0.505,209.10650208987263,BUY_NO
1779796493.2499547,77163.83546,77172.61569378586,0.5779879067789295,0.505,529.4649887721406,SELL_NO
1779796493.258305,77163.83546,77172.61569378586,0.4203712626477766,0.505,123.3917565058894,BUY_NO
1779796493.2612543,77163.83546,77172.61569378586,0.3588155732506101,0.505,188.43,BUY_NO
1779796493.2642498,77163.83546,77172.61569378586,0.3066300458300745,0.505,188.43,BUY_NO
1779796493.2667933,77163.83546,77172.61569378586,0.26257086293577747,0.505,188.43,BUY_NO
1779796493.2694063,77163.83546,77172.61569378586,0.22542961857679203,0.505,188.43,BUY_NO
1779796493.3767684,77163.83546,77172.61569378586,0.5151747615129421,0.505,877.1117565058894,SELL_NO
1779796493.3799188,77163.83546,77172.61569378586,0.5512439759436916,0.505,877.1117565058894,SELL_NO
1779796493.3837044,77163.83546,77172.61569378586,0.569953688229492,0.505,877.1117565058894,SELL_NO
1779796493.3866951,77163.83546,77172.61569378586,0.5739409167838181,0.505,877.1117565058894,SELL_NO
1779796493.3897011,77163.83546,77172.61569378586,0.566049756467732,0.505,877.1117565058894,SELL_NO
1779796493.3926706,77163.83546,77172.61569378586,0.5490800045624354,0.505,877.1117565058894,SELL_NO
1779796493.4028578,77163.83546,77172.61569378586,0.39948530329635956,0.505,155.2165625812607,BUY_NO
1779796493.40595,77163.83546,77172.61569378586,0.3410625078019056,0.505,188.43,BUY_NO
1779796493.4093068,77163.83546,77172.61569378586,0.29140313163161974,0.505,188.43,BUY_NO
1779796493.413228,77163.83546,77172.61569378586,0.24919266188687678,0.505,188.43,BUY_NO
1779796493.416695,77163.83546,77172.61569378586,0.21331376260384527,0.505,188.43,BUY_NO
1779796493.4201636,77163.83546,77172.61569378586,0.18281669821326849,0.505,188.43,BUY_NO
1779796493.4233553,77163.83546,77172.61569378586,0.1568941934812782,0.505,188.43,BUY_NO
1779796493.4267573,77163.83546,77172.61569378586,0.13486006445908647,0.505,188.43,BUY_NO
1779796500.284075,77164.23445117981,77164.23445117981,0.5475822014551891,0.505,869.81,SELL_NO
1779796500.6850164,77159.02082446679,77159.02082446679,0.01,0.505,432.98,BUY_NO
1779796500.76928,77159.02082446679,77159.02082446679,0.01,0.5,330.64530495100485,BUY_NO
1779796505.748869,77152.20788463125,77159.02082446679,0.5158330070151503,0.505,306.39,SELL_NO
1779796505.7515936,77152.20788463125,77159.02082446679,0.5352150050456301,0.505,306.39,SELL_NO
1779796505.754771,77152.20788463125,77159.02082446679,0.5485038180394484,0.505,306.39,SELL_NO
1779796505.7586994,77152.20788463125,77159.02082446679,0.5568808368567804,0.505,306.39,SELL_NO
1779796505.9950008,77149.80257980294,77159.02082446679,0.34585319393467023,0.51,106.45277549825931,BUY_NO
1779796506.00354,77149.80257980294,77159.02082446679,0.2526539326177992,0.51,147.6622738202184,BUY_NO
1779796506.0068948,77149.80257980294,77159.02082446679,0.21625584272512935,0.51,207.25401721710074,BUY_NO
1779796508.8597527,77149.94966201414,77159.02082446679,0.9625340874950039,0.51,100.69,BUY_YES
1779796508.863297,77149.94966201414,77159.02082446679,0.9654209721422148,0.51,105.69,BUY_YES
1779796526.0015156,77177.92331792608,77159.02082446679,0.5974166684010747,0.505,304.42,SELL_NO
1779796526.3191547,77177.92331792608,77159.02082446679,0.4344085429197764,0.51,206.38,SELL_YES
1779796526.9494214,77177.83940880823,77159.02082446679,0.2315439119575165,0.51,126.47677484465174,BUY_NO
1779796527.8182495,77177.83940880823,77159.02082446679,0.5786703584193226,0.51,165.69,SELL_NO
1779796528.8566904,77177.71918887568,77159.02082446679,0.2623220590919325,0.515,118.21627739407012,BUY_NO
1779796529.3312743,77177.71918887568,77159.02082446679,0.5382451151863823,0.515,175.23,SELL_NO
1779796531.9352634,77177.52842437847,77159.02082446679,0.5405073598434403,0.515,120.00000000000003,SELL_NO
1779796532.04582,77177.52842437847,77159.02082446679,0.6078642865291722,0.52,114.41425699728467,BUY_YES
1779796536.8985362,77177.38891152976,77159.02082446679,0.413780659930004,0.505,114.41425699728467,SELL_YES
1779796536.991335,77177.38891152976,77159.02082446679,0.38130315772848206,0.505,106.93589048422427,BUY_NO
1779796537.446971,77177.38891152976,77159.02082446679,0.5502165314588282,0.505,198.50331420952944,SELL_NO
1779796537.9057066,77177.3930477043,77159.02082446679,0.40030644397900333,0.505,169.3393430284009,BUY_NO
1779796538.879748,77177.4179630281,77159.02082446679,0.2991634859794972,0.505,161.59482326186077,BUY_NO
1779796539.3560112,77177.42271120023,77159.02082446679,0.5657400258271587,0.505,292.89,SELL_NO
1779796539.8108952,77177.42271120023,77159.02082446679,0.4115221686601221,0.51,111.0740785247331,BUY_NO
1779796540.2652469,77177.42271120023,77159.02082446679,0.3000997668569382,0.51,181.12371100483088,BUY_NO
1779796541.1747067,77177.42660017496,77159.02082446679,0.566315019321017,0.51,165.69,SELL_NO
1779796543.0117486,77177.53232005582,77159.02082446679,0.1594834925599913,0.505,395.7269170783987,BUY_NO
1779796543.9597325,77175.23993908384,77159.02082446679,0.06682063088002864,0.505,101.03155276817643,BUY_NO
1779796546.952795,77170.39615073663,77159.02082446679,0.5205001813818918,0.505,330.89,SELL_NO
1779796548.1180673,77165.9372906188,77159.02082446679,0.20253489613465514,0.51,143.613894368785,BUY_NO
1779796548.9210432,77164.28612497338,77159.02082446679,0.1199455863182352,0.51,115.23146966361213,BUY_NO
1779796563.1216233,77155.3555724115,77159.02082446679,0.5867939732412712,0.505,116.4577981998474,BUY_YES
1779796563.374511,77155.3555724115,77159.02082446679,0.4272191802516755,0.505,116.4577981998474,SELL_YES
1779796563.7219458,77155.3555724115,77159.02082446679,0.5833908577318355,0.505,111.24303987487411,BUY_YES
1779796563.730064,77155.3555724115,77159.02082446679,0.42465942647965865,0.505,111.24303987487411,SELL_YES
1779796563.7364395,77155.3555724115,77159.02082446679,0.5815414356315534,0.505,108.38941042457631,BUY_YES
1779796563.7669654,77155.3555724115,77159.02082446679,0.42311124106481657,0.505,108.38941042457631,SELL_YES
1779796563.7692251,77155.3555724115,77159.02082446679,0.3619848689908065,0.505,108.38941042457631,SELL_YES
1779796563.7717614,77155.3555724115,77159.02082446679,0.3110429055488405,0.505,108.38941042457631,SELL_YES
1779796563.7747438,77155.3555724115,77159.02082446679,0.2691718647220826,0.505,108.38941042457631,SELL_YES
1779796563.7781,77155.3555724115,77159.02082446679,0.23545170160101506,0.505,108.38941042457631,SELL_YES
1779796563.780666,77155.3555724115,77159.02082446679,0.2090834560709693,0.505,108.38941042457631,SELL_YES
1779796580.1698184,77121.23015880301,77159.02082446679,0.9114355695555592,0.505,568.09,BUY_YES
1779796580.1731796,77121.23015880301,77159.02082446679,0.9117853297782117,0.505,568.09,BUY_YES
1779796580.2340944,77121.23015880301,77159.02082446679,0.7765175303114799,0.51,425.69,SELL_NO
1779796580.5617218,77120.57084526373,77159.02082446679,0.6615399007647578,0.515,163.5757896987979,SELL_NO
1779796581.0412571,77120.57084526373,77159.02082446679,0.4807375783025374,0.515,497.69,SELL_YES
1779796581.156454,77120.57084526373,77159.02082446679,0.4101269415571568,0.51,118.58212333435785,BUY_NO
1779796581.4667141,77120.5426759171,77159.02082446679,0.35010790032358324,0.51,484.77787666564217,SELL_YES
1779796581.6086786,77120.5426759171,77159.02082446679,0.44609171527504576,0.505,140.12,SELL_YES
1779796582.0776932,77120.5426759171,77159.02082446679,0.5970262642862205,0.5,96.09427177047222,BUY_YES
1779796582.3789845,77120.3402548203,77159.02082446679,0.6559723246432874,0.5,118.58212333435785,SELL_NO
1779796587.0064826,77120.07811564041,77159.02082446679,0.2384091993287632,0.505,427.2886303461597,BUY_NO
1779796587.31909,77119.98386464975,77159.02082446679,0.37444117144478645,0.505,109.68639510483005,SELL_YES
1779796632.5938563,77116.51821009767,77159.02082446679,0.14023104309834358,0.505,126.07455437756857,BUY_NO
1779796632.6055315,77116.51821009767,77159.02082446679,0.5462566662627822,0.505,553.09,SELL_NO
1779796632.6135333,77116.51821009767,77159.02082446679,0.39744544137486015,0.51,170.26040019112904,BUY_NO
1779796632.622137,77116.51821009767,77159.02082446679,0.28992933139333643,0.51,168.0501401450363,BUY_NO
1779796632.6252277,77116.51821009767,77159.02082446679,0.24793993168433595,0.51,169.2050454313024,BUY_NO
1779796632.6288786,77116.51821009767,77159.02082446679,0.21224894193168556,0.51,169.2050454313024,BUY_NO
1779796632.6323895,77116.51821009767,77159.02082446679,0.1819116006419327,0.51,169.2050454313024,BUY_NO
1779796643.3911924,77116.59013971817,77159.02082446679,0.5585854666968264,0.505,553.09,SELL_NO
1779796643.4153447,77116.59013971817,77159.02082446679,0.21689874304362264,0.51,151.80739632855136,BUY_NO
1779796643.4190297,77116.59013971817,77159.02082446679,0.18586393158707923,0.51,200.5810835935652,BUY_NO
1779796643.4225397,77116.59013971817,77159.02082446679,0.15948434184901733,0.51,242.03871776882715,BUY_NO
1779796643.4373646,77116.59013971817,77159.02082446679,0.5564656357223237,0.505,425.69,SELL_NO
1779796643.4398558,77116.59013971817,77159.02082446679,0.6214957903639751,0.505,141.6303188469575,BUY_YES
1779796655.397194,77118.23963294369,77159.02082446679,0.28132393075588197,0.505,141.6303188469575,SELL_YES
1779796669.38353,77118.5282665566,77159.02082446679,0.1233588613848595,0.505,108.40479828643305,BUY_NO
1779796669.3861957,77118.5282665566,77159.02082446679,0.11576383668595497,0.505,119.90399182096445,BUY_NO
1779796669.3887515,77118.5282665566,77159.02082446679,0.10887302650027589,0.505,130.33697434257164,BUY_NO
1779796669.40147,77118.5282665566,77159.02082446679,0.5300462127895597,0.5,528.87,SELL_NO
1779796677.5926168,77118.41829012513,77159.02082446679,0.24074726736023305,0.505,113.29594369192284,BUY_NO
1779796681.1068947,77118.47533647249,77159.02082446679,0.15170766556760312,0.505,127.22353506516686,BUY_NO
1779796681.1688576,77118.47533647249,77159.02082446679,0.07526070610191468,0.505,100.58141892088292,BUY_NO
1779796681.1711738,77118.47533647249,77159.02082446679,0.06874290170406623,0.505,110.29081711861,BUY_NO
1779796681.1828902,77118.47533647249,77159.02082446679,0.5812333313077594,0.505,101.64613541550365,BUY_YES
1779796681.1852145,77118.47533647249,77159.02082446679,0.6425483316115955,0.505,189.1393455387044,BUY_YES
1779796681.1879227,77118.47533647249,77159.02082446679,0.6946660818698561,0.505,263.50857414342494,BUY_YES
1779796681.1902678,77118.47533647249,77159.02082446679,0.737975734075063,0.505,325.30912020842817,BUY_YES
1779796681.194045,77118.47533647249,77159.02082446679,0.7717282300570663,0.505,373.4721179822557,BUY_YES
1779796681.1968853,77118.47533647249,77159.02082446679,0.7948996960459169,0.505,406.5365546222125,BUY_YES
1779796681.199408,77118.47533647249,77159.02082446679,0.8063491439336,0.505,422.8743014193697,BUY_YES
1779796681.2019644,77118.47533647249,77159.02082446679,0.805470273383236,0.505,421.62020037797606,BUY_YES
1779796681.2045696,77118.47533647249,77159.02082446679,0.7925789659866154,0.505,403.2249975527918,BUY_YES
1779796681.207951,77118.47533647249,77159.02082446679,0.7689250532368942,0.505,369.47213531366805,BUY_YES
1779796681.2116783,77118.47533647249,77159.02082446679,0.7364335691135163,0.505,323.1085336903392,BUY_YES
1779796681.2273805,77118.47533647249,77159.02082446679,0.6274685337464888,0.51,425.69,SELL_NO
1779796681.2314007,77118.47533647249,77159.02082446679,0.5348482536845154,0.51,425.69,SELL_NO
1779796681.2350423,77118.47533647249,77159.02082446679,0.45612101563183804,0.51,140.44422889534025,SELL_YES
1779796681.2390285,77118.47533647249,77159.02082446679,0.38920286328706233,0.51,140.44422889534025,SELL_YES
1779796681.243432,77118.47533647249,77159.02082446679,0.33232243379400295,0.51,140.44422889534025,SELL_YES
1779796681.246949,77118.47533647249,77159.02082446679,0.2839740687249025,0.51,140.44422889534025,SELL_YES
1779796681.250077,77118.47533647249,77159.02082446679,0.2428779584161671,0.51,140.44422889534025,SELL_YES
1779796681.2529051,77118.47533647249,77159.02082446679,0.20794626465374202,0.51,140.44422889534025,SELL_YES
1779796681.2559652,77118.47533647249,77159.02082446679,0.17825432495568072,0.51,140.44422889534025,SELL_YES
1779796681.2585757,77118.47533647249,77159.02082446679,0.1530161762123286,0.51,140.44422889534025,SELL_YES
1779796681.262284,77118.47533647249,77159.02082446679,0.1315637497804793,0.51,140.44422889534025,SELL_YES
1779796681.264766,77118.47533647249,77159.02082446679,0.11332918731340741,0.51,140.44422889534025,SELL_YES
1779796681.2670562,77118.47533647249,77159.02082446679,0.0978298092163963,0.51,140.44422889534025,SELL_YES
1779796681.269331,77118.47533647249,77159.02082446679,0.08465533783393685,0.51,140.44422889534025,SELL_YES
1779796681.2722514,77118.47533647249,77159.02082446679,0.07345703715884631,0.51,140.44422889534025,SELL_YES
1779796681.2749705,77118.47533647249,77159.02082446679,0.06393848158501936,0.51,140.44422889534025,SELL_YES
1779796681.278788,77118.47533647249,77159.02082446679,0.055847709347266454,0.51,140.44422889534025,SELL_YES
1779796681.2817369,77118.47533647249,77159.02082446679,0.048970552945176486,0.51,140.44422889534025,SELL_YES
1779796681.2848604,77118.47533647249,77159.02082446679,0.043124970003400015,0.51,140.44422889534025,SELL_YES
1779796681.289066,77118.47533647249,77159.02082446679,0.03815622450289001,0.51,140.44422889534025,SELL_YES
1779796681.2930832,77118.47533647249,77159.02082446679,0.03393279082745651,0.51,140.44422889534025,SELL_YES
1779796681.2959387,77118.47533647249,77159.02082446679,0.030342872203338034,0.51,140.44422889534025,SELL_YES
1779796681.2982275,77118.47533647249,77159.02082446679,0.02729144137283733,0.51,140.44422889534025,SELL_YES
1779796681.300575,77118.47533647249,77159.02082446679,0.02469772516691173,0.51,140.44422889534025,SELL_YES
1779796681.3631446,77118.47533647249,77159.02082446679,0.022493066391874973,0.51,325.1575611146141,BUY_NO
1779796681.3690662,77118.47533647249,77159.02082446679,0.07224349528134333,0.51,278.2024388853859,SELL_YES
1779796681.3785157,77118.47533647249,77159.02082446679,0.20990697098914182,0.505,140.12,SELL_YES
1779796681.3904693,77118.47533647249,77159.02082446679,0.5827865632749007,0.5,642.4810994059105,SELL_NO
1779796681.394571,77118.47533647249,77159.02082446679,0.6438685787836657,0.5,642.4810994059105,SELL_NO
1779796681.3978238,77118.47533647249,77159.02082446679,0.6957882919661158,0.5,140.51250430800516,BUY_YES
1779796682.6761243,77118.29853809216,77159.02082446679,0.028050444103269446,0.505,468.54,BUY_NO
1779796682.748759,77118.29853809216,77159.02082446679,0.17234287748777902,0.5,232.32904598980926,SELL_YES
1779796683.1497934,77118.29853809216,77159.02082446679,0.5631778716916049,0.5,261.88,SELL_NO
1779796683.1548114,77118.29853809216,77159.02082446679,0.6272011909378642,0.5,171.2387636665769,BUY_YES
1779796683.1576333,77118.29853809216,77159.02082446679,0.6816210122971845,0.5,250.74975544025668,BUY_YES
1779796683.1607294,77118.29853809216,77159.02082446679,0.7278778604526068,0.5,261.88,BUY_YES
1779796683.705739,77118.27854477709,77159.02082446679,0.6201961813847158,0.505,185.69,SELL_NO
1779796683.7098074,77118.27854477709,77159.02082446679,0.5286667541770084,0.505,185.69,SELL_NO
1779796685.1538994,77117.89033058316,77159.02082446679,0.4508667410504571,0.51,366.0309540101907,SELL_YES
1779796685.1589725,77117.89033058316,77159.02082446679,0.38473672989288854,0.505,138.2777340891253,BUY_NO
1779796687.869362,77129.09559421435,77159.02082446679,0.3499033157059779,0.505,273.1222659108747,SELL_YES
1779796696.8806362,77138.28253521658,77159.02082446679,0.3249506237579336,0.505,108.50997309618506,BUY_NO
1779796696.8844993,77138.28253521658,77159.02082446679,0.27770803019424356,0.505,180.77283289985965,BUY_NO
1779796696.8871417,77138.28253521658,77159.02082446679,0.23755182566510702,0.505,242.19626373298328,BUY_NO
1779796696.8896315,77138.28253521658,77159.02082446679,0.20341905181534095,0.505,294.40617994113825,BUY_NO
1779796696.8927777,77138.28253521658,77159.02082446679,0.1744061940430398,0.505,338.78460871807,BUY_NO
1779796696.905136,77138.28253521658,77159.02082446679,0.5642549358291795,0.5,501.88,SELL_NO
1779796696.907461,77138.28253521658,77159.02082446679,0.6281166954548025,0.5,501.88,SELL_NO
1779796701.6244671,77133.8951090764,77159.02082446679,0.5353991911365821,0.505,320.15759247736173,SELL_NO
1779796701.6344726,77133.8951090764,77159.02082446679,0.38960091559618054,0.505,157.42631978327722,BUY_NO
1779796701.6390512,77133.8951090764,77159.02082446679,0.33266077825675344,0.505,246.7087701415534,BUY_NO
1779796701.643429,77133.8951090764,77159.02082446679,0.2842616615182404,0.505,322.5988529460881,BUY_NO
1779796701.6465857,77133.8951090764,77159.02082446679,0.24312241229050433,0.505,387.10542332994254,BUY_NO
1779796701.7719882,77133.8951090764,77159.02082446679,0.5313238014479059,0.5,105.53240752263827,SELL_NO
1779796701.7776208,77133.8951090764,77159.02082446679,0.5801782865436202,0.505,897.23,SELL_NO
1779796701.7808628,77133.8951090764,77159.02082446679,0.613083037221693,0.505,897.23,SELL_NO
1779796701.7836146,77133.8951090764,77159.02082446679,0.6316962891957608,0.505,897.23,SELL_NO
1779796709.4217303,77134.72099297206,77159.02082446679,0.33452934856199457,0.505,138.75852007306048,BUY_NO
1779796710.3969977,77134.62228528374,77159.02082446679,0.24447245433604106,0.505,125.3306058626834,BUY_NO
1779796711.6053965,77134.40717489767,77159.02082446679,0.1539953960191212,0.505,119.82289087947908,BUY_NO
1779796712.2479126,77134.40717489767,77159.02082446679,0.06430779386084161,0.505,112.63612055637623,BUY_NO
1779796712.2506833,77134.40717489767,77159.02082446679,0.056161624781715366,0.505,123.99693146691436,BUY_NO
1779796712.2534,77134.40717489767,77159.02082446679,0.04923738106445806,0.505,133.6536207408717,BUY_NO
1779796712.2562041,77134.40717489767,77159.02082446679,0.04335177390478935,0.505,141.86180662373545,BUY_NO
1779796712.2872448,77134.40717489767,77159.02082446679,0.03834900781907095,0.505,148.8387646241698,BUY_NO
1779796712.289978,77134.40717489767,77159.02082446679,0.034096656646210304,0.505,154.76917892453878,BUY_NO
1779796714.4888864,77131.52049060108,77159.02082446679,0.5658606083174119,0.505,335.49,SELL_NO
1779796800.6317613,77102.14760546226,77101.50779515722,0.5720898107303374,0.505,123.08,SELL_NO
1779796800.6372037,77102.14760546226,77101.50779515722,0.6347763391207868,0.505,123.08,SELL_NO
1779796800.6472197,77102.14760546226,77101.50779515722,0.6880598882526687,0.51,278.69,SELL_NO
1779796800.64917,77102.14760546226,77101.50779515722,0.7333509050147684,0.505,123.08,BUY_YES
1779796800.6550448,77102.14760546226,77101.50779515722,0.7718482692625531,0.515,163.10781492144065,BUY_YES
1779796800.6569555,77102.14760546226,77101.50779515722,0.8045710288731701,0.505,113.08,BUY_YES
1779796800.750486,77102.14760546226,77101.50779515722,0.8323853745421945,0.51,263.69,SELL_NO
1779796800.7527325,77102.14760546226,77101.50779515722,0.8560275683608652,0.51,263.69,SELL_NO
1779796800.7545464,77102.14760546226,77101.50779515722,0.8761234331067353,0.51,263.69,SELL_NO
1779796800.7568347,77102.14760546226,77101.50779515722,0.893204918140725,0.51,248.69,SELL_NO
1779796800.7587428,77102.14760546226,77101.50779515722,0.9077241804196162,0.51,248.69,SELL_NO
1779796800.7606163,77102.14760546226,77101.50779515722,0.9200655533566737,0.51,248.69,SELL_NO
1779796800.7624867,77102.14760546226,77101.50779515722,0.9305557203531726,0.51,248.69,SELL_NO
1779796800.7643843,77102.14760546226,77101.50779515722,0.9394723623001966,0.51,217.69,SELL_NO
1779796800.7667508,77102.14760546226,77101.50779515722,0.947051507955167,0.51,102.14737829434966,BUY_YES
1779796800.7685843,77102.14760546226,77101.50779515722,0.9534937817618919,0.51,110.38601485390427,BUY_YES
1779796800.7703533,77102.14760546226,77101.50779515722,0.958969714497608,0.51,117.38885592952545,BUY_YES
1779796800.772558,77102.14760546226,77101.50779515722,0.9636242573229667,0.51,123.34127084380361,BUY_YES
1779796800.7753432,77102.14760546226,77101.50779515722,0.9675806187245217,0.51,128.4008235209401,BUY_YES
1779796800.7862551,77102.14760546226,77101.50779515722,0.9709435259158434,0.515,149.79218507855933,SELL_NO
1779796800.7886343,77102.14760546226,77101.50779515722,0.9738019970284668,0.515,149.79218507855933,SELL_NO
1779796800.7905533,77102.14760546226,77101.50779515722,0.9762316974741967,0.515,149.79218507855933,SELL_NO
1779796801.3383143,77102.14760546226,77102.14760546226,0.01,0.505,896.0929075889527,BUY_NO
1779796801.984973,77101.85571022946,77102.14760546226,0.55516879375,0.505,174.29,SELL_NO
1779796803.585661,77102.00161390702,77102.14760546226,0.6818010229872967,0.505,169.29,BUY_YES
1779796803.800286,77102.00161390702,77102.14760546226,0.4225698032420735,0.51,169.29,SELL_YES
1779796805.2000623,77103.65131,77102.14760546226,0.5259100570496813,0.505,173.6,SELL_NO
1779796806.8194125,77103.65131,77102.14760546226,0.09633406239878761,0.505,122.32944077618129,BUY_NO
1779796823.3472764,77116.688525,77102.14760546226,0.7015588909869999,0.505,176.72,BUY_YES
1779796823.5069351,77116.688525,77102.14760546226,0.4347036039273912,0.51,176.72,SELL_YES
1779796829.4831886,77115.6216499679,77102.14760546226,0.5973826495221285,0.505,141.90448647231443,BUY_YES
1779796829.696669,77115.6216499679,77102.14760546226,0.4343839642797378,0.505,141.90448647231443,SELL_YES
1779796842.9841979,77108.33396656868,77102.14760546226,0.023831872564144974,0.505,102.0059188068816,BUY_NO
1779796844.0370967,77108.05451951128,77102.14760546226,0.5610088471900222,0.505,242.11,SELL_NO
1779796844.810616,77102.3213987594,77102.14760546226,0.5520153419620633,0.505,242.11,SELL_NO
1779796844.814181,77102.3213987594,77102.14760546226,0.5872943743020388,0.505,128.58804298821133,BUY_YES
1779796845.043502,77102.3213987594,77102.14760546226,0.427095185433223,0.51,128.58804298821133,SELL_YES
1779796845.6441963,77100.76316466217,77102.14760546226,0.2668295929613748,0.51,115.83690418152617,BUY_NO
1779796845.657884,77100.76316466217,77102.14760546226,0.5458829737774042,0.505,242.11,SELL_NO
1779796845.6889684,77100.76316466217,77102.14760546226,0.5441754485541745,0.505,162.04517135354172,SELL_NO
1779796846.108091,77100.76316466217,77102.14760546226,0.39594176158039107,0.505,189.1071625576057,BUY_NO
1779796846.569018,77100.75636408095,77102.14760546226,0.7775270268318059,0.505,232.58,BUY_YES
1779796846.6600742,77100.75636408095,77102.14760546226,0.6283575353530827,0.505,189.1071625576057,SELL_NO
1779796846.8990803,77100.75636408095,77102.14760546226,0.45676331929260217,0.505,232.58,SELL_YES
1779796847.077152,77100.75636408095,77102.14760546226,0.7115745109495812,0.505,232.58,BUY_YES
1779796847.4929152,77100.75636408095,77102.14760546226,0.4408544465369115,0.51,103.12209572604989,BUY_NO
1779796847.5158753,77100.45723117015,77102.14760546226,0.3794441949881527,0.51,103.33890646770102,BUY_NO
1779796847.715181,77100.45723117015,77102.14760546226,0.47102756573992977,0.51,232.58,SELL_YES
1779796848.3966053,77100.04136910048,77102.14760546226,0.6608053573578657,0.505,232.58,BUY_YES
1779796848.6549387,77100.04136910048,77102.14760546226,0.4802068706910579,0.51,232.58,SELL_YES
1779796849.3293223,77100.00786319167,77102.14760546226,0.7436206833704146,0.505,232.58,BUY_YES
1779796849.6547124,77100.00786319167,77102.14760546226,0.46053480217485576,0.51,232.58,SELL_YES
1779796849.6619518,77100.00786319167,77102.14760546226,0.5399545818486274,0.505,206.46100219375091,SELL_NO
1779796850.0116396,77100.00786319167,77102.14760546226,0.3928921853856333,0.505,193.772078547121,BUY_NO
1779796850.3764126,77100.00786319167,77102.14760546226,0.623301163349952,0.505,198.46762541415166,BUY_YES
1779796850.4422975,77100.02169319167,77102.14760546226,0.6001100905203403,0.505,193.772078547121,SELL_NO
1779796850.740418,77100.02169319167,77102.14760546226,0.43635454040094573,0.505,111.20028889643616,BUY_NO
1779796850.9238431,77100.02169319167,77102.14760546226,0.47367876088208494,0.505,198.46762541415166,SELL_YES
1779796864.090234,77102.44792268694,77102.14760546226,0.32540980727584023,0.505,198.4053143272518,BUY_NO
1779796864.0941112,77102.44792268694,77102.14760546226,0.27809833618446417,0.505,282.3040506657139,BUY_NO
1779796864.0959485,77102.44792268694,77102.14760546226,0.23788358575679452,0.505,353.61797655340683,BUY_NO
1779796864.0973773,77102.44792268694,77102.14760546226,0.20370104789327534,0.505,414.2348135579455,BUY_NO
1779796864.117403,77102.44792268694,77102.14760546226,0.579547032631839,0.505,241.58,SELL_NO
1779796864.1248968,77102.44792268694,77102.14760546226,0.6411149777370632,0.505,183.4621904696512,BUY_YES
1779796864.1362307,77102.44792268694,77102.14760546226,0.6934477310765036,0.505,241.58,BUY_YES
1779796868.67067,77100.59489642346,77102.14760546226,0.7679059189535713,0.505,247.86,SELL_NO
1779796868.91242,77100.59489642346,77102.14760546226,0.6542200311105355,0.51,185.12,SELL_NO
1779796869.1134086,77100.59489642346,77102.14760546226,0.5575870264439551,0.515,182.23,SELL_NO
1779796869.374439,77100.59489642346,77102.14760546226,0.4754489724773618,0.52,425.04219046965125,SELL_YES
1779796871.2228491,77100.62250763107,77102.14760546226,0.11780586965586116,0.52,125.58763684274561,BUY_NO
1779796872.8181603,77101.06037727003,77102.14760546226,0.044560091793903925,0.52,103.29321443679191,BUY_NO
1779796874.3304164,77101.60615392007,77102.14760546226,0.5611287844266287,0.52,567.0,SELL_NO
1779796875.2659788,77104.76646921587,77102.14760546226,0.29769267002560285,0.525,185.6205245562963,BUY_NO
1779796875.7390954,77104.76646921587,77102.14760546226,0.21785795409349804,0.525,122.58783579257522,BUY_NO
1779796882.3192306,77113.14941810348,77102.14760546226,0.5643448145042771,0.525,473.0616556291632,SELL_NO
1779796882.4957707,77113.14941810348,77102.14760546226,0.41051412847934016,0.525,158.17463049421258,BUY_NO
1779796882.4978826,77113.14941810348,77102.14760546226,0.35043700920743914,0.525,264.3665463856029,BUY_NO
1779796882.5032725,77113.14941810348,77102.14760546226,0.29937145782632324,0.525,346.09859790193974,BUY_NO
1779796882.5070395,77113.14941810348,77102.14760546226,0.25596573915237475,0.525,346.09859790193974,BUY_NO
1779796882.5101583,77113.14941810348,77102.14760546226,0.21907087827951854,0.525,346.09859790193974,BUY_NO
1779796882.5133622,77113.14941810348,77102.14760546226,0.18771024653759075,0.525,346.09859790193974,BUY_NO
1779796882.5162795,77113.14941810348,77102.14760546226,0.16105370955695214,0.525,346.09859790193974,BUY_NO
1779796882.519059,77113.14941810348,77102.14760546226,0.13839565312340932,0.525,346.09859790193974,BUY_NO
1779796882.5225976,77113.14941810348,77102.14760546226,0.11913630515489791,0.525,346.09859790193974,BUY_NO
1779796882.5260508,77113.14941810348,77102.14760546226,0.10276585938166323,0.525,346.09859790193974,BUY_NO
1779796882.5290751,77113.14941810348,77102.14760546226,0.08885098047441374,0.525,346.09859790193974,BUY_NO
1779796882.5322857,77113.14941810348,77102.14760546226,0.07702333340325168,0.525,346.09859790193974,BUY_NO
1779796882.5352552,77113.14941810348,77102.14760546226,0.06696983339276392,0.525,346.09859790193974,BUY_NO
1779796882.5380938,77113.14941810348,77102.14760546226,0.05842435838384934,0.525,346.09859790193974,BUY_NO
1779796882.5407522,77113.14941810348,77102.14760546226,0.05116070462627194,0.525,346.09859790193974,BUY_NO
1779796882.5433917,77113.14941810348,77102.14760546226,0.044986598932331145,0.525,346.09859790193974,BUY_NO
1779796882.5456536,77113.14941810348,77102.14760546226,0.039738609092481475,0.525,346.09859790193974,BUY_NO
1779796882.5478432,77113.14941810348,77102.14760546226,0.03527781772860925,0.525,346.09859790193974,BUY_NO
1779796882.5508974,77113.14941810348,77102.14760546226,0.031486145069317864,0.525,346.09859790193974,BUY_NO
1779796882.5539248,77113.14941810348,77102.14760546226,0.028263223308920185,0.525,346.09859790193974,BUY_NO
1779796882.5563753,77113.14941810348,77102.14760546226,0.02606679443301144,0.525,346.09859790193974,BUY_NO
1779796882.584455,77113.14941810348,77102.14760546226,0.5622977157947725,0.52,347.9383443708368,SELL_NO
1779796882.5877216,77113.14941810348,77102.14760546226,0.6264530584255567,0.52,347.9383443708368,SELL_NO
1779796882.5911057,77113.14941810348,77102.14760546226,0.6809850996617232,0.52,347.9383443708368,SELL_NO
1779796882.594294,77113.14941810348,77102.14760546226,0.7273373347124646,0.52,347.9383443708368,SELL_NO
1779796882.5976303,77113.14941810348,77102.14760546226,0.7667367345055949,0.52,347.9383443708368,SELL_NO
1779796882.6009479,77113.14941810348,77102.14760546226,0.8002262243297555,0.52,347.9383443708368,SELL_NO
1779796882.6041734,77113.14941810348,77102.14760546226,0.8286922906802922,0.52,347.9383443708368,SELL_NO
1779796882.6071436,77113.14941810348,77102.14760546226,0.8528884470782483,0.52,347.9383443708368,SELL_NO
1779796882.610069,77113.14941810348,77102.14760546226,0.873455180016511,0.52,347.9383443708368,SELL_NO
1779796882.6129467,77113.14941810348,77102.14760546226,0.8909369030140343,0.52,347.9383443708368,SELL_NO
1779796882.6156673,77113.14941810348,77102.14760546226,0.905796367561929,0.52,347.9383443708368,SELL_NO
1779796882.618354,77113.14941810348,77102.14760546226,0.9184269124276396,0.52,347.9383443708368,SELL_NO
1779796882.6214972,77113.14941810348,77102.14760546226,0.9291628755634936,0.52,347.9383443708368,SELL_NO
1779796882.6242414,77113.14941810348,77102.14760546226,0.9382884442289695,0.52,347.9383443708368,SELL_NO
1779796882.6269076,77113.14941810348,77102.14760546226,0.946045177594624,0.52,347.9383443708368,SELL_NO
1779796882.6292124,77113.14941810348,77102.14760546226,0.9524730873642994,0.52,347.9383443708368,SELL_NO
1779796882.6316307,77113.14941810348,77102.14760546226,0.9572528574167467,0.52,347.9383443708368,SELL_NO
1779796882.6343975,77113.14941810348,77102.14760546226,0.960341247650787,0.52,347.9383443708368,SELL_NO
1779796882.6368444,77113.14941810348,77102.14760546226,0.961671700615993,0.52,347.9383443708368,SELL_NO
1779796882.6395652,77113.14941810348,77102.14760546226,0.9611868941089629,0.52,347.9383443708368,SELL_NO
1779796882.6419978,77113.14941810348,77102.14760546226,0.9588644036742857,0.52,347.9383443708368,SELL_NO
1779796882.6443136,77113.14941810348,77102.14760546226,0.9547318458583506,0.52,347.9383443708368,SELL_NO
1779796882.6466336,77113.14941810348,77102.14760546226,0.9488713523154434,0.52,347.9383443708368,SELL_NO
1779796882.648949,77113.14941810348,77102.14760546226,0.9414154158167556,0.52,347.9383443708368,SELL_NO
1779796882.6698864,77114.69013314585,77102.14760546226,0.8017031034442422,0.525,388.91415991310214,BUY_YES
1779796882.6737483,77114.69013314585,77102.14760546226,0.6829476379276058,0.525,197.82980291333172,BUY_YES
1779796882.6832285,77114.69013314585,77102.14760546226,0.3612828729209472,0.525,103.36,BUY_NO
1779796882.6866624,77114.69013314585,77102.14760546226,0.3085904419828051,0.525,103.36,BUY_NO
1779796882.6900892,77114.69013314585,77102.14760546226,0.2638018756853843,0.525,103.36,BUY_NO
1779796882.693253,77114.69013314585,77102.14760546226,0.22573159433257667,0.525,103.36,BUY_NO
1779796882.6964126,77114.69013314585,77102.14760546226,0.19337185518269018,0.525,103.36,BUY_NO
1779796882.7613835,77114.69013314585,77102.14760546226,0.16586607690528665,0.52,280.12,SELL_YES
1779796882.8394628,77114.69013314585,77102.14760546226,0.14248616536949366,0.515,220.23,SELL_YES
1779796921.061337,77125.4438698679,77102.14760546226,0.016004863406343592,0.505,100.82400064217529,BUY_NO
1779796921.0753598,77125.4438698679,77102.14760546226,0.5578331835442314,0.505,492.86,SELL_NO
1779796921.0785904,77125.4438698679,77102.14760546226,0.6226582060125967,0.505,492.86,SELL_NO
1779796921.0817506,77125.4438698679,77102.14760546226,0.6777594751107071,0.505,138.98917881483354,BUY_YES
1779796922.8568401,77125.40285687376,77102.14760546226,0.577595553844101,0.51,171.7706361176995,SELL_NO
1779796930.1701424,77120.13204673775,77102.14760546226,0.4288564563420073,0.505,106.34099277220189,BUY_NO
1779796930.1845732,77120.13204673775,77102.14760546226,0.36602798789070623,0.505,200.2531226147489,BUY_NO
1779796932.3387973,77119.55083300834,77102.14760546226,0.45962378970710027,0.505,225.3831416412674,SELL_YES
1779796932.3435323,77119.55083300834,77102.14760546226,0.5391802212510353,0.505,250.89,SELL_NO
1779796932.346634,77119.55083300834,77102.14760546226,0.60680318806338,0.505,250.89,SELL_NO
1779796932.3493178,77119.55083300834,77102.14760546226,0.6642827098538729,0.505,250.89,SELL_NO
1779796932.352757,77119.55083300834,77102.14760546226,0.7131403033757919,0.505,250.89,SELL_NO
1779796932.3542838,77119.55083300834,77102.14760546226,0.7546692578694231,0.505,117.95769639991641,BUY_YES
1779796932.3555567,77119.55083300834,77102.14760546226,0.7899688691890095,0.505,167.49313145429943,BUY_YES
1779796932.356653,77119.55083300834,77102.14760546226,0.819973538810658,0.505,209.59825125052487,BUY_YES
1779796933.7406638,77119.68686916147,77102.14760546226,0.4225184581003444,0.505,495.0490791047407,SELL_YES
1779796933.7505672,77119.68686916147,77102.14760546226,0.5799945859774988,0.505,107.90639862234876,BUY_YES
1779796933.7594805,77119.68686916147,77102.14760546226,0.6937710883687428,0.505,142.9836013776512,BUY_YES
1779796933.763262,77119.68686916147,77102.14760546226,0.7382054251134313,0.505,142.9836013776512,BUY_YES
1779796933.778101,77119.68686916147,77102.14760546226,0.864718561346527,0.51,96.56424862172264,BUY_YES
