timestamp,side,qty,vwap,p_market,expected_slippage_bps,realized_slippage_bps,ev,strike,resolved_won,pnl,capital
1779795002.1514668,BUY_YES,155.0462290548861,0.51,0.51,0.0,0.0,0.025830701760544028,77146.32386922288,False,0.0,9999.97
1779795002.1563218,BUY_NO,256.22046498482257,0.5,0.5,0.0,0.0,0.043043903503537595,77146.32386922288,False,0.0,9998.389537709452
1779795003.3634667,BUY_YES,172.63,0.51,0.51,0.0,0.0,0.1200528206769772,77146.32386922288,False,0.0,9997.347795350153
1779795003.614073,SELL_YES,326.57,0.5,0.5,0.0,0.0,0.042011837060884016,77146.32386922288,False,-3.295699999999954,9996.60323770945
1779795003.8653412,BUY_NO,401.57,0.5,0.5,0.0,0.0,0.11911840614793168,77146.32386922288,False,0.0,9996.57323770945
1779795004.0345106,BUY_YES,166.74,0.51,0.51,0.0,0.0,0.03991195155811933,77146.32386922288,False,0.0,9989.976395350152
1779795013.0057867,SELL_YES,133.86,0.49,0.49,0.0,0.0,0.00557760041533778,77146.32386922288,False,-2.7072000000000003,9999.74528006875
1779795014.9481094,BUY_NO,215.51664330508424,0.5,0.5,0.0,0.0,0.15086746933530737,77146.32386922288,False,0.0,9993.47723770945
1779795015.01397,BUY_NO,281.41696868212284,0.5,0.5,0.0,0.0,0.20173734893501138,77146.32386922288,False,0.0,9993.44723770945
1779795029.2482915,BUY_NO,303.4905438113294,0.5,0.5,0.0,0.0,0.2585736664143138,77146.32386922288,False,0.0,9993.417237709451
1779795029.258144,BUY_NO,169.05948317743446,0.5,0.5,0.0,0.0,0.2932876164521667,77146.32386922288,False,0.0,9993.38723770945
1779795030.157867,BUY_YES,190.25,0.51,0.51,0.0,0.0,0.051992201361902524,77146.32386922288,False,0.0,9977.424358960392
1779795030.502921,SELL_YES,224.2362290548861,0.5,0.5,0.0,0.0,0.02080662884238288,77146.32386922288,False,-2.2723622905488696,9991.42473770945
1779795030.6091597,BUY_YES,190.12,0.52,0.52,0.0,0.0,0.03581436548397454,77146.32386922288,False,0.0,9958.849255630234
1779795030.9595401,SELL_YES,190.12,0.5,0.5,0.0,0.0,0.02605778933862163,77146.32386922288,False,-3.832400000000007,9987.56233770945
1779795031.0347273,BUY_YES,117.94743233701263,0.53,0.53,0.0,0.0,0.02135087906217159,77146.32386922288,False,0.0,9938.714114590626
1779795031.0779476,SELL_YES,117.94743233701263,0.5,0.5,0.0,0.0,0.020651758778016727,77146.32386922288,False,-3.568422970110383,9983.963914739339
1779795031.4180713,BUY_YES,139.2825676629874,0.53,0.53,0.0,0.0,0.025946005038685716,77146.32386922288,False,0.0,9935.115691620515
1779795031.527954,SELL_YES,139.2825676629874,0.5,0.5,0.0,0.0,0.02554747165020993,77146.32386922288,False,-4.208477029889622,9979.725437709449
1779795031.8768098,SELL_NO,605.0,0.4599999999999999,0.45999999999999996,1.2067641572012573e-12,1.2067641572012573e-12,0.011784649097321409,77146.32386922288,False,-24.230000000000018,9996.386401867881
1779795038.046227,BUY_YES,120.0,0.5400000000000001,0.54,2.05596856412066e-12,2.05596856412066e-12,0.03449724681704003,77146.32386922288,False,0.0,9914.574473551018
1779795038.0506253,BUY_YES,120.0,0.5400000000000001,0.55,2.05596856412066e-12,-181.81818181817994,0.09682265979448401,77146.32386922288,False,0.0,9906.721732511409
1779795039.243582,BUY_NO,457.15917059569256,0.5,0.5,0.0,0.0,0.2647130397736245,77146.32386922288,False,0.0,9945.805437709449
1779795039.403087,BUY_NO,147.91839641029696,0.5,0.5,0.0,0.0,0.2985060838075808,77146.32386922288,False,0.0,9945.775437709448
1779795039.4224424,BUY_NO,142.0668666550082,0.5,0.5,0.0,0.0,0.3272301712364437,77146.32386922288,False,0.0,9945.745437709447
1779795039.8528857,BUY_NO,117.02732368238844,0.5,0.5,0.0,0.0,0.3516456455509771,77146.32386922288,False,0.0,9945.715437709447
1779795039.952346,SELL_YES,240.0,0.5,0.5,0.0,0.0,0.24213446960036616,77146.32386922288,False,-9.630000000000024,9945.685437709446
1779795040.7491193,BUY_YES,153.6,0.51,0.51,0.0,0.0,0.03037791885667518,77146.32386922288,False,0.0,9926.790979096404
1779795042.57321,BUY_YES,196.6,0.51,0.51,0.0,0.0,0.10070007466446596,77146.32386922288,False,0.0,9926.760979096405
1779795042.6784387,SELL_YES,350.2,0.5,0.5,0.0,0.0,0.055994196054923395,77146.32386922288,False,-3.5320000000000107,9942.093437709445
1779795043.377448,BUY_NO,120.6848790556453,0.5,0.5,0.0,0.0,0.37173753061300574,77146.32386922288,False,0.0,9942.063437709447
1779795043.58678,BUY_NO,162.53967325151348,0.5,0.5,0.0,0.0,0.40455536586789664,77146.32386922288,False,0.0,9942.033437709448
1779795043.5897572,BUY_NO,231.2768759878652,0.5,0.5,0.0,0.0,0.4173720609877122,77146.32386922288,False,0.0,9942.003437709447
1779795059.3475473,SELL_NO,186.6,0.49,0.49,0.0,0.0,0.011770026129091171,77146.32386922288,False,-1.8960000000000008,9962.25091060544
1779795061.0231218,BUY_NO,100.61666330731214,0.5,0.5,0.0,0.0,0.43680540863344985,77146.32386922288,False,0.0,9940.077437709448
1779795061.0262196,BUY_NO,134.0372478464742,0.5,0.5,0.0,0.0,0.443111464530376,77146.32386922288,False,0.0,9940.047437709447
1779795069.6666033,SELL_NO,186.6,0.49,0.49,0.0,0.0,0.014771412282535756,77146.32386922288,False,-1.8960000000000008,9960.775449716977
1779795072.0023198,BUY_NO,117.05644364612226,0.5,0.5,0.0,0.0,0.4502991800356363,77146.32386922288,False,0.0,9938.121437709447
1779795133.7275167,SELL_NO,191.6,0.49,0.49,0.0,0.0,0.016920246736373934,77146.32386922288,False,-1.945999999999998,9958.054014153437
1779795133.730385,BUY_YES,191.6,0.51,0.52,0.0,-192.30769230769246,0.039576077239689034,77146.32386922288,False,0.0,9894.304284821465
1779795133.7332103,BUY_YES,191.6,0.51,0.52,0.0,-192.30769230769246,0.060491346678818614,77146.32386922288,False,0.0,9896.190284821467
1779795133.7401154,SELL_YES,383.2,0.5,0.5,0.0,0.0,0.01358235532300417,77146.32386922288,False,-3.8619999999999948,9932.253437709447
1779795133.764794,BUY_YES,110.93627812302486,0.52,0.52,0.0,0.0,0.020886081336362383,77146.32386922288,False,0.0,9888.466284821465
1779795133.767972,BUY_YES,190.12,0.52,0.52,0.0,0.0,0.08825316913590797,77146.32386922288,False,0.0,9888.436284821464
1779795136.1813514,SELL_NO,182.23,0.4699999999999999,0.47,1.1810883240693154e-12,1.1810883240693154e-12,0.06645483856612938,77146.32386922288,False,-5.496900000000011,9971.812553135269
1779795141.5930858,SELL_YES,301.05627812302487,0.5,0.5,0.0,0.0,0.06628637913597152,77146.32386922288,False,-6.0511255624604985,9920.645412146985
1779795141.6914995,SELL_NO,132.77,0.48999999999999994,0.49,1.1328806373726088e-12,1.1328806373726088e-12,0.007156577734424074,77146.32386922288,False,-1.3577000000000083,9938.016288590976
1779795145.9596016,BUY_YES,190.12,0.52,0.52,0.0,0.0,0.03751375399471668,77146.32386922288,False,0.0,9881.800559259002
1779795146.0428805,BUY_YES,182.23,0.53,0.53,0.0,0.0,0.0923866908955091,77146.32386922288,False,0.0,9864.943182815012
1779795155.5204623,SELL_NO,365.0,0.45999999999999996,0.45999999999999996,0.0,0.0,0.03538819723181619,77146.32386922288,False,-14.630000000000024,9940.74871792295
1779795156.9773157,SELL_YES,198.63372187697513,0.5,0.5,0.0,0.0,0.009420032352956242,77146.32386922288,False,-4.974798061485814,9895.298412146985
1779795157.0147958,SELL_YES,108.86,0.49,0.49,0.0,0.0,0.07150702750001281,77146.32386922288,False,-3.828566424063375,9908.609825809746
1779795161.1322126,BUY_NO,213.28652132303273,0.5,0.5,0.0,0.0,0.31495711505388835,77146.32386922288,False,0.0,9894.149812146985
1779795161.3633633,BUY_NO,120.82041749332075,0.5,0.5,0.0,0.0,0.34106098796089923,77146.32386922288,False,0.0,9894.119812146986
1779795176.2161176,BUY_NO,204.7590896197728,0.49,0.49,0.0,0.0,0.38138379109017884,77146.32386922288,False,0.0,9915.956076990306
1779795179.455337,BUY_YES,109.16,0.52,0.52,0.0,0.0,0.2945362234931147,77146.32386922288,False,0.0,9856.470055148939
1779795179.610551,BUY_YES,257.23,0.53,0.53,0.0,0.0,0.16526286446957772,77146.32386922288,False,0.0,9837.712981201817
1779795180.6454167,BUY_YES,111.41,0.52,0.52,0.0,0.0,0.13965901600931696,77146.32386922288,False,0.0,9853.83775514894
1779795184.6842132,BUY_YES,173.69,0.52,0.52,0.0,0.0,0.4656775212231078,77146.32386922288,False,0.0,9853.807755148939
1779795185.154752,BUY_YES,137.23,0.53,0.53,0.0,0.0,0.37200937338079476,77146.32386922288,False,0.0,9840.473981201818
1779795185.1601272,BUY_YES,307.5996634254427,0.54,0.53,0.0,188.67924528301904,0.22820796737367544,77146.32386922288,False,0.0,9837.367984567563
1779795185.1627026,BUY_YES,120.00000000000003,0.53,0.53,0.0,0.0,0.2113548110762522,77146.32386922288,False,0.0,9837.337984567564
1779795185.1930597,BUY_YES,120.00000000000003,0.53,0.54,0.0,-185.18518518518536,0.20192634768437423,77146.32386922288,False,0.0,9830.852507254696
1779795186.1416886,SELL_YES,176.66,0.51,0.51,0.0,0.0,0.05436134683844435,77146.32386922288,False,-3.412187123506939,9850.188939193298
1779795186.144446,SELL_YES,176.66,0.51,0.5,0.0,-200.00000000000017,0.11336198952156723,77146.32386922288,False,-3.412187123506939,9860.147616506167
1779795186.1473124,SELL_YES,176.66,0.51,0.5,0.0,-200.00000000000017,0.1535766669663941,77146.32386922288,False,-3.412187123506939,9861.884216506167
1779795186.2461727,SELL_YES,335.64,0.5,0.5,0.0,0.0,0.048540166921435035,77146.32386922288,False,-9.812287502172893,9861.854216506168
1779795194.4383767,BUY_YES,573.0,0.52,0.52,0.0,0.0,0.32325290716095356,77146.32386922288,False,0.0,9831.600861880432
1779795194.4509573,BUY_YES,99.0,0.52,0.52,0.0,0.0,0.3452649710868104,77146.32386922288,False,0.0,9831.570861880431
1779795197.3222828,BUY_YES,120.0,0.52,0.52,0.0,0.0,0.4300128076243318,77146.32386922288,False,0.0,9831.540861880432
1779795197.3254385,BUY_YES,120.0,0.52,0.53,0.0,-188.67924528301904,0.436010886480682,77146.32386922288,False,0.0,9825.519184567564
1779795198.3427281,BUY_YES,719.7897964594424,0.52,0.52,0.0,0.0,0.4454428654822926,77146.32386922288,False,0.0,9831.48086188043
1779795198.4363508,SELL_NO,245.90020354055764,0.48,0.48,0.0,0.0,0.4491264356599487,77146.32386922288,False,-4.701999676165471,9816.789971131902
1779795198.6694384,SELL_NO,267.23,0.47,0.47,0.0,0.0,0.2952574703109563,77146.32386922288,False,-7.779556771183522,9797.06094844477
1779795200.2217913,SELL_NO,600.0,0.46,0.45999999999999996,-1.2067641572012573e-12,-1.2067641572012573e-12,0.16296884976431286,77146.32386922288,False,-23.429745772219064,9742.69342575764
1779795200.4408174,SELL_NO,790.0,0.44999999999999996,0.44999999999999996,0.0,0.0,0.04902352229966578,77146.32386922288,False,-38.73966526675514,9651.325903070505
1779795201.4037473,BUY_NO,113.98,0.49,0.49,0.0,0.0,0.07443050513849148,77146.32386922288,False,0.0,9734.525593819035
1779795201.409165,BUY_NO,113.98,0.49,0.5,0.0,-200.00000000000017,0.13826592936771775,77146.32386922288,False,0.0,9754.733116506168
1779795201.4171915,BUY_NO,335.64,0.5,0.5,0.0,0.0,0.18252603996256012,77146.32386922288,False,0.0,9754.703116506167
1779795201.4219203,BUY_NO,335.64,0.5,0.51,0.0,-196.0784313725492,0.22864713396817615,77146.32386922288,False,0.0,9765.918239193299
1779795201.4257503,BUY_NO,335.64,0.5,0.51,0.0,-196.0784313725492,0.26785006387294974,77146.32386922288,False,0.0,9762.5318391933
1779795201.5430048,SELL_YES,598.36,0.48999999999999994,0.49,1.1328806373726088e-12,1.1328806373726088e-12,0.29117255429200717,77146.32386922288,False,-19.332970186860223,9746.724393819035
1779795201.5496268,SELL_YES,255.12,0.48,0.48,0.0,0.0,0.16249667114820615,77146.32386922288,False,-10.811318580907468,9744.789271131904
1779795201.5525768,SELL_YES,255.12,0.48,0.47,0.0,-212.76595744680873,0.06162217047597529,77146.32386922288,False,-10.811318580907468,9747.956548444772
1779795201.5604184,SELL_NO,589.0,0.43999999999999995,0.43999999999999995,0.0,0.0,0.017002981831107822,77146.32386922288,False,-34.33458160320828,9686.838380383375
1779795202.1235938,SELL_NO,789.4734692946813,0.48,0.48,0.0,0.0,0.216368206217029,77146.32386922288,False,-14.431633470975612,9666.000332360116
1779795202.3704016,BUY_YES,176.21653070531875,0.52,0.52,0.0,0.0,0.2544129752844746,77146.32386922288,False,0.0,9708.320161880432
1779795202.3748717,BUY_YES,176.21653070531875,0.52,0.52,0.0,0.0,0.2867510289918034,77146.32386922288,False,0.0,9708.290161880434
1779795202.3785045,BUY_YES,670.6610736515688,0.52,0.52,0.0,0.0,0.31423837464303284,77146.32386922288,False,0.0,9708.260161880433
1779795203.3379254,BUY_YES,99.20278076738032,0.51,0.51,0.0,0.0,0.421254578443657,77146.32386922288,False,0.0,9687.411763149732
1779795203.3776627,BUY_YES,103.87629491775806,0.51,0.51,0.0,0.0,0.4439229679867107,77146.32386922288,False,0.0,9687.381763149733
1779795203.3813305,BUY_YES,131.7301457004287,0.51,0.51,0.0,0.0,0.449334522788704,77146.32386922288,False,0.0,9687.351763149733
1779795251.053974,BUY_NO,102.29,0.5,0.5,0.0,0.0,0.11827132973473509,77146.32386922288,False,0.0,9663.155272205177
1779795251.7280915,SELL_NO,102.29,0.49,0.49,0.0,0.0,0.02655691164587093,77146.32386922288,False,-1.052900000000001,9637.935881260619
1779795300.2771225,SELL_YES,634.66,0.48999999999999994,0.49,1.1328806373726088e-12,1.1328806373726088e-12,0.021995976743521273,77161.12099504992,False,-18.818854868011726,9637.90588126062
1779795300.2794228,SELL_YES,634.66,0.48999999999999994,0.48,1.1328806373726088e-12,-208.33333333333238,0.09069658023199306,77161.12099504992,False,-18.818854868011726,9626.402590316064
1779795300.281365,SELL_YES,634.66,0.48999999999999994,0.48,1.1328806373726088e-12,-208.33333333333238,0.14909209319719408,77161.12099504992,False,-18.818854868011726,9632.719190316064
1779795300.2878795,SELL_YES,157.12,0.4799999999999999,0.48,1.1564823173178715e-12,1.1564823173178715e-12,0.18872827921761492,77161.12099504992,False,-6.252674611385629,9632.689190316063
1779795300.350764,BUY_NO,208.91,0.53,0.53,0.0,0.0,0.22091903733497276,77161.12099504992,False,0.0,9637.902045038849
1779795300.3564281,BUY_NO,442.0,0.54,0.54,0.0,0.0,0.24678118173472685,77161.12099504992,False,0.0,9603.978435983405
1779795300.3622823,BUY_NO,402.0,0.55,0.55,0.0,0.0,0.2672640044745178,77161.12099504992,False,0.0,9560.794826927962
1779795300.3884575,BUY_NO,392.0,0.56,0.56,0.0,0.0,0.28317440380334014,77161.12099504992,False,0.0,9506.751217872521
1779795300.4202993,BUY_NO,121.7513972175409,0.5700000000000001,0.5700000000000001,0.0,0.0,0.29519824323283905,77161.12099504992,False,0.0,9478.782413206622
1779795300.435585,SELL_YES,275.2486027824591,0.43,0.43,0.0,0.0,0.3139185067479133,77161.12099504992,False,-24.693540706547694,9648.308135593283
1779795300.4394648,BUY_NO,150.810312476013,0.5800000000000001,0.5800000000000001,0.0,0.0,0.3198307307357262,77161.12099504992,False,0.0,9401.194349765472
1779795300.4593751,BUY_NO,115.7860579448652,0.5800000000000001,0.5800000000000001,0.0,0.0,0.34485270295656223,77161.12099504992,False,0.0,9382.638580494295
1779795300.475484,SETTLE_YES,80.30049167322477,0.0,0.0,0.0,0.0,0.0,77161.12099504992,False,-41.75450478380445,8566.096032915688
1779795300.475484,SETTLE_NO,1833.257767638419,1.0,1.0,0.0,0.0,0.0,77161.12099504992,True,819.1812763803115,10399.353800554107
1779795300.9062784,BUY_YES,401.94,0.51,0.51,0.0,0.0,0.48,77161.12070156958,False,0.0,10399.323800554108
1779795301.5074098,BUY_NO,337.44547917762134,0.5,0.5,0.0,0.0,0.05516879375000028,77161.12070156958,False,0.0,10395.274400554108
1779795301.9426086,BUY_YES,389.68,0.51,0.51,0.0,0.0,0.2743898535033217,77161.12070156958,False,0.0,10395.889345762333
1779795302.1341376,SELL_YES,328.68,0.5,0.5,0.0,0.0,0.014427831217272646,77161.12070156958,False,-3.3168000000000006,10391.317600554108
1779795303.1558044,SELL_NO,337.44547917762134,0.48999999999999994,0.49,1.1328806373726088e-12,1.1328806373726088e-12,0.022472063054951363,77161.12070156958,False,-3.4044547917762316,10383.283745762332
1779795303.191015,BUY_YES,433.23910547023075,0.51,0.51,0.0,0.0,0.14943606555720235,77161.12070156958,False,0.0,10392.512545762333
1779795303.1943538,BUY_YES,561.0,0.51,0.52,0.0,-192.30769230769246,0.19902065572362193,77161.12070156958,False,0.0,10407.054336817037
1779795303.1977832,BUY_YES,561.0,0.51,0.52,0.0,-192.30769230769246,0.24116755736507856,77161.12070156958,False,0.0,10412.634336817036
1779795303.201429,BUY_YES,561.0,0.51,0.52,0.0,-192.30769230769246,0.27699242376031674,77161.12070156958,False,0.0,10418.214336817036
1779795303.2043235,BUY_YES,561.0,0.51,0.52,0.0,-192.30769230769246,0.30744356019626917,77161.12070156958,False,0.0,10423.794336817038
1779795303.2072346,BUY_YES,561.0,0.51,0.52,0.0,-192.30769230769246,0.33332702616682874,77161.12070156958,False,0.0,10429.374336817038
1779795303.2099035,BUY_YES,561.0,0.51,0.52,0.0,-192.30769230769246,0.35532797224180435,77161.12070156958,False,0.0,10434.954336817038
1779795303.2123168,BUY_YES,561.0,0.51,0.52,0.0,-192.30769230769246,0.37402877640553367,77161.12070156958,False,0.0,10440.53433681704
1779795303.214628,BUY_YES,561.0,0.51,0.52,0.0,-192.30769230769246,0.3899244599447036,77161.12070156958,False,0.0,10446.114336817038
1779795303.3692362,SELL_YES,398.68,0.5,0.5,0.0,0.0,0.01006466000600581,77161.12070156958,False,-4.016800000000046,10338.400754707634
1779795328.9196026,BUY_NO,166.97849252736822,0.5,0.5,0.0,0.0,0.03547156002495311,77161.12070156958,False,0.0,10338.370754707634
1779795328.9266694,SELL_NO,166.97849252736822,0.48999999999999994,0.49,1.1328806373726088e-12,1.1328806373726088e-12,0.02435029917437176,77161.12070156958,False,-1.6997849252736899,10286.815978727658
1779795328.9378042,BUY_NO,331.41317172178964,0.5,0.5,0.0,0.0,0.0704182585259645,77161.12070156958,False,0.0,10336.64096978236
1779795328.9405298,BUY_NO,349.70150747263176,0.5,0.5,0.0,0.0,0.13213631253224556,77161.12070156958,False,0.0,10336.610969782361
1779795328.943396,BUY_NO,349.70150747263176,0.5,0.51,0.0,-196.0784313725492,0.18284761074864075,77161.12070156958,False,0.0,10376.127798970392
1779795328.9505436,SELL_YES,723.36,0.49,0.49,0.0,0.0,0.07192046913634464,77161.12070156958,False,-14.497200000000078,10297.00414059433
1779795328.9558938,SELL_NO,789.3715074726318,0.49,0.49,0.0,0.0,0.06678746104899091,77161.12070156958,False,-7.923715074726317,10281.186710444877
1779795342.929894,SELL_NO,241.44467919442116,0.49,0.49,0.0,0.0,0.1152225798930534,77161.12070156958,False,-2.444446791944216,10276.32781686099
1779795345.0392442,BUY_NO,357.99131435003187,0.5,0.5,0.0,0.0,0.07287017099791848,77161.12070156958,False,0.0,10318.919207915691
1779795345.13401,SELL_YES,524.68,0.5,0.5,0.0,0.0,0.0699180298687076,77161.12070156958,False,-5.276800000000037,10318.889207915692
1779795345.2547624,SELL_NO,357.99131435003187,0.48999999999999994,0.49,1.1328806373726088e-12,1.1328806373726088e-12,0.07545922341985861,77161.12070156958,False,-3.6099131435003358,10277.90470371749
1779795345.264998,BUY_NO,376.1960361101047,0.5,0.5,0.0,0.0,0.07423071107915213,77161.12070156958,False,0.0,10315.249294772191
1779795345.695204,BUY_NO,143.48396388989522,0.5,0.5,0.0,0.0,0.13659610441727932,77161.12070156958,False,0.0,10315.21929477219
1779795345.7482033,BUY_NO,196.25667111342318,0.51,0.51,0.0,0.0,0.14569457979256017,77161.12070156958,False,0.0,10343.441952404624
1779795346.1463397,SELL_YES,527.1033288865768,0.48999999999999994,0.49,1.1328806373726088e-12,1.1328806373726088e-12,0.04884039282367608,77161.12070156958,False,-10.572066577731619,10282.981503717489
1779795346.391267,SELL_NO,428.35,0.49,0.49,0.0,0.0,0.1429433937571598,77161.12070156958,False,-5.487717615375061,10274.384503717489
1779795346.5310419,SELL_YES,519.68,0.5,0.5,0.0,0.0,0.016319283372823457,77161.12070156958,False,-5.226800000000026,10303.58219477219
1779795362.1503704,BUY_NO,390.96,0.5,0.5,0.0,0.0,0.2504839523498723,77161.12070156958,False,0.0,10303.55219477219
1779795362.1598022,SELL_YES,747.36,0.48999999999999994,0.49,1.1328806373726088e-12,1.1328806373726088e-12,0.1294113594973914,77161.12070156958,False,-14.977200000000096,10283.400903717487
1779795362.2062988,SELL_YES,261.1,0.48,0.48,0.0,0.0,0.02499965557278272,77161.12070156958,False,-7.863000000000028,10270.723212662786
1779795362.2131603,SELL_NO,337.35,0.49,0.49,0.0,0.0,0.02525029276313462,77161.12070156958,False,-3.7954399781564803,10273.98290371749
1779795362.2175083,SELL_NO,337.35,0.49,0.48,0.0,-208.33333333333354,0.09346274884866446,77161.12070156958,False,-3.7954399781564803,10250.422212662788
1779795367.2924457,SELL_YES,460.23,0.47,0.47,0.0,0.0,0.011365974528108502,77161.12070156958,False,-18.439200000000056,10233.608521608085
1779795369.4244168,BUY_YES,347.55,0.51,0.51,0.0,0.0,0.39454238797889507,77161.12070156958,False,0.0,10282.304085826894
1779795370.0175252,BUY_NO,127.22291148591142,0.5,0.5,0.0,0.0,0.02304328258509203,77161.12070156958,False,0.0,10266.61719477219
1779795370.0469673,BUY_NO,257.85708851408856,0.5,0.5,0.0,0.0,0.08532296631115499,77161.12070156958,False,0.0,10266.587194772192
1779795371.9923055,SELL_NO,347.55,0.49,0.49,0.0,0.0,0.26059619067109874,77161.12070156958,False,-3.5094936819197073,10247.800103717489
1779795372.4870796,SELL_YES,380.88,0.5,0.5,0.0,0.0,0.02289886440411154,77161.12070156958,False,-3.838800000000049,10263.051694772192
1779795375.1893544,BUY_NO,142.88577014825012,0.5,0.5,0.0,0.0,0.03183073587311913,77161.12070156958,False,0.0,10263.021694772191
1779795375.2858038,SELL_NO,184.2624412616732,0.49,0.49,0.0,0.0,0.035591705974633014,77161.12070156958,False,-1.873099870143193,10249.26251259374
1779795375.6553888,BUY_NO,163.89050894087097,0.5,0.5,0.0,0.0,0.02825653263779082,77161.12070156958,False,0.0,10261.119070359575
1779795375.7853408,SELL_NO,159.34755873832682,0.49,0.49,0.0,0.0,0.03213641062190886,77161.12070156958,False,-1.6234755873832682,10247.65446650838
1779795387.2024198,BUY_NO,378.88,0.5,0.5,0.0,0.0,0.2206188751858028,77161.12070156958,False,0.0,10259.465594772193
1779795390.148323,BUY_NO,561.0,0.5,0.5,0.0,0.0,0.2610260439079324,77161.12070156958,False,0.0,10259.435594772192
1779795390.77628,SELL_YES,1028.88,0.5,0.5,0.0,0.0,0.11822386921495903,77161.12070156958,False,-10.318800000000124,10259.405594772192
1779795393.6409607,SELL_YES,159.77577658365408,0.48999999999999994,0.49,1.1328806373726088e-12,1.1328806373726088e-12,0.016990288832715084,77161.12070156958,False,-3.2255155316731106,10267.22206650838
1779795393.7104497,BUY_YES,238.22658514788748,0.51,0.51,0.0,0.0,0.04055825449219208,77161.12070156958,False,0.0,10248.30360750433
1779795393.724927,BUY_YES,105.38341485211254,0.51,0.51,0.0,0.0,0.10647451631836324,77161.12070156958,False,0.0,10248.273607504329
1779795408.5588298,SELL_YES,343.61,0.5,0.5,0.0,0.0,0.06076999044675241,77161.12070156958,False,-3.4661000000000115,10254.251737006354
1779795411.3779557,BUY_NO,274.84150236130586,0.5,0.5,0.0,0.0,0.2077386073387507,77161.12070156958,False,0.0,10254.221737006354
1779795421.9108696,BUY_NO,241.20462974054954,0.5,0.5,0.0,0.0,0.25238141389712365,77161.12070156958,False,0.0,10254.191737006355
1779795421.9593365,BUY_NO,169.51447896951254,0.5,0.5,0.0,0.0,0.28524270037379273,77161.12070156958,False,0.0,10254.161737006354
1779795432.521447,BUY_NO,121.7184349751526,0.5,0.5,0.0,0.0,0.30929661618305127,77161.12070156958,False,0.0,10254.131737006353
1779795432.5245018,BUY_NO,275.23053061368387,0.5,0.5,0.0,0.0,0.33640212375559364,77161.12070156958,False,0.0,10254.101737006353
1779795432.5359185,BUY_YES,265.45855472814435,0.51,0.51,0.0,0.0,0.04785969032560389,77161.12070156958,False,0.0,10233.802411737726
1779795432.5411575,SELL_YES,265.45855472814435,0.5,0.5,0.0,0.0,0.02379080181556975,77161.12070156958,False,-2.6845855472814435,10251.387151459072
1779795437.1799407,BUY_YES,179.6387734570904,0.51,0.51,0.0,0.0,0.0323967048654179,77161.12070156958,False,0.0,10231.087826190445
1779795439.5788713,SELL_YES,179.6387734570904,0.5,0.5,0.0,0.0,0.037462800864394796,77161.12070156958,False,-1.8263877345709005,10249.530763724502
1779795481.154658,BUY_NO,141.31237544541,0.5,0.5,0.0,0.0,0.3912642125585243,77161.12070156958,False,0.0,10249.500763724502
1779795481.1634765,BUY_NO,107.86717635198238,0.5,0.5,0.0,0.0,0.4138967319982175,77161.12070156958,False,0.0,10249.470763724503
1779795481.1661286,BUY_NO,145.8938500272743,0.5,0.5,0.0,0.0,0.42081164454164144,77161.12070156958,False,0.0,10249.440763724502
1779795481.1689246,BUY_NO,169.87620223073145,0.5,0.5,0.0,0.0,0.4251726851493097,77161.12070156958,False,0.0,10249.410763724502
1779795481.1716304,BUY_NO,181.3365094725027,0.5,0.5,0.0,0.0,0.42725667027444336,77161.12070156958,False,0.0,10249.3807637245
1779795481.1737847,BUY_NO,181.7757279185107,0.5,0.5,0.0,0.0,0.42733653939914096,77161.12070156958,False,0.0,10249.3507637245
1779795481.1773164,BUY_NO,172.66495576090938,0.5,0.5,0.0,0.0,0.4256798025198958,77161.12070156958,False,0.0,10249.3207637245
1779795481.179774,BUY_NO,155.42825363264228,0.5,0.5,0.0,0.0,0.4225454161475357,77161.12070156958,False,0.0,10249.290763724499
1779795481.197517,BUY_YES,292.66,0.51,0.51,0.0,0.0,0.07509875095781515,77161.12070156958,False,0.0,10216.429887947474
1779795481.200386,BUY_YES,292.66,0.51,0.52,0.0,-192.30769230769246,0.1358339383141428,77161.12070156958,False,0.0,10189.422212170446
1779795481.2034423,BUY_YES,292.66,0.51,0.52,0.0,-192.30769230769246,0.18745884756702136,77161.12070156958,False,0.0,10192.318812170446
1779795481.2063065,BUY_YES,292.66,0.51,0.52,0.0,-192.30769230769246,0.2313400204319681,77161.12070156958,False,0.0,10195.215412170446
1779795481.2096815,BUY_YES,292.66,0.51,0.52,0.0,-192.30769230769246,0.2686390173671729,77161.12070156958,False,0.0,10198.112012170444
1779795481.2119925,BUY_YES,292.66,0.51,0.52,0.0,-192.30769230769246,0.3003431647620969,77161.12070156958,False,0.0,10201.008612170444
1779795481.2142107,BUY_YES,292.66,0.51,0.52,0.0,-192.30769230769246,0.32729169004778225,77161.12070156958,False,0.0,10203.905212170444
1779795481.2165685,BUY_YES,292.66,0.51,0.52,0.0,-192.30769230769246,0.3501979365406148,77161.12070156958,False,0.0,10206.801812170444
1779795481.2275333,SELL_NO,389.12,0.48000000000000004,0.48,-1.1564823173178715e-12,-1.1564823173178715e-12,0.2544016509853851,77161.12070156958,False,-7.812399999999997,10228.879315278553
1779795481.2301729,SELL_NO,389.12,0.48000000000000004,0.47,-1.1564823173178715e-12,-212.7659574468099,0.180939893054251,77161.12070156958,False,-7.812399999999997,10214.920191055578
1779795481.2327125,SELL_NO,389.12,0.48000000000000004,0.47,-1.1564823173178715e-12,-212.7659574468099,0.11801871098459976,77161.12070156958,False,-7.812399999999997,10195.43419105558
1779795481.2354105,SELL_NO,389.12,0.48000000000000004,0.47,-1.1564823173178715e-12,-212.7659574468099,0.06410708486227984,77161.12070156958,False,-7.812399999999997,10175.948191055579
1779795481.2382238,SELL_NO,389.12,0.48000000000000004,0.47,-1.1564823173178715e-12,-212.7659574468099,0.017898235650179062,77161.12070156958,False,-7.812399999999997,10156.46219105558
1779795481.2423644,SELL_YES,747.36,0.48999999999999994,0.49,1.1328806373726088e-12,1.1328806373726088e-12,0.025710024605383075,77161.12070156958,False,-14.977200000000039,10176.508039501525
1779795481.2448435,SELL_YES,747.36,0.48999999999999994,0.48,1.1328806373726088e-12,-208.33333333333238,0.05487530928178824,77161.12070156958,False,-14.977200000000039,10181.387315278553
1779795481.247449,SELL_YES,747.36,0.48999999999999994,0.48,1.1328806373726088e-12,-208.33333333333238,0.07991400384809233,77161.12070156958,False,-14.977200000000039,10188.830915278553
1779795481.3867419,SELL_NO,273.01,0.47,0.47,0.0,0.0,0.022555624319311907,77161.12070156958,False,-8.220300000000009,10184.80319105558
1779795481.390492,BUY_YES,273.01,0.53,0.54,0.0,-185.18518518518536,0.08817228067141514,77161.12070156958,False,0.0,10119.933860616391
1779795481.39466,BUY_YES,273.01,0.53,0.54,0.0,-185.18518518518536,0.14394643857070277,77161.12070156958,False,0.0,10122.633960616391
1779795481.3975008,BUY_YES,273.01,0.53,0.54,0.0,-185.18518518518536,0.19081425207429215,77161.12070156958,False,0.0,10125.334060616391
1779795481.4010403,BUY_YES,273.01,0.53,0.54,0.0,-185.18518518518536,0.22869851409350506,77161.12070156958,False,0.0,10128.034160616391
1779795481.4037297,BUY_YES,273.01,0.53,0.54,0.0,-185.18518518518536,0.25791043090027643,77161.12070156958,False,0.0,10130.734260616391
1779795481.4066713,BUY_YES,273.01,0.53,0.54,0.0,-185.18518518518536,0.27865517171170684,77161.12070156958,False,0.0,10133.43436061639
1779795481.4190688,SELL_NO,327.0,0.45999999999999996,0.45999999999999996,0.0,0.0,0.14885689595495077,77161.12070156958,False,-13.110000000000014,10053.421766832607
1779795481.4218132,SELL_NO,327.0,0.45999999999999996,0.44999999999999996,0.0,-222.22222222222243,0.047276803806097445,77161.12070156958,False,-13.110000000000014,10013.963942609633
1779795481.426244,SELL_YES,261.1,0.48,0.48,0.0,0.0,0.0499031376644371,77161.12070156958,False,-12.78681642356355,10053.737415278552
1779795481.4290926,SELL_YES,261.1,0.48,0.47,0.0,-212.76595744680873,0.10958796074129046,77161.12070156958,False,-12.78681642356355,10045.661591055581
1779795481.4314916,SELL_YES,261.1,0.48,0.47,0.0,-212.76595744680873,0.15892299833502227,77161.12070156958,False,-12.78681642356355,10048.242591055581
1779795481.433804,SELL_YES,261.1,0.48,0.47,0.0,-212.76595744680873,0.19932339246876013,77161.12070156958,False,-12.78681642356355,10050.823591055581
1779795481.4362972,BUY_NO,149.44417793720595,0.52,0.53,0.0,-188.67924528301904,0.23202917754441366,77161.12070156958,False,0.0,10060.26432749656
1779795481.4386294,BUY_NO,261.1,0.52,0.53,0.0,-188.67924528301904,0.25813181269488616,77161.12070156958,False,0.0,10047.17932749656
1779795481.4413586,BUY_NO,261.1,0.52,0.53,0.0,-188.67924528301904,0.27859398800039137,77161.12070156958,False,0.0,10034.09432749656
1779795481.4437432,BUY_NO,261.1,0.52,0.53,0.0,-188.67924528301904,0.29426477030432885,77161.12070156958,False,0.0,10021.00932749656
1779795481.4461906,BUY_NO,261.1,0.52,0.53,0.0,-188.67924528301904,0.3058916165987474,77161.12070156958,False,0.0,10007.924327496561
1779795481.4484284,BUY_NO,261.1,0.52,0.53,0.0,-188.67924528301904,0.31413040160075734,77161.12070156958,False,0.0,9994.83932749656
1779795481.4508767,BUY_NO,261.1,0.52,0.53,0.0,-188.67924528301904,0.319554200222286,77161.12070156958,False,0.0,9981.754327496561
1779795481.4534357,BUY_NO,261.1,0.52,0.53,0.0,-188.67924528301904,0.32266124166875865,77161.12070156958,False,0.0,9968.669327496562
1779795481.455925,BUY_NO,261.1,0.52,0.53,0.0,-188.67924528301904,0.32388229513401223,77161.12070156958,False,0.0,9955.584327496561
1779795481.4772587,SELL_YES,470.22,0.47,0.47,0.0,0.0,0.33285963027943855,77161.12070156958,False,-27.706195475634047,10072.906032834957
1779795481.963906,SELL_YES,222.63999999999987,0.46,0.46,0.0,0.0,0.19493068573752287,77161.12070156958,False,-15.360538830111764,10097.136850391358
1779795481.9928346,BUY_YES,97.00395361211775,0.55,0.55,0.0,0.0,0.06158165122822712,77161.12070156958,False,0.0,9858.721892383764
1779795481.995915,BUY_YES,391.63506866413195,0.55,0.55,0.0,0.0,0.118344403543993,77161.12070156958,False,0.0,9858.691892383764
1779795482.2489288,SELL_NO,251.36097772375024,0.44999999999999996,0.44999999999999996,0.0,0.0,0.027861699272383023,77161.12070156958,False,-16.84619041900679,10049.534067947756
1779795482.2633834,SELL_YES,412.3600000000001,0.4600000000000001,0.46,-1.206764157201257e-12,-1.206764157201257e-12,0.0312662364360044,77161.12070156958,False,-37.14240000000001,10030.416850391357
1779795482.3711627,SELL_NO,550.0,0.43999999999999995,0.43999999999999995,0.0,0.0,0.030618375216517002,77161.12070156958,False,-42.32530854076492,10010.808485504154
1779795486.9036026,BUY_NO,545.638540394953,0.5,0.5,0.0,0.0,0.44598629454177463,77161.12070156958,False,0.0,9904.51358016576
1779795495.1727955,BUY_NO,102.91367345995832,0.5,0.5,0.0,0.0,0.4798056799471575,77161.12070156958,False,0.0,9904.483580165761
1779795552.1592355,SELL_NO,122.05,0.49,0.49,0.0,0.0,0.02573850252799137,77161.12070156958,False,-2.7772262798932275,9926.208919860708
1779795556.2579606,BUY_NO,108.43728155554345,0.5,0.5,0.0,0.0,0.47673310170307714,77161.12070156958,False,0.0,9903.203080165758
1779795556.2615626,BUY_NO,118.79918798211656,0.5,0.5,0.0,0.0,0.47872313644761555,77161.12070156958,False,0.0,9903.173080165758
1779795556.264837,BUY_NO,127.6068084447038,0.5,0.5,0.0,0.0,0.4804146659804732,77161.12070156958,False,0.0,9903.143080165757
1779795556.2679322,BUY_NO,135.09328583790284,0.5,0.5,0.0,0.0,0.48185246608340226,77161.12070156958,False,0.0,9903.113080165758
1779795556.2711499,BUY_NO,141.45679162212173,0.5,0.5,0.0,0.0,0.4830745961708919,77161.12070156958,False,0.0,9903.083080165758
1779795556.2739513,BUY_NO,146.8657715387085,0.5,0.5,0.0,0.0,0.48411340674525816,77161.12070156958,False,0.0,9903.053080165757
1779795556.277468,BUY_NO,151.4634044678064,0.5,0.5,0.0,0.0,0.4849963957334694,77161.12070156958,False,0.0,9903.023080165756
1779795556.2799332,BUY_NO,155.37139245754042,0.5,0.51,0.0,-196.0784313725492,0.485746936373449,77161.12070156958,False,0.0,9869.166301231744
1779795556.282339,BUY_NO,158.69318224881363,0.5,0.51,0.0,-196.0784313725492,0.4863848959174316,77161.12070156958,False,0.0,9867.549369409255
1779795600.1096108,SETTLE_YES,76.27902227624958,1.0,1.0,0.0,0.0,0.0,77130.7919734118,True,34.29556002431231,8132.277542340713
1779795600.1096108,SETTLE_NO,3617.650097926336,0.0,0.0,0.0,0.0,0.0,77130.7919734118,False,-1838.5497561684351,8132.277542340713
1779795600.5150802,BUY_YES,271.15,0.51,0.51,0.0,0.0,0.48,77131.95242123787,False,0.0,8132.247542340713
1779795600.5205686,BUY_YES,271.15,0.51,0.52,0.0,-192.30769230769246,0.48,77131.95242123787,False,0.0,8137.640542340713
1779795603.2360275,SELL_YES,346.22,0.5,0.5,0.0,0.0,0.00816187504104926,77131.95242123787,False,-3.492199999999997,8126.764542340713
1779795603.3609924,BUY_YES,266.15,0.51,0.51,0.0,0.0,0.255214612792525,77131.95242123787,False,0.0,8128.695342340713
1779795603.4498575,BUY_NO,124.09541911548891,0.5,0.5,0.0,0.0,0.02620382591879067,77131.95242123787,False,0.0,8124.043042340713
1779795603.454025,BUY_NO,292.12458088451115,0.5,0.5,0.0,0.0,0.0957732520309722,77131.95242123787,False,0.0,8124.013042340714
1779795624.1035798,SELL_YES,416.22,0.5,0.5,0.0,0.0,0.022632281762205775,77131.95242123787,False,-4.192200000000014,8123.983042340713
1779795624.1075096,BUY_YES,163.689009159301,0.51,0.51,0.0,0.0,0.04426256050212507,77131.95242123787,False,0.0,8120.250942340713
1779795624.4197972,BUY_YES,115.78099084069902,0.51,0.51,0.0,0.0,0.1096231764268063,77131.95242123787,False,0.0,8120.220942340713
1779795625.0503268,SELL_YES,325.4799999999999,0.49000000000000005,0.49,-1.1328806373726088e-12,-1.1328806373726088e-12,0.03872429668997679,77131.95242123787,False,-6.539599999999979,8122.005742340713
1779795633.9061809,SELL_NO,276.47,0.49,0.49,0.0,0.0,0.007471492705192984,77131.95242123787,False,-2.794700000000006,8116.446342340713
1779795634.1092453,BUY_NO,143.35595643700822,0.5,0.5,0.0,0.0,0.05864923120058596,77131.95242123787,False,0.0,8115.0188423407135
1779795634.1830645,BUY_NO,277.8640435629918,0.5,0.5,0.0,0.0,0.12335184652049813,77131.95242123787,False,0.0,8114.988842340713
1779795642.8383985,BUY_YES,282.27301680446834,0.51,0.51,0.0,0.0,0.06002509609539519,77131.95242123787,False,0.0,8109.349142340713
1779795642.84968,SELL_YES,282.27301680446834,0.5,0.5,0.0,0.0,0.01397866831891409,77131.95242123787,False,-2.852730168044701,8112.106112172668
1779795642.9419863,BUY_NO,297.49839336653395,0.5,0.5,0.0,0.0,0.18269278290123503,77131.95242123787,False,0.0,8112.076112172668
1779795643.2672868,BUY_NO,169.30977324534388,0.5,0.5,0.0,0.0,0.22295963262842688,77131.95242123787,False,0.0,8112.046112172668
1779795643.2691727,BUY_NO,291.6445364973456,0.5,0.5,0.0,0.0,0.24949815500458095,77131.95242123787,False,0.0,8112.016112172668
1779795643.514578,BUY_YES,115.65697664740145,0.51,0.51,0.0,0.0,0.025855695557811642,77131.95242123787,False,0.0,8098.791885141576
1779795643.6476119,SELL_YES,115.65697664740145,0.5,0.5,0.0,0.0,0.11006925995948108,77131.95242123787,False,-1.1865697664740154,8110.799542406194
1779795643.7679338,BUY_NO,170.717019685188,0.5,0.5,0.0,0.0,0.3333159051461323,77131.95242123787,False,0.0,8110.769542406193
1779795644.2772827,BUY_YES,222.04954722301565,0.51,0.51,0.0,0.0,0.050223951789311716,77131.95242123787,False,0.0,8095.83814517825
1779795644.465756,SELL_YES,222.04954722301565,0.5,0.5,0.0,0.0,0.09230871646530825,77131.95242123787,False,-2.2504954722301562,8108.489046933963
1779795646.5404818,SELL_NO,314.47,0.49,0.49,0.0,0.0,0.011620227771824365,77131.95242123787,False,-3.1747000000000014,8117.071044161908
1779795647.4650402,SELL_NO,309.47,0.49000000000000005,0.49,-1.1328806373726088e-12,-1.1328806373726088e-12,0.017569164486149258,77131.95242123787,False,-3.12469999999999,8110.851644161909
1779795648.3711307,BUY_NO,145.31791755282939,0.5,0.5,0.0,0.0,0.21982566133095216,77131.95242123787,False,0.0,8102.159646933965
1779795652.4874969,BUY_NO,156.27971556133093,0.5,0.5,0.0,0.0,0.2562172495766448,77131.95242123787,False,0.0,8102.129646933964
1779795659.916562,BUY_YES,333.47,0.51,0.51,0.0,0.0,0.3436636228072132,77131.95242123787,False,0.0,8090.421673374879
1779795661.0305548,SELL_YES,333.47,0.5,0.5,0.0,0.0,0.04960231599699233,77131.95242123787,False,-3.364699999999999,8098.734946933964
1779795665.1394067,BUY_YES,333.47,0.51,0.51,0.0,0.0,0.43824116593077034,77131.95242123787,False,0.0,8087.026973374879
1779795665.9384935,SELL_YES,333.47,0.5,0.5,0.0,0.0,0.0736974102703234,77131.95242123787,False,-3.364699999999999,8095.340246933964
1779795670.1215138,BUY_YES,343.67,0.51,0.51,0.0,0.0,0.4464489402085917,77131.95242123787,False,0.0,8083.632273374879
1779795671.1578,SELL_YES,343.67,0.5,0.5,0.0,0.0,0.07005557721945321,77131.95242123787,False,-3.466700000000003,8091.843546933965
1779795672.8109174,BUY_YES,278.43,0.51,0.51,0.0,0.0,0.3367050324359825,77131.95242123787,False,0.0,8080.135573374879
1779795673.498334,SELL_YES,278.43,0.5,0.5,0.0,0.0,0.05323474366196457,77131.95242123787,False,-2.814300000000003,8088.999246933965
1779795674.4308538,BUY_YES,278.43,0.51,0.51,0.0,0.0,0.2751192795572188,77131.95242123787,False,0.0,8077.29127337488
1779795674.526614,BUY_YES,228.43,0.51,0.51,0.0,0.0,0.20591075254313795,77131.95242123787,False,0.0,8077.261273374879
1779795675.3202643,SELL_YES,506.86,0.5,0.5,0.0,0.0,0.056482559094445495,77131.95242123787,False,-5.098600000000005,8083.840646933964
1779795698.2543066,BUY_YES,228.43,0.51,0.51,0.0,0.0,0.25877297191224313,77131.95242123787,False,0.0,8072.132673374879
1779795728.1966808,SELL_YES,228.43,0.5,0.5,0.0,0.0,0.024018548624393787,77131.95242123787,False,-2.314300000000003,8081.496346933965
1779795732.7416449,BUY_NO,172.8532725504042,0.5,0.5,0.0,0.0,0.29801782020698464,77131.95242123787,False,0.0,8081.466346933965
1779795732.7453327,BUY_NO,272.2,0.5,0.5,0.0,0.0,0.3264766436603447,77131.95242123787,False,0.0,8081.436346933965
1779795769.3590033,BUY_NO,157.9887138610718,0.5,0.5,0.0,0.0,0.40568995574011757,77131.95242123787,False,0.0,8081.406346933965
1779795769.370761,BUY_NO,121.22918524169177,0.5,0.5,0.0,0.0,0.4382230940688997,77131.95242123787,False,0.0,8081.376346933965
1779795769.374198,BUY_NO,154.76191850906162,0.5,0.5,0.0,0.0,0.4459896299585647,77131.95242123787,False,0.0,8081.346346933964
1779795769.378187,BUY_NO,183.2647417863261,0.5,0.5,0.0,0.0,0.45259118546478005,77131.95242123787,False,0.0,8081.316346933964
1779795769.3812933,BUY_NO,207.4921415720005,0.5,0.5,0.0,0.0,0.458202507645063,77131.95242123787,False,0.0,8081.2863469339645
1779795769.384567,BUY_NO,228.08543138982373,0.5,0.5,0.0,0.0,0.4629721314983035,77131.95242123787,False,0.0,8081.256346933964
1779795769.387449,BUY_NO,245.58972773497408,0.5,0.5,0.0,0.0,0.467026311773558,77131.95242123787,False,0.0,8081.226346933965
1779795769.3901036,BUY_NO,260.4683796283516,0.5,0.5,0.0,0.0,0.4704723650075243,77131.95242123787,False,0.0,8081.196346933964
1779795794.9595864,BUY_YES,179.98,0.52,0.52,0.0,0.0,0.260486627334958,77131.95242123787,False,0.0,8017.73172957032
1779795794.9629216,BUY_YES,179.98,0.52,0.53,0.0,-188.67924528301904,0.19385354996862247,77131.95242123787,False,0.0,7989.5840208884965
1779795795.2250538,SELL_NO,192.22,0.4699999999999999,0.47,1.1810883240693154e-12,1.1810883240693154e-12,0.078275517473329,77131.95242123787,False,-5.796600000000012,8146.727072979434
1779795795.4207797,SELL_YES,101.0,0.51,0.51,0.0,0.0,0.36142925160682443,77131.95242123787,False,-1.0400000000000063,8041.915038252142
1779795795.50838,SELL_YES,258.96,0.5,0.5,0.0,0.0,0.37221486386580077,77131.95242123787,False,-5.20920000000001,8069.090546933964
1779795795.587239,BUY_YES,267.9040274551169,0.54,0.54,0.0,0.0,0.06743068438627986,77131.95242123787,False,0.0,7949.880112206673
1779795795.5905826,BUY_YES,495.8978436972904,0.54,0.54,0.0,0.0,0.1248160817283378,77131.95242123787,False,0.0,7949.850112206674
1779795795.6108189,SELL_NO,652.07,0.4499999999999999,0.44999999999999996,1.2335811384723962e-12,1.2335811384723962e-12,0.01659366946908697,77131.95242123787,False,-32.633500000000026,8084.026921939361
1779795799.9285932,SELL_NO,490.04999999999995,0.48,0.48,0.0,0.0,0.050755509960009326,77131.95242123787,False,-9.831000000000017,8017.485752028466
1779795803.6653953,SELL_YES,154.63,0.51,0.51,0.0,0.0,0.30092176576979146,77131.95242123787,False,-4.668899999999994,7985.2480821175695
1779795803.7202778,SELL_YES,609.1718711524073,0.5,0.5,0.0,0.0,0.1737835009043227,77131.95242123787,False,-24.39687484609624,7997.500272087868
1779795808.2857783,BUY_YES,265.25931254190755,0.52,0.52,0.0,0.0,0.062353957507132796,77131.95242123787,False,0.0,7960.722454724222
1779795809.4400623,BUY_YES,249.8847592738299,0.52,0.52,0.0,0.0,0.12350086388106285,77131.95242123787,False,0.0,7960.692454724222
1779795810.6359441,BUY_YES,143.45592818426258,0.52,0.52,0.0,0.0,0.1754757342989034,77131.95242123787,False,0.0,7960.662454724223
1779795810.6406255,BUY_YES,383.91684757470773,0.52,0.52,0.0,0.0,0.21965437415406786,77131.95242123787,False,0.0,7960.632454724222
1779795812.1108968,SELL_NO,131.22722424102972,0.48,0.48,0.0,0.0,0.20170227287263343,77131.95242123787,False,-2.6545444848205975,7987.148326578884
1779795812.2629242,SELL_NO,442.22,0.47,0.47,0.0,0.0,0.0849469319417383,77131.95242123787,False,-13.296600000000012,7967.221594542549
1779795812.274096,SELL_YES,162.63,0.51,0.51,0.0,0.0,0.06292584167209414,77131.95242123787,False,-1.6562999999999874,7958.334522687887
1779795812.277009,SELL_YES,162.63,0.51,0.5,0.0,-200.00000000000017,0.12848696542128002,77131.95242123787,False,-1.6562999999999874,7963.771390651553
1779795812.2803288,SELL_YES,162.63,0.51,0.5,0.0,-200.00000000000017,0.184213920608088,77131.95242123787,False,-1.6562999999999874,7965.367690651552
1779795812.2830753,SELL_YES,162.63,0.51,0.5,0.0,-200.00000000000017,0.2315818325168748,77131.95242123787,False,-1.6562999999999874,7966.963990651552
1779795812.285842,SELL_YES,162.63,0.51,0.5,0.0,-200.00000000000017,0.27184455763934356,77131.95242123787,False,-1.6562999999999874,7968.560290651551
1779795812.294445,SELL_YES,229.36684757470778,0.5,0.5,0.0,0.0,0.29606787399344203,77131.95242123787,False,-4.6173369514941385,7968.530290651552
1779795812.2972026,BUY_NO,145.01114567887794,0.5,0.5,0.0,0.0,0.32515769289442575,77131.95242123787,False,0.0,7968.500290651552
1779795812.29952,BUY_NO,252.15393971566573,0.5,0.5,0.0,0.0,0.3498840389602619,77131.95242123787,False,0.0,7968.470290651551
1779795819.3517396,SELL_NO,600.0,0.46,0.45999999999999996,-1.2067641572012573e-12,-1.2067641572012573e-12,0.011575282387499664,77131.95242123787,False,-24.029999999999973,7986.884639824983
1779795819.3553104,BUY_YES,333.3570100423697,0.54,0.55,0.0,-181.81818181818196,0.07733899002937461,77131.95242123787,False,0.0,7894.688424285187
1779795821.5064602,SELL_YES,333.3570100423697,0.5,0.5,0.0,0.0,0.05119757970377686,77131.95242123787,False,-13.3642804016948,7931.046010249857
1779795821.5155945,BUY_YES,219.70377166607307,0.55,0.55,0.0,0.0,0.04898474866402114,77131.95242123787,False,0.0,7877.960573783068
1779795821.5226471,SELL_YES,216.75105698837893,0.5,0.5,0.0,0.0,0.06445851909024475,77131.95242123787,False,-10.867552849418956,7920.000821666554
1779795833.2970147,BUY_YES,100.43296701619201,0.52,0.52,0.0,0.0,0.023285661963703408,77131.95242123787,False,0.0,7898.807701373391
1779795838.6212432,BUY_YES,174.75,0.52,0.52,0.0,0.0,0.17224557687546393,77131.95242123787,False,0.0,7898.777701373392
1779795839.2510417,SELL_NO,202.22,0.47,0.47,0.0,0.0,0.06841414934672063,77131.95242123787,False,-6.096600000000009,7925.763153755487
1779795840.238443,SELL_YES,157.63,0.51,0.51,0.0,0.0,0.06398387904800928,77131.95242123787,False,-1.6565024492302314,7902.50303184981
1779795841.2373853,SELL_YES,120.50568169388612,0.5,0.5,0.0,0.0,0.15109155994077217,77131.95242123787,False,-2.478492624978351,7909.856862326229
1779795841.248258,BUY_YES,225.46222358571683,0.54,0.54,0.0,0.0,0.04991241357008391,77131.95242123787,False,0.0,7875.471313152798
1779795841.2512374,BUY_YES,472.2751919712752,0.54,0.54,0.0,0.0,0.10455141586767525,77131.95242123787,False,0.0,7875.441313152797
1779795841.2548583,BUY_YES,594.0,0.54,0.55,0.0,-181.81818181818196,0.14909069838691147,77131.95242123787,False,0.0,7879.73980001501
1779795841.2582057,BUY_YES,594.0,0.54,0.55,0.0,-181.81818181818196,0.18488347550315987,77131.95242123787,False,0.0,7885.6498000150095
1779795841.2612488,BUY_YES,594.0,0.54,0.55,0.0,-181.81818181818196,0.21313336455274445,77131.95242123787,False,0.0,7891.559800015009
1779795841.2639332,BUY_YES,594.0,0.54,0.55,0.0,-181.81818181818196,0.23491464960762765,77131.95242123787,False,0.0,7897.469800015009
1779795841.266382,BUY_YES,594.0,0.54,0.55,0.0,-181.81818181818196,0.2511862572423572,77131.95242123787,False,0.0,7903.379800015009
1779795841.277691,SELL_NO,657.07,0.4499999999999999,0.44999999999999996,1.2335811384723962e-12,1.2335811384723962e-12,0.12400831865600354,77131.95242123787,False,-32.883500000000026,7556.757931392889
1779795841.2843914,SELL_YES,1056.134318306114,0.5,0.5,0.0,0.0,0.010253989771037475,77131.95242123787,False,-42.275372732244705,7730.02386570395
1779795841.2872124,SELL_YES,1056.134318306114,0.5,0.49,0.0,-204.0816326530614,0.08221589130538187,77131.95242123787,False,-42.275372732244705,7716.45736520786
1779795841.2901645,SELL_YES,1056.134318306114,0.5,0.49,0.0,-204.0816326530614,0.14338350760957458,77131.95242123787,False,-42.275372732244705,7726.98870839092
1779795841.3008819,BUY_NO,160.95288144456936,0.5,0.51,0.0,-196.0784313725492,0.3090640246191205,77131.95242123787,False,0.0,7731.299494202532
1779795841.3031344,BUY_NO,250.51007116017377,0.5,0.51,0.0,-196.0784313725492,0.33620442092625247,77131.95242123787,False,0.0,7728.76439349093
1779795841.3056118,BUY_NO,326.6336824184373,0.5,0.51,0.0,-196.0784313725492,0.35927375778731463,77131.95242123787,False,0.0,7725.468056666746
1779795841.3078334,BUY_NO,391.33875198796113,0.5,0.51,0.0,-196.0784313725492,0.3788826941192174,77131.95242123787,False,0.0,7721.5246691468665
1779795841.3100665,BUY_NO,446.33806112205684,0.5,0.51,0.0,-196.0784313725492,0.3955502900013348,77131.95242123787,False,0.0,7717.031288535645
1779795841.312297,BUY_NO,493.08747388603797,0.5,0.51,0.0,-196.0784313725492,0.40971774650113457,77131.95242123787,False,0.0,7712.070413796785
1779795841.315024,BUY_NO,532.824474735422,0.5,0.51,0.0,-196.0784313725492,0.42176008452596436,77131.95242123787,False,0.0,7706.712169049431
1779795841.3171473,BUY_NO,566.5122997949395,0.5,0.51,0.0,-196.0784313725492,0.4319692137510336,77131.95242123787,False,0.0,7701.017046051482
1779795841.3191943,BUY_NO,590.887514995434,0.5,0.51,0.0,-196.0784313725492,0.43935614720343263,77131.95242123787,False,0.0,7695.078170901526
1779795841.3212185,BUY_NO,604.7515187266758,0.5,0.51,0.0,-196.0784313725492,0.4435576474611378,77131.95242123787,False,0.0,7689.000655714261
1779795841.323335,BUY_NO,606.7385283745714,0.5,0.51,0.0,-196.0784313725492,0.44415981273096405,77131.95242123787,False,0.0,7682.9032704305155
1779795841.3255858,BUY_NO,595.7153417582381,0.5,0.51,0.0,-196.0784313725492,0.44081922495364756,77131.95242123787,False,0.0,7676.916117012933
1779795841.3277395,BUY_NO,571.0904228737543,0.5,0.51,0.0,-196.0784313725492,0.4333566185489781,77131.95242123787,False,0.0,7671.1752127841955
1779795841.3320925,BUY_NO,532.959872445736,0.5,0.51,0.0,-196.0784313725492,0.42180111693808753,77131.95242123787,False,0.0,7665.815614059738
1779795841.3347816,BUY_NO,482.11282184638344,0.5,0.51,0.0,-196.0784313725492,0.4063918671760356,77131.95242123787,False,0.0,7660.964485841274
1779795841.3374133,BUY_NO,419.9019641782777,0.5,0.51,0.0,-196.0784313725492,0.3875388042663943,77131.95242123787,False,0.0,7656.735466199492
1779795841.3401232,BUY_NO,348.07117445973813,0.5,0.51,0.0,-196.0784313725492,0.36577041128525833,77131.95242123787,False,0.0,7653.2247544548945
1779795841.3429654,BUY_NO,268.5718386786157,0.5,0.51,0.0,-196.0784313725492,0.34167805771649207,77131.95242123787,False,0.0,7650.509036068108
1779795841.346109,BUY_NO,183.40089172192097,0.5,0.51,0.0,-196.0784313725492,0.3158669166836059,77131.95242123787,False,0.0,7648.645027150889
1779795841.4059646,SELL_NO,625.0,0.4399999999999999,0.43999999999999995,1.261617073437678e-12,1.261617073437678e-12,0.016795471253589656,77131.95242123787,False,-37.53000000000003,8138.856897022315
1779795841.4087102,SELL_NO,625.0,0.4399999999999999,0.43000000000000005,1.261617073437678e-12,-232.55813953488004,0.07877615056555115,77131.95242123787,False,-37.53000000000003,8132.075735575376
1779795841.4116044,SELL_NO,625.0,0.4399999999999999,0.43000000000000005,1.261617073437678e-12,-232.55813953488004,0.13145972798071842,77131.95242123787,False,-37.53000000000003,8050.795735575375
1779795841.4149766,SELL_NO,625.0,0.4399999999999999,0.43000000000000005,1.261617073437678e-12,-232.55813953488004,0.17624076878361056,77131.95242123787,False,-37.53000000000003,7969.515735575375
1779795841.419863,SELL_NO,625.0,0.4399999999999999,0.43000000000000005,1.261617073437678e-12,-232.55813953488004,0.21430465346606892,77131.95242123787,False,-37.53000000000003,7888.235735575376
1779795841.4227903,SELL_NO,625.0,0.4399999999999999,0.43000000000000005,1.261617073437678e-12,-232.55813953488004,0.2466589554461585,77131.95242123787,False,-37.53000000000003,7806.955735575376
1779795841.425712,SELL_NO,625.0,0.4399999999999999,0.43000000000000005,1.261617073437678e-12,-232.55813953488004,0.2741601121292347,77131.95242123787,False,-37.53000000000003,7725.675735575376
1779795841.428706,SELL_NO,625.0,0.4399999999999999,0.43000000000000005,1.261617073437678e-12,-232.55813953488004,0.2975360953098494,77131.95242123787,False,-37.53000000000003,7644.395735575376
1779795841.8144023,SELL_NO,577.0,0.43000000000000005,0.43000000000000005,0.0,0.0,0.16040568101337205,77131.95242123787,False,-40.41999999999996,7563.585735575376
1779795841.997115,SELL_NO,592.0,0.42000000000000004,0.42000000000000004,0.0,0.0,0.042344828861366146,77131.95242123787,False,-47.389999999999986,7493.814574128437
1779795843.328139,SELL_YES,152.63,0.51,0.51,0.0,0.0,0.343889305969551,77131.95242123787,False,-4.60890000000002,7322.25502715089
1779795844.129478,SELL_YES,346.70446063864995,0.5,0.5,0.0,0.0,0.21030591007411836,77131.95242123787,False,-13.898178425546064,7342.810165703951
1779795844.143872,BUY_YES,147.32287958587938,0.52,0.52,0.0,0.0,0.03992463297573201,77131.95242123787,False,0.0,7294.675799385055
1779795844.147346,BUY_YES,351.75,0.52,0.52,0.0,0.0,0.10443593802937223,77131.95242123787,False,0.0,7294.645799385056
1779795844.174873,SELL_NO,462.9,0.47,0.47,0.0,0.0,0.14927054732496636,77131.95242123787,False,-13.917000000000002,7362.149071202999
1779795844.1776786,BUY_YES,194.08563077946735,0.53,0.54,0.0,-185.18518518518536,0.1957454526978083,77131.95242123787,False,0.0,7263.032746965674
1779795844.180492,BUY_YES,331.2444682333655,0.53,0.54,0.0,-185.18518518518536,0.23447861160365124,77131.95242123787,False,0.0,7266.315191648007
1779795844.1869526,SELL_NO,604.0,0.45999999999999996,0.45999999999999996,0.0,0.0,0.11130681986310342,77131.95242123787,False,-24.189999999999998,7291.398418635689
1779795844.1897516,SELL_NO,604.0,0.45999999999999996,0.44999999999999996,0.0,-222.22222222222243,0.015110796883637811,77131.95242123787,False,-24.189999999999998,7240.14757200915
1779795844.2174933,SELL_YES,839.9355393613502,0.5,0.51,0.0,196.0784313725492,0.026655822648907868,77131.95242123787,False,-21.136033484205825,7249.123296374775
1779795844.2227855,SELL_YES,152.63,0.51,0.51,0.0,0.0,0.10615744925157172,77131.95242123787,False,-2.33901085390643,7249.0932963747755
1779795844.3124096,BUY_NO,112.91622733952738,0.5,0.5,0.0,0.0,0.20544875708426058,77131.95242123787,False,0.0,7256.088105141849
1779795844.3165212,BUY_NO,288.93211988187863,0.5,0.5,0.0,0.0,0.24813144352162153,77131.95242123787,False,0.0,7256.0581051418485
1779795844.3271558,BUY_NO,346.70446063864995,0.5,0.51,0.0,-196.0784313725492,0.28441172699337824,77131.95242123787,False,0.0,7241.517768296175
1779795844.330617,BUY_NO,346.70446063864995,0.5,0.51,0.0,-196.0784313725492,0.31524996794437155,77131.95242123787,False,0.0,7238.020723689789
1779795848.0644841,BUY_YES,155.80867064196744,0.52,0.52,0.0,0.0,0.0493642264919254,77131.95242123787,False,0.0,7220.013342237728
1779795848.8886125,SELL_YES,187.64610987932954,0.49,0.49,0.0,0.0,0.05243305311416435,77131.95242123787,False,-5.822650735622943,7269.241226474651
1779795851.0705342,BUY_YES,194.01132935803255,0.52,0.52,0.0,0.0,0.0708671191250162,77131.95242123787,False,0.0,7214.323958941348
1779795851.3882825,SELL_YES,194.01132935803255,0.49,0.49,0.0,0.0,0.04321959270064901,77131.95242123787,False,-5.850339880740975,7263.3608865939095
1779795852.325191,BUY_YES,261.93736411735415,0.52,0.52,0.0,0.0,0.06885381960099823,77131.95242123787,False,0.0,7208.443619060607
1779795852.3293898,BUY_YES,362.82,0.52,0.52,0.0,0.0,0.12902574666084843,77131.95242123787,False,0.0,7208.413619060607
1779795852.8393524,SELL_NO,462.9,0.47,0.47,0.0,0.0,0.023171884661721043,77131.95242123787,False,-13.917000000000002,7240.850530076911
1779795853.5329483,SELL_YES,141.29,0.51,0.51,0.0,0.0,0.03830389803753709,77131.95242123787,False,-1.4428999999999803,7211.143801263868
1779795853.906394,SELL_YES,483.46736411735424,0.5,0.5,0.0,0.0,0.09755831333190651,77131.95242123787,False,-9.699347282347048,7219.945883467129
1779795859.8907733,BUY_YES,368.89,0.52,0.52,0.0,0.0,0.27136713817317004,77131.95242123787,False,0.0,7192.5823717782605
1779795860.4666874,BUY_YES,181.8966561014438,0.53,0.53,0.0,0.0,0.1441620674471944,77131.95242123787,False,0.0,7182.574515933827
1779795861.2865758,SELL_NO,286.0533438985562,0.47,0.47,0.0,0.0,0.04453775733011511,77131.95242123787,False,-8.611600316956697,7214.334651000432
1779795861.3231528,SELL_YES,149.29,0.51,0.51,0.0,0.0,0.020142906269402128,77131.95242123787,False,-2.015928498213711,7193.111227622695
1779795861.362822,SELL_YES,401.4966561014438,0.5,0.5,0.0,0.0,0.08212147032899181,77131.95242123787,False,-9.385871184829625,7199.872483467128
1779795861.4223657,BUY_YES,120.59409902164327,0.54,0.54,0.0,0.0,0.029987534777221492,77131.95242123787,False,0.0,7156.6175938453325
1779795862.6336114,SELL_YES,120.59409902164327,0.5,0.5,0.0,0.0,0.0156787392802889,77131.95242123787,False,-4.853763960865734,7194.988719506262
1779795862.7575572,SELL_NO,483.4059009783567,0.45999999999999996,0.45999999999999996,0.0,0.0,0.01766842366293786,77131.95242123787,False,-19.366236039134293,7199.51113704979
1779795865.6804411,BUY_NO,244.99919696764982,0.5,0.5,0.0,0.0,0.20411365992029862,77131.95242123787,False,0.0,7175.592483467129
1779795865.6841474,BUY_NO,421.94319772098163,0.5,0.5,0.0,0.0,0.24699661093225378,77131.95242123787,False,0.0,7175.562483467128
1779795868.2948253,BUY_YES,219.23905625575765,0.55,0.55,0.0,0.0,0.05528316286454504,77131.95242123787,False,0.0,7112.324546754371
1779795868.3017626,BUY_YES,448.0925224709758,0.55,0.55,0.0,0.0,0.11299068843486326,77131.95242123787,False,0.0,7112.294546754371
1779795876.2776203,BUY_YES,368.89,0.52,0.52,0.0,0.0,0.35560002494700815,77131.95242123787,False,0.0,7130.169361420224
1779795879.5375543,SELL_NO,558.31,0.47,0.48,0.0,208.33333333333354,0.23057347396381378,77131.95242123787,False,-16.779299999999978,7111.341347641361
1779795879.5472314,SELL_NO,558.31,0.47,0.48,0.0,208.33333333333354,0.14061100648652836,77131.95242123787,False,-16.779299999999978,7083.395847641361
1779795879.8589065,SELL_NO,147.53873425515826,0.48,0.48,0.0,0.0,0.2392414521865166,77131.95242123787,False,-2.980774685103171,7077.464298271155
1779795880.5754106,BUY_YES,162.11916083411006,0.52,0.52,0.0,0.0,0.30304184975703785,77131.95242123787,False,0.0,7118.883161420224
1779795880.6338828,BUY_YES,151.8438767374671,0.52,0.52,0.0,0.0,0.34587362398835364,77131.95242123787,False,0.0,7118.853161420224
1779795881.2475758,BUY_YES,100.64765937804168,0.52,0.52,0.0,0.0,0.3762313028485985,77131.95242123787,False,0.0,7118.823161420223
1779795881.2510233,BUY_YES,140.9882166158145,0.52,0.52,0.0,0.0,0.38669245722299395,77131.95242123787,False,0.0,7118.793161420223
1779795881.2526863,BUY_YES,176.9508478540322,0.52,0.53,0.0,-188.67924528301904,0.39601832336993414,77131.95242123787,False,0.0,7136.450874821686
1779795881.2538803,BUY_YES,216.70950361582027,0.52,0.53,0.0,-188.67924528301904,0.40632857846113213,77131.95242123787,False,0.0,7138.587969857844
1779795900.7127197,SETTLE_YES,1985.480843762019,0.0,0.0,0.0,0.0,0.0,77140.0174838603,False,-1052.4999861180524,6086.283122663974
1779795901.1520383,BUY_YES,979.63,0.51,0.51,0.0,0.0,0.48,77140.0154788603,False,0.0,6086.253122663973
1779795902.0366921,BUY_YES,629.9666836006644,0.51,0.51,0.0,0.0,0.48,77140.0154788603,False,0.0,6086.223122663973
1779795904.2434227,SELL_YES,350.46,0.5,0.5,0.0,0.0,0.03005966566794871,77140.0154788603,False,-3.5346000000000117,6070.097155827966
1779795904.2464871,BUY_NO,236.37466154153594,0.5,0.5,0.0,0.0,0.07482111434072836,77140.0154788603,False,0.0,6070.067155827966
1779795904.255905,SELL_NO,236.37466154153594,0.49,0.49,0.0,0.0,0.07191674488882371,77140.0154788603,False,-2.393746615415367,6055.082042376544
1779795905.7658336,BUY_NO,408.46,0.5,0.5,0.0,0.0,0.1909900505565113,77140.0154788603,False,0.0,6067.643409212551
1779795905.9237008,SELL_YES,597.24,0.49,0.49,0.0,0.0,0.07884154297303458,77140.0154788603,False,-11.97479999999996,6059.106642376544
1779795906.384753,SELL_NO,408.46,0.49,0.49,0.0,0.0,0.06178698520198245,77140.0154788603,False,-4.114599999999996,6050.907442376544
1779795906.4575043,BUY_YES,105.1929962620161,0.51,0.51,0.0,0.0,0.22316493228716738,77140.0154788603,False,0.0,6064.115376048558
1779795906.8396757,BUY_YES,123.99207183558076,0.51,0.51,0.0,0.0,0.2616901924440922,77140.0154788603,False,0.0,6064.085376048558
1779795907.3608117,SELL_YES,165.77,0.48000000000000004,0.48,-1.1564823173178715e-12,-1.1564823173178715e-12,0.01760774361773676,77140.0154788603,False,-5.003100000000003,6037.32292349761
1779795908.669117,BUY_YES,114.39670617752802,0.51,0.51,0.0,0.0,0.24589764124067215,77140.0154788603,False,0.0,6059.052276048558
1779795909.5212877,BUY_NO,100.23,0.53,0.53,0.0,0.0,0.03342616740368798,77140.0154788603,False,0.0,6069.802645206074
1779795910.1295526,BUY_YES,173.14766919248723,0.51,0.51,0.0,0.0,0.30253217597196147,77140.0154788603,False,0.0,6054.983076048558
1779795910.9639034,SELL_YES,280.0,0.46,0.46,0.0,0.0,0.031073188316536438,77140.0154788603,False,-14.030000000000001,6009.321769695145
1779795916.0826995,BUY_YES,120.58406881058283,0.51,0.51,0.0,0.0,0.253081198018704,77140.0154788603,False,0.0,6040.923076048558
1779795916.4055326,BUY_YES,104.17857265518762,0.51,0.51,0.0,0.0,0.28711901831589837,77140.0154788603,False,0.0,6040.893076048558
1779795916.5432146,BUY_YES,167.64870862710768,0.51,0.51,0.0,0.0,0.3406434907332364,77140.0154788603,False,0.0,6040.8630760485585
1779795916.9936128,SELL_YES,404.46,0.5,0.5,0.0,0.0,0.0508208993371938,77140.0154788603,False,-4.074600000000004,6030.582701276947
1779795917.8823981,BUY_YES,210.34759098853408,0.51,0.51,0.0,0.0,0.2760296597751004,77140.0154788603,False,0.0,6036.758476048558
1779795918.5617476,SELL_YES,597.24,0.49,0.49,0.0,0.0,0.02613767528466121,77140.0154788603,False,-11.97479999999996,6020.109974685564
1779795918.982685,BUY_YES,212.77173281907324,0.51,0.51,0.0,0.0,0.15688570016580738,77140.0154788603,False,0.0,6024.753676048558
1779795919.0642076,BUY_YES,155.51031432689672,0.51,0.51,0.0,0.0,0.2053528451409362,77140.0154788603,False,0.0,6024.723676048558
1779795922.2135696,BUY_YES,143.34968754476927,0.51,0.51,0.0,0.0,0.2507669548814846,77140.0154788603,False,0.0,6024.693676048559
1779795922.2217805,BUY_YES,259.29036351836874,0.51,0.51,0.0,0.0,0.2851519116492619,77140.0154788603,False,0.0,6024.663676048558
1779795922.6172938,SELL_YES,404.46,0.5,0.5,0.0,0.0,0.007818582258397155,77140.0154788603,False,-4.074600000000004,6014.58760438497
1779795923.3612533,BUY_YES,172.82007849075922,0.51,0.51,0.0,0.0,0.2591152503907307,77140.0154788603,False,0.0,6020.559076048558
1779795923.5159123,BUY_YES,164.34913224812954,0.51,0.51,0.0,0.0,0.31279696855665917,77140.0154788603,False,0.0,6020.529076048559
1779795923.9569852,SELL_YES,597.24,0.49,0.5,0.0,200.00000000000017,0.055714902432370594,77140.0154788603,False,-11.974800000000016,6005.153512277581
1779795924.400769,BUY_YES,213.43388135049702,0.51,0.51,0.0,0.0,0.18991334771216217,77140.0154788603,False,0.0,6008.524276048558
1779795924.8408074,BUY_NO,123.40595354497678,0.5,0.5,0.0,0.0,0.06625067922289052,77140.0154788603,False,0.0,6002.959173464076
1779795925.2428741,SELL_NO,223.6359535449768,0.49,0.49,0.0,0.0,0.007186922660542994,77140.0154788603,False,-5.273259535449782,5994.155411344144
1779795925.2993114,BUY_NO,200.48264904292782,0.5,0.5,0.0,0.0,0.058891115738538447,77140.0154788603,False,0.0,6000.662813928627
1779795925.3108678,SELL_NO,200.48264904292782,0.49,0.49,0.0,0.0,0.013442551622242283,77140.0154788603,False,-2.034826490429282,5992.090584853715
1779795929.984497,BUY_YES,139.19991958081152,0.51,0.51,0.0,0.0,0.23291515075579505,77140.0154788603,False,0.0,6005.1353900226795
1779795929.9878285,BUY_YES,265.3768795459797,0.51,0.51,0.0,0.0,0.2699778781424258,77140.0154788603,False,0.0,6005.10539002268
1779795929.99141,BUY_YES,372.6272955163723,0.51,0.51,0.0,0.0,0.30148119642106186,77140.0154788603,False,0.0,6005.075390022679
1779795938.8224814,BUY_NO,402.3338426389985,0.5,0.5,0.0,0.0,0.12711261848933642,77140.0154788603,False,0.0,5990.735946491766
1779795939.130457,SELL_NO,402.3338426389985,0.49,0.49,0.0,0.0,0.03413613314145447,77140.0154788603,False,-4.053338426389985,5972.373164534462
1779795944.136537,BUY_NO,224.12496190318052,0.5,0.5,0.0,0.0,0.07086448321970606,77140.0154788603,False,0.0,5986.652608065377
1779795944.1897688,SELL_YES,422.46,0.5,0.5,0.0,0.0,0.062224589126237684,77140.0154788603,False,-4.254600000000011,5986.622608065376
1779795944.2691948,SELL_NO,224.12496190318052,0.49,0.49,0.0,0.0,0.010609099242697928,77140.0154788603,False,-2.2712496190318063,5974.266514915431
1779795944.2726145,BUY_NO,184.07335678660803,0.5,0.5,0.0,0.0,0.055982265643706786,77140.0154788603,False,0.0,5984.321358446345
1779795944.2826807,SELL_NO,184.07335678660803,0.49,0.49,0.0,0.0,0.01591507420284921,77140.0154788603,False,-1.8707335678660826,5972.365781347565
1779795944.3081727,BUY_NO,169.18522156849443,0.5,0.5,0.0,0.0,0.051472186927578156,77140.0154788603,False,0.0,5982.420624878478
1779795944.3121524,BUY_NO,385.39643090469684,0.5,0.5,0.0,0.0,0.1172513588884414,77140.0154788603,False,0.0,5982.390624878478
1779795944.3784146,SELL_YES,597.24,0.49,0.5,0.0,200.00000000000017,0.016163655055175252,77140.0154788603,False,-11.97479999999996,5976.388224878478
1779795944.611124,SELL_YES,411.24435309134583,0.5,0.5,0.0,0.0,0.15487824077736412,77140.0154788603,False,-4.142443530913454,5976.358224878478
1779795945.0304122,BUY_NO,214.06742982370372,0.5,0.5,0.0,0.0,0.22478797217478896,77140.0154788603,False,0.0,5976.328224878478
1779795945.0353513,BUY_NO,350.0989397592764,0.5,0.5,0.0,0.0,0.2645697763485706,77140.0154788603,False,0.0,5976.298224878478
1779795945.9828074,BUY_NO,146.4966603626283,0.5,0.5,0.0,0.0,0.38928754660677756,77140.0154788603,False,0.0,5976.268224878478
1779795952.7203927,BUY_YES,117.12208468223103,0.51,0.51,0.0,0.0,0.03651540489928928,77140.0154788603,False,0.0,5963.58577805429
1779795952.7251112,BUY_YES,330.4916493053308,0.51,0.51,0.0,0.0,0.10303809416439591,77140.0154788603,False,0.0,5963.5557780542895
1779795952.7283533,BUY_YES,511.85577923496527,0.51,0.51,0.0,0.0,0.15958238003973646,77140.0154788603,False,0.0,5963.52577805429
1779795952.8839827,SELL_NO,294.65048677747285,0.49,0.49,0.0,0.0,0.06064502303377595,77140.0154788603,False,-2.976504867774736,5963.718271702666
1779795952.991341,SELL_YES,425.46,0.5,0.5,0.0,0.0,0.013451730421290442,77140.0154788603,False,-4.284600000000012,5963.5770248784775
1779795953.334214,SELL_YES,534.0095132225272,0.49000000000000005,0.49,-1.1328806373726088e-12,-1.1328806373726088e-12,0.07493397085809694,77140.0154788603,False,-10.710190264450489,5967.912871702666
1779795953.799951,BUY_YES,179.61342165987293,0.52,0.52,0.0,0.0,0.05461020605502498,77140.0154788603,False,0.0,5938.765045833426
1779795962.7512,SELL_YES,179.61342165987293,0.5,0.5,0.0,0.0,0.26164336870040783,77140.0154788603,False,-3.622268433197462,5954.554661313055
1779795963.45885,SELL_NO,970.5941956413269,0.49,0.49,0.0,0.0,0.01839701619686196,77140.0154788603,False,-9.735941956413228,5944.818719356642
1779795963.5522022,BUY_NO,176.0707976585286,0.5,0.5,0.0,0.0,0.04936253623266729,77140.0154788603,False,0.0,5944.788719356642
1779795986.222067,BUY_YES,217.8531443227989,0.51,0.51,0.0,0.0,0.061970057227730635,77140.0154788603,False,0.0,5942.998011380057
1779795986.2257733,BUY_YES,293.72580435867303,0.51,0.51,0.0,0.0,0.12467454864357097,77140.0154788603,False,0.0,5942.968011380057
1779795986.2321153,SELL_NO,176.0707976585286,0.48,0.48,0.0,0.0,0.020973366347035283,77140.0154788603,False,-3.551415953170576,5925.829934943028
1779795993.9505851,BUY_NO,524.7806996071946,0.51,0.5,0.0,200.00000000000017,0.15391598139212692,77140.0154788603,False,0.0,5930.783706920585
1779795993.954612,BUY_NO,224.3545596847883,0.5,0.5,0.0,0.0,0.06582858418330795,77140.0154788603,False,0.0,5930.7537069205855
1779795993.9750693,SELL_NO,749.135259291983,0.49,0.49,0.0,0.0,0.0075457034441882564,77140.0154788603,False,-12.769159588991783,5918.1165648408505
1779795993.990235,BUY_YES,132.93087872948888,0.51,0.51,0.0,0.0,0.1894599372599477,77140.0154788603,False,0.0,5928.31814381448
1779795993.993046,BUY_YES,276.10966152259175,0.51,0.51,0.0,0.0,0.23154873412733834,77140.0154788603,False,0.0,5928.28814381448
1779795993.995684,BUY_YES,392.0436603374246,0.51,0.51,0.0,0.0,0.2656286615506134,77140.0154788603,False,0.0,5928.25814381448
1779795993.9980652,BUY_YES,482.50868666169276,0.51,0.52,0.0,-192.30769230769246,0.292221736601875,77140.0154788603,False,0.0,5946.179862173806
1779795994.002823,BUY_YES,515.184740708017,0.51,0.52,0.0,-192.30769230769246,0.311768130382964,77140.0154788603,False,0.0,5951.301709580886
1779795994.0057213,BUY_YES,515.184740708017,0.51,0.52,0.0,-192.30769230769246,0.32471309752136157,77140.0154788603,False,0.0,5956.423556987967
1779795994.0084112,BUY_YES,515.184740708017,0.51,0.52,0.0,-192.30769230769246,0.33155897481589935,77140.0154788603,False,0.0,5961.545404395047
1779795994.0111094,BUY_YES,515.184740708017,0.51,0.52,0.0,-192.30769230769246,0.33288315568225646,77140.0154788603,False,0.0,5966.667251802126
1779795994.0135784,BUY_YES,515.184740708017,0.51,0.52,0.0,-192.30769230769246,0.3293294075024269,77140.0154788603,False,0.0,5971.789099209207
1779795994.0159118,BUY_YES,515.184740708017,0.51,0.52,0.0,-192.30769230769246,0.3215834743715541,77140.0154788603,False,0.0,5976.910946616286
1779795994.0181363,BUY_YES,515.184740708017,0.51,0.52,0.0,-192.30769230769246,0.3103430715207689,77140.0154788603,False,0.0,5982.032794023367
1779795994.0202665,BUY_YES,496.3457323049838,0.51,0.52,0.0,-192.30769230769246,0.2962892708549554,77140.0154788603,False,0.0,5986.966251346416
1779796018.5085654,SELL_YES,218.64,0.5,0.5,0.0,0.0,0.029302225123025993,77140.0154788603,False,-2.21640000000005,5868.980036282541
1779796018.5118325,BUY_NO,172.4150531937997,0.5,0.51,0.0,-196.0784313725492,0.09840689135457215,77140.0154788603,False,0.0,5924.0175932825405
1779796018.515164,BUY_NO,218.64,0.5,0.51,0.0,-196.0784313725492,0.15714585765138622,77140.0154788603,False,0.0,5921.801193282541
1779796018.5365853,SELL_YES,597.24,0.49,0.49,0.0,0.0,0.05007397900367838,77140.0154788603,False,-11.97480000000013,5816.008879282541
1779796018.5407977,SELL_NO,369.32,0.49000000000000005,0.49,-1.1328806373726088e-12,-1.1328806373726088e-12,0.012437117846873347,77140.0154788603,False,-3.7231999999999914,5808.592479282541
1779796018.582041,SELL_YES,120.0,0.49,0.49,0.0,0.0,0.025433834777601083,77140.0154788603,False,-2.4300000000000352,5808.562479282541
1779796063.7989607,SELL_YES,260.77,0.48,0.48,0.0,0.0,0.026610435630614715,77140.0154788603,False,-7.853100000000055,5759.130522282541
1779796200.500343,SETTLE_YES,4701.160753193772,0.0,0.0,0.0,0.0,0.0,77172.73684878586,False,-2397.621984128825,3491.2711330887555
1779796200.500343,SETTLE_NO,21.73505319379973,1.0,1.0,0.0,0.0,0.0,77172.73684878586,True,10.837526596899865,3513.006186282555
1779796200.9445174,BUY_YES,843.8,0.51,0.51,0.0,0.0,0.48,77172.61569378586,False,0.0,3512.9761862825553
1779796201.3086364,BUY_NO,102.03925818293833,0.5,0.5,0.0,0.0,0.05516879375000028,77172.61569378586,False,0.0,3504.508186282555
1779796201.329344,BUY_NO,116.95082995092177,0.5,0.5,0.0,0.0,0.12039347468750017,77172.61569378586,False,0.0,3504.478186282555
1779796201.4135885,SELL_YES,208.3599118661399,0.5,0.5,0.0,0.0,0.1758344534843752,77172.61569378586,False,-2.113599118661398,3504.448186282555
1779796201.5109482,SELL_YES,528.36,0.49000000000000005,0.49,-1.1328806373726088e-12,-1.1328806373726088e-12,0.06595928546171897,77172.61569378586,False,-10.59719999999993,3500.2536862825546
1779796202.527255,BUY_YES,831.1710741131261,0.51,0.51,0.0,0.0,0.46854910567592667,77172.61569378586,False,0.0,3497.985486282555
1779796202.6652398,SELL_YES,430.35,0.5,0.5,0.0,0.0,0.06024961639446769,77172.61569378586,False,-4.333500000000015,3490.7628755414235
1779796203.3805087,SELL_NO,218.9900881338601,0.49,0.49,0.0,0.0,0.023800560107753,77172.61569378586,False,-2.219900881338603,3483.463963037615
1779796204.454078,BUY_YES,140.09081260298228,0.51,0.51,0.0,0.0,0.33375291188380607,77172.61569378586,False,0.0,3493.5919862825544
1779796204.8297932,BUY_NO,103.95726947940393,0.5,0.5,0.0,0.0,0.05477576904095405,77172.61569378586,False,0.0,3487.082066534055
1779796204.9129062,SELL_NO,103.95726947940393,0.49,0.49,0.0,0.0,0.01694059631518907,77172.61569378586,False,-1.06957269479404,3479.532574090761
1779796205.0362997,SELL_YES,396.3927305205961,0.5,0.5,0.0,0.0,0.05060049313208931,77172.61569378586,False,-3.993927305205972,3485.9824938392608
1779796205.8334985,BUY_YES,147.35321849848827,0.51,0.51,0.0,0.0,0.19780316383196717,77172.61569378586,False,0.0,3488.4684862825543
1779796206.292036,BUY_YES,145.4840650428514,0.51,0.51,0.0,0.0,0.2761127858685961,77172.61569378586,False,0.0,3488.4384862825545
1779796207.2407858,BUY_NO,144.28115663690792,0.51,0.51,0.0,0.0,0.07486427507168125,77172.61569378586,False,0.0,3485.5228631498167
1779796207.4100277,SELL_NO,103.21454624241403,0.49,0.49,0.0,0.0,0.06466056126071029,77172.61569378586,False,-2.0942909248482806,3475.425464800292
1779796207.74382,SELL_YES,459.0788433630921,0.49,0.49,0.0,0.0,0.05967143311173012,77172.61569378586,False,-9.211576867261869,3475.3954648002923
1779796215.9574826,BUY_NO,306.8234007139408,0.5,0.5,0.0,0.0,0.1699033666236509,77172.61569378586,False,0.0,3475.808375541423
1779796216.1772883,SELL_NO,309.48,0.49000000000000005,0.49,-1.1328806373726088e-12,-1.1328806373726088e-12,0.07473684497225036,77172.61569378586,False,-3.4901250791649545,3472.2140988074316
1779796216.3583875,BUY_YES,170.3709454896249,0.51,0.51,0.0,0.0,0.12491026491858315,77172.61569378586,False,0.0,3473.1230522754154
1779796216.4107633,BUY_YES,99.75046895456336,0.51,0.51,0.0,0.0,0.17817372518079566,77172.61569378586,False,0.0,3473.093052275415
1779796216.8776355,BUY_YES,104.09486411054422,0.51,0.51,0.0,0.0,0.23393077122994066,77172.61569378586,False,0.0,3473.063052275415
1779796216.8812873,BUY_YES,133.3105123098407,0.51,0.51,0.0,0.0,0.2488020208318612,77172.61569378586,False,0.0,3473.033052275415
1779796217.1800902,SELL_YES,184.5265992860592,0.5,0.5,0.0,0.0,0.030141958956633352,77172.61569378586,False,-1.8752659928605908,3467.458307632777
1779796220.166419,SELL_YES,408.35787608613384,0.49,0.49,0.0,0.0,0.006243995314367312,77172.61569378586,False,-8.197157521722687,3463.7288289830003
1779796221.5137014,BUY_YES,167.47320913542683,0.51,0.51,0.0,0.0,0.39528348772570354,77172.61569378586,False,0.0,3462.930628760832
1779796226.1707757,SELL_YES,167.47320913542683,0.49,0.49,0.0,0.0,0.005683795359505472,77172.61569378586,False,-3.3794641827085456,3460.319364800292
1779796231.5095518,BUY_YES,319.518117786538,0.51,0.51,0.0,0.0,0.1547105248425369,77172.61569378586,False,0.0,3459.5211645781233
1779796231.5202036,BUY_YES,162.46076890716648,0.51,0.51,0.0,0.0,0.24497835419873282,77172.61569378586,False,0.0,3459.491164578123
1779796231.525716,BUY_YES,231.81922604272506,0.51,0.51,0.0,0.0,0.28023160106892286,77172.61569378586,False,0.0,3459.4611645781233
1779796233.6542528,BUY_YES,99.98876772514222,0.51,0.51,0.0,0.0,0.440670715454344,77172.61569378586,False,0.0,3459.431164578123
1779796242.9975042,SELL_YES,539.35,0.5,0.5,0.0,0.0,0.009042690197405667,77172.61569378586,False,-5.423499999999933,3451.647395884592
1779796243.521864,BUY_YES,159.71104415526645,0.51,0.51,0.0,0.0,0.21949659670014032,77172.61569378586,False,0.0,3453.977664578123
1779796243.7860215,BUY_YES,128.71261539670002,0.51,0.51,0.0,0.0,0.2917862911158513,77172.61569378586,False,0.0,3453.9476645781233
1779796244.0925627,BUY_YES,125.73349823232888,0.51,0.51,0.0,0.0,0.3644132560315221,77172.61569378586,False,0.0,3453.9176645781235
1779796244.099707,BUY_YES,158.49534545368533,0.51,0.51,0.0,0.0,0.3817512676267937,77172.61569378586,False,0.0,3453.887664578123
1779796258.3099961,SELL_YES,508.35,0.5,0.5,0.0,0.0,0.020750102383443436,77172.61569378586,False,-5.113500000000016,3445.770870852212
1779796258.3133435,BUY_NO,125.80449148963484,0.5,0.51,0.0,-196.0784313725492,0.091137587025927,77172.61569378586,False,0.0,3447.486119663227
1779796258.3272183,BUY_NO,106.06499326014588,0.51,0.51,0.0,0.0,0.140966948972038,77172.61569378586,False,0.0,3445.334819798024
1779796258.3313391,BUY_NO,203.57048952645843,0.51,0.51,0.0,0.0,0.19182190662623222,77172.61569378586,False,0.0,3441.233410007495
1779796258.3359125,BUY_NO,286.4501613528241,0.51,0.51,0.0,0.0,0.23504862063229737,77172.61569378586,False,0.0,3435.474406780438
1779796258.3392873,BUY_NO,356.8978824052351,0.51,0.51,0.0,0.0,0.27179132753745283,77172.61569378586,False,0.0,3428.3064491323335
1779796258.342728,BUY_NO,416.7784452997845,0.51,0.52,0.0,-192.30769230769246,0.3030226284068349,77172.61569378586,False,0.0,3407.9885093189077
1779796258.345919,BUY_NO,467.6769237601511,0.51,0.52,0.0,-192.30769230769246,0.32956923414580963,77172.61569378586,False,0.0,3393.9282016061034
1779796258.4682899,SELL_YES,135.12,0.48000000000000004,0.48,-1.1564823173178715e-12,-1.1564823173178715e-12,0.1951338490239382,77172.61569378586,False,-4.083600000000004,3460.414762186228
1779796259.0892172,SELL_NO,1051.58,0.49,0.49,0.0,0.0,0.04695967496817388,77172.61569378586,False,-20.22270993387258,3421.372822041197
1779796263.058707,SELL_NO,950.0733982026686,0.49,0.49,0.0,0.0,0.05978547953870639,77172.61569378586,False,-18.2735540289803,3402.341354077144
1779796263.0749776,SELL_YES,203.6193836995525,0.5,0.5,0.0,0.0,0.01418234239209959,77172.61569378586,False,-2.0661938369955237,3404.3475479141393
1779796263.2313435,BUY_NO,174.7553543615873,0.5,0.5,0.0,0.0,0.08555499103328468,77172.61569378586,False,0.0,3404.3175479141396
1779796265.5962882,SELL_NO,111.70660179733136,0.49,0.49,0.0,0.0,0.012000076206637567,77172.61569378586,False,-1.1470660179733159,3403.8009694218085
1779796265.9924202,BUY_NO,124.09526193886023,0.5,0.5,0.0,0.0,0.1200799449407044,77172.61569378586,False,0.0,3403.140481896166
1779796286.3253725,BUY_YES,211.57008645435107,0.51,0.51,0.0,0.0,0.10650203092437871,77172.61569378586,False,0.0,3401.2390417511347
1779796288.6737845,BUY_YES,100.76586738695087,0.51,0.51,0.0,0.0,0.16252672628572185,77172.61569378586,False,0.0,3401.2090417511345
1779796288.682776,SELL_NO,187.14401450311618,0.49,0.49,0.0,0.0,0.21014771734286353,77172.61569378586,False,-1.9014401450311595,3394.9323226743086
1779796311.3762786,BUY_YES,175.35907662550358,0.51,0.51,0.0,0.0,0.25062555974143397,77172.61569378586,False,0.0,3401.149041751135
1779796314.846299,BUY_YES,103.7411066772853,0.51,0.51,0.0,0.0,0.3125634192541771,77172.61569378586,False,0.0,3401.119041751135
1779796320.9782283,BUY_NO,453.05821327418596,0.5,0.5,0.0,0.0,0.24362003024857848,77172.61569378586,False,0.0,3395.1746803796937
1779796320.982015,BUY_NO,434.32167941341305,0.5,0.5,0.0,0.0,0.23354495642323636,77172.61569378586,False,0.0,3395.144680379694
1779796320.9850488,BUY_NO,411.83041137248233,0.5,0.51,0.0,-196.0784313725492,0.22145087394129181,77172.61569378586,False,0.0,3388.0369387105343
1779796321.0266294,SELL_YES,591.4361371440908,0.49,0.49,0.0,0.0,0.10473324285009805,77172.61569378586,False,-11.85872274288181,3402.162422048854
1779796321.0374432,SELL_NO,588.7658021940949,0.48999999999999994,0.49,1.1328806373726088e-12,1.1328806373726088e-12,0.04308023204080408,77172.61569378586,False,-5.917658021940952,3390.357106004972
1779796321.0428941,BUY_YES,178.611422355407,0.51,0.52,0.0,-192.30769230769246,0.10861819723468347,77172.61569378586,False,0.0,3370.7998851725465
1779796321.8586998,SELL_NO,260.12,0.48,0.48,0.0,0.0,0.15432546764948085,77172.61569378586,False,-5.232400000000013,3381.63840835297
1779796328.3952427,SELL_NO,450.32450186598646,0.47,0.47,0.0,0.0,0.044676647502058686,77172.61569378586,False,-13.539735055979605,3357.3060690361162
1779796353.9138134,BUY_NO,497.47,0.5,0.5,0.0,0.0,0.2704484849433614,77172.61569378586,False,0.0,3362.634411706779
1779796354.8003747,SELL_YES,178.611422355407,0.49000000000000005,0.49,-1.1328806373726088e-12,-1.1328806373726088e-12,0.14638121220185724,77172.61569378586,False,-3.602228447108132,3365.7929974832246
1779796354.8144069,SELL_NO,497.47,0.49,0.49,0.0,0.0,0.012989574184158137,77172.61569378586,False,-5.004700000000014,3355.813597483225
1779796354.8194232,BUY_YES,155.12061149444122,0.51,0.51,0.0,0.0,0.08304113805653435,77172.61569378586,False,0.0,3355.783597483225
1779796354.8234425,BUY_YES,266.3483165402582,0.51,0.51,0.0,0.0,0.14258496734805415,77172.61569378586,False,0.0,3355.753597483225
1779796354.8269467,BUY_YES,360.8918658292028,0.51,0.52,0.0,-192.30769230769246,0.193197222245846,77172.61569378586,False,0.0,3363.547205421864
1779796381.243367,SELL_YES,345.47,0.5,0.5,0.0,0.0,0.012403922040137405,77172.61569378586,False,-3.4847000000000037,3347.8699895445857
1779796381.2459497,SELL_YES,345.47,0.5,0.49,0.0,-204.0816326530614,0.020991150998661223,77172.61569378586,False,-3.4847000000000037,3346.9257816059467
1779796381.2598772,BUY_YES,106.66471571347276,0.51,0.51,0.0,0.0,0.09993867584548777,77172.61569378586,False,0.0,3348.7241974832245
1779796381.2625604,BUY_YES,219.66097131054568,0.51,0.51,0.0,0.0,0.15694787446866454,77172.61569378586,False,0.0,3348.694197483225
1779796381.3793108,SELL_YES,417.7464808879206,0.48999999999999994,0.49,1.1328806373726088e-12,1.1328806373726088e-12,0.005355160696389916,77172.61569378586,False,-8.384929617758445,3340.309267865466
1779796381.3837876,BUY_YES,101.14783959381718,0.51,0.51,0.0,0.0,0.05044811340806854,77172.61569378586,False,0.0,3340.279267865466
1779796381.3873937,BUY_YES,230.3347676681381,0.51,0.51,0.0,0.0,0.11488089639685828,77172.61569378586,False,0.0,3340.249267865466
1779796381.39104,BUY_YES,340.14365653131085,0.51,0.51,0.0,0.0,0.16964876193732947,77172.61569378586,False,0.0,3340.219267865466
1779796381.3951292,BUY_YES,433.4812120650075,0.51,0.51,0.0,0.0,0.21620144764673,77172.61569378586,False,0.0,3340.189267865466
1779796381.3983867,BUY_YES,512.8181342686496,0.51,0.52,0.0,-192.30769230769246,0.2557712304997204,77172.61569378586,False,0.0,3356.338523966735
1779796381.4010968,BUY_YES,580.2545181417456,0.51,0.52,0.0,-192.30769230769246,0.2894055459247623,77172.61569378586,False,0.0,3362.1110691481526
1779796381.4221125,SELL_YES,185.61351911207942,0.49,0.49,0.0,0.0,0.06792537124261211,77172.61569378586,False,-3.7422703822415997,3296.1356653000926
1779796381.4258661,BUY_NO,172.80485364091763,0.51,0.52,0.0,-192.30769230769246,0.12973656555622037,77172.61569378586,False,0.0,3351.2985179655625
1779796381.4298527,BUY_NO,185.61351911207942,0.51,0.52,0.0,-192.30769230769246,0.18227608072278723,77172.61569378586,False,0.0,3345.7001123922
1779796381.433111,BUY_NO,185.61351911207942,0.51,0.52,0.0,-192.30769230769246,0.22693466861436917,77172.61569378586,False,0.0,3340.1017068188376
1779796381.460121,BUY_NO,185.61351911207942,0.51,0.52,0.0,-192.30769230769246,0.26489446832221386,77172.61569378586,False,0.0,3334.503301245475
1779796381.463214,BUY_NO,185.61351911207942,0.51,0.52,0.0,-192.30769230769246,0.29716029807388167,77172.61569378586,False,0.0,3328.9048956721126
1779796381.464999,BUY_NO,185.61351911207942,0.51,0.52,0.0,-192.30769230769246,0.32458625336279945,77172.61569378586,False,0.0,3323.30649009875
1779796381.4666064,BUY_NO,185.61351911207942,0.51,0.52,0.0,-192.30769230769246,0.34789831535837956,77172.61569378586,False,0.0,3317.7080845253877
1779796381.4683614,BUY_NO,185.61351911207942,0.51,0.52,0.0,-192.30769230769246,0.36771356805462263,77172.61569378586,False,0.0,3312.109678952025
1779796381.4720073,BUY_NO,185.61351911207942,0.51,0.52,0.0,-192.30769230769246,0.3845565328464292,77172.61569378586,False,0.0,3306.5112733786627
1779796381.4750588,BUY_NO,185.61351911207942,0.51,0.52,0.0,-192.30769230769246,0.39887305291946484,77172.61569378586,False,0.0,3300.9128678053
1779796381.47788,BUY_NO,185.61351911207942,0.51,0.52,0.0,-192.30769230769246,0.4110420949815451,77172.61569378586,False,0.0,3295.3144622319373
1779796381.4804027,BUY_NO,185.61351911207942,0.51,0.52,0.0,-192.30769230769246,0.4213857807343133,77172.61569378586,False,0.0,3289.716056658575
1779796381.483245,BUY_NO,185.61351911207942,0.51,0.52,0.0,-192.30769230769246,0.43017791362416635,77172.61569378586,False,0.0,3284.117651085212
1779796381.486534,BUY_NO,185.61351911207942,0.51,0.52,0.0,-192.30769230769246,0.43765122658054145,77172.61569378586,False,0.0,3278.5192455118495
1779796381.9745953,SELL_YES,135.12,0.48000000000000004,0.48,-1.1564823173178715e-12,-1.1564823173178715e-12,0.2870035425934603,77172.61569378586,False,-4.083600000000004,3301.417805229504
1779796381.9778082,SELL_YES,135.12,0.48000000000000004,0.47,-1.1564823173178715e-12,-212.7659574468099,0.16842719077959728,77172.61569378586,False,-4.083600000000004,3309.822345158918
1779796381.9813998,SELL_YES,135.12,0.48000000000000004,0.47,-1.1564823173178715e-12,-212.7659574468099,0.2136631121626577,77172.61569378586,False,-4.083600000000004,3311.143545158918
1779796381.9842594,SELL_YES,135.12,0.48000000000000004,0.47,-1.1564823173178715e-12,-212.7659574468099,0.2521136453382591,77172.61569378586,False,-4.083600000000004,3312.464745158918
1779796388.667588,SELL_NO,240.0,0.49,0.49,0.0,0.0,0.013179926223271243,77172.61569378586,False,-4.8300000000000125,3285.360865300091
1779796390.3019154,SELL_NO,500.12,0.48,0.48,0.0,0.0,0.07320293728978056,77172.61569378586,False,-15.033600000000035,3274.0630052295046
1779796391.3016284,SELL_NO,1283.04,0.48999999999999994,0.49,1.1328806373726088e-12,1.1328806373726088e-12,0.06836412219186633,77172.61569378586,False,-25.69080000000008,3244.636465300091
1779796401.400971,SELL_YES,340.47,0.5,0.5,0.0,0.0,0.00689049613691356,77172.61569378586,False,-3.4346999999999923,3253.7011253706773
1779796401.4088998,SELL_YES,598.36,0.48999999999999994,0.49,1.1328806373726088e-12,1.1328806373726088e-12,0.06935692171637647,77172.61569378586,False,-11.99720000000002,3247.981165300091
1779796401.4193687,SELL_YES,135.12,0.48000000000000004,0.48,-1.1564823173178715e-12,-1.1564823173178715e-12,0.026310375940082065,77172.61569378586,False,-4.083600000000004,3248.244805229505
1779796401.4234285,SELL_NO,500.12,0.48,0.48,0.0,0.0,0.014136180450930236,77172.61569378586,False,-15.033600000000035,3228.2100052295045
1779796421.649265,BUY_NO,281.5723972495582,0.5,0.5,0.0,0.0,0.19085875411815834,77172.61569378586,False,0.0,3234.8927253706775
1779796434.3326917,SELL_NO,344.07299934750756,0.49,0.49,0.0,0.0,0.061867617627185956,77172.61569378586,False,-4.095736014454559,3227.4406292856365
1779796439.2467127,BUY_YES,137.84453858116046,0.51,0.51,0.0,0.0,0.2944724406129009,77172.61569378586,False,0.0,3235.373361468768
1779796439.24978,BUY_YES,188.49746590280347,0.51,0.51,0.0,0.0,0.32230157452096575,77172.61569378586,False,0.0,3235.3433614687683
1779796442.68888,BUY_NO,117.07590179231998,0.5,0.5,0.0,0.0,0.06808656137832858,77172.61569378586,False,0.0,3228.068575332363
1779796443.2413666,SELL_NO,117.07590179231998,0.49,0.49,0.0,0.0,0.00562642282842063,77172.61569378586,False,-1.200759017923204,3219.6230301780342
1779796445.2377539,SELL_YES,323.47,0.5,0.5,0.0,0.0,0.020784171316846678,77172.61569378586,False,-3.264700000000005,3226.8378163144394
1779796447.2499747,BUY_YES,120.98486543763602,0.51,0.51,0.0,0.0,0.2873579971989342,77172.61569378586,False,0.0,3230.817902450845
1779796447.2543006,BUY_YES,173.475767155487,0.51,0.51,0.0,0.0,0.31625429761909396,77172.61569378586,False,0.0,3230.7879024508447
1779796447.25728,BUY_YES,218.09303361566037,0.51,0.51,0.0,0.0,0.3408161529762298,77172.61569378586,False,0.0,3230.757902450845
1779796447.260075,BUY_YES,256.01771010680795,0.51,0.51,0.0,0.0,0.3616937300297953,77172.61569378586,False,0.0,3230.7279024508452
1779796447.2746875,SELL_YES,598.36,0.48999999999999994,0.49,1.1328806373726088e-12,1.1328806373726088e-12,0.03019048733863422,77172.61569378586,False,-11.997199999999964,3207.306302651722
1779796447.2775917,BUY_NO,154.4208444126769,0.51,0.52,0.0,-192.30769230769246,0.09766191423783921,77172.61569378586,False,0.0,3219.780277018026
1779796447.280608,BUY_NO,245.1025147167243,0.51,0.52,0.0,-192.30769230769246,0.15501262710216324,77172.61569378586,False,0.0,3212.3972015765244
1779796447.283487,BUY_NO,322.1819344751647,0.51,0.52,0.0,-192.30769230769246,0.20376073303683873,77172.61569378586,False,0.0,3202.701743542269
1779796447.2871466,BUY_NO,387.69944126983916,0.51,0.52,0.0,-192.30769230769246,0.24519662308131296,77172.61569378586,False,0.0,3191.040760304174
1779796447.2901034,BUY_NO,443.38932204531244,0.51,0.52,0.0,-192.30769230769246,0.280417129619116,77172.61569378586,False,0.0,3177.7090806428146
1779796447.292761,BUY_NO,490.72572070446466,0.51,0.52,0.0,-192.30769230769246,0.31035456017624863,77172.61569378586,False,0.0,3162.957309021681
1779796447.2952626,BUY_NO,530.961659564744,0.51,0.52,0.0,-192.30769230769246,0.3358013761498113,77172.61569378586,False,0.0,3146.998459234738
1779796447.2975404,BUY_NO,565.1622075959815,0.51,0.52,0.0,-192.30769230769246,0.3574311697273397,77172.61569378586,False,0.0,3130.013593006859
1779796447.31271,SELL_YES,292.12,0.48,0.48,0.0,0.0,0.21881649426823868,77172.61569378586,False,-8.79359999999997,3232.720539200009
1779796447.322431,SELL_NO,510.52862368440856,0.49,0.49,0.0,0.0,0.03241557045751786,77172.61569378586,False,-10.24057247368819,3193.8745301780336
1779796447.3257637,SELL_NO,510.52862368440856,0.49,0.48,0.0,-208.33333333333354,0.09955323488889012,77172.61569378586,False,-10.24057247368819,3202.028821778945
1779796447.3286667,SELL_NO,510.52862368440856,0.49,0.48,0.0,-208.33333333333354,0.15662024965555654,77172.61569378586,False,-10.24057247368819,3186.6829630684124
1779796447.3315754,SELL_NO,510.52862368440856,0.49,0.48,0.0,-208.33333333333354,0.20512721220722296,77172.61569378586,False,-10.24057247368819,3171.3371043578804
1779796447.33437,SELL_NO,510.52862368440856,0.49,0.48,0.0,-208.33333333333354,0.24635813037613952,77172.61569378586,False,-10.24057247368819,3155.9912456473485
1779796447.3379776,SELL_NO,510.52862368440856,0.49,0.48,0.0,-208.33333333333354,0.28140441081971856,77172.61569378586,False,-10.24057247368819,3140.645386936816
1779796449.238367,SELL_YES,279.09998995614524,0.47,0.47,0.0,0.0,0.04810647035676924,77172.61569378586,False,-11.193999598245796,3138.5891060640392
1779796449.2420137,BUY_NO,119.85614397680519,0.53,0.53,0.0,0.0,0.10989049980325394,77172.61569378586,False,0.0,3126.7794232647234
1779796450.9330184,SELL_NO,196.32804665526118,0.48,0.48,0.0,0.0,0.014904113892148962,77172.61569378586,False,-8.316964279193954,3128.712703731276
1779796453.278098,BUY_NO,126.21146210256853,0.5,0.5,0.0,0.0,0.06723290271642701,77172.61569378586,False,0.0,3128.682703731276
1779796453.9945786,SELL_NO,126.21146210256853,0.49,0.49,0.0,0.0,0.006352032691037013,77172.61569378586,False,-1.2921146210256893,3127.3905891102504
1779796454.189083,BUY_YES,145.292687026805,0.51,0.51,0.0,0.0,0.0773992277873814,77172.61569378586,False,0.0,3127.36058911025
1779796455.2485657,BUY_YES,107.23244683001067,0.51,0.51,0.0,0.0,0.1377893436192742,77172.61569378586,False,0.0,3127.3305891102505
1779796455.251645,BUY_YES,201.30734718865128,0.51,0.51,0.0,0.0,0.18912094207638297,77172.61569378586,False,0.0,3127.3005891102503
1779796457.3916807,BUY_YES,116.57498830961595,0.51,0.51,0.0,0.0,0.3281593137697597,77172.61569378586,False,0.0,3127.2705891102505
1779796462.242073,SELL_YES,326.47,0.5,0.5,0.0,0.0,0.017153817312164532,77172.61569378586,False,-3.294700000000006,3121.5365144166994
1779796462.2502546,BUY_NO,117.44150711504166,0.5,0.51,0.0,-196.0784313725492,0.06900945344154341,77172.61569378586,False,0.0,3122.7714740390998
1779796462.2538824,BUY_NO,142.22893436256933,0.5,0.51,0.0,-196.0784313725492,0.08357471957780216,77172.61569378586,False,0.0,3121.319184695474
1779796462.2567902,BUY_NO,164.9279744766678,0.5,0.51,0.0,-196.0784313725492,0.09691283478426971,77172.61569378586,False,0.0,3119.6399049507077
1779796462.2596846,BUY_NO,185.67803809231484,0.5,0.51,0.0,-196.0784313725492,0.10910571772803479,77172.61569378586,False,0.0,3117.753124569784
1779796462.2646446,BUY_NO,204.6186866550295,0.5,0.51,0.0,-196.0784313725492,0.12023537569351817,77172.61569378586,False,0.0,3115.676937703234
1779796462.267216,BUY_NO,221.88161307139768,0.5,0.51,0.0,-196.0784313725492,0.130379192356465,77172.61569378586,False,0.0,3113.42812157252
1779796462.279751,SELL_YES,243.93746935508284,0.49,0.49,0.0,0.0,0.0273223135029953,77172.61569378586,False,-4.908749387101665,3129.2549072608786
1779796462.2834852,SELL_NO,851.665217671722,0.49,0.49,0.0,0.0,0.03177603352245395,77172.61569378586,False,-8.546652176717203,3112.191602907444
1779796462.2977629,BUY_YES,122.4407490486949,0.51,0.52,0.0,-192.30769230769246,0.2460242880989303,77172.61569378586,False,0.0,3107.832664314892
1779796462.3007548,BUY_YES,174.70607931657395,0.51,0.52,0.0,-192.30769230769246,0.2811206448840907,77172.61569378586,False,0.0,3109.549725108058
1779796462.3039324,BUY_YES,219.1316100442712,0.51,0.52,0.0,-192.30769230769246,0.3109525481514771,77172.61569378586,False,0.0,3111.7110412085003
1779796462.3068655,BUY_YES,256.8933111628137,0.51,0.52,0.0,-192.30769230769246,0.33630966592875544,77172.61569378586,False,0.0,3114.249974320129
1779796462.3094213,BUY_YES,288.68109020042914,0.51,0.52,0.0,-192.30769230769246,0.3576552735962848,77172.61569378586,False,0.0,3117.106785222133
1779796462.3118622,BUY_YES,313.28921386890727,0.51,0.52,0.0,-192.30769230769246,0.37417971692526997,77172.61569378586,False,0.0,3120.2096773608223
1779796462.3146224,BUY_YES,330.3805947718472,0.51,0.52,0.0,-192.30769230769246,0.3856566405196724,77172.61569378586,False,0.0,3123.483483308541
1779796462.3170261,BUY_YES,339.5322404877736,0.51,0.52,0.0,-192.30769230769246,0.3918020034509182,77172.61569378586,False,0.0,3126.8488057134186
1779796462.3197737,BUY_YES,340.4568290499359,0.51,0.52,0.0,-192.30769230769246,0.39242286798752035,77172.61569378586,False,0.0,3130.2233740039183
1779796462.322319,BUY_YES,333.15999348034745,0.51,0.52,0.0,-192.30769230769246,0.38752301672397027,77172.61569378586,False,0.0,3133.5249739387214
1779796462.3248572,BUY_YES,318.00067830100227,0.51,0.52,0.0,-192.30769230769246,0.3773434821945584,77172.61569378586,False,0.0,3136.674980721731
1779796462.3272905,BUY_YES,295.66789027888126,0.51,0.52,0.0,-192.30769230769246,0.3623469349152346,77172.61569378586,False,0.0,3139.60165962452
1779796462.3301623,BUY_YES,267.10142408499,0.51,0.52,0.0,-192.30769230769246,0.34316445037924403,77172.61569378586,False,0.0,3142.2426738653703
1779796462.3329873,BUY_YES,233.3938551926433,0.51,0.52,0.0,-192.30769230769246,0.32052969693670763,77172.61569378586,False,0.0,3144.5466124172967
1779796462.3357503,BUY_YES,195.6927019207106,0.51,0.52,0.0,-192.30769230769246,0.29521323725565296,77172.61569378586,False,0.0,3146.473539436504
1779796462.3383625,BUY_YES,155.12082396596247,0.51,0.52,0.0,-192.30769230769246,0.2679690756509011,77172.61569378586,False,0.0,3147.9947476761636
1779796462.340669,BUY_YES,112.71923781047673,0.51,0.52,0.0,-192.30769230769246,0.23949625842498146,77172.61569378586,False,0.0,3149.0919400542684
1779796462.367148,SELL_YES,243.93746935508284,0.49,0.49,0.0,0.0,0.01787312600598423,77172.61569378586,False,-4.908749387101665,3025.7242364477197
1779796462.3705292,SELL_YES,243.93746935508284,0.49,0.49,0.0,0.0,0.03546158449272446,77172.61569378586,False,-4.908749387101665,3025.6942364477195
1779796462.3739555,SELL_YES,243.93746935508284,0.49,0.48,0.0,-208.33333333333354,0.051713643936660614,77172.61569378586,False,-4.908749387101665,2991.8697926595223
1779796462.3778806,SELL_YES,243.93746935508284,0.49,0.48,0.0,-208.33333333333354,0.06668961707724164,77172.61569378586,False,-4.908749387101665,2994.2791673530737
1779796462.3806372,SELL_YES,243.93746935508284,0.49,0.48,0.0,-208.33333333333354,0.08045544764254692,77172.61569378586,False,-4.908749387101665,2996.688542046624
1779796462.3836758,SELL_YES,243.93746935508284,0.49,0.48,0.0,-208.33333333333354,0.09308191868472693,77172.61569378586,False,-4.908749387101665,2999.0979167401756
1779796462.386896,SELL_YES,243.93746935508284,0.49,0.48,0.0,-208.33333333333354,0.10464143073244181,77172.61569378586,False,-4.908749387101665,3001.5072914337266
1779796462.389718,SELL_YES,243.93746935508284,0.49,0.48,0.0,-208.33333333333354,0.11520611403025527,77172.61569378586,False,-4.908749387101665,3003.9166661272775
1779796462.393817,SELL_YES,243.93746935508284,0.49,0.48,0.0,-208.33333333333354,0.12484778745727476,77172.61569378586,False,-4.908749387101665,3006.326040820829
1779796462.43361,SELL_YES,292.12,0.48,0.48,0.0,0.0,0.16812061933868355,77172.61569378586,False,-8.793599999999998,3006.2960408208287
1779796462.4379234,SELL_YES,292.12,0.48,0.47,0.0,-212.76595744680873,0.21340252643788105,77172.61569378586,False,-8.793599999999998,2992.9502451939366
1779796462.4412553,BUY_NO,102.75109986162244,0.52,0.53,0.0,-188.67924528301904,0.2518921474721989,77172.61569378586,False,0.0,3067.677463962209
1779796462.444302,BUY_NO,140.1391855857682,0.52,0.53,0.0,-188.67924528301904,0.28460832535136904,77172.61569378586,False,0.0,3060.6405046829204
1779796462.4474802,BUY_NO,171.91905845129207,0.52,0.53,0.0,-188.67924528301904,0.3124170765486637,77172.61569378586,False,0.0,3052.014551760356
1779796462.4507108,BUY_NO,198.9319503869874,0.52,0.53,0.0,-188.67924528301904,0.3360545150663642,77172.61569378586,False,0.0,3042.0379542410064
1779796462.4543338,BUY_NO,221.89290853232842,0.52,0.53,0.0,-188.67924528301904,0.3561463378064096,77172.61569378586,False,0.0,3030.91330881439
1779796462.4576252,BUY_NO,241.40972295586835,0.52,0.53,0.0,-188.67924528301904,0.37322438713544814,77172.61569378586,False,0.0,3018.8128226665967
1779796462.4609125,BUY_NO,257.9990152158772,0.52,0.53,0.0,-188.67924528301904,0.3877407290651309,77172.61569378586,False,0.0,3005.882871905803
1779796462.4641066,BUY_NO,272.09991363688465,0.52,0.53,0.0,-188.67924528301904,0.4000796197053612,77172.61569378586,False,0.0,2992.2478762239584
1779796462.4674492,BUY_NO,284.0856772947411,0.52,0.53,0.0,-188.67924528301904,0.4105676767495571,77172.61569378586,False,0.0,2978.0135923592215
1779796462.5584507,SELL_YES,328.66,0.47,0.47,0.0,0.0,0.2624825252371235,77172.61569378586,False,-13.176400000000001,3011.5625305131507
1779796463.0621986,SELL_YES,249.0,0.46,0.5,0.0,799.9999999999995,0.135110146451555,77172.61569378586,False,-12.480000000000004,2974.9232614361863
1779796463.066249,SELL_YES,326.47,0.5,0.5,0.0,0.0,0.0753436244838217,77172.61569378586,False,-3.294700000000006,2974.8932614361856
1779796464.0677392,SELL_NO,727.03,0.49,0.49,0.0,0.0,0.07153923131043871,77172.61569378586,False,-20.54456475931005,2974.9604511285074
1779796464.2367535,SELL_NO,657.12,0.48,0.48,0.0,0.0,0.12280834661387285,77172.61569378586,False,-25.143118207828877,2956.013140820829
1779796464.2418985,SELL_NO,657.12,0.48,0.47,0.0,-212.76595744680873,0.17488709462179186,77172.61569378586,False,-25.143118207828877,2923.923430513151
1779796464.2669213,SELL_YES,598.36,0.48999999999999994,0.49,1.1328806373726088e-12,1.1328806373726088e-12,0.05411638275807962,77172.61569378586,False,-11.99720000000002,2935.4432511285077
1779796464.2703056,BUY_NO,150.31662547602872,0.51,0.52,0.0,-192.30769230769246,0.11799892534436773,77172.61569378586,False,0.0,2930.2776832872623
1779796464.2738135,BUY_NO,235.62695615598437,0.51,0.52,0.0,-192.30769230769246,0.17229908654271253,77172.61569378586,False,0.0,2923.1788746025827
1779796464.2764964,BUY_NO,308.1407372339469,0.51,0.52,0.0,-192.30769230769246,0.21845422356130573,77172.61569378586,False,0.0,2913.9046524855644
1779796464.2793546,BUY_NO,369.77745115021474,0.51,0.52,0.0,-192.30769230769246,0.25768609002710985,77172.61569378586,False,0.0,2902.7813289510577
1779796464.2820084,BUY_NO,422.1686579790427,0.51,0.52,0.0,-192.30769230769246,0.2910331765230434,77172.61569378586,False,0.0,2890.0862692116866
1779796464.32778,SELL_NO,1195.91,0.47000000000000003,0.47,-1.1810883240693154e-12,-1.1810883240693154e-12,0.04707573789761804,77172.61569378586,False,-48.092962235998584,2893.646639073055
1779796464.3303187,BUY_YES,127.104474344798,0.53,0.54,0.0,-185.18518518518536,0.10901437721297524,77172.61569378586,False,0.0,2873.1184260105874
1779796464.333062,BUY_YES,195.34715827989413,0.53,0.54,0.0,-185.18518518518536,0.16166222063102886,77172.61569378586,False,0.0,2875.0418975933862
1779796464.3358083,BUY_YES,253.3534396247258,0.53,0.54,0.0,-185.18518518518536,0.20641288753637443,77172.61569378586,False,0.0,2877.545431989634
1779796464.338239,BUY_YES,302.6587787678328,0.53,0.54,0.0,-185.18518518518536,0.24445095440591824,77172.61569378586,False,0.0,2880.542019777312
1779796464.3405824,BUY_YES,344.56831703947375,0.53,0.54,0.0,-185.18518518518536,0.2767833112450304,77172.61569378586,False,0.0,2883.957702947707
1779796464.3428683,BUY_YES,380.19142457036855,0.53,0.54,0.0,-185.18518518518536,0.30426581455827584,77172.61569378586,False,0.0,2887.7296171934104
1779796464.3451092,BUY_YES,410.0866307244636,0.53,0.54,0.0,-185.18518518518536,0.3273293583961492,77172.61569378586,False,0.0,2891.800483500655
1779796464.3473487,BUY_YES,433.2743707589338,0.53,0.54,0.0,-185.18518518518536,0.34521822847216177,77172.61569378586,False,0.0,2896.1032272082443
1779796464.3497896,BUY_YES,449.47649249033043,0.53,0.54,0.0,-185.18518518518536,0.35771783603106266,77172.61569378586,False,0.0,2900.567992133148
1779796464.3526108,BUY_YES,458.34516209633756,0.53,0.54,0.0,-185.18518518518536,0.3645598343497042,77172.61569378586,False,0.0,2905.121443754111
1779796464.3553045,BUY_YES,459.6649329977065,0.53,0.54,0.0,-185.18518518518536,0.36557801077179597,77172.61569378586,False,0.0,2909.688093084088
1779796464.3576443,BUY_YES,453.4899066426677,0.53,0.54,0.0,-185.18518518518536,0.36081410346487297,77172.61569378586,False,0.0,2914.192992150515
1779796464.3599272,BUY_YES,440.1924831019231,0.53,0.54,0.0,-185.18518518518536,0.35055541151333003,77172.61569378586,False,0.0,2918.564916981534
1779796464.3646345,BUY_YES,395.10476018393575,0.53,0.54,0.0,-185.18518518518536,0.31577114982572674,77172.61569378586,False,0.0,2922.4859645833735
1779796464.4211695,SELL_YES,292.12,0.48,0.48,0.0,0.0,0.03489345767486085,77172.61569378586,False,-14.619785902684498,2634.943828519612
1779796464.4254098,SELL_YES,292.12,0.48,0.47,0.0,-212.76595744680873,0.10015943902363172,77172.61569378586,False,-14.619785902684498,2592.8375391756517
1779796464.4296763,SELL_YES,292.12,0.48,0.47,0.0,-212.76595744680873,0.155635523170087,77172.61569378586,False,-14.619785902684498,2595.7287391756518
1779796464.434098,SELL_YES,292.12,0.48,0.47,0.0,-212.76595744680873,0.20279019469457393,77172.61569378586,False,-14.619785902684498,2598.619939175652
1779796464.4384294,SELL_YES,292.12,0.48,0.47,0.0,-212.76595744680873,0.24287166549038786,77172.61569378586,False,-14.619785902684498,2601.511139175652
1779796464.4425895,SELL_YES,292.12,0.48,0.47,0.0,-212.76595744680873,0.27694091566682966,77172.61569378586,False,-14.619785902684498,2604.402339175652
1779796464.4462383,SELL_YES,292.12,0.48,0.47,0.0,-212.76595744680873,0.30589977831680526,77172.61569378586,False,-14.619785902684498,2607.293539175652
1779796464.4501793,SELL_YES,292.12,0.48,0.47,0.0,-212.76595744680873,0.3305148115692844,77172.61569378586,False,-14.619785902684498,2610.184739175652
1779796464.4544702,SELL_YES,292.12,0.48,0.47,0.0,-212.76595744680873,0.3514375898338918,77172.61569378586,False,-14.619785902684498,2613.075939175652
1779796464.458272,SELL_YES,292.12,0.48,0.47,0.0,-212.76595744680873,0.36922195135880803,77172.61569378586,False,-14.619785902684498,2615.967139175652
1779796464.4616735,SELL_YES,292.12,0.48,0.47,0.0,-212.76595744680873,0.38433865865498684,77172.61569378586,False,-14.619785902684498,2618.858339175652
1779796464.4656694,SELL_YES,292.12,0.48,0.47,0.0,-212.76595744680873,0.39718785985673877,77172.61569378586,False,-14.619785902684498,2621.749539175652
1779796464.4688952,SELL_YES,292.12,0.48,0.47,0.0,-212.76595744680873,0.40810968087822797,77172.61569378586,False,-14.619785902684498,2624.640739175652
1779796464.472442,SELL_YES,292.12,0.48,0.47,0.0,-212.76595744680873,0.41739322874649376,77172.61569378586,False,-14.619785902684498,2627.531939175652
1779796464.4759219,SELL_YES,292.12,0.48,0.47,0.0,-212.76595744680873,0.42528424443451973,77172.61569378586,False,-14.619785902684498,2630.423139175652
1779796464.4794877,SELL_YES,292.12,0.48,0.47,0.0,-212.76595744680873,0.43199160776934176,77172.61569378586,False,-14.619785902684498,2633.314339175652
1779796464.4826221,SELL_YES,292.12,0.48,0.47,0.0,-212.76595744680873,0.43769286660394047,77172.61569378586,False,-14.619785902684498,2636.2055391756526
1779796464.720912,SELL_YES,151.01943041391098,0.47,0.47,0.0,0.0,0.15229550556904098,77172.61569378586,False,-9.082783503387091,2636.1755391756524
1779796465.6966653,BUY_YES,99.27249472209267,0.51,0.51,0.0,0.0,0.06712652264241259,77172.61569378586,False,0.0,2623.1379193349367
1779796466.807974,SELL_NO,325.19049601788606,0.48999999999999994,0.49,1.1328806373726088e-12,1.1328806373726088e-12,0.1290575442460506,77172.61569378586,False,-6.595416467592315,2621.122469440495
1779796467.3155248,BUY_NO,128.59801030740118,0.5,0.5,0.0,0.0,0.0833165291505027,77172.61569378586,False,0.0,2622.085194387716
1779796469.4034002,SELL_NO,128.59801030740118,0.49,0.49,0.0,0.0,0.008996906788391379,77172.61569378586,False,-1.3159801030740113,2619.776489337421
1779796470.489402,BUY_NO,188.04780037728978,0.5,0.5,0.0,0.0,0.12189684651113952,77172.61569378586,False,0.0,2620.739214284642
1779796471.5080397,SELL_NO,179.0189989526201,0.49000000000000005,0.49,-1.1328806373726088e-12,-1.1328806373726088e-12,0.02101710248154348,77172.61569378586,False,-1.8201899895261988,2618.0165873621413
1779796475.8882914,BUY_NO,333.6621677856283,0.5,0.5,0.0,0.0,0.22269130446464858,77172.61569378586,False,0.0,2618.889024295115
1779796478.7513385,SELL_NO,342.69096921029796,0.49,0.49,0.0,0.0,0.04231845264564771,77172.61569378586,False,-3.4569096921029825,2614.4393896557913
1779796479.6296546,BUY_YES,122.34101084677546,0.51,0.51,0.0,0.0,0.1438961317973455,77172.61569378586,False,0.0,2616.394839550233
1779796479.6341996,BUY_YES,193.36179605140546,0.51,0.51,0.0,0.0,0.19001072324303958,77172.61569378586,False,0.0,2616.3648395502332
1779796481.2599232,BUY_YES,120.37322960458505,0.51,0.51,0.0,0.0,0.37089053826681584,77172.61569378586,False,0.0,2616.334839550233
1779796481.2632413,BUY_YES,143.99674546234507,0.51,0.51,0.0,0.0,0.38725695752679345,77172.61569378586,False,0.0,2616.304839550233
1779796485.9059947,SELL_YES,323.43,0.5,0.5,0.0,0.0,0.0338600109065606,77172.61569378586,False,-3.2642999999999915,2609.481386783361
1779796489.6794336,SELL_YES,355.91527668720374,0.49,0.49,0.0,0.0,0.03895859178684441,77172.61569378586,False,-7.148305533744093,2605.8922340164886
1779796489.686929,BUY_YES,141.71676829195283,0.51,0.51,0.0,0.0,0.09060241743400488,77172.61569378586,False,0.0,2605.8622340164884
1779796491.653551,BUY_NO,325.43,0.5,0.5,0.0,0.0,0.23842596445382858,77172.61569378586,False,0.0,2604.415066333569
1779796491.65714,BUY_NO,325.43,0.5,0.51,0.0,-196.0784313725492,0.2761620697857543,77172.61569378586,False,0.0,2599.293634016489
1779796491.6604657,BUY_NO,325.43,0.5,0.51,0.0,-196.0784313725492,0.3082377593178911,77172.61569378586,False,0.0,2596.0093340164885
1779796491.8692765,SELL_YES,141.71676829195283,0.49,0.49,0.0,0.0,0.20304103021957953,77172.61569378586,False,-2.864335365839054,2612.67079865065
1779796491.8839498,SELL_NO,964.22,0.49,0.49,0.0,0.0,0.011512437624296212,77172.61569378586,False,-9.672199999999975,2593.3563986506497
1779796492.099807,BUY_NO,159.42485600209008,0.51,0.51,0.0,0.0,0.110432263816446,77172.61569378586,False,0.0,2589.896501530608
1779796492.108693,BUY_NO,148.86363068017798,0.51,0.51,0.0,0.0,0.2129873106073823,77172.61569378586,False,0.0,2586.889228917005
1779796492.111881,BUY_NO,209.10650208987263,0.51,0.51,0.0,0.0,0.25303921401627494,77172.61569378586,False,0.0,2582.6770988752073
1779796493.2499547,SELL_NO,529.4649887721406,0.49000000000000005,0.49,-1.1328806373726088e-12,-1.1328806373726088e-12,0.06798790677892957,77172.61569378586,False,-10.498599775442756,2582.647098875207
1779796493.258305,BUY_NO,123.3917565058894,0.5,0.5,0.0,0.0,0.07962873735222342,77172.61569378586,False,0.0,2582.617098875207
1779796493.2612543,BUY_NO,188.43,0.5,0.5,0.0,0.0,0.1411844267493899,77172.61569378586,False,0.0,2582.587098875207
1779796493.2642498,BUY_NO,188.43,0.5,0.51,0.0,-196.0784313725492,0.19336995416992542,77172.61569378586,False,0.0,2577.5545813101485
1779796493.2667933,BUY_NO,188.43,0.5,0.51,0.0,-196.0784313725492,0.23742913706422253,77172.61569378586,False,0.0,2575.6402813101486
1779796493.2694063,BUY_NO,188.43,0.5,0.51,0.0,-196.0784313725492,0.274570381423208,77172.61569378586,False,0.0,2573.7259813101487
1779796493.3767684,SELL_NO,877.1117565058894,0.49,0.49,0.0,0.0,0.00517476151294205,77172.61569378586,False,-8.80111756505886,2573.6959813101485
1779796493.4028578,BUY_NO,155.2165625812607,0.5,0.5,0.0,0.0,0.10051469670364044,77172.61569378586,False,0.0,2573.6659813101483
1779796493.40595,BUY_NO,188.43,0.5,0.5,0.0,0.0,0.1589374921980944,77172.61569378586,False,0.0,2573.6359813101485
1779796493.4093068,BUY_NO,188.43,0.5,0.51,0.0,-196.0784313725492,0.20859686836838032,77172.61569378586,False,0.0,2568.285215684336
1779796493.413228,BUY_NO,188.43,0.5,0.51,0.0,-196.0784313725492,0.2508073381131233,77172.61569378586,False,0.0,2566.370915684336
1779796493.416695,BUY_NO,188.43,0.5,0.51,0.0,-196.0784313725492,0.28668623739615473,77172.61569378586,False,0.0,2564.456615684336
1779796493.4201636,BUY_NO,188.43,0.5,0.51,0.0,-196.0784313725492,0.3171833017867315,77172.61569378586,False,0.0,2562.5423156843362
1779796493.4233553,BUY_NO,188.43,0.5,0.51,0.0,-196.0784313725492,0.3431058065187218,77172.61569378586,False,0.0,2560.628015684337
1779796493.4267573,BUY_NO,188.43,0.5,0.51,0.0,-196.0784313725492,0.3651399355409135,77172.61569378586,False,0.0,2558.713715684337
1779796500.284075,SELL_NO,869.81,0.49,0.49,0.0,0.0,0.03758220145518909,77164.23445117981,False,-8.728099999999984,2570.772046935962
1779796500.2779992,SETTLE_NO,604.4165625812611,1.0,1.0,0.0,0.0,0.0,77164.23445117981,True,302.1782812906306,2866.93616260078
1779796500.6850164,BUY_NO,432.98,0.5,0.5,0.0,0.0,0.49,77159.02082446679,False,0.0,2866.9061626007797
1779796500.76928,BUY_NO,330.64530495100485,0.51,0.51,0.0,0.0,0.48,77159.02082446679,False,0.0,2855.93345650176
1779796505.748869,SELL_NO,306.39,0.49000000000000005,0.49,-1.1328806373726088e-12,-1.1328806373726088e-12,0.005833007015150382,77159.02082446679,False,-4.420550836832064,2865.04816260078
1779796505.7515936,SELL_NO,306.39,0.49000000000000005,0.48,-1.1328806373726088e-12,-208.33333333333468,0.02521500504563018,77159.02082446679,False,-4.420550836832064,2860.3988156502896
1779796505.9950008,BUY_NO,106.45277549825931,0.5,0.5,0.0,0.0,0.1541468060653297,77159.02082446679,False,0.0,2857.3519095512697
1779796506.00354,BUY_NO,147.6622738202184,0.5,0.5,0.0,0.0,0.24734606738220077,77159.02082446679,False,0.0,2857.3219095512695
1779796506.0068948,BUY_NO,207.25401721710074,0.5,0.5,0.0,0.0,0.2837441572748707,77159.02082446679,False,0.0,2857.29190955127
1779796508.8597527,BUY_YES,100.69,0.52,0.52,0.0,0.0,0.4425340874950039,77159.02082446679,False,0.0,2845.017622121538
1779796508.863297,BUY_YES,105.69,0.52,0.52,0.0,0.0,0.44542097214221477,77159.02082446679,False,0.0,2844.9876221215377
1779796526.0015156,SELL_NO,304.42,0.49000000000000005,0.49,-1.1328806373726088e-12,-1.1328806373726088e-12,0.0874166684010747,77159.02082446679,False,-3.398975684948738,2851.0442532661355
1779796526.3191547,SELL_YES,206.38,0.5,0.5,0.0,0.0,0.06559145708022363,77159.02082446679,False,-4.157600000000002,2850.0001095512694
1779796526.9494214,BUY_NO,126.47677484465174,0.5,0.5,0.0,0.0,0.26845608804248355,77159.02082446679,False,0.0,2849.9701095512696
1779796527.8182495,SELL_NO,165.69,0.48,0.48,0.0,0.0,0.058670358419322555,77159.02082446679,False,-3.4690870900689816,2851.997932477894
1779796528.8566904,BUY_NO,118.21627739407012,0.5,0.5,0.0,0.0,0.2376779409080675,77159.02082446679,False,0.0,2846.5963095512698
1779796529.3312743,SELL_NO,175.23,0.47,0.47,0.0,0.0,0.008245115186382268,77159.02082446679,False,-5.37890478943315,2847.656432263029
1779796531.9352634,SELL_NO,120.00000000000003,0.47,0.47,0.0,0.0,0.010507359843440311,77159.02082446679,False,-3.693006190332582,2840.426432263029
1779796532.04582,BUY_YES,114.41425699728467,0.54,0.54,0.0,0.0,0.0678642865291722,77159.02082446679,False,0.0,2833.9867126022573
1779796536.8985362,SELL_YES,114.41425699728467,0.5,0.5,0.0,0.0,0.08621934006999599,77159.02082446679,False,-4.606570279891393,2833.042839271378
1779796536.991335,BUY_NO,106.93589048422427,0.5,0.5,0.0,0.0,0.118696842271518,77159.02082446679,False,0.0,2833.0128392713777
1779796537.446971,SELL_NO,198.50331420952944,0.49000000000000005,0.49,-1.1328806373726088e-12,-1.1328806373726088e-12,0.04021653145882825,77159.02082446679,False,-2.0631107631577947,2830.9978061292827
1779796537.9057066,BUY_NO,169.3393430284009,0.5,0.5,0.0,0.0,0.09969355602099661,77159.02082446679,False,0.0,2830.9678061292825
1779796538.879748,BUY_NO,161.59482326186077,0.5,0.5,0.0,0.0,0.20083651402050284,77159.02082446679,False,0.0,2830.9378061292828
1779796539.3560112,SELL_NO,292.89,0.49,0.49,0.0,0.0,0.055740025827158646,77159.02082446679,False,-2.9589,2828.3593477921854
1779796539.8108952,BUY_NO,111.0740785247331,0.5,0.5,0.0,0.0,0.08847783133987797,77159.02082446679,False,0.0,2827.948906129283
1779796540.2652469,BUY_NO,181.12371100483088,0.5,0.5,0.0,0.0,0.19990023314306182,77159.02082446679,False,0.0,2827.9189061292827
1779796541.1747067,SELL_NO,165.69,0.48,0.48,0.0,0.0,0.046315019321017004,77159.02082446679,False,-3.3438000000000017,2827.8661452456795
1779796543.0117486,BUY_NO,395.7269170783987,0.5,0.5,0.0,0.0,0.3405165074400087,77159.02082446679,False,0.0,2824.545106129283
1779796543.9597325,BUY_NO,101.03155276817643,0.5,0.5,0.0,0.0,0.43317936911997135,77159.02082446679,False,0.0,2824.515106129283
1779796546.952795,SELL_NO,330.89,0.49,0.49,0.0,0.0,0.010500181381891793,77159.02082446679,False,-3.3388999999999953,2824.480410385947
1779796548.1180673,BUY_NO,143.613894368785,0.5,0.5,0.0,0.0,0.29746510386534486,77159.02082446679,False,0.0,2821.1462061292827
1779796548.9210432,BUY_NO,115.23146966361213,0.5,0.5,0.0,0.0,0.38005441368176485,77159.02082446679,False,0.0,2821.116206129283
1779796563.1216233,BUY_YES,116.4577981998474,0.51,0.51,0.0,0.0,0.07679397324127124,77159.02082446679,False,0.0,2815.193548232295
1779796563.374511,SELL_YES,116.4577981998474,0.5,0.5,0.0,0.0,0.07278081974832451,77159.02082446679,False,-1.1945779819984779,2819.891628147285
1779796563.7219458,BUY_YES,111.24303987487411,0.51,0.51,0.0,0.0,0.07339085773183551,77159.02082446679,False,0.0,2813.968970250297
1779796563.730064,SELL_YES,111.24303987487411,0.5,0.5,0.0,0.0,0.07534057352034135,77159.02082446679,False,-1.1424303987487434,2818.7191977485363
1779796563.7364395,BUY_YES,108.38941042457631,0.51,0.51,0.0,0.0,0.07154143563155335,77159.02082446679,False,0.0,2812.7965398515485
1779796563.7669654,SELL_YES,108.38941042457631,0.5,0.5,0.0,0.0,0.07688875893518343,77159.02082446679,False,-1.113894104245766,2817.57530364429
1779796580.1698184,BUY_YES,568.09,0.51,0.51,0.0,0.0,0.40143556955555915,77159.02082446679,False,0.0,2811.6526457473024
1779796580.1731796,BUY_YES,568.09,0.51,0.52,0.0,-192.30769230769246,0.4017853297782117,77159.02082446679,False,0.0,2817.091787850314
1779796580.2340944,SELL_NO,425.69,0.48,0.48,0.0,0.0,0.25651753031147984,77159.02082446679,False,-8.543800000000005,2778.157619438266
1779796580.5617218,SELL_NO,163.5757896987979,0.4699999999999999,0.47,1.1810883240693154e-12,1.1810883240693154e-12,0.1315399007647577,77159.02082446679,False,-4.9372736909639485,2758.5870299533262
1779796581.0412571,SELL_YES,497.69,0.5,0.5,0.0,0.0,0.019262421697462617,77159.02082446679,False,-5.006900000000002,2792.642429953326
1779796581.156454,BUY_NO,118.58212333435785,0.51,0.51,0.0,0.0,0.0798730584428432,77159.02082446679,False,0.0,2796.6256874866385
1779796581.4667141,SELL_YES,484.77787666564217,0.49,0.49,0.0,0.0,0.13989209967641675,77159.02082446679,False,-9.725557533312866,2786.197529953326
1779796581.6086786,SELL_YES,140.12,0.48,0.48,0.0,0.0,0.03390828472495422,77159.02082446679,False,-4.23360000000001,2785.816229953326
1779796582.0776932,BUY_YES,96.09427177047222,0.53,0.53,0.0,0.0,0.0670262642862205,77159.02082446679,False,0.0,2780.536729953326
1779796582.3789845,SELL_NO,118.58212333435785,0.47,0.47,0.0,0.0,0.12597232464328734,77159.02082446679,False,-4.77328493337432,2773.9255462470364
1779796587.0064826,BUY_NO,427.2886303461597,0.5,0.5,0.0,0.0,0.26159080067123686,77159.02082446679,False,0.0,2777.1861381001813
1779796587.31909,SELL_YES,109.68639510483005,0.5,0.5,0.0,0.0,0.12555882855521355,77159.02082446679,False,-3.04874938645775,2777.1561381001816
1779796632.5938563,BUY_NO,126.07455437756857,0.5,0.5,0.0,0.0,0.35976895690165644,77159.02082446679,False,0.0,2777.1261381001814
1779796632.6055315,SELL_NO,553.09,0.48999999999999994,0.49,1.1328806373726088e-12,1.1328806373726088e-12,0.03625666626278218,77159.02082446679,False,-5.560900000000004,2771.5679699474185
1779796632.6135333,BUY_NO,170.26040019112904,0.5,0.5,0.0,0.0,0.10255455862513985,77159.02082446679,False,0.0,2771.5352381001812
1779796632.622137,BUY_NO,168.0501401450363,0.5,0.5,0.0,0.0,0.21007066860666357,77159.02082446679,False,0.0,2771.5052381001815
1779796632.6252277,BUY_NO,169.2050454313024,0.5,0.5,0.0,0.0,0.2520600683156641,77159.02082446679,False,0.0,2771.4752381001817
1779796632.6288786,BUY_NO,169.2050454313024,0.5,0.51,0.0,-196.0784313725492,0.28775105806831447,77159.02082446679,False,0.0,2764.6752999409564
1779796632.6323895,BUY_NO,169.2050454313024,0.5,0.51,0.0,-196.0784313725492,0.3180883993580673,77159.02082446679,False,0.0,2762.9532494866435
1779796643.3911924,SELL_NO,553.09,0.48999999999999994,0.49,1.1328806373726088e-12,1.1328806373726088e-12,0.04858546669682634,77159.02082446679,False,-5.560900000000004,2768.7854267137195
1779796643.4153447,BUY_NO,151.80739632855136,0.5,0.5,0.0,0.0,0.28310125695637733,77159.02082446679,False,0.0,2765.8243381001816
1779796643.4190297,BUY_NO,200.5810835935652,0.5,0.5,0.0,0.0,0.31413606841292074,77159.02082446679,False,0.0,2765.794338100182
1779796643.4225397,BUY_NO,242.03871776882715,0.5,0.5,0.0,0.0,0.3405156581509827,77159.02082446679,False,0.0,2765.7643381001817
1779796643.4373646,SELL_NO,425.69,0.48,0.48,0.0,0.0,0.03646563572232364,77159.02082446679,False,-8.543800000000005,2766.457459281077
1779796643.4398558,BUY_YES,141.6303188469575,0.52,0.53,0.0,-188.67924528301904,0.10149579036397505,77159.02082446679,False,0.0,2744.751459517309
1779796655.397194,SELL_YES,141.6303188469575,0.5,0.5,0.0,0.0,0.21867606924411803,77159.02082446679,False,-2.862606376939155,2754.3279317232427
1779796669.38353,BUY_NO,108.40479828643305,0.5,0.5,0.0,0.0,0.3766411386151405,77159.02082446679,False,0.0,2754.2979317232425
1779796669.3861957,BUY_NO,119.90399182096445,0.5,0.5,0.0,0.0,0.384236163314045,77159.02082446679,False,0.0,2754.2679317232423
1779796669.3887515,BUY_NO,130.33697434257164,0.5,0.5,0.0,0.0,0.39112697349972414,77159.02082446679,False,0.0,2754.2379317232426
1779796669.40147,SELL_NO,528.87,0.49,0.49,0.0,0.0,0.020046212789559648,77159.02082446679,False,-5.3186999999999784,2751.83544995819
1779796677.5926168,BUY_NO,113.29594369192284,0.5,0.5,0.0,0.0,0.2592527326397669,77159.02082446679,False,0.0,2748.8892317232426
1779796681.1068947,BUY_NO,127.22353506516686,0.5,0.5,0.0,0.0,0.34829233443239693,77159.02082446679,False,0.0,2748.859231723243
1779796681.1688576,BUY_NO,100.58141892088292,0.5,0.5,0.0,0.0,0.4247392938980853,77159.02082446679,False,0.0,2748.829231723243
1779796681.1711738,BUY_NO,110.29081711861,0.5,0.5,0.0,0.0,0.4312570982959337,77159.02082446679,False,0.0,2748.799231723243
1779796681.1828902,BUY_YES,101.64613541550365,0.51,0.51,0.0,0.0,0.07123333130775944,77159.02082446679,False,0.0,2741.3390963403294
1779796681.1852145,BUY_YES,189.1393455387044,0.51,0.51,0.0,0.0,0.13254833161159552,77159.02082446679,False,0.0,2741.3090963403292
1779796681.1879227,BUY_YES,263.50857414342494,0.51,0.51,0.0,0.0,0.1846660818698561,77159.02082446679,False,0.0,2741.2790963403295
1779796681.1902678,BUY_YES,325.30912020842817,0.51,0.52,0.0,-192.30769230769246,0.227975734075063,77159.02082446679,False,0.0,2742.614992710477
1779796681.194045,BUY_YES,373.4721179822557,0.51,0.52,0.0,-192.30769230769246,0.26172823005706625,77159.02082446679,False,0.0,2746.319713890299
1779796681.1968853,BUY_YES,406.5365546222125,0.51,0.52,0.0,-192.30769230769246,0.2848996960459169,77159.02082446679,False,0.0,2750.3550794365215
1779796681.199408,BUY_YES,422.8743014193697,0.51,0.52,0.0,-192.30769230769246,0.2963491439336,77159.02082446679,False,0.0,2754.5538224507154
1779796681.2019644,BUY_YES,421.62020037797606,0.51,0.52,0.0,-192.30769230769246,0.29547027338323595,77159.02082446679,False,0.0,2758.740024454495
1779796681.2045696,BUY_YES,403.2249975527918,0.51,0.52,0.0,-192.30769230769246,0.28257896598661536,77159.02082446679,False,0.0,2762.742274430023
1779796681.207951,BUY_YES,369.47213531366805,0.51,0.52,0.0,-192.30769230769246,0.2589250532368942,77159.02082446679,False,0.0,2766.4069957831593
1779796681.2116783,BUY_YES,323.1085336903392,0.51,0.52,0.0,-192.30769230769246,0.2264335691135163,77159.02082446679,False,0.0,2769.6080811200627
1779796681.2273805,SELL_NO,425.69,0.48,0.48,0.0,0.0,0.10746853374648879,77159.02082446679,False,-8.543800000000005,2638.274542001128
1779796681.2350423,SELL_YES,140.44422889534025,0.5,0.5,0.0,0.0,0.043878984368161955,77159.02082446679,False,-1.43444228895342,2703.8963115605957
1779796681.2390285,SELL_YES,140.44422889534025,0.5,0.49,0.0,-204.0816326530614,0.11079713671293767,77159.02082446679,False,-1.43444228895342,2673.849311358769
1779796681.243432,SELL_YES,140.44422889534025,0.5,0.49,0.0,-204.0816326530614,0.16767756620599705,77159.02082446679,False,-1.43444228895342,2675.223753647722
1779796681.246949,SELL_YES,140.44422889534025,0.5,0.49,0.0,-204.0816326530614,0.2160259312750975,77159.02082446679,False,-1.43444228895342,2676.5981959366754
1779796681.250077,SELL_YES,140.44422889534025,0.5,0.49,0.0,-204.0816326530614,0.2571220415838329,77159.02082446679,False,-1.43444228895342,2677.972638225629
1779796681.2529051,SELL_YES,140.44422889534025,0.5,0.49,0.0,-204.0816326530614,0.292053735346258,77159.02082446679,False,-1.43444228895342,2679.347080514582
1779796681.2559652,SELL_YES,140.44422889534025,0.5,0.49,0.0,-204.0816326530614,0.3217456750443193,77159.02082446679,False,-1.43444228895342,2680.7215228035357
1779796681.2585757,SELL_YES,140.44422889534025,0.5,0.49,0.0,-204.0816326530614,0.3469838237876714,77159.02082446679,False,-1.43444228895342,2682.095965092489
1779796681.262284,SELL_YES,140.44422889534025,0.5,0.49,0.0,-204.0816326530614,0.3684362502195207,77159.02082446679,False,-1.43444228895342,2683.470407381443
1779796681.264766,SELL_YES,140.44422889534025,0.5,0.49,0.0,-204.0816326530614,0.3866708126865926,77159.02082446679,False,-1.43444228895342,2684.844849670396
1779796681.2670562,SELL_YES,140.44422889534025,0.5,0.49,0.0,-204.0816326530614,0.4021701907836037,77159.02082446679,False,-1.43444228895342,2686.2192919593494
1779796681.269331,SELL_YES,140.44422889534025,0.5,0.49,0.0,-204.0816326530614,0.41534466216606314,77159.02082446679,False,-1.43444228895342,2687.593734248303
1779796681.2722514,SELL_YES,140.44422889534025,0.5,0.49,0.0,-204.0816326530614,0.42654296284115367,77159.02082446679,False,-1.43444228895342,2688.968176537256
1779796681.2749705,SELL_YES,140.44422889534025,0.5,0.49,0.0,-204.0816326530614,0.43606151841498064,77159.02082446679,False,-1.43444228895342,2690.342618826209
1779796681.278788,SELL_YES,140.44422889534025,0.5,0.49,0.0,-204.0816326530614,0.44415229065273354,77159.02082446679,False,-1.43444228895342,2691.717061115163
1779796681.2817369,SELL_YES,140.44422889534025,0.5,0.49,0.0,-204.0816326530614,0.4510294470548235,77159.02082446679,False,-1.43444228895342,2693.091503404116
1779796681.2848604,SELL_YES,140.44422889534025,0.5,0.49,0.0,-204.0816326530614,0.4568750299966,77159.02082446679,False,-1.43444228895342,2694.4659456930694
1779796681.289066,SELL_YES,140.44422889534025,0.5,0.49,0.0,-204.0816326530614,0.46184377549711,77159.02082446679,False,-1.43444228895342,2695.8403879820225
1779796681.2930832,SELL_YES,140.44422889534025,0.5,0.49,0.0,-204.0816326530614,0.4660672091725435,77159.02082446679,False,-1.43444228895342,2697.2148302709757
1779796681.2959387,SELL_YES,140.44422889534025,0.5,0.49,0.0,-204.0816326530614,0.46965712779666197,77159.02082446679,False,-1.43444228895342,2698.589272559929
1779796681.2982275,SELL_YES,140.44422889534025,0.5,0.49,0.0,-204.0816326530614,0.47270855862716266,77159.02082446679,False,-1.43444228895342,2699.963714848883
1779796681.300575,SELL_YES,140.44422889534025,0.5,0.49,0.0,-204.0816326530614,0.4753022748330883,77159.02082446679,False,-1.43444228895342,2701.338157137836
1779796681.3631446,BUY_NO,325.1575611146141,0.51,0.51,0.0,0.0,0.467506933608125,77159.02082446679,False,0.0,2698.6613147610615
1779796681.3690662,SELL_YES,278.2024388853859,0.48999999999999994,0.49,1.1328806373726088e-12,1.1328806373726088e-12,0.4177565047186566,77159.02082446679,False,-5.594048777707769,2701.2781571378364
1779796681.3785157,SELL_YES,140.12,0.48,0.48,0.0,0.0,0.2700930290108582,77159.02082446679,False,-4.233600000000024,2705.3536027150776
1779796681.3904693,SELL_NO,642.4810994059105,0.4699999999999999,0.47,1.1810883240693154e-12,1.1810883240693154e-12,0.052786563274900666,77159.02082446679,False,-22.55600859332344,2672.281382327964
1779796681.3978238,BUY_YES,140.51250430800516,0.53,0.53,0.0,0.0,0.16578829196611578,77159.02082446679,False,0.0,2677.760374828872
1779796682.6761243,BUY_NO,468.54,0.5,0.5,0.0,0.0,0.4719495558967306,77159.02082446679,False,0.0,2670.7605034491776
1779796682.748759,SELL_YES,232.32904598980926,0.49,0.49,0.0,0.0,0.317657122512221,77159.02082446679,False,-7.486831005956276,2673.0926129892796
1779796683.1497934,SELL_NO,261.88,0.49000000000000005,0.49,-1.1328806373726088e-12,-1.1328806373726088e-12,0.05317787169160498,77159.02082446679,False,-2.6487999999999943,2667.82501298928
1779796683.1548114,BUY_YES,171.2387636665769,0.51,0.52,0.0,-192.30769230769246,0.11720119093786419,77159.02082446679,False,0.0,2663.3076006259457
1779796683.1576333,BUY_YES,250.74975544025668,0.51,0.52,0.0,-192.30769230769246,0.17162101229718452,77159.02082446679,False,0.0,2665.7850981803485
1779796683.1607294,BUY_YES,261.88,0.51,0.52,0.0,-192.30769230769246,0.21787786045260682,77159.02082446679,False,0.0,2668.373898180348
1779796683.705739,SELL_NO,185.69,0.48,0.48,0.0,0.0,0.10019618138471575,77159.02082446679,False,-3.7438000000000073,2641.827957416075
1779796685.1538994,SELL_YES,366.0309540101907,0.49,0.5,0.0,200.00000000000017,0.03913325894954289,77159.02082446679,False,-7.350619080203813,2651.39561825811
1779796685.1589725,BUY_NO,138.2777340891253,0.5,0.5,0.0,0.0,0.11526327010711146,77159.02082446679,False,0.0,2651.36561825811
1779796687.869362,SELL_YES,273.1222659108747,0.5,0.5,0.0,0.0,0.15009668429402212,77159.02082446679,False,-2.761222659108739,2651.33561825811
1779796696.8806362,BUY_NO,108.50997309618506,0.5,0.5,0.0,0.0,0.1750493762420664,77159.02082446679,False,0.0,2651.30561825811
1779796696.8844993,BUY_NO,180.77283289985965,0.5,0.5,0.0,0.0,0.22229196980575638,77159.02082446679,False,0.0,2651.2756182581097
1779796696.8871417,BUY_NO,242.19626373298328,0.5,0.5,0.0,0.0,0.262448174334893,77159.02082446679,False,0.0,2651.24561825811
1779796696.8896315,BUY_NO,294.40617994113825,0.5,0.51,0.0,-196.0784313725492,0.2965809481846591,77159.02082446679,False,0.0,2641.811441412375
1779796696.8927777,BUY_NO,338.78460871807,0.5,0.51,0.0,-196.0784313725492,0.3255938059569602,77159.02082446679,False,0.0,2638.3935953251944
1779796696.905136,SELL_NO,501.88,0.49,0.49,0.0,0.0,0.05425493582917951,77159.02082446679,False,-5.0488,2653.9100411910263
1779796696.907461,SELL_NO,501.88,0.49,0.48,0.0,-208.33333333333354,0.11811669545480252,77159.02082446679,False,-5.0488,2646.5968641239424
1779796701.6244671,SELL_NO,320.15759247736173,0.48,0.48,0.0,0.0,0.015399191136582058,77159.02082446679,False,-6.433151849547244,2633.760560424848
1779796701.6344726,BUY_NO,157.42631978327722,0.51,0.51,0.0,0.0,0.1003990844038194,77159.02082446679,False,0.0,2631.9234930047555
1779796701.6390512,BUY_NO,246.7087701415534,0.51,0.51,0.0,0.0,0.15733922174324655,77159.02082446679,False,0.0,2626.9593176019243
1779796701.643429,BUY_NO,322.5988529460881,0.51,0.51,0.0,0.0,0.2057383384817596,77159.02082446679,False,0.0,2620.4773405430024
1779796701.6465857,BUY_NO,387.10542332994254,0.51,0.52,0.0,-192.30769230769246,0.24687758770949564,77159.02082446679,False,0.0,2602.013991406253
1779796701.7719882,SELL_NO,105.53240752263827,0.48,0.48,0.0,0.0,0.011323801447905901,77159.02082446679,False,-3.1959722256791494,2640.5276577859513
1779796701.7776208,SELL_NO,897.23,0.47000000000000003,0.47,-1.1810883240693154e-12,-1.1810883240693154e-12,0.050178286543620276,77159.02082446679,False,-35.91919999999999,2596.2997743808755
1779796709.4217303,BUY_NO,138.75852007306048,0.5,0.5,0.0,0.0,0.16547065143800543,77159.02082446679,False,0.0,2594.278924596102
1779796710.3969977,BUY_NO,125.3306058626834,0.5,0.5,0.0,0.0,0.25552754566395897,77159.02082446679,False,0.0,2594.248924596102
1779796711.6053965,BUY_NO,119.82289087947908,0.5,0.5,0.0,0.0,0.34600460398087884,77159.02082446679,False,0.0,2594.2189245961017
1779796712.2479126,BUY_NO,112.63612055637623,0.5,0.5,0.0,0.0,0.4356922061391584,77159.02082446679,False,0.0,2594.1889245961015
1779796712.2506833,BUY_NO,123.99693146691436,0.5,0.5,0.0,0.0,0.4438383752182846,77159.02082446679,False,0.0,2594.1589245961013
1779796712.2534,BUY_NO,133.6536207408717,0.5,0.5,0.0,0.0,0.4507626189355419,77159.02082446679,False,0.0,2594.128924596101
1779796712.2562041,BUY_NO,141.86180662373545,0.5,0.51,0.0,-196.0784313725492,0.4566482260952106,77159.02082446679,False,0.0,2584.4747030391454
1779796712.2872448,BUY_NO,148.8387646241698,0.5,0.51,0.0,-196.0784313725492,0.4616509921809291,77159.02082446679,False,0.0,2582.956315392904
1779796712.289978,BUY_NO,154.76917892453878,0.5,0.51,0.0,-196.0784313725492,0.4659033433537897,77159.02082446679,False,0.0,2581.3786236036585
1779796714.4888864,SELL_NO,335.49,0.48999999999999994,0.49,1.1328806373726088e-12,1.1328806373726088e-12,0.05586060831741185,77159.02082446679,False,-3.669205471616351,2599.959425588544
1779796800.6317613,SELL_NO,123.08,0.49,0.49,0.0,0.0,0.06208981073033737,77101.50779515722,False,-1.365102117638493,2597.4678255885437
1779796800.6372037,SELL_NO,123.08,0.49,0.49,0.0,0.0,0.12477633912078678,77101.50779515722,False,-1.365102117638493,2594.976225588544
1779796800.6472197,SELL_NO,278.69,0.48,0.49,0.0,204.0816326530614,0.1680598882526687,77101.50779515722,False,-5.839971247681774,2586.585525588544
1779796800.64917,BUY_YES,123.08,0.51,0.51,0.0,0.0,0.2233509050147684,77101.50779515722,False,0.0,2578.441723603658
1779796800.6550448,BUY_YES,163.10781492144065,0.53,0.51,0.0,392.1568627450984,0.2418482692625531,77101.50779515722,False,0.0,2575.1495673052295
1779796800.6569555,BUY_YES,113.08,0.51,0.51,0.0,0.0,0.2945710288731701,77101.50779515722,False,0.0,2575.1195673052293
1779796800.750486,SELL_NO,263.69,0.48,0.48,0.0,0.0,0.3123853745421945,77101.50779515722,False,-5.5272597448821585,2564.7346358349146
1779796800.7667508,BUY_YES,102.14737829434966,0.52,0.53,0.0,-188.67924528301904,0.427051507955167,77101.50779515722,False,0.0,2578.589495401716
1779796800.7685843,BUY_YES,110.38601485390427,0.52,0.53,0.0,-188.67924528301904,0.4334937817618919,77101.50779515722,False,0.0,2579.663355550255
1779796800.7703533,BUY_YES,117.38885592952545,0.52,0.53,0.0,-188.67924528301904,0.438969714497608,77101.50779515722,False,0.0,2580.80724410955
1779796800.772558,BUY_YES,123.34127084380361,0.52,0.53,0.0,-188.67924528301904,0.44362425732296673,77101.50779515722,False,0.0,2582.010656817988
1779796800.7753432,BUY_YES,128.4008235209401,0.52,0.53,0.0,-188.67924528301904,0.4475806187245217,77101.50779515722,False,0.0,2583.2646650531974
1779796800.7862551,SELL_NO,149.79218507855933,0.47000000000000003,0.47,-1.1810883240693154e-12,-1.1810883240693154e-12,0.44094352591584346,77101.50779515722,False,-4.650704471022607,2523.911210401303
1779796800.8706408,SETTLE_YES,1025.6474575497318,1.0,1.0,0.0,0.0,0.0,77101.50779515722,True,493.45845446651447,3047.93505982637
1779796800.8706408,SETTLE_NO,36.92321335149245,0.0,0.0,0.0,0.0,0.0,77101.50779515722,False,-18.52289664440546,3047.93505982637
1779796801.3383143,BUY_NO,896.0929075889527,0.5,0.5,0.0,0.0,0.49,77102.14760546226,False,0.0,3047.90505982637
1779796801.984973,SELL_NO,174.29,0.49,0.49,0.0,0.0,0.045168793749999936,77102.14760546226,False,-1.772900000000007,3053.3501889022596
1779796803.585661,BUY_YES,169.29,0.51,0.51,0.0,0.0,0.17180102298729671,77102.14760546226,False,0.0,3038.88413075048
1779796803.800286,SELL_YES,169.29,0.5,0.5,0.0,0.0,0.0774301967579265,77102.14760546226,False,-1.7228999999999957,3044.3792598263694
1779796805.2000623,SELL_NO,173.6,0.49,0.49,0.0,0.0,0.015910057049681292,77102.14760546226,False,-1.7660000000000053,3048.095288902259
1779796806.8194125,BUY_NO,122.32944077618129,0.5,0.5,0.0,0.0,0.4036659376012124,77102.14760546226,False,0.0,3042.5832598263696
1779796823.3472764,BUY_YES,176.72,0.51,0.51,0.0,0.0,0.19155889098699985,77102.14760546226,False,0.0,3035.847936342718
1779796823.5069351,SELL_YES,176.72,0.5,0.5,0.0,0.0,0.06529639607260879,77102.14760546226,False,-1.7972000000000037,3040.7560598263694
1779796829.4831886,BUY_YES,141.90448647231443,0.51,0.51,0.0,0.0,0.08738264952212849,77102.14760546226,False,0.0,3034.0207363427185
1779796829.696669,SELL_YES,141.90448647231443,0.5,0.5,0.0,0.0,0.0656160357202622,77102.14760546226,False,-1.4490448647231489,3039.2770149616463
1779796842.9841979,BUY_NO,102.0059188068816,0.5,0.5,0.0,0.0,0.476168127435855,77102.14760546226,False,0.0,3039.2470149616465
1779796844.0370967,SELL_NO,242.11,0.49,0.49,0.0,0.0,0.05100884719002219,77102.14760546226,False,-2.4510999999999967,3042.100197633367
1779796844.810616,SELL_NO,242.11,0.49,0.49,0.0,0.0,0.042015341962063246,77102.14760546226,False,-2.4510999999999967,3037.227997633367
1779796844.814181,BUY_YES,128.58804298821133,0.51,0.52,0.0,-192.30769230769246,0.07729437430203878,77102.14760546226,False,0.0,3029.8343300480888
1779796845.043502,SELL_YES,128.58804298821133,0.5,0.5,0.0,0.0,0.072904814566777,77102.14760546226,False,-1.3158804298821138,3032.9989345317645
1779796845.6441963,BUY_NO,115.83690418152617,0.5,0.5,0.0,0.0,0.23317040703862513,77102.14760546226,False,0.0,3032.9689345317647
1779796845.657884,SELL_NO,242.11,0.49,0.49,0.0,0.0,0.03588297377740424,77102.14760546226,False,-2.4510999999999967,3032.1382862453
1779796845.6889684,SELL_NO,162.04517135354172,0.49,0.49,0.0,0.0,0.03417544855417454,77102.14760546226,False,-1.6504517135354178,3028.867382818229
1779796846.108091,BUY_NO,189.1071625576057,0.5,0.5,0.0,0.0,0.10405823841960893,77102.14760546226,False,0.0,3028.8373828182293
1779796846.569018,BUY_YES,232.58,0.51,0.51,0.0,0.0,0.26752702683180585,77102.14760546226,False,0.0,3026.9163111926528
1779796846.6600742,SELL_NO,189.1071625576057,0.49,0.49,0.0,0.0,0.11835753535308269,77102.14760546226,False,-1.9210716255760616,3022.234711192653
1779796846.8990803,SELL_YES,232.58,0.5,0.5,0.0,0.0,0.043236680707397834,77102.14760546226,False,-2.355800000000002,3024.530511192653
1779796847.077152,BUY_YES,232.58,0.51,0.51,0.0,0.0,0.20157451094958123,77102.14760546226,False,0.0,3024.5005111926534
1779796847.4929152,BUY_NO,103.12209572604989,0.5,0.5,0.0,0.0,0.059145553463088474,77102.14760546226,False,0.0,3022.1447111926536
1779796847.5158753,BUY_NO,103.33890646770102,0.5,0.5,0.0,0.0,0.12055580501184737,77102.14760546226,False,0.0,3022.114711192654
1779796847.715181,SELL_YES,232.58,0.5,0.5,0.0,0.0,0.028972434260070234,77102.14760546226,False,-2.355800000000002,3022.0847111926537
1779796848.3966053,BUY_YES,232.58,0.51,0.51,0.0,0.0,0.1508053573578657,77102.14760546226,False,0.0,3019.990101170716
1779796848.6549387,SELL_YES,232.58,0.5,0.5,0.0,0.0,0.019793129308942115,77102.14760546226,False,-2.355800000000002,3019.6989111926537
1779796849.3293223,BUY_YES,232.58,0.51,0.51,0.0,0.0,0.23362068337041464,77102.14760546226,False,0.0,3017.604301170716
1779796849.6547124,SELL_YES,232.58,0.5,0.5,0.0,0.0,0.03946519782514424,77102.14760546226,False,-2.355800000000002,3017.3131111926537
1779796849.6619518,SELL_NO,206.46100219375091,0.49,0.49,0.0,0.0,0.029954581848627426,77102.14760546226,False,-2.0946100219375126,3015.218501170716
1779796850.0116396,BUY_NO,193.772078547121,0.5,0.5,0.0,0.0,0.10710781461436669,77102.14760546226,False,0.0,3015.1885011707163
1779796850.3764126,BUY_YES,198.46762541415166,0.51,0.51,0.0,0.0,0.113301163349952,77102.14760546226,False,0.0,3013.2207803852452
1779796850.4422975,SELL_NO,193.772078547121,0.49,0.49,0.0,0.0,0.09011009052034025,77102.14760546226,False,-1.967720785471215,3009.221427876962
1779796850.740418,BUY_NO,111.20028889643616,0.5,0.5,0.0,0.0,0.06364545959905432,77102.14760546226,False,0.0,3011.1761041311033
1779796850.9238431,SELL_YES,198.46762541415166,0.5,0.5,0.0,0.0,0.026321239117915063,77102.14760546226,False,-2.01467625414152,3011.1461041311036
1779796864.090234,BUY_NO,198.4053143272518,0.5,0.5,0.0,0.0,0.17459019272415977,77102.14760546226,False,0.0,3011.116104131104
1779796864.0941112,BUY_NO,282.3040506657139,0.5,0.5,0.0,0.0,0.22190166381553578,77102.14760546226,False,0.0,3011.0861041311036
1779796864.0959485,BUY_NO,353.61797655340683,0.5,0.5,0.0,0.0,0.26211641424320553,77102.14760546226,False,0.0,3011.056104131104
1779796864.0973773,BUY_NO,414.2348135579455,0.5,0.5,0.0,0.0,0.29629895210672463,77102.14760546226,False,0.0,3011.0261041311037
1779796864.117403,SELL_NO,241.58,0.49,0.49,0.0,0.0,0.06954703263183903,77102.14760546226,False,-2.4458000000000055,3019.762128571111
1779796864.1248968,BUY_YES,183.4621904696512,0.51,0.52,0.0,-192.30769230769246,0.13111497773706315,77102.14760546226,False,0.0,2988.0212771557854
1779796864.1362307,BUY_YES,241.58,0.51,0.52,0.0,-192.30769230769246,0.18344773107650358,77102.14760546226,False,0.0,2990.4070771557854
1779796868.67067,SELL_NO,247.86,0.49,0.49,0.0,0.0,0.2579059189535713,77102.14760546226,False,-2.5086000000000013,3006.2140847617184
1779796868.91242,SELL_NO,185.12,0.48000000000000004,0.48,-1.1564823173178715e-12,-1.1564823173178715e-12,0.13422003111053554,77102.14760546226,False,-3.7323999999999984,3003.2320872970295
1779796869.1134086,SELL_NO,182.23,0.4699999999999999,0.47,1.1810883240693154e-12,1.1810883240693154e-12,0.027587026443955,77102.14760546226,False,-5.496900000000011,2994.869889832341
1779796869.374439,SELL_YES,425.04219046965125,0.5,0.5,0.0,0.0,0.024551027522638214,77102.14760546226,False,-4.28042190469651,2992.5019822264076
1779796871.2228491,BUY_NO,125.58763684274561,0.5,0.5,0.0,0.0,0.38219413034413885,77102.14760546226,False,0.0,2992.471982226408
1779796872.8181603,BUY_NO,103.29321443679191,0.5,0.5,0.0,0.0,0.45543990820609603,77102.14760546226,False,0.0,2992.4419822264076
1779796874.3304164,SELL_NO,567.0,0.45999999999999996,0.45999999999999996,0.0,0.0,0.02112878442662869,77102.14760546226,False,-22.70999999999998,2976.3261140376194
1779796875.2659788,BUY_NO,185.6205245562963,0.5,0.5,0.0,0.0,0.20230732997439715,77102.14760546226,False,0.0,2969.7019822264074
1779796875.7390954,BUY_NO,122.58783579257522,0.5,0.5,0.0,0.0,0.28214204590650194,77102.14760546226,False,0.0,2969.6719822264076
1779796882.3192306,SELL_NO,473.0616556291632,0.44999999999999996,0.44999999999999996,0.0,0.0,0.014344814504277048,77102.14760546226,False,-23.683082781458182,2945.9888994449493
1779796882.4957707,BUY_NO,158.17463049421258,0.5,0.5,0.0,0.0,0.0894858715206599,77102.14760546226,False,0.0,2945.958899444949
1779796882.4978826,BUY_NO,264.3665463856029,0.5,0.5,0.0,0.0,0.14956299079256086,77102.14760546226,False,0.0,2945.9288994449494
1779796882.5032725,BUY_NO,346.09859790193974,0.5,0.51,0.0,-196.0784313725492,0.20062854217367676,77102.14760546226,False,0.0,2938.2125016971313
1779796882.5070395,BUY_NO,346.09859790193974,0.5,0.51,0.0,-196.0784313725492,0.24403426084762525,77102.14760546226,False,0.0,2934.7215157181117
1779796882.5101583,BUY_NO,346.09859790193974,0.5,0.51,0.0,-196.0784313725492,0.28092912172048146,77102.14760546226,False,0.0,2931.230529739092
1779796882.5133622,BUY_NO,346.09859790193974,0.5,0.51,0.0,-196.0784313725492,0.3122897534624093,77102.14760546226,False,0.0,2927.739543760073
1779796882.5162795,BUY_NO,346.09859790193974,0.5,0.51,0.0,-196.0784313725492,0.3389462904430478,77102.14760546226,False,0.0,2924.248557781054
1779796882.519059,BUY_NO,346.09859790193974,0.5,0.51,0.0,-196.0784313725492,0.3616043468765907,77102.14760546226,False,0.0,2920.7575718020344
1779796882.5225976,BUY_NO,346.09859790193974,0.5,0.51,0.0,-196.0784313725492,0.3808636948451021,77102.14760546226,False,0.0,2917.266585823015
1779796882.5260508,BUY_NO,346.09859790193974,0.5,0.51,0.0,-196.0784313725492,0.39723414061833673,77102.14760546226,False,0.0,2913.775599843995
1779796882.5290751,BUY_NO,346.09859790193974,0.5,0.51,0.0,-196.0784313725492,0.41114901952558625,77102.14760546226,False,0.0,2910.284613864976
1779796882.5322857,BUY_NO,346.09859790193974,0.5,0.51,0.0,-196.0784313725492,0.42297666659674826,77102.14760546226,False,0.0,2906.793627885957
1779796882.5352552,BUY_NO,346.09859790193974,0.5,0.51,0.0,-196.0784313725492,0.43303016660723603,77102.14760546226,False,0.0,2903.3026419069374
1779796882.5380938,BUY_NO,346.09859790193974,0.5,0.51,0.0,-196.0784313725492,0.4415756416161507,77102.14760546226,False,0.0,2899.811655927918
1779796882.5407522,BUY_NO,346.09859790193974,0.5,0.51,0.0,-196.0784313725492,0.448839295373728,77102.14760546226,False,0.0,2896.3206699488987
1779796882.5433917,BUY_NO,346.09859790193974,0.5,0.51,0.0,-196.0784313725492,0.45501340106766885,77102.14760546226,False,0.0,2892.829683969879
1779796882.5456536,BUY_NO,346.09859790193974,0.5,0.51,0.0,-196.0784313725492,0.4602613909075185,77102.14760546226,False,0.0,2889.33869799086
1779796882.584455,SELL_NO,347.9383443708368,0.44999999999999996,0.44999999999999996,0.0,0.0,0.012297715794772457,77102.14760546226,False,-17.42691721854186,3191.3560722783113
1779796882.5877216,SELL_NO,347.9383443708368,0.44999999999999996,0.43999999999999995,0.0,-227.27272727272748,0.07645305842555661,77102.14760546226,False,-17.42691721854186,3205.7136724079
1779796882.5911057,SELL_NO,347.9383443708368,0.44999999999999996,0.43999999999999995,0.0,-227.27272727272748,0.13098509966172311,77102.14760546226,False,-17.42691721854186,3167.410454527108
1779796882.594294,SELL_NO,347.9383443708368,0.44999999999999996,0.43999999999999995,0.0,-227.27272727272748,0.1773373347124646,77102.14760546226,False,-17.42691721854186,3129.107236646316
1779796882.5976303,SELL_NO,347.9383443708368,0.44999999999999996,0.43999999999999995,0.0,-227.27272727272748,0.21673673450559483,77102.14760546226,False,-17.42691721854186,3090.804018765524
1779796882.6009479,SELL_NO,347.9383443708368,0.44999999999999996,0.43999999999999995,0.0,-227.27272727272748,0.2502262243297555,77102.14760546226,False,-17.42691721854186,3052.5008008847317
1779796882.6041734,SELL_NO,347.9383443708368,0.44999999999999996,0.43999999999999995,0.0,-227.27272727272748,0.2786922906802921,77102.14760546226,False,-17.42691721854186,3014.19758300394
1779796882.6071436,SELL_NO,347.9383443708368,0.44999999999999996,0.43999999999999995,0.0,-227.27272727272748,0.30288844707824825,77102.14760546226,False,-17.42691721854186,2975.894365123148
1779796882.610069,SELL_NO,347.9383443708368,0.44999999999999996,0.43999999999999995,0.0,-227.27272727272748,0.32345518001651097,77102.14760546226,False,-17.42691721854186,2937.591147242356
1779796882.6129467,SELL_NO,347.9383443708368,0.44999999999999996,0.43999999999999995,0.0,-227.27272727272748,0.34093690301403423,77102.14760546226,False,-17.42691721854186,2899.287929361564
1779796882.6156673,SELL_NO,347.9383443708368,0.44999999999999996,0.43999999999999995,0.0,-227.27272727272748,0.355796367561929,77102.14760546226,False,-17.42691721854186,2860.9847114807717
1779796882.618354,SELL_NO,347.9383443708368,0.44999999999999996,0.43999999999999995,0.0,-227.27272727272748,0.3684269124276396,77102.14760546226,False,-17.42691721854186,2822.6814935999796
1779796882.6214972,SELL_NO,347.9383443708368,0.44999999999999996,0.43999999999999995,0.0,-227.27272727272748,0.3791628755634936,77102.14760546226,False,-17.42691721854186,2784.3782757191875
1779796882.6242414,SELL_NO,347.9383443708368,0.44999999999999996,0.43999999999999995,0.0,-227.27272727272748,0.38828844422896946,77102.14760546226,False,-17.42691721854186,2746.0750578383954
1779796882.6269076,SELL_NO,347.9383443708368,0.44999999999999996,0.43999999999999995,0.0,-227.27272727272748,0.396045177594624,77102.14760546226,False,-17.42691721854186,2707.7718399576033
1779796882.6292124,SELL_NO,347.9383443708368,0.44999999999999996,0.43999999999999995,0.0,-227.27272727272748,0.4024730873642993,77102.14760546226,False,-17.42691721854186,2669.4686220768112
1779796882.6698864,BUY_YES,388.91415991310214,0.56,0.56,0.0,0.0,0.24170310344424217,77102.14760546226,False,0.0,2663.797825819748
1779796882.6737483,BUY_YES,197.82980291333172,0.56,0.56,0.0,0.0,0.12294763792760577,77102.14760546226,False,0.0,2663.7678258197484
1779796882.6832285,BUY_NO,103.36,0.51,0.51,0.0,0.0,0.1287171270790528,77102.14760546226,False,0.0,2634.683759452203
1779796882.6866624,BUY_NO,103.36,0.51,0.52,0.0,-192.30769230769246,0.18140955801719483,77102.14760546226,False,0.0,2635.9167327257123
1779796882.6900892,BUY_NO,103.36,0.51,0.52,0.0,-192.30769230769246,0.2261981243146156,77102.14760546226,False,0.0,2632.7859327257124
1779796882.693253,BUY_NO,103.36,0.51,0.52,0.0,-192.30769230769246,0.2642684056674234,77102.14760546226,False,0.0,2629.655132725713
1779796882.6964126,BUY_NO,103.36,0.51,0.52,0.0,-192.30769230769246,0.2966281448173098,77102.14760546226,False,0.0,2626.524332725713
1779796882.7613835,SELL_YES,280.12,0.4799999999999999,0.48,1.1564823173178715e-12,1.1564823173178715e-12,0.3141339230947133,77102.14760546226,False,-22.43960000000004,2625.5768396316766
1779796882.8394628,SELL_YES,220.23,0.47,0.47,0.0,0.0,0.3275138346305063,77102.14760546226,False,-19.850700000000018,2628.1186663581675
1779796921.061337,BUY_NO,100.82400064217529,0.5,0.5,0.0,0.0,0.48399513659365645,77102.14760546226,False,0.0,2613.766286178695
1779796921.0753598,SELL_NO,492.86,0.49,0.49,0.0,0.0,0.047833183544231384,77102.14760546226,False,-8.79095490749927,2609.6614529116073
1779796921.0817506,BUY_YES,138.98917881483354,0.51,0.52,0.0,-192.30769230769246,0.1677594751107071,77102.14760546226,False,0.0,2608.4600445010174
1779796922.8568401,SELL_NO,171.7706361176995,0.48000000000000004,0.48,-1.1564823173178715e-12,-1.1564823173178715e-12,0.05759555384410103,77102.14760546226,False,-4.801057814854758,2599.414718835367
1779796930.1701424,BUY_NO,106.34099277220189,0.5,0.5,0.0,0.0,0.07114354365799269,77102.14760546226,False,0.0,2603.8923816681922
1779796930.1845732,BUY_NO,200.2531226147489,0.5,0.5,0.0,0.0,0.13397201210929377,77102.14760546226,False,0.0,2603.8623816681925
1779796932.3387973,SELL_YES,225.3831416412674,0.5,0.5,0.0,0.0,0.04037621029289973,77102.14760546226,False,-6.603529557734362,2603.8323816681923
1779796932.3435323,SELL_NO,250.89,0.49,0.49,0.0,0.0,0.029180221251035254,77102.14760546226,False,-2.538899999999998,2601.850522822062
1779796932.3542838,BUY_YES,117.95769639991641,0.51,0.52,0.0,-192.30769230769246,0.24466925786942306,77102.14760546226,False,0.0,2601.328976324453
1779796932.3555567,BUY_YES,167.49313145429943,0.51,0.52,0.0,-192.30769230769246,0.27996886918900954,77102.14760546226,False,0.0,2602.973907638996
1779796932.356653,BUY_YES,209.59825125052487,0.51,0.52,0.0,-192.30769230769246,0.30997353881065803,77102.14760546226,False,0.0,2605.039890151501
1779796933.7406638,SELL_YES,495.0490791047407,0.5,0.5,0.0,0.0,0.07748154189965561,77102.14760546226,False,-4.9804907910474014,2596.222990877145
1779796933.7505672,BUY_YES,107.90639862234876,0.51,0.51,0.0,0.0,0.06999458597749875,77102.14760546226,False,0.0,2595.635949723276
1779796933.7594805,BUY_YES,142.9836013776512,0.51,0.51,0.0,0.0,0.18377108836874279,77102.14760546226,False,0.0,2595.605949723276
1779796933.763262,BUY_YES,142.9836013776512,0.51,0.52,0.0,-192.30769230769246,0.22820542511343134,77102.14760546226,False,0.0,2598.9576445831826
1779796933.778101,BUY_YES,96.56424862172264,0.52,0.52,0.0,0.0,0.344718561346527,77102.14760546226,False,0.0,2598.9276445831824
