timestamp,spot_price,strike,model_prob,implied_prob,kelly_size,status
1779890115.9119692,74843.87612210531,74888.68324690188,0.3851655490336631,0.445,140.9564790970177,BUY_NO
1779890120.6189291,74853.10042765252,74888.68324690188,0.3670666798451913,0.445,99.57,BUY_NO
1779890121.909882,74851.41986483862,74888.68324690188,0.3659854376097404,0.46499999999999997,95.0,BUY_NO
1779890123.348005,74850.66706223598,74888.68324690188,0.3629910018315531,0.475,104.44704968893586,BUY_NO
1779890125.8908076,74843.76299768571,74888.68324690188,0.3560444554921422,0.485,96.15664058680011,BUY_NO
1779890133.459395,74849.83596632007,74888.68324690188,0.3369477190236592,0.485,114.413863795912,BUY_NO
1779890192.1844823,74819.19475148882,74888.68324690188,0.21927210614522474,0.365,100.91669125878809,BUY_NO
1779890204.7643988,74847.2066379188,74888.68324690188,0.2680681913190113,0.45999999999999996,110.0,BUY_NO
1779890254.990334,74919.9073296098,74888.68324690188,0.44884298059369154,0.835,293.0,BUY_NO
1779890255.012575,74919.9073296098,74888.68324690188,0.44879980823591864,0.825,452.0,BUY_NO
1779890257.264233,74930.23826877023,74888.68324690188,0.4642385902218385,0.8049999999999999,310.0,BUY_NO
1779890258.1364532,74930.23826877023,74888.68324690188,0.4711237946149355,0.8,265.0,BUY_NO
1779890298.085032,74873.50950544233,74888.68324690188,0.607179039964634,0.545,112.5,BUY_YES
1779890298.0910063,74873.50950544233,74888.68324690188,0.607193914781764,0.545,316.21,SELL_NO
1779890298.097261,74873.50950544233,74888.68324690188,0.6072231463292589,0.545,450.02,SELL_NO
1779890298.1037073,74873.50950544233,74888.68324690188,0.6072505729970026,0.545,460.76,SELL_NO
1779890298.7572439,74873.47754222115,74888.68324690188,0.6019754914667705,0.545,215.8,SELL_NO
1779890298.909107,74873.47754222115,74888.68324690188,0.6009865679997637,0.545,142.82,SELL_NO
1779890298.9149082,74873.47754222115,74888.68324690188,0.6009715269615549,0.545,336.0,SELL_NO
1779890298.9199724,74873.47754222115,74888.68324690188,0.6009960485149664,0.545,259.850724427454,SELL_NO
1779890315.0958264,74908.64744555765,74888.68324690188,0.5770898577110354,0.605,112.5,SELL_YES
1779890318.041568,74915.27892299736,74888.68324690188,0.5922549657254806,0.715,170.0,BUY_NO
1779890320.0928743,74922.61207119642,74888.68324690188,0.5987963594457213,0.715,193.69,BUY_NO
1779890366.6797373,74921.28202564089,74888.68324690188,0.6516530267981513,0.785,249.8,BUY_NO
1779890369.1763687,74925.39180563959,74888.68324690188,0.6698138005131969,0.825,284.53,BUY_NO
1779890376.3328948,74926.5035518619,74888.68324690188,0.720873871494859,0.885,454.17,BUY_NO
1779890387.6048892,74922.53363429788,74922.53363429788,0.18201503990759682,0.535,112.47,BUY_NO
1779890395.2116709,74931.28925967099,74922.53363429788,0.2564561792854803,0.53,170.01,BUY_NO
1779890395.2227721,74931.28925967099,74922.53363429788,0.256483388560496,0.53,170.01,BUY_NO
1779890396.9819572,74931.26203000004,74922.53363429788,0.2672632792322689,0.525,160.05,BUY_NO
1779890398.0406556,74931.26203000004,74922.53363429788,0.27547826497064815,0.525,130.85,BUY_NO
1779890399.4096413,74931.21635272783,74922.53363429788,0.2856905012163508,0.525,130.85,BUY_NO
1779890401.4780161,74930.93150189178,74922.53363429788,0.30102122656998515,0.525,112.47,BUY_NO
1779890503.6666338,75063.52349731425,74922.53363429788,0.7973683045135734,0.775,759.0756985349097,SELL_NO
1779890505.5011933,75064.27895545702,74922.53363429788,0.802862601514948,0.765,131.99503768717645,BUY_YES
1779890505.8963282,75064.27895545702,74922.53363429788,0.8036936358426119,0.76,227.6343014650903,SELL_NO
1779890506.3001451,75055.13885,74922.53363429788,0.8049188101350966,0.75,85.02157964137902,BUY_YES
1779890508.3834593,75056.48894640275,74922.53363429788,0.8106722866613283,0.745,107.29,BUY_YES
1779890511.6128929,75052.3246500376,74922.53363429788,0.8192239884297765,0.745,66.73100414450533,BUY_YES
1779895437.8081157,75063.63676580951,75063.63676580951,0.3795542762344464,0.895,2027.12,BUY_NO
1779895438.4201546,75063.63676580951,75063.63676580951,0.3755733405953434,0.895,1768.31,BUY_NO
1779895438.52218,75063.63676580951,75063.63676580951,0.37497514205255295,0.895,564.52,BUY_NO
1779895438.9030063,75063.63676580951,75063.63676580951,0.3733820346558355,0.895,756.2540986983058,BUY_NO
1779895439.1791747,75063.63676580951,75063.63676580951,0.3724351349998091,0.895,391.0376214730608,SELL_YES
1779899405.0822566,75063.63676580951,75063.63676580951,0.3823331484654555,0.895,1331.8169097841028,BUY_NO
1779899418.1124167,74951.03207928428,74971.63705942105,0.252881138461555,0.315,318.01,BUY_NO
1779899424.4464593,74954.29043507874,74971.63705942105,0.2764166852103395,0.35,90.52,BUY_NO
1779899424.5300543,74963.45957990883,74971.63705942105,0.27701980365767054,0.365,120.0,BUY_NO
1779899427.2211957,74950.2770276192,74971.63705942105,0.29240451391260114,0.44,110.29,BUY_NO
1779899427.2269294,74950.2770276192,74971.63705942105,0.29238444511926454,0.44,108.24316293112417,BUY_NO
1779899428.1110203,74949.64405766396,74971.63705942105,0.2931696678147492,0.425,94.59,BUY_NO
1779899428.542888,74949.64405766396,74971.63705942105,0.2942589441284883,0.45499999999999996,115.0,BUY_NO
1779899428.6222248,74949.64405766396,74971.63705942105,0.29412146436960096,0.45999999999999996,115.0,BUY_NO
1779899474.3966446,74950.29808236181,74971.63705942105,0.42229495288282504,0.395,212.0,SELL_NO
1779899475.512162,74952.1184291201,74971.63705942105,0.4242621847460935,0.365,155.81,SELL_NO
1779899475.530993,74952.1184291201,74971.63705942105,0.42425744037005053,0.365,132.45,SELL_NO
1779899475.5410154,74952.1184291201,74971.63705942105,0.4243078161816564,0.365,147.16,SELL_NO
1779899475.5509064,74952.1184291201,74971.63705942105,0.4244140285538765,0.365,115.0,SELL_NO
1779899475.5745592,74952.1184291201,74971.63705942105,0.42461951832969913,0.365,115.0,SELL_NO
1779899475.624015,74952.1184291201,74971.63705942105,0.42485821754539244,0.365,115.0,SELL_NO
1779899477.7786183,74944.67921731432,74971.63705942105,0.4256051116907155,0.32999999999999996,200.0,BUY_YES
1779899478.079555,74944.0463835927,74971.63705942105,0.4258746508721261,0.32999999999999996,79.23316293112418,SELL_NO
1779899478.3277717,74944.0463835927,74971.63705942105,0.42549985189518374,0.32,195.0,BUY_YES
1779899478.7804704,74944.0463835927,74971.63705942105,0.4249478318269352,0.315,189.81,BUY_YES
1779899495.9167807,74956.20614129116,74971.63705942105,0.4498366220254625,0.325,151.57382445799863,BUY_YES
1779899569.4404948,75016.60304308552,74971.63705942105,0.6429362318225332,0.865,477.90999999999997,SELL_YES
1779899569.4568808,75016.60304308552,74971.63705942105,0.6430052984488931,0.865,605.76,BUY_NO
1779899569.4665918,75016.60304308552,74971.63705942105,0.6429037644732483,0.865,258.4738244579986,SELL_YES
1779899574.2027948,75019.70231515403,74971.63705942105,0.6382549221835903,0.835,295.96,BUY_NO
1779899574.3506336,75019.70231515403,74971.63705942105,0.6386793458658102,0.835,315.71,BUY_NO
1779899574.356847,75019.70231515403,74971.63705942105,0.6386629658411235,0.835,390.52,BUY_NO
1779899574.6545007,75019.70231515403,74971.63705942105,0.6390879166672185,0.835,304.32,BUY_NO
1779899576.175551,75019.78139328568,74971.63705942105,0.6422964643328857,0.85,419.64,BUY_NO
1779899580.5231767,75020.28611658826,74971.63705942105,0.6497395278594117,0.865,366.56,BUY_NO
1779899601.5132976,74997.83208092352,74971.63705942105,0.6645711592961869,0.885,421.17,BUY_NO
1779899605.7481503,74997.9884297296,74971.63705942105,0.6589825573327293,0.895,465.24,BUY_NO
1779899612.0807686,74999.6006517153,74971.63705942105,0.653704442347797,0.895,464.9137897516953,BUY_NO
1779899668.0256157,74941.98840695346,74971.63705942105,0.5287594502059418,0.025,241.17,SELL_NO
1779899668.0967512,74941.98840695346,74971.63705942105,0.52793934492959,0.025,61.0,SELL_NO
1779899668.1058097,74941.98840695346,74971.63705942105,0.5278515656122389,0.025,269.53,SELL_NO
1779899668.1134048,74941.98840695346,74971.63705942105,0.527795585146623,0.025,126.55,SELL_NO
1779899668.1214418,74941.98840695346,74971.63705942105,0.5277500076946376,0.025,284.92,SELL_NO
1779899668.126652,74941.98840695346,74971.63705942105,0.5277241811208792,0.025,840.71,SELL_NO
1779899668.1926477,74941.98840695346,74971.63705942105,0.5272977001317305,0.025,80.00000000000003,SELL_NO
1779899668.2504458,74941.98840695346,74971.63705942105,0.5268346796735695,0.025,553.34,SELL_NO
1779899668.2589612,74941.98840695346,74971.63705942105,0.5268492898014792,0.025,752.0,SELL_NO
1779899668.2654774,74941.98840695346,74971.63705942105,0.5268638514682776,0.025,311.0,BUY_YES
1779899668.273105,74941.98840695346,74971.63705942105,0.5268736268564354,0.025,599.0,BUY_YES
1779899668.2792435,74941.98840695346,74971.63705942105,0.5268820290574401,0.025,714.0,BUY_YES
1779899668.286721,74941.98840695346,74971.63705942105,0.5268889281808632,0.025,327.84,BUY_YES
1779899668.2926462,74941.98840695346,74971.63705942105,0.5268854214257133,0.025,583.0,BUY_YES
1779899668.2990007,74941.98840695346,74971.63705942105,0.526879582441483,0.025,299.0,BUY_YES
1779899668.306849,74941.98840695346,74971.63705942105,0.5268651489520231,0.025,299.0,BUY_YES
1779899668.3121421,74941.98840695346,74971.63705942105,0.526852196169448,0.025,309.0,BUY_YES
1779899668.320538,74941.98840695346,74971.63705942105,0.526828278002778,0.025,763.4200000000001,SELL_NO
1779899668.3251355,74941.98840695346,74971.63705942105,0.5268138219845508,0.025,77.1537897516946,SELL_NO
1779899677.2040522,74939.13456840812,74971.63705942105,0.4552357869180428,0.125,387.77,BUY_YES
1779899679.1439147,74939.92919204384,74971.63705942105,0.4405950241940685,0.08499999999999999,556.15,BUY_YES
1779899679.177998,74939.92919204384,74971.63705942105,0.4405070037895148,0.08499999999999999,564.25,BUY_YES
1779899692.1717973,74935.3699336084,74971.63705942105,0.3775077434980634,0.065,808.76,BUY_YES
1779899692.4408584,74935.3699336084,74971.63705942105,0.3780062939733952,0.065,864.32,BUY_YES
1779899693.5694468,74935.78133122252,74971.63705942105,0.3765951911142822,0.055,838.78,BUY_YES
1779899694.0734735,74935.78133122252,74971.63705942105,0.37664217854793053,0.045,1391.93,BUY_YES
1779899708.8806279,74935.2602985153,74936.02683271197,0.8108418861514386,0.505,103.54,BUY_YES
1779899708.8902154,74935.2602985153,74936.02683271197,0.8108218187990127,0.505,268.83,BUY_YES
1779899708.8967445,74935.2602985153,74936.02683271197,0.8108045947292492,0.505,444.0,BUY_YES
1779899708.9036515,74935.2602985153,74936.02683271197,0.8107864387124489,0.505,469.0,BUY_YES
1779899708.9454873,74935.2602985153,74936.02683271197,0.8106448390312283,0.505,419.66,BUY_YES
1779899710.4052255,74935.30394883304,74936.02683271197,0.795481033288864,0.505,108.54,BUY_YES
1779899710.410166,74935.30394883304,74936.02683271197,0.7954465373505379,0.505,286.27,BUY_YES
1779899710.4147644,74935.30394883304,74936.02683271197,0.7954495720358908,0.505,290.9942762124956,BUY_YES
1779899875.9274437,74940.8306482624,74936.02683271197,0.5271245006104927,0.555,104.19,SELL_YES
1779899876.5877807,74940.8306482624,74936.02683271197,0.5271655127587819,0.555,165.87,SELL_YES
1779899876.75211,74940.8306482624,74936.02683271197,0.5268288878770488,0.555,113.20999999999998,SELL_YES
1779899876.9785485,74940.8306482624,74936.02683271197,0.5268515646252621,0.555,94.61000000000001,SELL_YES
1779899877.387767,74928.96644769527,74936.02683271197,0.5266220141708423,0.555,240.09999999999997,SELL_YES
1779899877.4125316,74928.96644769527,74936.02683271197,0.5265361499426491,0.555,115.0,SELL_YES
1779899877.6338086,74928.96644769527,74936.02683271197,0.5261422538558711,0.555,120.38,SELL_YES
1779899877.6852956,74928.96644769527,74936.02683271197,0.5258211106218391,0.555,92.75999999999999,SELL_YES
1779899877.7313857,74928.96644769527,74936.02683271197,0.5255612945187474,0.555,862.62,SELL_YES
1779899878.404551,74928.66924702474,74936.02683271197,0.5241558328473157,0.555,92.41999999999996,SELL_YES
1779899878.4124534,74928.66924702474,74936.02683271197,0.524170217801675,0.555,115.0,SELL_YES
1779899878.9530294,74928.66924702474,74936.02683271197,0.5232166864821213,0.555,153.94999999999993,SELL_YES
1779899879.218672,74928.66924702474,74936.02683271197,0.5223667397142644,0.56,120.72427621249574,SELL_YES
1779899884.5144148,74929.03925612582,74936.02683271197,0.503328885325772,0.565,118.11,BUY_NO
1779899886.4203117,74929.09674376159,74936.02683271197,0.49468283509482536,0.565,141.58,BUY_NO
1779899915.4059904,74954.20795581934,74936.02683271197,0.5907016216009322,0.685,215.98105484989173,BUY_NO
1779899918.403845,74954.20795581934,74936.02683271197,0.6053250241264896,0.715,191.04585381110343,BUY_NO
1779899934.480425,74912.43065707666,74936.02683271197,0.591457520234552,0.715,172.4988218977095,BUY_NO
1779899936.007389,74912.597734056,74936.02683271197,0.5775790430604772,0.715,172.5938383443829,BUY_NO
1779899939.2527387,74913.27678945258,74936.02683271197,0.5436454095424483,0.715,203.23,BUY_NO
1779899939.7405076,74913.27678945258,74936.02683271197,0.5393628631717631,0.715,194.96,BUY_NO
1779899940.9621758,74915.52481735715,74936.02683271197,0.5316455360410456,0.715,172.6706450889949,BUY_NO
1779899942.6626143,74915.61379359307,74936.02683271197,0.5169810872559246,0.715,182.14344062546184,BUY_NO
1779899945.7852795,74924.3624776443,74936.02683271197,0.49767633574560316,0.725,261.49,BUY_NO
1779899947.422002,74925.77383964603,74936.02683271197,0.4942925085258658,0.725,179.0987009291291,BUY_NO
1779899990.8422701,74944.28882509077,74936.02683271197,0.545242997171297,0.5,152.16,SELL_NO
1779899991.2492568,74944.28882509077,74936.02683271197,0.5456708416615729,0.505,107.35,SELL_NO
1779899991.603877,74944.28882509077,74936.02683271197,0.5445997866067421,0.505,105.0,SELL_NO
1779899991.8195636,74944.28882509077,74936.02683271197,0.5442373669039403,0.505,103.0,SELL_NO
1779899991.994001,74945.16592597016,74936.02683271197,0.5443666417523156,0.505,105.0,SELL_NO
1779899992.3491244,74945.16592597016,74936.02683271197,0.5450627876359259,0.505,107.0,SELL_NO
1779899992.3893626,74945.16592597016,74936.02683271197,0.5449608880918901,0.505,463.51,SELL_NO
1779899992.6259274,74945.16592597016,74936.02683271197,0.5448384906387093,0.495,105.35,SELL_NO
1779899992.6832075,74945.16592597016,74936.02683271197,0.5449858381616713,0.495,105.0,SELL_NO
1779899992.718327,74945.16592597016,74936.02683271197,0.5449823713510067,0.495,111.57000000000002,SELL_NO
1779899994.073542,74945.02065222719,74936.02683271197,0.5473693735209693,0.5,141.11,SELL_NO
1779899998.2416296,74945.13201248972,74936.02683271197,0.5486885188117715,0.505,107.19,SELL_NO
1779899998.3850656,74945.13201248972,74936.02683271197,0.5484111766175723,0.505,118.69,SELL_NO
1779899998.5695627,74945.13201248972,74936.02683271197,0.5480914192866747,0.505,130.0,SELL_NO
1779899999.0887358,74945.13201248972,74936.02683271197,0.5491769721292791,0.505,182.01,SELL_NO
1779900017.3203287,74915.92717780305,74937.86259347643,0.12102607726811059,0.385,118.3,BUY_NO
1779900017.3436713,74915.92717780305,74937.86259347643,0.12108101882770973,0.385,313.73,BUY_NO
1779900017.3478377,74915.92717780305,74937.86259347643,0.12109145088008844,0.385,466.17,BUY_NO
1779900017.3562768,74915.92717780305,74937.86259347643,0.12111236414984444,0.385,469.0,BUY_NO
1779900017.3610253,74915.92717780305,74937.86259347643,0.12112428068852836,0.385,458.0,BUY_NO
1779900017.3656573,74915.92717780305,74937.86259347643,0.12113658641300672,0.385,374.9472865169671,BUY_NO
1779900018.548448,74915.92717780305,74937.86259347643,0.1315418537758544,0.385,114.82,BUY_NO
1779900096.8214872,74993.6913512399,74937.86259347643,0.6223024832930073,0.595,348.88,SELL_NO
1779900098.0179613,74997.42509496339,74937.86259347643,0.6310146604363345,0.595,298.76,SELL_NO
1779900099.2667084,74998.07897919646,74937.86259347643,0.6406497051853474,0.595,125.14898689682357,BUY_YES
1779900100.576373,74999.51573241944,74937.86259347643,0.6497178697954586,0.595,95.74347416367468,BUY_YES
1779900102.818482,75000.46096523543,74937.86259347643,0.6661288141717938,0.605,261.13,SELL_NO
1779900103.5637388,74988.92033582793,74937.86259347643,0.6707506522567945,0.605,126.67545535983209,BUY_YES
1779900103.5725667,74988.92033582793,74937.86259347643,0.6707613919838117,0.605,184.3345446401679,SELL_NO
1779900105.377835,74987.07753922025,74937.86259347643,0.679129956466656,0.605,88.95638435325895,BUY_YES
1779900106.3168414,74987.05836628213,74937.86259347643,0.6832742143267401,0.605,146.67,SELL_NO
1779900107.4636567,74987.58094624465,74937.86259347643,0.6867380389870607,0.605,145.03,SELL_NO
1779900108.3305018,74987.58094624465,74937.86259347643,0.6904985037809935,0.605,84.25,BUY_YES
1779900108.6663482,74987.58094624465,74937.86259347643,0.6914401759047798,0.605,212.88,SELL_NO
1779900110.294977,74986.92707611216,74937.86259347643,0.6973029411402746,0.605,108.37357033958756,BUY_YES
1779900110.3009393,74986.92707611216,74937.86259347643,0.6973034403364121,0.605,141.10642966041243,SELL_NO
1779900121.2071211,75000.81443986126,74937.86259347643,0.7759459783746856,0.835,371.23,SELL_YES
1779900121.217072,75000.81443986126,74937.86259347643,0.7759881437688385,0.835,257.91787111317683,SELL_YES
1779900151.0135577,75013.72942470311,74937.86259347643,0.8546940609177232,0.835,59.63568873513103,BUY_YES
1779900152.0105722,75013.28343639766,74937.86259347643,0.8579810945409583,0.835,61.75389320332463,BUY_YES
1779900153.3871288,75013.28343639766,74937.86259347643,0.861150484935101,0.835,59.53904399324908,BUY_YES
1779900171.3716323,75012.83874838774,74937.86259347643,0.9040066367380537,0.935,180.92862593170474,SELL_YES
1779900211.4561706,75030.94422566157,74937.86259347643,0.9575524632894057,0.935,590.88067830875,BUY_YES
1779900212.6054895,75030.94422566157,74937.86259347643,0.9587535981816716,0.935,53.349518333412334,BUY_YES
1779900257.2298682,75024.61515880738,74937.86259347643,0.9829376531040314,0.99,149.85,SELL_YES
1779900286.3940713,75022.43213069128,75022.43213069128,0.1816320234231898,0.505,156.11,BUY_NO
1779900290.312902,75022.44190587715,75022.43213069128,0.20693125387739772,0.505,156.11,BUY_NO
1779900291.349491,75022.44349958647,75022.43213069128,0.21538404495734703,0.505,111.1,BUY_NO
1779900291.4414382,75022.44349958647,75022.43213069128,0.2159245771559299,0.505,364.21,BUY_NO
1779900297.9714055,75023.34111367793,75022.43213069128,0.2605606476147386,0.5,112.96,BUY_NO
1779900297.9814146,75023.34111367793,75022.43213069128,0.26053929562088396,0.5,324.21,BUY_NO
1779900297.9873972,75023.34111367793,75022.43213069128,0.260524439039311,0.495,454.86,BUY_NO
1779900299.53557,75023.33569380219,75022.43213069128,0.26962927041202533,0.495,115.6,BUY_NO
1779900498.3075757,75012.8499819526,75022.43213069128,0.39778064671598545,0.4,95.23,SELL_NO
1779900498.3270154,75012.8499819526,75022.43213069128,0.397684327523677,0.4,95.23,SELL_NO
1779900550.6791406,75044.44809449202,75022.43213069128,0.47085644752580036,0.755,709.9,BUY_NO
1779900551.1634347,75044.44809449202,75022.43213069128,0.47772090585636146,0.755,201.81000000000006,BUY_NO
1779900551.418432,75044.44809449202,75022.43213069128,0.48113876596118926,0.755,224.51999999999998,BUY_NO
1779900580.3098044,75045.9382858288,75022.43213069128,0.7707181299801427,0.745,266.51,SELL_NO
1779900599.8368697,75067.68817985973,75064.76571894433,0.4472813472606268,0.505,157.47168549576708,BUY_NO
1779900610.0844274,75091.48168084012,75064.76571894433,0.497142391380145,0.585,123.49,BUY_NO
1779900669.891166,75118.71434538471,75064.76571894433,0.6953191027550071,0.665,153.25949222480654,SELL_NO
1779900670.944694,75118.71434538471,75064.76571894433,0.700821112071289,0.665,74.98990042471297,BUY_YES
1779900672.05383,75118.81005525391,75064.76571894433,0.7078721856146553,0.665,74.87157343928192,BUY_YES
1779900674.5515969,75120.38904056538,75064.76571894433,0.7246619538299753,0.675,83.42671528053532,BUY_YES
1779900677.021347,75120.39406845382,75064.76571894433,0.7402666444622146,0.685,73.43719891479995,BUY_YES
1779900683.1070805,75130.13548989785,75064.76571894433,0.7724656285870241,0.715,69.56182312510771,BUY_YES
1779900684.325398,75129.34799027522,75064.76571894433,0.7784413264660572,0.715,69.57369624535767,BUY_YES
1779900685.8204327,75122.01073541446,75064.76571894433,0.7850902803889387,0.715,77.40530740162723,BUY_YES
1779900687.199491,75126.48424021897,75064.76571894433,0.7902924790894253,0.705,153.9909973959534,BUY_YES
1779900687.704786,75126.48424021897,75064.76571894433,0.7920084352331185,0.695,109.21282187990914,BUY_YES
1779900689.150538,75128.5792609322,75064.76571894433,0.7987796614915712,0.695,75.489578102932,BUY_YES
1779900690.513039,75129.60035455262,75064.76571894433,0.8051925977176936,0.695,71.55115374100842,BUY_YES
1779900692.0736375,75129.60035455262,75064.76571894433,0.8117707086653398,0.695,73.38868912799694,BUY_YES
1779900693.8256543,75132.81851085866,75064.76571894433,0.818175018741095,0.695,71.43569885526472,BUY_YES
1779900736.4112616,75153.55138748439,75064.76571894433,0.9447523002017548,0.885,56.231020322869426,BUY_YES
1779900738.0031588,75153.55138748439,75064.76571894433,0.9470797337607839,0.885,56.35263269738152,BUY_YES
1779900739.6854799,75153.63021093459,75064.76571894433,0.9494029491431188,0.885,56.247339582930636,BUY_YES
1779900745.7319083,75152.31530298994,75064.76571894433,0.9567445725832112,0.895,59.28401767573109,BUY_YES
1779900747.8587916,75150.70885538378,75064.76571894433,0.9589923709142802,0.895,59.23686689140504,BUY_YES
1779900752.8515193,75133.39,75064.76571894433,0.9568186506494133,0.885,60.9031233035912,BUY_YES
1779900756.8296523,75132.55104801354,75064.76571894433,0.9591401740650789,0.885,56.18677086235175,BUY_YES
1779900759.56881,75133.32065723115,75064.76571894433,0.9609848290960221,0.875,140.24119389082534,BUY_YES
1779900764.008144,75133.28422137703,75064.76571894433,0.9635461388172679,0.875,57.21408670622304,BUY_YES
1779900779.0312567,75132.46133997024,75064.76571894433,0.9715405716012556,0.89,102.60300716240295,BUY_YES
1779900783.8489494,75132.66291982241,75064.76571894433,0.9738405928456577,0.885,55.668830708097175,BUY_YES
1779900897.0539563,75148.11196471324,75140.3526769247,0.21696327403314758,0.505,477.11,BUY_NO
1779900897.1158242,75148.11196471324,75140.3526769247,0.21709652872791413,0.505,224.18,BUY_NO
1779900897.124566,75148.11196471324,75140.3526769247,0.21712449781192442,0.505,314.21,BUY_NO
1779900897.1409595,75148.11196471324,75140.3526769247,0.21718353092356882,0.505,314.0,BUY_NO
1779900897.1467094,75148.11196471324,75140.3526769247,0.21720624550999623,0.505,170.21,BUY_NO
1779900897.2732818,75148.11196471324,75140.3526769247,0.21779081544691042,0.505,191.0,BUY_NO
1779900897.338273,75148.11196471324,75140.3526769247,0.21811744945403874,0.505,165.11862343228245,BUY_NO
1779900899.065492,75150.96988282942,75140.3526769247,0.2389039286728178,0.505,222.24,BUY_NO
1779900936.7821937,75152.4164797825,75140.3526769247,0.4711205766635491,0.425,108.97,SELL_NO
1779900936.936779,75152.4164797825,75140.3526769247,0.4718805049127445,0.425,103.0,SELL_NO
1779900937.3710496,75152.4164797825,75140.3526769247,0.4730694873019625,0.425,88.00000000000003,SELL_NO
1779900937.7084472,75152.4164797825,75140.3526769247,0.4750815691997015,0.42,274.97,SELL_NO
1779900938.2124884,75152.4095986609,75140.3526769247,0.47670483664371044,0.425,93.24,SELL_NO
1779900938.2249227,75152.4095986609,75140.3526769247,0.47686375944235715,0.425,587.0,SELL_NO
1779900938.2955446,75152.4095986609,75140.3526769247,0.4775035080043172,0.425,115.00000000000001,SELL_NO
1779900938.863134,75152.4095986609,75140.3526769247,0.4795874602890385,0.425,102.00000000000003,SELL_NO
1779900939.1725585,75152.4095986609,75140.3526769247,0.48097373853683756,0.425,346.84,SELL_NO
1779900939.1857677,75152.4095986609,75140.3526769247,0.481082604814566,0.425,259.04862343228245,SELL_NO
1779900939.7820554,75153.0146093614,75140.3526769247,0.48392593149063773,0.425,126.18818010273995,BUY_YES
1779900948.2288415,75153.1961059591,75140.3526769247,0.559556594551331,0.495,100.0662652701414,BUY_YES
1779900954.5500507,75155.39009795898,75140.3526769247,0.5690862222033679,0.485,143.38,BUY_YES
1779900962.5488904,75168.79033854746,75140.3526769247,0.6119585913336222,0.515,94.43503214669187,BUY_YES
1779900965.8366864,75168.78995053456,75140.3526769247,0.6307136477055268,0.535,93.04688346765539,BUY_YES
1779900968.4883566,75168.32272859657,75140.3526769247,0.6403206924140886,0.535,92.86236527877088,BUY_YES
1779900976.3676958,75169.04626865915,75140.3526769247,0.6675866995764267,0.555,90.68813169095995,BUY_YES
1779900986.2001264,75174.960270466,75140.3526769247,0.711401443566599,0.595,88.26260350339646,BUY_YES
1779900995.6565323,75153.90727164768,75140.3526769247,0.6424178972840254,0.405,590.57,BUY_YES
1779900995.6663775,75153.90727164768,75140.3526769247,0.6423875703274599,0.405,349.1038020333956,BUY_YES
1779901037.111039,75155.33114251691,75140.3526769247,0.5117749570700516,0.28500000000000003,178.95441570947492,BUY_YES
1779901048.8167837,75177.94001206147,75140.3526769247,0.642018698463386,0.725,321.3097154596441,BUY_NO
1779901048.8258026,75177.94001206147,75140.3526769247,0.6421024378090998,0.725,1452.5202845403558,SELL_YES
1779901048.8325047,75177.94001206147,75140.3526769247,0.6421380290339497,0.725,495.03739466287084,SELL_YES
1779901080.152689,75182.51981343358,75140.3526769247,0.7821498080735099,0.755,65.84169560047344,BUY_YES
1779901082.458987,75182.47922489341,75140.3526769247,0.7877259341314633,0.755,75.38370322616838,BUY_YES
1779901084.1209588,75182.7181626165,75140.3526769247,0.7926075536672792,0.755,65.98494246631876,BUY_YES
1779901085.83575,75180.90574106862,75140.3526769247,0.7979616518584816,0.755,72.36580679880913,BUY_YES
1779901087.9677687,75180.46340770111,75140.3526769247,0.8023526604688462,0.76,234.0,SELL_NO
1779901101.9209886,75180.09723965883,75140.3526769247,0.8037614347287102,0.755,78.19820715063702,BUY_YES
1779901103.3670518,75179.92964604702,75140.3526769247,0.8086331767398617,0.755,65.79185335808461,BUY_YES
1779901105.0579531,75179.9298385162,75140.3526769247,0.8139992304942805,0.755,72.46155211356484,BUY_YES
1779901106.4324567,75179.93050234088,75140.3526769247,0.818849544383228,0.755,65.48047364896502,BUY_YES
1779901108.310578,75179.93118246591,75140.3526769247,0.8237263632119292,0.755,65.82780777508515,BUY_YES
1779901112.4218209,75180.64917379442,75140.3526769247,0.8363201256327831,0.765,65.06130253630329,BUY_YES
1779901113.8985498,75180.64917379442,75140.3526769247,0.8409917501445432,0.765,64.96463508246109,BUY_YES
1779901115.402619,75180.64366068946,75140.3526769247,0.845668636432009,0.765,65.03110262128666,BUY_YES
1779901117.171718,75186.02408,75140.3526769247,0.8508333855065172,0.765,71.81165699900487,BUY_YES
1779901118.5899644,75185.09984164913,75140.3526769247,0.8558715233639745,0.765,70.03767516800156,BUY_YES
1779901120.208838,75185.05081804637,75140.3526769247,0.8605331356311349,0.765,64.78525885256693,BUY_YES
1779901121.8815856,75185.07027553351,75140.3526769247,0.8654058442874845,0.765,67.71558636876102,BUY_YES
1779901124.385143,75179.87710762164,75140.3526769247,0.8700891645567166,0.765,65.053061124647,BUY_YES
1779901127.5097494,75172.1327235305,75140.3526769247,0.8747273652015141,0.765,64.44794716757929,BUY_YES
1779901159.138737,75173.82875838396,75140.3526769247,0.9100216879014231,0.815,64.11223254491938,BUY_YES
1779901163.2986581,75175.09860974633,75140.3526769247,0.9192973626463663,0.825,60.26633573099275,BUY_YES
1779901164.409252,75175.39434410498,75140.3526769247,0.9215572613852845,0.815,132.68426763661637,BUY_YES
1779901166.2412717,75175.35368462045,75140.3526769247,0.9252167163690449,0.815,61.022417206461796,BUY_YES
1779901166.6097791,75175.35368462045,75140.3526769247,0.9259668676355345,0.79,80.36,BUY_YES
1779901166.9884696,75175.35368462045,75140.3526769247,0.9267414804851563,0.785,64.14,BUY_YES
1779901167.2843966,75175.35368462045,75140.3526769247,0.9272594770274173,0.785,66.46,BUY_YES
1779901167.599708,75175.35368462045,75140.3526769247,0.9278881714794973,0.785,67.70800322482478,BUY_YES
1779901169.3482313,75175.33811197148,75140.3526769247,0.9313147960207703,0.765,119.91250856316992,BUY_YES
1779901169.6663184,75175.3399302724,75140.3526769247,0.9319297562701139,0.755,85.0,BUY_YES
1779901170.1632783,75175.3399302724,75140.3526769247,0.9328683359002466,0.755,65.81686949915775,BUY_YES
1779901172.8912923,75175.10230126575,75140.3526769247,0.9378039354290303,0.755,66.29949494761786,BUY_YES
1779901175.8346822,75174.91782234838,75140.3526769247,0.9426816986045964,0.755,65.51316330354166,BUY_YES
1779901194.1945443,75174.93992717787,75174.8602140268,0.18176260754157855,0.495,126.07,BUY_NO
1779901194.4337788,75174.93992717787,75174.8602140268,0.18253707757453963,0.495,259.88,BUY_NO
1779901194.4705615,75174.93992717787,75174.8602140268,0.1826731181199965,0.495,340.0,BUY_NO
1779901195.4585707,75175.5118847906,75174.8602140268,0.19176742980162226,0.495,126.07,BUY_NO
1779901195.4682722,75175.5118847906,75174.8602140268,0.19186206361725525,0.495,259.88,BUY_NO
1779901195.4753838,75175.5118847906,75174.8602140268,0.19191233305590583,0.495,340.0,BUY_NO
1779901197.9773347,75177.33167412705,75174.8602140268,0.21656584168280463,0.49,210.88,BUY_NO
1779901197.9894316,75177.33167412705,75174.8602140268,0.21660316373800653,0.49,210.88,BUY_NO
1779901197.9982455,75177.33167412705,75174.8602140268,0.2165973925565815,0.485,342.0,BUY_NO
1779901345.7669299,75073.23092730688,75174.8602140268,0.18089527262806698,0.10500000000000001,706.21,SELL_NO
1779901345.7838225,75073.23092730688,75174.8602140268,0.1808062184270511,0.10500000000000001,926.1199999999999,SELL_NO
1779901345.7976491,75073.23092730688,75174.8602140268,0.18074976531572004,0.10500000000000001,583.3300000000004,SELL_NO
1779901421.7160761,75200.09914948732,75174.8602140268,0.2728180823529561,0.195,250.7476527331416,BUY_YES
1779901422.917719,75201.07817679735,75174.8602140268,0.2880543116048572,0.16999999999999998,279.09,BUY_YES
1779901423.8303175,75200.8702038951,75174.8602140268,0.2994881949198047,0.165,317.06,BUY_YES
1779901424.245364,75200.8702038951,75174.8602140268,0.3049427321702502,0.165,465.83,BUY_YES
1779901425.8802059,75202.16493561874,75174.8602140268,0.32560264268850436,0.155,320.51,BUY_YES
1779901425.976503,75202.16493561874,75174.8602140268,0.32712602149013276,0.155,318.05,BUY_YES
1779901427.08911,75199.12535936746,75174.8602140268,0.34058263141921136,0.155,398.7308284802202,BUY_YES
1779901428.323825,75199.12535936746,75174.8602140268,0.35659165599389175,0.155,312.6539299956271,BUY_YES
1779901429.8875399,75194.55277454139,75174.8602140268,0.3726225410597157,0.155,313.0839642942692,BUY_YES
1779901431.8091516,75190.38783641289,75174.8602140268,0.3886330512621428,0.15000000000000002,312.575405529838,BUY_YES
1779901433.3593454,75190.38783641289,75174.8602140268,0.4031975445426822,0.14500000000000002,349.71,BUY_YES
1779901434.028089,75182.12775176583,75174.8602140268,0.4058273666102495,0.14500000000000002,365.0146052543014,BUY_YES
1779901442.6901891,75190.05942734808,75174.8602140268,0.49977933638796856,0.705,344.67,SELL_YES
1779901442.7028828,75190.05942734808,75174.8602140268,0.4998378858765393,0.705,312.81,BUY_NO
1779901442.7162287,75190.05942734808,75174.8602140268,0.4997550497415684,0.705,144.82,SELL_YES
1779901442.8469589,75190.05942734808,75174.8602140268,0.5000868730534053,0.705,78.07,SELL_YES
1779901442.8657162,75190.05942734808,75174.8602140268,0.5001483465237619,0.705,115.0,SELL_YES
1779901442.8712022,75190.05942734808,75174.8602140268,0.5001574958522641,0.705,125.0,SELL_YES
1779901442.8781579,75190.05942734808,75174.8602140268,0.5001359043273007,0.705,223.06,BUY_NO
1779901442.8856192,75190.05942734808,75174.8602140268,0.500095208288877,0.705,115.0,SELL_YES
1779901442.8932843,75190.05942734808,75174.8602140268,0.5000632242336578,0.705,115.0,SELL_YES
1779901442.9020922,75190.05942734808,75174.8602140268,0.5000336136506304,0.705,204.0,BUY_NO
1779901442.9103703,75190.05942734808,75174.8602140268,0.5000050736594162,0.705,235.0,SELL_YES
1779901442.9208555,75190.05942734808,75174.8602140268,0.49997006459870036,0.705,299.0,SELL_YES
1779901442.9295373,75190.05942734808,75174.8602140268,0.49994139884672023,0.705,154.63,SELL_YES
1779901442.9366624,75190.05942734808,75174.8602140268,0.49992434175171774,0.705,140.01,SELL_YES
1779901442.943043,75190.05942734808,75174.8602140268,0.49991329873124785,0.705,304.0,SELL_YES
1779901442.9505205,75190.05942734808,75174.8602140268,0.4998989449942578,0.705,399.0,SELL_YES
1779901442.9561963,75190.05942734808,75174.8602140268,0.4998865033804322,0.705,408.99,SELL_YES
1779901442.963153,75190.05942734808,75174.8602140268,0.49987125891115264,0.705,304.0,SELL_YES
1779901442.9691536,75190.05942734808,75174.8602140268,0.49986058961406044,0.705,304.2,SELL_YES
1779901443.45862,75190.05942734808,75174.8602140268,0.5005920681067644,0.705,108.85,SELL_YES
1779901443.6557505,75190.05942734808,75174.8602140268,0.5016096139412817,0.705,75.78999999999999,SELL_YES
1779901443.664284,75190.05942734808,75174.8602140268,0.5016179170182613,0.705,82.0,SELL_YES
1779901443.976786,75190.05942734808,75174.8602140268,0.5038190694446212,0.705,455.88,BUY_NO
1779901443.9851182,75190.05942734808,75174.8602140268,0.5038435564367236,0.705,150.02638628739712,SELL_YES
1779901444.1352134,75190.05942734808,75174.8602140268,0.5047813713857003,0.705,308.1,BUY_NO
1779901445.1909707,75190.05942734808,75174.8602140268,0.511360604803642,0.72,185.13,BUY_NO
1779901445.199299,75190.05942734808,75174.8602140268,0.511305151331334,0.72,205.78280818049393,BUY_NO
1779901445.540913,75190.05942734808,75174.8602140268,0.5096072512511034,0.72,188.72952161245462,BUY_NO
1779901450.1899207,75196.29772343702,75174.8602140268,0.5451870906566416,0.765,208.47,BUY_NO
1779901480.9641714,75180.91131476605,75174.8602140268,0.661127262180066,0.895,468.97,BUY_NO
1779901481.2046723,75180.91131476605,75174.8602140268,0.6603554680292406,0.895,508.9,BUY_NO
1779901491.1051793,75204.27461082349,75199.30942542819,0.1943690505862958,0.515,138.87,BUY_NO
1779901491.1338637,75204.27461082349,75199.30942542819,0.19442845065141012,0.515,227.0,BUY_NO
1779901492.1061356,75204.49964475469,75199.30942542819,0.20080835235321315,0.515,119.59,BUY_NO
1779901492.48209,75204.49964475469,75199.30942542819,0.20376483251839356,0.515,227.0,BUY_NO
1779901493.2128303,75204.49207357959,75199.30942542819,0.21138695019182066,0.515,128.47,BUY_NO
1779901493.9099047,75204.49207357959,75199.30942542819,0.2184908179135238,0.515,237.0,BUY_NO
1779901495.015131,75202.94645325217,75199.30942542819,0.2248323828422879,0.505,237.0,BUY_NO
1779901496.025309,75203.16986570958,75199.30942542819,0.23072526352388312,0.505,281.85,BUY_NO
1779901497.1990113,75201.97580369265,75199.30942542819,0.240454738025125,0.505,275.63,BUY_NO
1779901499.4962258,75201.12170592812,75199.30942542819,0.25895146299878474,0.495,106.01,BUY_NO
1779901593.0899544,75181.76272573201,75199.30942542819,0.4209863573270993,0.385,88.31,SELL_NO
1779901593.3085704,75181.76272573201,75199.30942542819,0.4204775164566494,0.385,104.82,SELL_NO
1779901593.6890664,75181.76272573201,75199.30942542819,0.4195248962669366,0.385,103.20999999999998,SELL_NO
1779901593.81848,75181.76272573201,75199.30942542819,0.41967444724648006,0.385,104.94999999999999,SELL_NO
1779901593.9791489,75181.76272573201,75199.30942542819,0.4202660327777178,0.385,169.98000000000002,SELL_NO
1779901594.4368846,75180.43552923399,75199.30942542819,0.4195844851549612,0.385,645.4,SELL_NO
1779901594.5536327,75180.43552923399,75199.30942542819,0.41958254316531934,0.385,112.0,SELL_NO
1779901595.024147,75180.43552923399,75199.30942542819,0.41933658622542413,0.385,260.1,SELL_NO
1779901595.868504,75176.5124940737,75199.30942542819,0.41869589939903046,0.385,90.17999999999995,SELL_NO
1779901596.2759268,75176.5124940737,75199.30942542819,0.4187863887622396,0.385,116.58000000000015,SELL_NO
1779901596.3136532,75176.5124940737,75199.30942542819,0.41876389717993057,0.385,182.8900000000002,SELL_NO
1779901625.192228,75127.40963174989,75199.30942542819,0.3386130951516319,0.385,125.0,BUY_NO
1779901625.900899,75127.40963174989,75199.30942542819,0.33486877938124354,0.385,84.690136199448,BUY_NO
1779901627.0015113,75118.82,75199.30942542819,0.3279503947225809,0.385,81.60988795263668,BUY_NO
1779901627.9513035,75118.82,75199.30942542819,0.32085360693844023,0.385,83.70274588802806,BUY_NO
1779901628.8776836,75118.82,75199.30942542819,0.3139806591470068,0.385,81.0485204946541,BUY_NO
1779901633.2947202,75090.69008592777,75199.30942542819,0.2725144123858766,0.045,456.05129053476685,SELL_NO
1779901641.5847473,75083.79012005488,75199.30942542819,0.2157428441046274,0.05,900.43,BUY_YES
1779901788.2019682,74975.01387291543,74975.01387291543,0.608773822150798,0.495,153.1,BUY_YES
1779901788.2141433,74975.01387291543,74975.01387291543,0.6087818964126989,0.495,479.65,BUY_YES
1779901789.4715679,74975.58678139512,74975.01387291543,0.6087938684392055,0.495,139.1,BUY_YES
1779901806.085506,74987.51683754205,74975.01387291543,0.5867397517962674,0.455,111.51,BUY_YES
1779901889.5905845,75017.35933295886,74975.01387291543,0.6691442801083957,0.515,149.36,BUY_YES
1779901890.780685,75014.61166248698,74975.01387291543,0.6718827456485921,0.515,167.75,BUY_YES
1779901891.3072002,75012.6325988582,74975.01387291543,0.6731798406238203,0.515,111.5,BUY_YES
1779901938.2930183,74910.5227716118,74975.01387291543,0.4621638684997935,0.07500000000000001,1098.44,BUY_YES
1779901939.7365987,74910.5227716118,74975.01387291543,0.4480985908221627,0.07500000000000001,987.67,BUY_YES
1779901942.8861306,74906.45083885347,74975.01387291543,0.4222014745246706,0.09,540.13,BUY_YES
1779901947.6748378,74906.45083885347,74975.01387291543,0.3749141784452289,0.08499999999999999,559.49,BUY_YES
1779901947.697398,74906.45083885347,74975.01387291543,0.3749239944382226,0.08499999999999999,772.64,BUY_YES
1779901948.7808733,74906.51298337475,74975.01387291543,0.3667138152600094,0.08499999999999999,671.19,BUY_YES
1779901949.9695957,74896.33417709358,74975.01387291543,0.3567213189429977,0.08499999999999999,698.4717906351189,BUY_YES
1779902094.0398214,74837.93734025666,74837.93734025666,0.6109019572683216,0.535,206.2,BUY_YES
1779902094.6367977,74837.93734025666,74837.93734025666,0.6115438159134392,0.535,101.40975294893462,BUY_YES
1779902114.8365138,74825.8133879044,74837.93734025666,0.5481159979682393,0.46499999999999997,110.77626031570549,BUY_YES
1779902156.6674914,74832.89687625616,74837.93734025666,0.4703178674985673,0.52,418.3860132646401,SELL_YES
1779902162.5862327,74793.63981356077,74837.93734025666,0.45704161249756725,0.52,169.56036778602595,BUY_NO
1779902166.427538,74792.25768860996,74837.93734025666,0.4389700684313393,0.525,148.32,BUY_NO
1779902166.9801457,74792.25768860996,74837.93734025666,0.43477168565074603,0.525,105.9,BUY_NO
1779902209.7187815,74839.88710364305,74837.93734025666,0.4035755011902955,0.375,115.0,SELL_NO
1779902209.7810607,74839.88710364305,74837.93734025666,0.40374084895566353,0.375,100.0,SELL_NO
1779902209.8548248,74839.88710364305,74837.93734025666,0.4043360936823771,0.37,208.78036778602598,SELL_NO
1779902213.1084428,74842.89256506095,74837.93734025666,0.40570675096134345,0.325,157.65,BUY_YES
1779902214.22796,74841.48173108375,74837.93734025666,0.4078029632034051,0.325,170.91,BUY_YES
1779902215.8533003,74841.51830723893,74837.93734025666,0.40955694612188387,0.315,159.18370081152938,BUY_YES
1779902220.5970051,74842.48933802996,74837.93734025666,0.4230251696197185,0.315,161.71714882630772,BUY_YES
1779902222.394882,74842.48933802996,74837.93734025666,0.4361123190007971,0.315,157.09143474549035,BUY_YES
1779902226.1577866,74842.48933802996,74837.93734025666,0.4493818763564032,0.315,159.23973775619186,BUY_YES
1779902373.8970666,74828.75,74837.93734025666,0.5859439882949833,0.255,300.12,BUY_YES
1779902374.5652504,74828.75,74837.93734025666,0.5838167395128098,0.255,290.12,BUY_YES
1779902375.6698978,74828.75,74837.93734025666,0.577832868038048,0.255,222.0,BUY_YES
1779902382.654628,74829.83492636733,74837.93734025666,0.5213422674034234,0.28500000000000003,180.74,BUY_YES
1779902384.8428938,74830.03620932755,74837.93734025666,0.5107647284822295,0.265,196.91,BUY_YES
1779902385.3145843,74830.03620932755,74837.93734025666,0.5070800213387943,0.265,187.31,BUY_YES
1779902422.20177,74850.20144451006,74836.24642231081,0.8618253577118518,0.605,85.52,BUY_YES
1779902422.2114193,74850.20144451006,74836.24642231081,0.8617653378162446,0.605,244.94,BUY_YES
1779902422.217186,74850.20144451006,74836.24642231081,0.8617442730006767,0.605,310.59,BUY_YES
1779902422.2271752,74850.20144451006,74836.24642231081,0.861722871006985,0.605,608.95,BUY_YES
1779902422.2329543,74850.20144451006,74836.24642231081,0.8617158733871518,0.605,731.31,BUY_YES
1779902422.237631,74850.20144451006,74836.24642231081,0.8617101640460147,0.605,278.5514444983228,BUY_YES
1779902479.7374177,74884.09362818797,74836.24642231081,0.7050677046188607,0.81,680.1199957166647,BUY_NO
1779902479.7470772,74884.09362818797,74836.24642231081,0.7051377992901785,0.81,821.3900042833353,SELL_YES
1779902479.759081,74884.09362818797,74836.24642231081,0.7052188252917457,0.81,1014.93,SELL_YES
1779902479.765042,74884.09362818797,74836.24642231081,0.7052460428041267,0.81,423.5414402149876,SELL_YES
1779902577.9464467,74932.94605358691,74836.24642231081,0.9700591674192889,0.955,246.6,BUY_YES
1779902578.2005966,74932.94605358691,74836.24642231081,0.9702190099812137,0.955,74.71000000000001,BUY_YES
1779902578.801635,74932.94605358691,74836.24642231081,0.9706091538529807,0.955,107.57,BUY_YES
1779902578.9702537,74932.94544564004,74836.24642231081,0.9707158734801485,0.95,153.94,BUY_YES
1779902578.9811149,74932.94544564004,74836.24642231081,0.9707159229204049,0.945,365.23,BUY_YES
1779902579.0079002,74932.94544564004,74836.24642231081,0.970728295330627,0.945,56.56999999999999,BUY_YES
1779902579.5021427,74932.94544564004,74836.24642231081,0.971041909350362,0.945,52.704750670099656,BUY_YES
1779902580.9884543,74932.51082667695,74836.24642231081,0.9719119949009115,0.945,52.73223858895858,BUY_YES
1779902582.6163752,74932.2244889577,74836.24642231081,0.9728612992460266,0.945,57.533198387197444,BUY_YES
1779902584.1952133,74932.2244889577,74836.24642231081,0.9737314266300531,0.945,52.73136102141689,BUY_YES
1779902585.8864474,74932.0775718062,74836.24642231081,0.9746018620516655,0.945,52.74987630744272,BUY_YES
1779902587.6340733,74932.00284371126,74836.24642231081,0.9754728122312133,0.945,52.779918363263505,BUY_YES
1779902589.4837961,74931.55955834755,74836.24642231081,0.976336910242659,0.945,52.36340433085161,BUY_YES
1779902654.4011111,74904.05178453847,74836.24642231081,0.9867056138572408,0.965,61.98132531717465,BUY_YES
1779902661.924487,74904.96001845576,74836.24642231081,0.9874356353838328,0.965,72.24512393476562,BUY_YES
1779902668.7417781,74896.99483443897,74836.24642231081,0.9879569011468495,0.965,51.563716767826236,BUY_YES
1779902670.0422726,74897.28922721357,74836.24642231081,0.9880435768422602,0.955,323.1055750086209,BUY_YES
1779902686.6800594,74903.85656421784,74903.85656421784,0.38721864475240353,0.515,110.45,BUY_NO
1779902688.6724143,74903.83492421785,74903.85656421784,0.38925104335122324,0.515,115.5,BUY_NO
1779902688.6791654,74903.83492421785,74903.85656421784,0.38926141793650804,0.515,459.17,BUY_NO
1779902690.986954,74905.21286510298,74903.85656421784,0.3920348859792725,0.515,103.12,BUY_NO
1779902692.1727629,74905.71159085768,74903.85656421784,0.3935518370369078,0.515,103.12,BUY_NO
1779902798.974963,74872.302983078,74903.85656421784,0.4754265234801361,0.355,419.9,BUY_YES
1779902798.9800289,74872.302983078,74903.85656421784,0.4753815628557734,0.355,327.6756295151109,BUY_YES
1779902798.9869442,74872.302983078,74903.85656421784,0.4753628369555937,0.355,174.20437048488907,SELL_NO
1779902798.993933,74872.302983078,74903.85656421784,0.4753540822101655,0.355,453.81,SELL_NO
1779902798.998721,74872.302983078,74903.85656421784,0.4753579192470072,0.355,263.34562951511094,SELL_NO
1779902827.762508,74832.03740125665,74903.85656421784,0.2727222517067673,0.315,202.12354799116332,BUY_NO
1779902827.8203874,74832.03740125665,74903.85656421784,0.2723167877433869,0.315,730.618441273112,SELL_YES
1779902828.4202435,74832.03740125665,74903.85656421784,0.2673635275623255,0.315,71.9748270042341,BUY_NO
1779902829.5789332,74818.70094883697,74903.85656421784,0.25893693742911467,0.325,102.27,BUY_NO
1779902830.2040663,74818.70094883697,74903.85656421784,0.25418788597721387,0.325,75.41442096074587,BUY_NO
1779902831.2604973,74818.70094883697,74903.85656421784,0.24582421711151414,0.325,112.77958844185872,BUY_NO
1779902832.454015,74818.70094883697,74903.85656421784,0.23685181188139826,0.325,120.92228871687655,BUY_NO
1779902833.2700179,74818.70094883697,74903.85656421784,0.2310045176290933,0.325,78.74009106269125,BUY_NO
1779902834.0476573,74818.70094883697,74903.85656421784,0.22563431686997634,0.325,72.33617736843746,BUY_NO
1779902834.9671648,74818.70094883697,74903.85656421784,0.2198286521051734,0.325,78.19442768035958,BUY_NO
1779902835.7693968,74805.93965413375,74903.85656421784,0.21467826465981302,0.325,175.0958998413514,BUY_NO
1779902837.9042556,74805.93965413375,74903.85656421784,0.20114364463568027,0.355,110.58,BUY_NO
1779902838.0066257,74805.93965413375,74903.85656421784,0.20049251023046075,0.355,176.97545323033296,BUY_NO
1779902838.9479349,74805.93965413375,74903.85656421784,0.19461950047317533,0.355,105.58,BUY_NO
1779902840.313636,74805.93965413375,74903.85656421784,0.18640660230196063,0.355,77.55912891535468,BUY_NO
1779902841.1293974,74805.93965413375,74903.85656421784,0.18172544094384951,0.355,105.58,BUY_NO
1779902842.1479836,74805.93965413375,74903.85656421784,0.17607743170514317,0.355,103.48,BUY_NO
1779902846.658901,74788.08852048394,74903.85656421784,0.15294105600093388,0.355,115.0,BUY_NO
1779902850.402605,74795.52109486893,74903.85656421784,0.13617309434783542,0.08499999999999999,256.12,SELL_NO
1779902850.4166675,74795.52109486893,74903.85656421784,0.13611396497039985,0.08499999999999999,390.01,SELL_NO
1779902855.4168012,74801.88700239692,74903.85656421784,0.11680035485157803,0.08499999999999999,306.12,SELL_NO
1779902856.1245244,74811.97190125345,74903.85656421784,0.11435164997596327,0.08499999999999999,65.0,SELL_NO
1779902856.4490085,74811.97190125345,74903.85656421784,0.11329372657308562,0.08499999999999999,70.0,SELL_NO
1779902856.565174,74811.97190125345,74903.85656421784,0.1129119910193764,0.08499999999999999,436.12,SELL_NO
1779902857.6908348,74811.97190125345,74903.85656421784,0.10924944344682104,0.08499999999999999,361.23585121340557,SELL_NO
1779902876.6160865,74820.45676775931,74903.85656421784,0.06968634587505647,0.08499999999999999,181.97966121711826,BUY_NO
1779902877.3358965,74820.45676775931,74903.85656421784,0.06831636705141002,0.08499999999999999,54.737055475018764,BUY_NO
1779902878.1145866,74820.45676775931,74903.85656421784,0.06687748201054036,0.08499999999999999,57.495070474079625,BUY_NO
1779902881.956462,74820.72513850353,74903.85656421784,0.06059099086588101,0.08499999999999999,226.28,BUY_NO
1779902883.6157875,74820.72513850353,74903.85656421784,0.05893252188716091,0.08499999999999999,70.30000000000001,BUY_NO
1779902884.2263641,74820.72513850353,74903.85656421784,0.05809074889038867,0.08499999999999999,54.41511552800887,BUY_NO
1779902885.1614826,74780.28495653786,74903.85656421784,0.056627040022072056,0.08499999999999999,58.46775864899166,BUY_NO
1779902886.0573318,74780.28495653786,74903.85656421784,0.055256783100844906,0.08499999999999999,54.73148790780283,BUY_NO
1779902886.9857886,74780.28495653786,74903.85656421784,0.05387760276276547,0.08499999999999999,55.08690834749018,BUY_NO
1779902887.9442987,74780.28495653786,74903.85656421784,0.05251462148998656,0.08499999999999999,54.43787158155931,BUY_NO
1779902887.9951813,74780.28495653786,74903.85656421784,0.05244257415518282,0.09,247.28090468798985,BUY_NO
1779902889.2611582,74785.5195389175,74903.85656421784,0.05069274637573045,0.095,62.57772375699733,BUY_NO
1779902890.4163764,74788.24521335027,74903.85656421784,0.04915854941982711,0.095,55.01943158569179,BUY_NO
1779902891.645108,74792.93262435551,74903.85656421784,0.047627995615215565,0.095,54.88941396029327,BUY_NO
1779902892.9895356,74792.93262435551,74903.85656421784,0.045993153046140836,0.095,58.62294372820429,BUY_NO
1779902894.385247,74792.93262435551,74903.85656421784,0.044468581020893926,0.095,54.636305811633974,BUY_NO
1779902895.858364,74792.93262435551,74903.85656421784,0.042834791729642045,0.095,58.56467492290153,BUY_NO
1779902897.7896702,74804.256361969,74903.85656421784,0.041271558336641055,0.095,56.049667675404635,BUY_NO
1779902899.764601,74804.256361969,74903.85656421784,0.03971589518776326,0.095,55.777147191469794,BUY_NO
1779902901.7011,74804.256361969,74903.85656421784,0.0381476550485895,0.095,56.22638225433343,BUY_NO
1779902907.509119,74819.20285220708,74903.85656421784,0.03657162442424677,0.095,56.50354426185049,BUY_NO
1779902945.1970646,74863.3597143507,74903.85656421784,0.058420699198645946,0.045,142.73,SELL_NO
1779902948.521224,74869.43351450827,74903.85656421784,0.06878708541275223,0.045,278.55,SELL_NO
1779902948.5618627,74869.43351450827,74903.85656421784,0.06898244475751474,0.045,360.78000000000003,SELL_NO
1779902950.809404,74870.30000695892,74903.85656421784,0.07881272656009204,0.055,269.73,SELL_NO
1779902953.0020723,74870.28401719619,74903.85656421784,0.08490519465065198,0.055,54.0,SELL_NO
1779902954.0316424,74871.18128835646,74903.85656421784,0.08797730742567167,0.055,486.20000000000005,SELL_NO
1779902954.2955136,74871.18128835646,74903.85656421784,0.08855073880299617,0.055,79.99999999999997,SELL_NO
1779902986.05402,74883.86390765624,74883.86390765624,0.6109085003794621,0.525,108.44,BUY_YES
1779902986.2066891,74883.86390765624,74883.86390765624,0.6110348065809506,0.525,322.0,BUY_YES
1779902986.6776357,74883.86390765624,74883.86390765624,0.611481302031386,0.525,108.44,BUY_YES
1779903087.220921,74873.1049377691,74883.86390765624,0.38927737888751646,0.525,528.29,BUY_NO
1779903087.2323246,74873.1049377691,74883.86390765624,0.38938270705983913,0.525,104.0,BUY_NO
1779903087.2419379,74873.1049377691,74883.86390765624,0.38945689532299704,0.525,244.88132830298548,BUY_NO
1779903087.28477,74873.1049377691,74883.86390765624,0.38969376425815666,0.525,341.18,SELL_YES
1779903087.2919254,74873.1049377691,74883.86390765624,0.389709189198549,0.525,197.7,SELL_YES
1779903087.4683404,74873.1049377691,74883.86390765624,0.3900968684204716,0.525,112.96000000000004,BUY_NO
1779903144.1829073,74842.50762966365,74883.86390765624,0.31912469887798395,0.175,1400.07,BUY_YES
1779903144.1943984,74842.50762966365,74883.86390765624,0.3190827797631946,0.175,990.1313283029855,SELL_NO
1779903145.4870794,74842.50762966365,74883.86390765624,0.3131569076927337,0.165,358.7375870762685,BUY_YES
1779903194.069209,74823.45355132787,74883.86390765624,0.15336516928392696,0.185,105.0,BUY_NO
1779903194.402712,74829.41458207245,74883.86390765624,0.15426380602014608,0.185,95.24,BUY_NO
1779903194.4495618,74829.41458207245,74883.86390765624,0.154255995525897,0.185,512.0,SELL_YES
1779903195.0020962,74829.41458207245,74883.86390765624,0.1537787460404812,0.215,67.0,BUY_NO
1779903195.4777267,74829.41458207245,74883.86390765624,0.15339539201519817,0.22,178.0443540824479,BUY_NO
1779903195.4824686,74829.41458207245,74883.86390765624,0.1533767144582878,0.22,489.8956459175521,SELL_YES
1779903197.3019924,74854.36104557055,74883.86390765624,0.1573434381113951,0.225,632.95,SELL_YES
1779903203.4942393,74854.92306566822,74883.86390765624,0.18822304335633747,0.265,115.0,BUY_NO
1779903203.8509016,74854.92306566822,74883.86390765624,0.18915400452884656,0.265,115.0,BUY_NO
1779903203.9671185,74854.92306566822,74883.86390765624,0.18962529878530532,0.265,100.00000000000001,BUY_NO
1779903250.6742616,74854.90490779126,74883.86390765624,0.2150735888902128,0.185,110.0,SELL_NO
1779903250.7350802,74854.90490779126,74883.86390765624,0.2149594722248541,0.185,76.91,SELL_NO
1779903250.7619972,74854.90490779126,74883.86390765624,0.21494033041561883,0.185,89.0,SELL_NO
1779903250.8341656,74854.90490779126,74883.86390765624,0.2149933212568222,0.185,73.80000000000001,SELL_NO
1779903250.882834,74854.90490779126,74883.86390765624,0.21490475743173862,0.185,65.28,SELL_NO
1779903250.8948047,74854.90490779126,74883.86390765624,0.21487779321339567,0.185,271.99,SELL_NO
1779903251.1546576,74854.89785583505,74883.86390765624,0.2141466767561384,0.185,67.0,SELL_NO
1779903272.5254486,74852.75016076762,74883.86390765624,0.2234600271135271,0.255,114.25414143263157,BUY_NO
1779903273.1881394,74856.43151552715,74883.86390765624,0.2207720745874509,0.26,181.62111710253208,BUY_NO
1779903274.6176643,74856.43151552715,74883.86390765624,0.21603285209420667,0.265,73.26570015594427,BUY_NO
1779903275.5786786,74856.43151552715,74883.86390765624,0.21126567184522885,0.265,73.69964566374364,BUY_NO
1779903276.9474967,74863.81874567475,74883.86390765624,0.20992982713518432,0.30000000000000004,149.2360662015439,BUY_NO
1779903276.9770966,74863.81874567475,74883.86390765624,0.2099601320090718,0.30500000000000005,85.0,BUY_NO
1779903277.8582377,74865.10072659203,74883.86390765624,0.21092045913948548,0.325,145.0,BUY_NO
1779903277.889216,74865.10072659203,74883.86390765624,0.21088438668226983,0.325,184.0,BUY_NO
1779903277.9603124,74865.10072659203,74883.86390765624,0.21096228033221184,0.33499999999999996,145.9876829383386,BUY_NO
1779903278.4175243,74865.10072659203,74883.86390765624,0.2109520428831458,0.345,115.0,BUY_NO
1779903278.9432473,74865.10072659203,74883.86390765624,0.2108419344579986,0.345,92.34,BUY_NO
1779903279.1302254,74865.10072659203,74883.86390765624,0.2109699107720593,0.395,115.0,BUY_NO
1779903279.154532,74865.10072659203,74883.86390765624,0.21097508145122257,0.395,115.0,BUY_NO
1779903280.3415165,74865.10072659203,74883.86390765624,0.21174257140882663,0.395,115.0,BUY_NO
1779903281.3442035,74864.45078818942,74883.86390765624,0.21071843219772993,0.395,95.65,BUY_NO
1779903282.4429352,74864.72598389717,74883.86390765624,0.20862622963230812,0.395,81.98957708944818,BUY_NO
1779903286.2188418,74864.96245303442,74883.86390765624,0.20193573214572105,0.395,82.92683239069333,BUY_NO
1779903287.702624,74864.96245303442,74883.86390765624,0.19514331766520124,0.395,84.1782945799871,BUY_NO
1779903292.1978104,74872.99715,74883.86390765624,0.1909036379833681,0.405,110.0,BUY_NO
1779903301.9043064,74859.94059749081,74860.86029460175,0.8143714217712462,0.485,369.49,BUY_YES
1779903301.9657106,74859.94059749081,74860.86029460175,0.8140395427409363,0.485,123.0,BUY_YES
1779903304.030058,74859.94059749081,74860.86029460175,0.7858916587083898,0.435,117.02,BUY_YES
1779903307.5184069,74841.06131235906,74860.86029460175,0.7394079545987147,0.405,165.37,BUY_YES
1779903307.5243158,74841.06131235906,74860.86029460175,0.7394020341340919,0.405,264.0,BUY_YES
1779903307.6555228,74841.06131235906,74860.86029460175,0.7383062685183475,0.405,153.84,BUY_YES
1779903307.6616964,74841.06131235906,74860.86029460175,0.7382489358196374,0.405,281.06,BUY_YES
1779903309.0782561,74837.83847514327,74860.86029460175,0.7188526819611555,0.41000000000000003,394.23,BUY_YES
1779903459.6898668,74860.68983618954,74860.86029460175,0.38548372099728984,0.455,98.58,BUY_NO
1779903459.695007,74860.68983618954,74860.86029460175,0.38546270160793283,0.455,186.60300859354896,BUY_NO
1779903460.5923324,74860.50035619024,74860.86029460175,0.3877410887313759,0.455,142.76,SELL_YES
1779903461.17034,74860.50035619024,74860.86029460175,0.3904140197521253,0.455,140.94,SELL_YES
1779903467.4422016,74860.1269862635,74860.86029460175,0.4168991168025419,0.455,112.37,SELL_YES
1779903468.4606087,74860.41519132559,74860.86029460175,0.4198094331103722,0.455,160.18,SELL_YES
1779903470.983707,74860.41563268375,74860.86029460175,0.4258621385065793,0.455,144.48,SELL_YES
1779903482.7257047,74881.9810672544,74860.86029460175,0.4933003511486875,0.46499999999999997,285.18300859354895,SELL_NO
1779903516.9377575,74873.71162491468,74860.86029460175,0.6131768018572527,0.725,177.42,SELL_YES
1779903516.9465191,74873.71162491468,74860.86029460175,0.6132249258627089,0.725,430.74,BUY_NO
1779903516.9529834,74873.71162491468,74860.86029460175,0.6131844797267192,0.725,500.96,SELL_YES
1779903516.9609256,74873.71162491468,74860.86029460175,0.6131119218852024,0.725,488.90000000000003,SELL_YES
1779903518.6210804,74880.32443260023,74860.86029460175,0.6190052113191036,0.725,209.42,BUY_NO
1779903595.4411118,74873.1371332815,74860.86029460175,0.8015172590481395,0.905,514.3434756210305,BUY_NO
1779903600.8836493,74871.4695858075,74872.35281275873,0.7621395562262608,0.915,561.26,BUY_NO
1779903601.1650631,74871.4695858075,74872.35281275873,0.7601058379828003,0.915,587.68,BUY_NO
1779903627.6489186,74853.44752198794,74866.76642188696,0.5247301540504701,0.6950000000000001,135149.74529516193,BUY_NO
1779903638.3160148,74827.10601146656,74866.76642188696,0.4701742334370441,0.325,341.62,BUY_YES
1779903638.3227413,74827.10601146656,74866.76642188696,0.47018282854276616,0.325,341.62,BUY_YES
1779903638.3283608,74827.10601146656,74866.76642188696,0.4702089777103025,0.325,232.03,BUY_YES
1779903638.3344264,74827.10601146656,74866.76642188696,0.4702293363801769,0.325,418.71493837934463,BUY_YES
1779903638.3410583,74827.10601146656,74866.76642188696,0.4702497502850263,0.325,806.2850616206554,SELL_NO
1779903638.346261,74827.10601146656,74866.76642188696,0.4702666313787294,0.325,800.27,SELL_NO
1779903638.3537955,74827.10601146656,74866.76642188696,0.47028484666547177,0.325,282.53,SELL_NO
1779903638.3593445,74827.10601146656,74866.76642188696,0.4702885308707305,0.325,1037.0,SELL_NO
1779903648.2004507,74823.17071576013,74866.76642188696,0.41020713069103515,0.275,81.47,SELL_NO
1779903649.2179894,74822.88826879204,74866.76642188696,0.40448655393043076,0.275,78.37000000000002,SELL_NO
1779903649.223997,74822.88826879204,74866.76642188696,0.40451764404911594,0.275,92.24,SELL_NO
1779903649.228127,74822.88826879204,74866.76642188696,0.404537955688558,0.275,103.0,SELL_NO
1779903649.232836,74822.88826879204,74866.76642188696,0.40455621794826613,0.275,132.16,SELL_NO
1779903649.238533,74822.88826879204,74866.76642188696,0.40457468331322033,0.275,143.0,SELL_NO
1779903649.2427807,74822.88826879204,74866.76642188696,0.4045855678584302,0.275,201.18,SELL_NO
1779903649.2469444,74822.88826879204,74866.76642188696,0.4045953926738188,0.275,189.99,SELL_NO
1779903649.7310197,74822.88826879204,74866.76642188696,0.4013127590778623,0.275,72.0,SELL_NO
1779903649.8809054,74822.88826879204,74866.76642188696,0.4007021123271633,0.275,223.26,BUY_YES
1779903649.8868005,74822.88826879204,74866.76642188696,0.4006816418430592,0.275,127.03,SELL_NO
1779903649.8922336,74822.88826879204,74866.76642188696,0.40069022722272213,0.275,170.39,SELL_NO
1779903649.8967557,74822.88826879204,74866.76642188696,0.4006980651049981,0.275,115.0,SELL_NO
1779903649.9016204,74822.88826879204,74866.76642188696,0.4007097018304402,0.275,249.43,SELL_NO
1779903649.9088385,74822.88826879204,74866.76642188696,0.40073443780590073,0.275,182.0,SELL_NO
1779903652.5264874,74824.14052443678,74866.76642188696,0.3854434043775893,0.275,72.0,SELL_NO
1779903654.2630277,74824.14052443678,74866.76642188696,0.3797103770628927,0.275,225.64,BUY_YES
1779903654.2680037,74824.14052443678,74866.76642188696,0.37968683590339347,0.275,110.03,SELL_NO
1779903654.2734535,74824.14052443678,74866.76642188696,0.37966333166822175,0.275,149.78,SELL_NO
1779903654.2779562,74824.14052443678,74866.76642188696,0.3796469022128069,0.275,108.0,SELL_NO
1779903654.2836406,74824.14052443678,74866.76642188696,0.37965362112702206,0.275,138.74,SELL_NO
1779903655.4630306,74819.81453437774,74866.76642188696,0.37459086995413343,0.275,73.17,SELL_NO
1779903655.4911635,74819.81453437774,74866.76642188696,0.37445636247548514,0.275,147.34,SELL_NO
1779903655.4951918,74819.81453437774,74866.76642188696,0.37444164203035873,0.275,107.41,SELL_NO
1779903655.5882516,74819.81453437774,74866.76642188696,0.373819230934741,0.275,77.4,SELL_NO
1779903656.0753736,74822.50398040474,74866.76642188696,0.3718079040558644,0.275,76.97,SELL_NO
1779903656.079963,74822.50398040474,74866.76642188696,0.37183046018568194,0.275,75.0,SELL_NO
1779903656.0856996,74822.50398040474,74866.76642188696,0.37184957096646687,0.275,294.0,SELL_NO
1779903656.0921555,74822.50398040474,74866.76642188696,0.37188562572729916,0.275,167.0,SELL_NO
1779903656.5802429,74822.50398040474,74866.76642188696,0.36987850468503963,0.29000000000000004,90.93,SELL_NO
1779903656.5865545,74822.50398040474,74866.76642188696,0.3698920424634719,0.29000000000000004,294.0,SELL_NO
1779903656.6022563,74822.50398040474,74866.76642188696,0.3699326293681027,0.29000000000000004,184.0,SELL_NO
1779903656.6680489,74822.50398040474,74866.76642188696,0.36948774635342635,0.275,72.37,SELL_NO
1779903658.1252353,74822.50398040474,74866.76642188696,0.3614414297507395,0.275,92.12,SELL_NO
1779903658.174321,74822.50398040474,74866.76642188696,0.3617532264193204,0.275,100.0,SELL_NO
1779903661.8510318,74822.50398040474,74866.76642188696,0.35179833476941363,0.275,76.75999999999999,SELL_NO
1779903661.8594177,74822.50398040474,74866.76642188696,0.3518053778079855,0.275,106.69999999999999,SELL_NO
1779903662.0063941,74823.33500990136,74866.76642188696,0.3513161900934427,0.275,100.0,SELL_NO
1779903662.1279628,74823.33500990136,74866.76642188696,0.3507476024011407,0.275,110.0,SELL_NO
1779903662.1331594,74823.33500990136,74866.76642188696,0.35072539183423046,0.275,208.81,SELL_NO
1779903662.1400044,74823.33500990136,74866.76642188696,0.3507643841202953,0.275,769.7,SELL_NO
1779903662.1625404,74823.33500990136,74866.76642188696,0.35080453497044556,0.275,184.0,SELL_NO
1779903665.3931608,74823.33500990136,74866.76642188696,0.3413793640018716,0.275,75.47,SELL_NO
1779903665.398713,74823.33500990136,74866.76642188696,0.34137196841178535,0.275,546.9300000000001,SELL_NO
1779903666.0790238,74825.71071771027,74866.76642188696,0.3388575405648451,0.28,197.32,SELL_NO
1779903666.1271393,74825.71071771027,74866.76642188696,0.3388930602864125,0.28,80.0,SELL_NO
1779903666.2433553,74825.71071771027,74866.76642188696,0.33839578107451257,0.275,78.98000000000002,SELL_NO
1779903668.5989044,74825.71071771027,74866.76642188696,0.3260090154055658,0.275,87.25999999999999,SELL_NO
1779903670.4076512,74825.71071771027,74866.76642188696,0.32106722787575276,0.28,105.15999999999997,SELL_NO
1779903672.6399493,74825.71071771027,74866.76642188696,0.31617149535615535,0.28,79.0,SELL_NO
1779903682.9131737,74807.07968008835,74866.76642188696,0.27091181772827366,0.225,957.74,SELL_NO
1779903682.9798188,74807.07968008835,74866.76642188696,0.27057042769369755,0.225,67.70999999999992,SELL_NO
1779903683.053181,74807.07968008835,74866.76642188696,0.2702114628385564,0.225,75.52999999999997,SELL_NO
1779903683.1712184,74807.07968008835,74866.76642188696,0.26964784916813567,0.225,93.0,SELL_NO
1779903683.917603,74807.07968008835,74866.76642188696,0.2655188161793486,0.225,68.60000000000002,SELL_NO
1779903683.9573479,74807.07968008835,74866.76642188696,0.2654102779821621,0.225,1091.8,SELL_NO
1779903684.4930305,74806.99611939938,74866.76642188696,0.26232368163172537,0.225,72.07000000000005,SELL_NO
1779903777.4890556,74730.23908344225,74866.76642188696,0.09432854627283802,0.155,385.85,SELL_YES
1779903778.0488238,74730.08442771036,74866.76642188696,0.09277144292350617,0.155,356.28,SELL_YES
1779903778.2701833,74730.08442771036,74866.76642188696,0.0921652662871753,0.155,909.77,SELL_YES
1779903794.6683686,74758.80939461854,74866.76642188696,0.057590257172910726,0.015,375.3,SELL_NO
1779903794.7234204,74758.80939461854,74866.76642188696,0.057503006269715405,0.015,883.24,SELL_NO
1779903796.1477947,74758.80939461854,74866.76642188696,0.05539846437569686,0.015,380.3,SELL_NO
1779903796.15128,74758.80939461854,74866.76642188696,0.05539397099730786,0.015,888.88,SELL_NO
1779903797.8330746,74757.56288896537,74866.76642188696,0.05304597777452137,0.015,53.0,SELL_NO
1779903797.837359,74757.56288896537,74866.76642188696,0.05304431795490468,0.015,121.02999999999997,SELL_NO
1779903797.885521,74757.56288896537,74866.76642188696,0.0529876848079983,0.015,55.0,SELL_NO
1779903797.9411473,74757.56288896537,74866.76642188696,0.052908050333071145,0.015,374.05,SELL_NO
1779903798.3321092,74757.56288896537,74866.76642188696,0.05235779979654661,0.015,556.0999999999999,SELL_NO
1779903799.0792387,74757.56288896537,74866.76642188696,0.051377354904263456,0.015,56.210000000000036,SELL_NO
1779903799.2750533,74757.56288896537,74866.76642188696,0.051115248247388466,0.015,53.4,SELL_NO
1779903799.8004353,74757.56288896537,74866.76642188696,0.05041808646119363,0.015,70.0,SELL_NO
1779903805.4085069,74757.15446699232,74866.76642188696,0.04376379607949971,0.015,416.99,SELL_NO
1779903806.5815241,74750.98326849706,74866.76642188696,0.04249881866101436,0.015,406.99,SELL_NO
1779903809.204908,74750.98326849706,74866.76642188696,0.03977763518052765,0.015,56.39999999999999,SELL_NO
1779903809.407376,74750.98326849706,74866.76642188696,0.03957741236897948,0.015,111.12,SELL_NO
1779903810.5584702,74750.98326849706,74866.76642188696,0.038464037847860344,0.015,88.0,SELL_NO
1779903810.9551284,74750.98326849706,74866.76642188696,0.038090165171892336,0.015,652.51,SELL_NO
1779903811.0371447,74764.43794042947,74866.76642188696,0.038014339111034134,0.015,55.0,SELL_NO
1779903811.1074688,74764.43794042947,74866.76642188696,0.037950523586766295,0.015,200.0,SELL_NO
1779903811.241371,74764.43794042947,74866.76642188696,0.0378387850328423,0.015,54.0,SELL_NO
1779903811.6743634,74764.43794042947,74866.76642188696,0.037439871269718095,0.015,54.0,SELL_NO
1779903811.8087842,74764.43794042947,74866.76642188696,0.03732395726023034,0.015,52.84,SELL_NO
1779903812.2825015,74765.9455103326,74866.76642188696,0.03689966002881726,0.015,64.36,SELL_NO
1779903812.372303,74765.9455103326,74866.76642188696,0.03682061554959667,0.015,90.60000000000001,SELL_NO
1779903812.420785,74765.9455103326,74866.76642188696,0.0367841723536741,0.015,52.639999999999986,SELL_NO
1779903812.4654772,74765.9455103326,74866.76642188696,0.036749413800375906,0.015,57.00000000000003,SELL_NO
1779903812.5379736,74765.9455103326,74866.76642188696,0.0366865171446587,0.015,72.94,SELL_NO
1779903812.9161408,74765.9455103326,74866.76642188696,0.03642925575710982,0.015,72.14,SELL_NO
1779903812.9919207,74765.9455103326,74866.76642188696,0.03636581292393275,0.015,53.0,SELL_NO
1779903813.0138667,74765.9455103326,74866.76642188696,0.03634716788854126,0.015,413.72,SELL_NO
1779903813.0499642,74765.9455103326,74866.76642188696,0.03632222862548968,0.015,52.0,SELL_NO
1779903813.5644543,74765.9455103326,74866.76642188696,0.03594748547887133,0.015,52.360000000000014,SELL_NO
1779903814.1807284,74765.7454807176,74866.76642188696,0.03543428437834563,0.015,409.08000000000004,SELL_NO
1779903815.0638602,74765.59078469232,74866.76642188696,0.03475454715809402,0.015,80.00000000000001,SELL_NO
1779903852.437988,74784.77659652363,74866.76642188696,0.020459980039669024,0.01,116.99,SELL_NO
1779903889.00729,74797.06989839669,74866.76642188696,0.02641884868052968,0.015,577.17,SELL_NO
1779903889.7518492,74797.06023329371,74866.76642188696,0.03133638020231189,0.01,154.46,SELL_NO
1779903910.5107124,74776.90270267514,74777.10099744854,0.8164170116579236,0.485,151.99,BUY_YES
1779903910.5207357,74776.90270267514,74777.10099744854,0.8163988091537743,0.485,210.96,BUY_YES
1779903910.531767,74776.90270267514,74777.10099744854,0.8163687877255803,0.485,363.32,BUY_YES
1779903910.5404327,74776.90270267514,74777.10099744854,0.8163440373805847,0.485,205.4,BUY_YES
1779903912.2415679,74776.90270267514,74777.10099744854,0.7997493650921594,0.495,364.0,BUY_YES
1779903912.292232,74776.90270267514,74777.10099744854,0.7996492187768258,0.5,478.0,BUY_YES
1779903919.1096177,74776.34259140573,74777.10099744854,0.7523939180541809,0.515,97.35,BUY_YES
1779903919.115285,74776.34259140573,74777.10099744854,0.7523894073860068,0.515,279.0,BUY_YES
1779903919.1196163,74776.34259140573,74777.10099744854,0.7523983845779589,0.515,391.0,BUY_YES
1779903919.2629876,74776.34259140573,74777.10099744854,0.7514794983898894,0.515,99.32,BUY_YES
1779903919.8150291,74776.00600659482,74777.10099744854,0.7475801375145975,0.515,231.67,BUY_YES
1779903919.8194408,74776.00600659482,74777.10099744854,0.7475463248925796,0.515,279.0,BUY_YES
1779903919.8236907,74776.00600659482,74777.10099744854,0.7475500392431101,0.515,420.0,BUY_YES
1779903919.9575732,74776.00600659482,74777.10099744854,0.7477797646440311,0.515,153.18515230902904,BUY_YES
1779903921.2326853,74776.00600659482,74777.10099744854,0.7413723605479191,0.515,231.67,BUY_YES
1779904019.25305,74816.46244338098,74777.10099744854,0.7029636964985965,0.785,525.88,BUY_NO
1779904019.2609775,74816.46244338098,74777.10099744854,0.7029825184209237,0.785,730.5,SELL_YES
1779904019.267045,74816.46244338098,74777.10099744854,0.7029578425368086,0.785,559.6,SELL_YES
1779904019.2735126,74816.46244338098,74777.10099744854,0.7029128201257115,0.785,987.7,SELL_YES
1779904020.4907405,74816.46244338098,74777.10099744854,0.7014456745337653,0.785,409.15999999999997,SELL_YES
1779904020.4985104,74816.46244338098,74777.10099744854,0.7014474918416563,0.785,563.0,SELL_YES
1779904020.504874,74816.46244338098,74777.10099744854,0.7013898045602099,0.785,705.9051523090293,SELL_YES
1779904076.095431,74787.75498852,74777.10099744854,0.6910126382022843,0.775,229.55117843259973,BUY_NO
1779904079.1681864,74787.74511305774,74777.10099744854,0.6840678970034506,0.775,222.72031048390636,BUY_NO
1779904079.931092,74787.74511305774,74777.10099744854,0.6768621915054502,0.775,231.05908457886233,BUY_NO
1779904080.8719409,74787.74511305774,74777.10099744854,0.6697495577135362,0.775,228.0348374207249,BUY_NO
1779904082.5231342,74787.74511305774,74777.10099744854,0.6614425463095184,0.775,266.3060436197493,BUY_NO
1779904138.253397,74796.38477792937,74777.10099744854,0.6424971836471867,0.615,263.99,SELL_NO
1779904144.9551458,74794.69407618647,74777.10099744854,0.6417287383794775,0.775,341.16,BUY_NO
1779904193.1351945,74809.67941528051,74777.10099744854,0.8581332396653537,0.815,164.48,BUY_YES
1779904193.1419027,74809.67941528051,74777.10099744854,0.8580928437781532,0.815,157.3,BUY_YES
1779904193.2814496,74809.67941528051,74777.10099744854,0.8571178771665612,0.815,66.93,BUY_YES
1779904193.3200011,74809.67941528051,74777.10099744854,0.856823979005093,0.815,100.0,BUY_YES
1779904199.0420554,74803.95089240049,74777.10099744854,0.8249908638250188,0.845,129.6,SELL_YES
1779904199.174678,74803.95089240049,74777.10099744854,0.824220821475922,0.855,101.0,SELL_YES
1779904200.4193094,74803.95089240049,74803.95089240049,0.8154877687845379,0.855,227.58999999999997,SELL_YES
1779904210.593791,74791.36792216009,74803.91424999334,0.31669589881324484,0.375,334.39,BUY_NO
1779904210.601508,74791.36792216009,74803.91424999334,0.31668434168585774,0.375,109.95600177291908,BUY_NO
1779904226.7175195,74790.63840743364,74803.91424999334,0.40225587919917527,0.375,259.37,SELL_NO
1779904229.728068,74790.58061708855,74803.91424999334,0.41220335308682726,0.375,157.04,SELL_NO
1779904255.9450173,74806.1275376184,74803.91424999334,0.44475626966513937,0.38,141.01,BUY_YES
1779904256.543922,74806.1275376184,74803.91424999334,0.44718058456813725,0.385,138.45,BUY_YES
1779904257.4707313,74806.39616217239,74803.91424999334,0.45159254127027704,0.385,157.45634906489715,BUY_YES
1779904260.2142816,74806.19275294963,74803.91424999334,0.4568041239670873,0.385,128.80605405168745,BUY_YES
1779904262.758358,74806.41757594165,74803.91424999334,0.46556890573395204,0.385,210.41,BUY_YES
1779904278.3783383,74806.91559432077,74803.91424999334,0.4991577404501983,0.395,160.0,BUY_YES
1779904278.4796355,74806.91559432077,74803.91424999334,0.4994597792612418,0.395,206.2965704164876,BUY_YES
1779904279.8952565,74806.91559432077,74803.91424999334,0.5056964809248965,0.395,145.0,BUY_YES
1779904282.4174123,74806.91559432077,74803.91424999334,0.5056067426640453,0.395,150.0,BUY_YES
1779904288.8369818,74780.09724992738,74803.91424999334,0.4439613033333702,0.315,403.58,BUY_YES
1779904329.901958,74824.14779412473,74803.91424999334,0.46383964036779396,0.335,154.36719327703054,BUY_YES
1779904330.802161,74824.14779412473,74803.91424999334,0.469617057932597,0.335,150.91200362528775,BUY_YES
1779904331.3630488,74824.12111411894,74803.91424999334,0.475258555908449,0.335,147.34262462060542,BUY_YES
1779904331.8837023,74824.12111411894,74803.91424999334,0.48108533994580815,0.335,152.17099368346135,BUY_YES
1779904332.6770306,74824.12111411894,74803.91424999334,0.4867192760302681,0.335,147.10630019831387,BUY_YES
1779904333.4865193,74824.34900938695,74803.91424999334,0.492691697247897,0.335,155.94019784176044,BUY_YES
1779904334.0171316,74824.34900938695,74803.91424999334,0.49853199303962614,0.335,152.45727065557367,BUY_YES
1779904334.6651518,74824.34900938695,74803.91424999334,0.5046752185347473,0.335,160.3583423382329,BUY_YES
1779904335.3969529,74824.34900938695,74803.91424999334,0.5109119159970716,0.335,162.76992090895556,BUY_YES
1779904338.4864824,74824.34900938695,74803.91424999334,0.5317268088301838,0.335,256.0129697795728,BUY_YES
1779904338.5204172,74824.31437931544,74803.91424999334,0.5319868071443905,0.335,293.79667390594113,BUY_YES
1779904339.9815307,74824.31437931544,74803.91424999334,0.5377140304560738,0.335,149.1460388032915,BUY_YES
1779904341.2598174,74831.79088065286,74803.91424999334,0.5446959048416622,0.335,182.1251734505904,BUY_YES
1779904348.2604463,74837.70239602422,74803.91424999334,0.622517230893282,0.845,412.37,SELL_YES
1779904348.2733686,74837.70239602422,74803.91424999334,0.6226196940569495,0.845,604.12,BUY_NO
1779904348.281689,74837.70239602422,74803.91424999334,0.6225924726067379,0.845,540.64,BUY_NO
1779904348.2882624,74837.70239602422,74803.91424999334,0.6225537789699945,0.845,476.31,BUY_NO
1779904348.3320048,74837.70239602422,74803.91424999334,0.6225552631381587,0.845,73.27000000000001,SELL_YES
1779904348.3377664,74837.70239602422,74803.91424999334,0.6225669505656733,0.845,603.68,BUY_NO
1779904348.344098,74837.70239602422,74803.91424999334,0.6225519441497354,0.845,659.0,BUY_NO
1779904348.3492017,74837.70239602422,74803.91424999334,0.6225304446866609,0.845,299.2939680164477,BUY_NO
1779904348.3547072,74837.70239602422,74803.91424999334,0.6225123121263779,0.845,729.8960319835523,SELL_YES
1779904348.3621585,74837.70239602422,74803.91424999334,0.6224941357903924,0.845,958.7,SELL_YES
1779904348.367438,74837.70239602422,74803.91424999334,0.6224806463272184,0.845,1013.0,SELL_YES
1779904348.4610143,74837.70239602422,74803.91424999334,0.622700481807246,0.845,125.99999999999997,SELL_YES
1779904348.5454578,74837.70239602422,74803.91424999334,0.6230485979373687,0.845,64.0,SELL_YES
1779904350.4706893,74837.70239602422,74803.91424999334,0.6295324414699712,0.845,65.0,SELL_YES
1779904351.0857034,74837.70239602422,74803.91424999334,0.6328012220812702,0.845,396.14,SELL_YES
1779904351.0892787,74837.70239602422,74803.91424999334,0.6328117566657058,0.845,604.12,BUY_NO
1779904351.0947852,74837.70239602422,74803.91424999334,0.6327698767904368,0.845,540.64,BUY_NO
1779904351.102337,74837.70239602422,74803.91424999334,0.6327195089447022,0.845,267.1386446381372,SELL_YES
1779904451.3138819,74790.41539547878,74803.91424999334,0.5022517879234543,0.195,196.98,SELL_NO
1779904451.3791883,74786.76800957035,74803.91424999334,0.5015918622762882,0.195,65.0,SELL_NO
1779904451.3851857,74786.76800957035,74803.91424999334,0.5015437127232751,0.195,277.5,SELL_NO
1779904451.398714,74786.76800957035,74803.91424999334,0.5014928416469889,0.195,228.65,BUY_YES
1779904451.4046152,74786.76800957035,74803.91424999334,0.5014900150662245,0.195,259.40000000000003,SELL_NO
1779904451.41293,74786.76800957035,74803.91424999334,0.5014767433822298,0.195,335.3,BUY_YES
1779904451.4182458,74786.76800957035,74803.91424999334,0.5014774195692397,0.195,384.43,BUY_YES
1779904451.423084,74786.76800957035,74803.91424999334,0.5014787204885476,0.195,441.2,BUY_YES
1779904451.4328375,74786.76800957035,74803.91424999334,0.5014785386359841,0.195,346.0,BUY_YES
1779904454.9442472,74786.76800957035,74803.91424999334,0.4751397315086058,0.195,74.56,SELL_NO
1779904455.7883735,74786.76800957035,74803.91424999334,0.4689763954479151,0.195,100.0,SELL_NO
1779904456.0504727,74786.76800957035,74803.91424999334,0.4662506649780562,0.195,67.0,SELL_NO
1779904456.1761658,74786.76800957035,74803.91424999334,0.46508631583596155,0.195,222.25,SELL_NO
1779904456.1866226,74786.76800957035,74803.91424999334,0.46502915887397644,0.195,120.0,SELL_NO
1779904456.197959,74786.76800957035,74803.91424999334,0.46497439868172163,0.195,132.5,SELL_NO
1779904456.2023242,74786.76800957035,74803.91424999334,0.46497555566457555,0.195,223.65,BUY_YES
1779904456.2105613,74786.76800957035,74803.91424999334,0.46499437111449565,0.195,259.40000000000003,SELL_NO
1779904456.2140064,74786.76800957035,74803.91424999334,0.4649948891345711,0.195,335.3,BUY_YES
1779904456.2173617,74786.76800957035,74803.91424999334,0.46499973548732054,0.195,391.39,BUY_YES
1779904456.2205145,74786.76800957035,74803.91424999334,0.46500381581522543,0.195,441.2,BUY_YES
1779904456.2235107,74786.76800957035,74803.91424999334,0.4650063148363082,0.195,781.8,SELL_NO
1779904456.235476,74786.76800957035,74803.91424999334,0.4649702343021531,0.195,430.6,SELL_NO
1779904456.238362,74786.76800957035,74803.91424999334,0.4649613275950893,0.195,450.4,SELL_NO
1779904456.2417765,74786.76800957035,74803.91424999334,0.46495428149840273,0.195,410.2,SELL_NO
1779904456.2482972,74786.76800957035,74803.91424999334,0.464943118948938,0.195,310.2,SELL_NO
1779904456.2534769,74786.76800957035,74803.91424999334,0.4649332671269866,0.195,197.9499697893673,SELL_NO
1779904491.6524093,74767.73047855758,74803.91424999334,0.20544732067264038,0.245,514.79,BUY_NO
1779904492.6826112,74767.73047855758,74803.91424999334,0.20540735296070506,0.245,92.20165023997458,BUY_NO
1779904492.7487638,74767.73047855758,74803.91424999334,0.20586051447641854,0.245,307.5783497600254,SELL_YES
1779904506.0556228,74768.30478039953,74767.73047855758,0.270702384969527,0.245,381.57,SELL_NO
1779904506.7902784,74768.30478039953,74767.73047855758,0.278736824064606,0.245,112.86,SELL_NO
1779904508.3460474,74768.30478039953,74767.73047855758,0.28849821062449565,0.245,71.07000000000002,SELL_NO
1779904526.7347581,74765.77920852033,74767.52121307701,0.6089601618107001,0.475,847.9,BUY_YES
1779904526.8476853,74765.77920852033,74767.52121307701,0.6095158053138239,0.475,679.39,BUY_YES
1779904526.9389343,74765.77920852033,74767.52121307701,0.609972340338803,0.475,332.87678100868584,BUY_YES
1779904530.5832617,74765.77920852033,74767.52121307701,0.6001889300514456,0.475,221.88823199353078,BUY_YES
1779904642.534565,74672.25611688594,74767.52121307701,0.3169276206221412,0.185,278.63,BUY_YES
1779904643.7449992,74672.25611688594,74767.52121307701,0.3143688632304661,0.185,295.24906621431137,BUY_YES
1779904678.8715887,74666.42662131306,74767.52121307701,0.21279326787001077,0.07500000000000001,731.89,BUY_YES
1779904685.4140062,74673.32106530972,74767.52121307701,0.21056131605197953,0.07500000000000001,633.35,BUY_YES
1779904686.1792328,74673.32106530972,74767.52121307701,0.21043836176540803,0.07500000000000001,920.64,BUY_YES
1779904721.346666,74726.43680084073,74767.52121307701,0.2687042561137758,0.08499999999999999,558.55,BUY_YES
1779904721.8847573,74751.95278636267,74767.52121307701,0.2699552438762501,0.08499999999999999,649.12,BUY_YES
1779904725.2385814,74751.95278636267,74767.52121307701,0.2925931197003529,0.08499999999999999,651.02,BUY_YES
1779904727.7864034,74751.95278636267,74767.52121307701,0.29792124418852195,0.08499999999999999,935.02,BUY_YES
1779904728.930042,74739.3866080164,74767.52121307701,0.30494780187241133,0.08,1137.02,BUY_YES
1779904729.530496,74739.3866080164,74767.52121307701,0.30500751095758166,0.07500000000000001,628.29,BUY_YES
1779904732.9946582,74744.92687051155,74767.52121307701,0.3102528980754663,0.07500000000000001,802.79,BUY_YES
1779904734.688257,74744.92687051155,74767.52121307701,0.3140066003338882,0.07500000000000001,726.23,BUY_YES
1779904792.6095936,74739.13,74767.52121307701,0.3148373118728545,0.37,105.5,BUY_NO
1779904792.6144423,74739.13,74767.52121307701,0.3148172913608721,0.37,185.3165295932249,BUY_NO
1779904793.6142015,74739.13,74767.52121307701,0.3177744060263279,0.365,155.5,BUY_NO
1779904793.6183763,74739.13,74767.52121307701,0.317775422643821,0.365,237.36,SELL_YES
1779904794.4046414,74739.13,74767.52121307701,0.3208305700025319,0.365,154.01999999999998,SELL_YES
1779904794.5881605,74739.13,74767.52121307701,0.3216143277133062,0.365,150.98000000000002,SELL_YES
1779904800.422086,74732.48628508493,74733.99613135934,0.43496757943150577,0.515,375.5,BUY_NO
1779904800.5445735,74732.48628508493,74733.99613135934,0.4339294747207505,0.515,127.72959425302952,BUY_NO
1779904801.7946203,74732.48628508493,74733.99613135934,0.4320507205152574,0.51,269.644496704998,BUY_NO
1779904828.1424563,74706.40332821694,74733.99613135934,0.41858409357338755,0.495,100.29,BUY_NO
1779906169.9919677,74711.89617838843,74711.89617838843,0.8169874739097228,0.655,162.23,BUY_YES
1779906169.995173,74711.89617838843,74711.89617838843,0.8169819688445225,0.655,185.02,BUY_YES
1779906170.0438364,74711.89617838843,74711.89617838843,0.8168221068796396,0.655,371.62,BUY_YES
1779906170.119371,74711.89617838843,74711.89617838843,0.8165461374236713,0.655,402.4,BUY_YES
1779906170.1319196,74711.89617838843,74711.89617838843,0.8164983424350928,0.655,420.77,BUY_YES
1779906170.2527275,74711.89617838843,74711.89617838843,0.8157943635446498,0.655,220.8,BUY_YES
1779906173.569574,74711.89617838843,74711.89617838843,0.7793648369699437,0.665,185.59,BUY_YES
1779906219.2682009,74725.07463064734,74711.89617838843,0.6391179296166544,0.705,298.336903144458,BUY_NO
1779906219.274059,74725.07463064734,74711.89617838843,0.6390527030357052,0.705,535.463096855542,SELL_YES
1779906219.2787375,74725.07463064734,74711.89617838843,0.6390048247539255,0.705,399.11,SELL_YES
1779906219.3063896,74725.07463064734,74711.89617838843,0.6388296477793286,0.705,463.74,SELL_YES
1779906219.348237,74725.07463064734,74711.89617838843,0.6386461329262508,0.705,92.05999999999992,SELL_YES
1779906219.4293602,74725.07463064734,74711.89617838843,0.6384980274386449,0.705,72.01999999999998,SELL_YES
1779906219.9365203,74725.07463064734,74711.89617838843,0.6381621289459565,0.705,77.21999999999994,SELL_YES
1779906220.028285,74725.07463064734,74711.89617838843,0.6380930536190862,0.705,73.26999999999998,SELL_YES
1779906220.6172352,74725.07463064734,74711.89617838843,0.6383500949457444,0.705,87.26000000000008,SELL_YES
1779906220.803153,74723.10445379325,74711.89617838843,0.638339167055063,0.705,71.93,SELL_YES
1779906220.8624985,74723.10445379325,74711.89617838843,0.6381382315342025,0.705,76.35690314445785,SELL_YES
1779906221.379238,74722.66199828223,74711.89617838843,0.6385130469897862,0.715,190.85,BUY_NO
1779906225.8940322,74722.6010637802,74711.89617838843,0.635171952261985,0.715,197.43720158454175,BUY_NO
1779906243.7532344,74715.93855128334,74711.89617838843,0.5810854403314761,0.665,148.3129799392998,BUY_NO
1779906245.3357847,74715.93855128334,74711.89617838843,0.5733505315389604,0.665,188.08,BUY_NO
1779906270.538127,74712.82215609096,74711.89617838843,0.6391549246888638,0.755,201.72,BUY_NO
1779906271.4982715,74713.2170503114,74711.89617838843,0.6384318102420582,0.805,254.42,BUY_NO
1779906272.7009897,74716.9527866105,74711.89617838843,0.6340927844931297,0.805,302.48,BUY_NO
1779906273.2391498,74717.51640330526,74711.89617838843,0.6345753342328816,0.805,379.2,BUY_NO
1779906274.2651825,74717.51640330526,74711.89617838843,0.6360285414326463,0.805,383.18,BUY_NO
1779906275.6136348,74728.5309792652,74711.89617838843,0.63819133949372,0.805,252.92,BUY_NO
1779906276.067559,74728.5309792652,74711.89617838843,0.6413961196679768,0.805,252.56000000000003,BUY_NO
1779906276.8897636,74728.5309792652,74711.89617838843,0.645956913062614,0.855,334.0,BUY_NO
1779906277.5103793,74729.8974601376,74711.89617838843,0.649906084728576,0.855,345.7,BUY_NO
1779906277.737421,74729.8974601376,74711.89617838843,0.6507310291358802,0.855,559.24,BUY_NO
1779906278.3969858,74729.70542264573,74711.89617838843,0.655080788713861,0.865,375.0,BUY_NO
1779906286.9575112,74734.83581818789,74711.89617838843,0.6969424864464769,0.875,399.71,BUY_NO
1779906288.3146112,74734.87887655247,74711.89617838843,0.6962921562462158,0.895,460.72,BUY_NO
1779906289.6165657,74735.7992463088,74711.89617838843,0.6950080292217189,0.905,508.73,BUY_NO
1779906290.0737555,74735.7992463088,74711.89617838843,0.6918142906879028,0.905,518.32,BUY_NO
1779906291.0442035,74735.81656778866,74711.89617838843,0.689670596447792,0.905,568.85,BUY_NO
1779906294.002084,74735.95043315928,74711.89617838843,0.684150090398849,0.915,564.72,BUY_NO
1779906294.6344051,74735.95043315928,74711.89617838843,0.6853348167878361,0.915,772.6,BUY_NO
1779906308.3675585,74733.90528469872,74734.24227780022,0.20246255985010275,0.515,460.99,BUY_NO
1779906308.374235,74733.90528469872,74734.24227780022,0.202457627852308,0.515,390.0,BUY_NO
1779906308.4318058,74733.90528469872,74734.24227780022,0.20281764643782063,0.515,104.16999999999996,BUY_NO
1779906308.5131114,74733.90528469872,74734.24227780022,0.20359009691535626,0.515,103.46000000000004,BUY_NO
1779906308.83098,74733.90528469872,74734.24227780022,0.2059018658075575,0.515,204.09,BUY_NO
1779906308.8620646,74733.90528469872,74734.24227780022,0.20621201850745136,0.515,209.0,BUY_NO
1779906308.8667436,74733.90528469872,74734.24227780022,0.2062079770695099,0.515,236.5,BUY_NO
1779906308.872145,74733.90528469872,74734.24227780022,0.2062056588191982,0.515,252.0,BUY_NO
1779906309.0465214,74733.90528469872,74734.24227780022,0.20770144018049935,0.515,122.15999999999997,BUY_NO
1779906309.2647667,74733.90528469872,74734.24227780022,0.21067809659421866,0.515,103.0200000000001,BUY_NO
1779906310.1815395,74733.90528469872,74734.24227780022,0.21800261751533634,0.515,660.07,BUY_NO
1779906310.1868498,74733.90528469872,74734.24227780022,0.21804582556330315,0.515,375.0,BUY_NO
1779906310.2059295,74733.90528469872,74734.24227780022,0.21820823617103732,0.515,209.09,BUY_NO
1779906310.2209039,74733.90528469872,74734.24227780022,0.21833982187528897,0.515,224.0,BUY_NO
1779906310.2256436,74733.90528469872,74734.24227780022,0.21834955875089518,0.515,241.5,BUY_NO
1779906310.2302618,74733.90528469872,74734.24227780022,0.21835095074805097,0.515,252.0,BUY_NO
1779906310.2926502,74733.90528469872,74734.24227780022,0.21875502870626384,0.515,112.66999999999996,BUY_NO
1779906310.2961888,74733.90528469872,74734.24227780022,0.21877501674792843,0.515,372.06823444532256,BUY_NO
1779906311.4388125,74736.10268861747,74734.24227780022,0.22997164042665183,0.515,659.33,BUY_NO
1779906311.5360444,74736.10268861747,74734.24227780022,0.2309005813866573,0.515,105.57999999999993,BUY_NO
1779906435.8374445,74773.29607105866,74734.24227780022,0.7396108727692002,0.705,79.27,BUY_YES
1779906436.200053,74773.29607105866,74734.24227780022,0.7395163306548964,0.705,89.0,BUY_YES
1779906436.4488575,74773.29607105866,74734.24227780022,0.7400692117507471,0.705,80.16762871305971,BUY_YES
1779906436.9325614,74773.41434935656,74734.24227780022,0.740811617066822,0.705,178.98000000000002,SELL_NO
1779906437.0923443,74773.41434935656,74734.24227780022,0.7410894806733225,0.705,181.47999999999996,SELL_NO
1779906439.2581928,74773.41434935656,74734.24227780022,0.7429064055596469,0.705,76.61235014949827,BUY_YES
1779906439.3644712,74773.41434935656,74734.24227780022,0.7430279665227354,0.705,173.7876498505017,SELL_NO
1779906439.3813148,74773.41434935656,74734.24227780022,0.7430840552375294,0.705,710.79,SELL_NO
1779906439.3863063,74773.41434935656,74734.24227780022,0.743103987036457,0.705,197.0,SELL_NO
1779906441.2981505,74773.46713983153,74734.24227780022,0.7429444800316727,0.705,202.93000000000006,SELL_NO
1779906441.7600346,74773.46713983153,74734.24227780022,0.7448242674095946,0.705,772.93,SELL_NO
1779906441.8427644,74773.46713983153,74734.24227780022,0.7451414083180791,0.705,261.51,SELL_NO
1779906442.8399894,74776.01791611282,74734.24227780022,0.74829126718876,0.705,85.73000000000002,BUY_YES
1779906443.0265167,74776.01791611282,74734.24227780022,0.7487168445332131,0.705,70.47450859821936,BUY_YES
1779906443.3552225,74776.01791611282,74734.24227780022,0.7499177921663127,0.705,368.2,SELL_NO
1779906443.5464942,74776.01791611282,74734.24227780022,0.7504561932129848,0.705,802.59,SELL_NO
1779906443.5517197,74776.01791611282,74734.24227780022,0.7504800785099617,0.705,261.56,SELL_NO
1779906443.5562944,74776.01791611282,74734.24227780022,0.7505067306262541,0.705,368.2,SELL_NO
1779906443.9424336,74775.44413180558,74734.24227780022,0.7521060702937413,0.705,76.82,BUY_YES
1779906444.6032996,74775.44413180558,74734.24227780022,0.7533596296245674,0.705,647.07,SELL_NO
1779906444.6074734,74775.44413180558,74734.24227780022,0.7533749042849419,0.705,266.0,SELL_NO
1779906444.9286084,74775.44413180558,74734.24227780022,0.7542689557777763,0.705,71.45863460387022,BUY_YES
1779906446.3948917,74775.29174639045,74734.24227780022,0.7600810173333293,0.705,156.41327777411607,BUY_YES
1779906454.9423475,74792.33945359504,74734.24227780022,0.8026652834120196,0.925,680.45,SELL_YES
1779906454.9477909,74792.33945359504,74734.24227780022,0.8026924824952365,0.925,105.49639983876364,SELL_YES
1779906513.1104677,74719.37618192029,74734.24227780022,0.7658582278034916,0.915,570.66,BUY_NO
1779906514.2649739,74719.03261196082,74734.24227780022,0.7530474505517892,0.915,618.4,BUY_NO
1779906524.0122225,74731.01904441511,74734.24227780022,0.6383018140727321,0.545,103.23,BUY_YES
1779906524.0215003,74731.01904441511,74734.24227780022,0.6382324040098123,0.545,123.67,BUY_YES
1779906524.1264033,74731.01904441511,74734.24227780022,0.6378679192012789,0.545,212.96,BUY_YES
1779906524.2133071,74731.01904441511,74734.24227780022,0.6379631237861829,0.545,119.0,BUY_YES
1779906525.857217,74731.01904441511,74734.24227780022,0.6303466609142411,0.545,103.23,BUY_YES
1779906525.8614433,74731.01904441511,74734.24227780022,0.6303370998200654,0.545,123.67,BUY_YES
1779906525.8653731,74731.01904441511,74734.24227780022,0.63035099465575,0.545,212.96,SELL_NO
1779906527.3089683,74731.0386785724,74734.24227780022,0.6230124529577481,0.545,100.35,BUY_YES
1779906540.6586964,74737.86106274485,74734.24227780022,0.5940137795462982,0.625,101.03,SELL_YES
1779906540.7448277,74737.86106274485,74734.24227780022,0.593875465996343,0.625,92.0,SELL_YES
1779906541.6464498,74737.86106274485,74734.24227780022,0.595679762613711,0.625,87.49999999999997,SELL_YES
1779906541.7155104,74738.04958603908,74734.24227780022,0.5953718742946355,0.625,208.03,SELL_YES
1779906542.1081998,74738.04958603908,74734.24227780022,0.5948177304277579,0.625,111.35999999999999,SELL_YES
1779906544.010135,74738.670921532,74734.24227780022,0.5923545007323158,0.625,80.82,SELL_YES
1779906544.0984058,74738.670921532,74734.24227780022,0.5922558818301749,0.625,205.37000000000006,SELL_YES
1779906563.2393637,74751.43086405187,74734.24227780022,0.6221844696376531,0.585,145.0,SELL_NO
1779906563.2543669,74751.43086405187,74734.24227780022,0.622311177066549,0.585,347.41,SELL_NO
1779906563.9771972,74756.54156474296,74734.24227780022,0.6279143683921181,0.585,143.7,BUY_YES
1779906563.980598,74756.54156474296,74734.24227780022,0.6279407167904705,0.585,211.23,SELL_NO
1779906564.4422927,74766.0872849748,74734.24227780022,0.6321585279148576,0.585,172.13,SELL_NO
1779906567.6934102,74765.67901023189,74734.24227780022,0.6638291666496546,0.965,143.7,SELL_YES
1779906610.2800288,74769.73144689514,74778.51845350166,0.15259325205621077,0.495,261.04,BUY_NO
1779906610.287623,74769.73144689514,74778.51845350166,0.15260325138142256,0.495,121.55,BUY_NO
1779906610.2910979,74769.73144689514,74778.51845350166,0.15261199430844857,0.495,119.39,BUY_NO
1779906610.2949438,74769.73144689514,74778.51845350166,0.1526246070568583,0.495,158.0,BUY_NO
1779906610.298801,74769.73144689514,74778.51845350166,0.15263884741075767,0.495,319.84,BUY_NO
1779906610.3023841,74769.73144689514,74778.51845350166,0.15265132243429275,0.495,279.0,BUY_NO
1779906610.306573,74769.73144689514,74778.51845350166,0.15266650330286988,0.495,163.0,BUY_NO
1779906610.3106213,74769.73144689514,74778.51845350166,0.15268266837670103,0.495,132.0,BUY_NO
1779906610.3149974,74769.73144689514,74778.51845350166,0.15270169334794845,0.495,222.3,BUY_NO
1779906610.3194354,74769.73144689514,74778.51845350166,0.15272134395418188,0.495,211.5,BUY_NO
1779906610.3233106,74769.73144689514,74778.51845350166,0.1527389255120802,0.495,179.0,BUY_NO
1779906610.3268852,74769.73144689514,74778.51845350166,0.15275580607984982,0.495,186.0,BUY_NO
1779906610.3300645,74769.73144689514,74778.51845350166,0.15277117298574933,0.495,194.0,BUY_NO
1779906610.3343008,74769.73144689514,74778.51845350166,0.15279203630187294,0.495,211.0,BUY_NO
1779906610.3380454,74769.73144689514,74778.51845350166,0.15281064999712735,0.495,222.0,BUY_NO
1779906610.3415184,74769.73144689514,74778.51845350166,0.15282800171959482,0.495,181.4,BUY_NO
1779906610.3449655,74769.73144689514,74778.51845350166,0.15284553822593466,0.495,761.0976452074342,BUY_NO
1779906610.3631842,74769.73144689514,74778.51845350166,0.15295071516358888,0.495,100.0,BUY_NO
1779906611.944438,74769.73144689514,74778.51845350166,0.16771229700795473,0.495,259.07,BUY_NO
1779906611.949168,74769.73144689514,74778.51845350166,0.1677481223442046,0.495,121.55,BUY_NO
1779906611.9535518,74769.73144689514,74778.51845350166,0.16776191226883289,0.495,119.39,BUY_NO
1779906611.9591243,74769.73144689514,74778.51845350166,0.1677721541919722,0.495,158.0,BUY_NO
1779906611.9631543,74769.73144689514,74778.51845350166,0.1677773797553287,0.495,234.84,BUY_NO
1779906611.9674933,74769.73144689514,74778.51845350166,0.16778135794969762,0.495,279.0,BUY_NO
1779906616.8183873,74771.14513928912,74778.51845350166,0.21003239064648688,0.495,130.1,BUY_NO
1779906878.9707322,74756.11159538166,74778.51845350166,0.2326394425000202,0.19,87.35,SELL_NO
1779906879.4624977,74758.60919614873,74778.51845350166,0.22921080503805613,0.16999999999999998,65.49,SELL_NO
1779906879.6275058,74758.60919614873,74778.51845350166,0.22811813385824894,0.165,90.70000000000002,SELL_NO
1779906879.9476385,74758.60919614873,74778.51845350166,0.2259638867210673,0.165,97.80000000000001,SELL_NO
1779906880.0066056,74765.81784084126,74778.51845350166,0.22575231521329592,0.165,275.85,SELL_NO
1779906880.0484467,74765.81784084126,74778.51845350166,0.2256609898252958,0.165,100.0,SELL_NO
1779906880.0552785,74765.81784084126,74778.51845350166,0.22563324841926827,0.165,225.0,SELL_NO
1779906880.5892153,74765.81784084126,74778.51845350166,0.2231284787428456,0.165,65.37999999999994,SELL_NO
1779906881.3239117,74765.81784084126,74778.51845350166,0.2209703906964101,0.165,564.38,SELL_NO
1779906881.4016016,74765.81784084126,74778.51845350166,0.22084332012752386,0.165,82.53999999999999,SELL_NO
1779906882.5793395,74765.81784084126,74778.51845350166,0.2176890643420957,0.165,470.17,SELL_NO
1779906882.6338243,74765.81784084126,74778.51845350166,0.21765060410578924,0.165,82.53999999999999,SELL_NO
1779906884.4301589,74765.81784084126,74778.51845350166,0.21266522520043094,0.165,61.0,SELL_NO
1779906884.5482824,74765.97132971504,74778.51845350166,0.21214876046832531,0.165,77.26,SELL_NO
1779906884.610384,74765.97132971504,74778.51845350166,0.2119979792664727,0.165,68.55999999999997,SELL_NO
1779906884.6375535,74765.97132971504,74778.51845350166,0.21193200868678427,0.165,220.00000000000003,SELL_NO
1779906884.6969044,74765.97132971504,74778.51845350166,0.21172509109363166,0.165,646.34,SELL_NO
1779906884.9841037,74765.97132971504,74778.51845350166,0.21055140925668375,0.165,61.5,SELL_NO
1779906885.0180533,74765.97132971504,74778.51845350166,0.2104570257032088,0.165,68.0,SELL_NO
1779906885.0444999,74765.97132971504,74778.51845350166,0.21033716237030964,0.165,60.5,SELL_NO
1779906885.5516417,74771.22932502981,74778.51845350166,0.20999287578232925,0.165,62.53999999999999,SELL_NO
1779906885.5928571,74771.22932502981,74778.51845350166,0.2101667706102803,0.165,61.000000000000014,SELL_NO
1779906885.6250007,74771.22932502981,74778.51845350166,0.21046079959711295,0.165,74.0,SELL_NO
1779906885.6811547,74771.22932502981,74778.51845350166,0.21089515968477626,0.165,100.0,SELL_NO
1779906886.743429,74771.22932502981,74778.51845350166,0.21931134472970762,0.165,74.99999999999997,SELL_NO
1779906886.7906623,74771.22932502981,74778.51845350166,0.219699046269744,0.165,473.91999999999996,SELL_NO
1779906886.7949133,74771.22932502981,74778.51845350166,0.21974024846569373,0.165,62.54,SELL_NO
1779906886.8332531,74771.22932502981,74778.51845350166,0.22003778878141722,0.165,253.11,SELL_NO
1779906887.2131295,74771.22932502981,74778.51845350166,0.22192328834310868,0.165,83.94000000000005,SELL_NO
1779906887.7231743,74774.61257541733,74778.51845350166,0.22544814925694948,0.165,77.38999999999999,SELL_NO
1779906887.731652,74774.61257541733,74778.51845350166,0.2255425598772793,0.165,96.0,SELL_NO
1779906887.749297,74774.61257541733,74778.51845350166,0.22567859018281242,0.135,96.0,SELL_NO
1779906887.80949,74774.61257541733,74778.51845350166,0.22604813977602772,0.15000000000000002,338.26764520743393,SELL_NO
1779906891.0250008,74774.61257541733,74778.51845350166,0.2513461751513724,0.14500000000000002,758.59,BUY_YES
1779906897.228071,74779.61628284639,74778.51845350166,0.3038073257559403,0.14500000000000002,352.15,BUY_YES
1779906899.9035964,74779.68681994753,74778.51845350166,0.3162386467902405,0.135,360.35,BUY_YES
1779906909.983217,74780.20194364715,74781.7918867838,0.8009594693201407,0.47,132.77,BUY_YES
1779906909.987015,74780.20194364715,74781.7918867838,0.8009565244887684,0.47,174.78,BUY_YES
1779906909.9914055,74780.20194364715,74781.7918867838,0.800955928904231,0.47,280.24,BUY_YES
1779906909.9951978,74780.20194364715,74781.7918867838,0.8009544671206572,0.47,198.31,BUY_YES
1779906909.998907,74780.20194364715,74781.7918867838,0.800949119727689,0.47,196.99,BUY_YES
1779906910.0025904,74780.20194364715,74781.7918867838,0.8009412203593707,0.47,145.0,BUY_YES
1779906910.0071309,74780.20194364715,74781.7918867838,0.8009280069932048,0.47,161.0,BUY_YES
1779906910.0107734,74780.20194364715,74781.7918867838,0.8009157776593976,0.47,381.0,BUY_YES
1779906910.0142753,74780.20194364715,74781.7918867838,0.8009057075707623,0.47,161.0,BUY_YES
1779906910.0187979,74780.20194364715,74781.7918867838,0.8008896310747472,0.47,186.0,BUY_YES
1779906910.023051,74780.20194364715,74781.7918867838,0.8008728635424678,0.47,169.0,BUY_YES
1779906910.026443,74780.20194364715,74781.7918867838,0.8008582847304455,0.47,469.0,BUY_YES
1779906910.030446,74780.20194364715,74781.7918867838,0.80084335335817,0.47,525.91,BUY_YES
1779906910.0362213,74780.20194364715,74781.7918867838,0.8008235004303423,0.47,469.0,BUY_YES
1779906910.0404298,74780.20194364715,74781.7918867838,0.8008086198788886,0.47,176.0,BUY_YES
1779906910.7582483,74780.20175801427,74781.7918867838,0.7932082030321326,0.46499999999999997,108.75,BUY_YES
1779906910.7988496,74780.20175801427,74781.7918867838,0.7929950190080979,0.46499999999999997,121.75,BUY_YES
1779906910.8028631,74780.20175801427,74781.7918867838,0.792975625644169,0.46499999999999997,194.95,BUY_YES
1779906910.8071878,74780.20175801427,74781.7918867838,0.7929699819410974,0.46499999999999997,215.71,BUY_YES
1779906910.811069,74780.20175801427,74781.7918867838,0.7929662962438241,0.46499999999999997,345.19,BUY_YES
1779906910.8156686,74780.20175801427,74781.7918867838,0.7929625098839216,0.46499999999999997,258.31,BUY_YES
1779906910.819949,74780.20175801427,74781.7918867838,0.7929556648673532,0.46499999999999997,271.99,BUY_YES
1779906910.82443,74780.20175801427,74781.7918867838,0.7929461222071109,0.46499999999999997,127.99767380646881,BUY_YES
1779906911.2832599,74780.20175801427,74781.7918867838,0.7881189781977027,0.46499999999999997,117.0,BUY_YES
1779906911.5408294,74780.20175801427,74781.7918867838,0.7837788719056661,0.46499999999999997,150.0,BUY_YES
1779906911.6814492,74780.20175801427,74781.7918867838,0.7823667384635971,0.46499999999999997,108.93,BUY_YES
1779906912.6244283,74780.20175801427,74781.7918867838,0.7762529775068608,0.46499999999999997,171.73,BUY_YES
1779906912.6281836,74780.20175801427,74781.7918867838,0.7762318214439974,0.46499999999999997,105.20597313358758,BUY_YES
1779907027.428619,74777.11827534222,74781.7918867838,0.47685925928769646,0.505,143.12,SELL_YES
1779907029.5711086,74777.11827534222,74781.7918867838,0.4663239351683472,0.505,126.12,SELL_YES
1779907041.1397645,74768.62031643488,74781.7918867838,0.4225695963064672,0.455,121.0,SELL_YES
1779907049.03706,74768.62031643488,74781.7918867838,0.38989754620677264,0.455,187.0,BUY_NO
1779907049.11507,74768.62031643488,74781.7918867838,0.38938860256954977,0.455,100.0,BUY_NO
1779907050.765966,74780.7974296393,74781.7918867838,0.3918207971045048,0.455,182.2,BUY_NO
1779907051.2014127,74780.7974296393,74781.7918867838,0.39323216400474886,0.455,110.34219835912023,BUY_NO
1779907051.2268443,74780.7974296393,74781.7918867838,0.3933428871909742,0.455,127.97,SELL_YES
1779907051.2305288,74780.7974296393,74781.7918867838,0.3933183954847661,0.455,133.68,SELL_YES
1779907051.2346594,74780.7974296393,74781.7918867838,0.3932922242917651,0.455,160.0,SELL_YES
1779907051.3004484,74780.7974296393,74781.7918867838,0.3933087769226139,0.455,179.99999999999997,SELL_YES
1779907051.792703,74781.01754951787,74781.7918867838,0.39552770601541504,0.455,365.35,SELL_YES
1779907051.797134,74781.01754951787,74781.7918867838,0.3955384360136662,0.455,151.0,SELL_YES
1779907052.0933537,74781.01754951787,74781.7918867838,0.3950564338034296,0.455,146.68,SELL_YES
1779907052.0970016,74781.01754951787,74781.7918867838,0.39503308462524367,0.455,121.69,SELL_YES
1779907053.4743853,74781.81865167615,74781.7918867838,0.3997262342925486,0.455,111.50999999999999,SELL_YES
1779907053.5152562,74781.81865167615,74781.7918867838,0.3998150202749478,0.455,112.56,SELL_YES
1779907053.816878,74781.81865167615,74781.7918867838,0.4016608735048258,0.455,493.39,SELL_YES
1779907053.8200781,74781.81865167615,74781.7918867838,0.4016655873569964,0.455,259.0,SELL_YES
1779907053.8235257,74781.81865167615,74781.7918867838,0.4016520430154902,0.455,215.68,SELL_YES
1779907053.8608286,74781.81865167615,74781.7918867838,0.4016732672443981,0.455,125.99000000000001,SELL_YES
1779907054.266929,74778.5605851335,74781.7918867838,0.4034512485865243,0.455,111.88,SELL_YES
1779907054.4078538,74778.5605851335,74781.7918867838,0.4038648804876896,0.455,149.80999999999995,SELL_YES
1779907054.6761868,74778.5605851335,74781.7918867838,0.40325455368938457,0.455,134.33000000000004,SELL_YES
1779907056.0208337,74781.79730253234,74781.7918867838,0.42044312669760653,0.515,643.32,BUY_NO
1779907056.0247397,74781.79730253234,74781.7918867838,0.4204520397720872,0.515,369.66,SELL_YES
1779907056.027272,74781.79730253234,74781.7918867838,0.420442169909921,0.515,219.0,SELL_YES
1779907056.032009,74781.79730253234,74781.7918867838,0.4204182629596968,0.515,178.0,SELL_YES
1779907056.036455,74781.79730253234,74781.7918867838,0.42039589761943313,0.515,183.0,SELL_YES
1779907056.0408242,74781.79730253234,74781.7918867838,0.42037467301998566,0.515,242.0,SELL_YES
1779907056.0460653,74781.79730253234,74781.7918867838,0.42034914455108763,0.515,252.0,SELL_YES
1779907057.7534049,74781.79730253234,74781.7918867838,0.42153511126962556,0.515,100.0,SELL_YES
1779907057.8079605,74781.79730253234,74781.7918867838,0.42160103772218804,0.515,174.0,SELL_YES
1779907057.8112388,74781.79730253234,74781.7918867838,0.42160079369620357,0.515,112.0,SELL_YES
1779907057.868369,74781.79730253234,74781.7918867838,0.4215688338733672,0.505,131.0,SELL_YES
1779907064.2017214,74782.32387634566,74781.7918867838,0.4259869998390921,0.48,150.0,SELL_YES
1779907065.5130458,74782.02506132828,74781.7918867838,0.4247413975482646,0.475,156.6,SELL_YES
1779907066.354509,74782.24490628265,74781.7918867838,0.4244801094139625,0.47,148.03,SELL_YES
1779907067.7380176,74782.24488924224,74781.7918867838,0.4304049254507262,0.475,165.19,SELL_YES
1779907096.4733062,74760.09336530084,74781.7918867838,0.353250245600981,0.45,90.32239369100239,BUY_NO
1779907097.5621493,74760.09336530084,74781.7918867838,0.34934640487986807,0.445,93.01299250586612,BUY_NO
1779907101.5156732,74754.37921087662,74781.7918867838,0.3220368642565605,0.445,103.59,BUY_NO
1779907138.695091,74798.93493199833,74781.7918867838,0.42767693789793193,0.645,598.4,BUY_NO
1779907138.8068411,74798.93493199833,74781.7918867838,0.4291613756415158,0.645,146.58,BUY_NO
1779907140.2351222,74798.93493199833,74781.7918867838,0.4458480460097147,0.645,149.98000000000002,BUY_NO
1779907140.2640204,74798.93493199833,74781.7918867838,0.446118007875203,0.645,767.01,BUY_NO
1779907140.6719131,74798.93493199833,74781.7918867838,0.4507824132168988,0.645,145.87,BUY_NO
1779907195.258586,74805.52185659735,74781.7918867838,0.790827047302658,0.725,346.38,BUY_YES
1779907195.2633646,74805.52185659735,74781.7918867838,0.790843567314479,0.725,306.4171737390103,BUY_YES
1779907196.5373864,74805.52185659735,74781.7918867838,0.785079131074216,0.7,345.330643363783,BUY_YES
1779907196.542162,74805.52185659735,74781.7918867838,0.7850707376505356,0.7,449.83,SELL_NO
1779907197.7531571,74805.52185659735,74781.7918867838,0.7815940625027861,0.7,502.83,SELL_NO
1779907198.7899234,74805.52185659735,74781.7918867838,0.7772733218857245,0.7,559.72,SELL_NO
1779907200.6384838,74805.52185659735,74805.52185659735,0.7664598928600362,0.675,85.0,BUY_YES
1779907200.6438694,74805.52185659735,74805.52185659735,0.7664620793200628,0.675,75.05,BUY_YES
1779907201.0097837,74805.52185659735,74805.52185659735,0.7640820086945395,0.675,163.0,BUY_YES
1779907203.4740627,74805.52185659735,74805.52185659735,0.7425236438758691,0.695,171.89,SELL_NO
1779907203.4772584,74805.52185659735,74805.52185659735,0.7425309596792868,0.695,173.0,SELL_NO
1779907203.4818785,74805.52185659735,74805.52185659735,0.7425405296038893,0.695,203.0,SELL_NO
1779907219.6821625,74805.52185659735,74805.52185659735,0.6465200770834147,0.675,474.53,SELL_YES
1779907220.2303529,74805.52185659735,74805.52185659735,0.6406644584028114,0.675,76.0,SELL_YES
1779907220.2645319,74805.52185659735,74805.52185659735,0.6405168157860239,0.685,92.68,SELL_YES
1779907220.5629444,74805.52185659735,74805.52185659735,0.6404090663913005,0.695,75.92,SELL_YES
1779907220.5665605,74805.52185659735,74805.52185659735,0.6403760385642089,0.695,160.0,SELL_YES
1779907223.0412672,74805.98906239761,74802.28852519052,0.40095185607681905,0.46499999999999997,98.17,BUY_NO
1779907223.084932,74805.98906239761,74802.28852519052,0.40103249529310214,0.46499999999999997,103.0,BUY_NO
1779907292.367724,74812.5816074929,74802.28852519052,0.4967612911756355,0.46499999999999997,130.28,SELL_NO
1779907310.5308182,74813.31336936423,74802.28852519052,0.547578112438796,0.495,123.0,BUY_YES
1779907340.9502466,74852.60516609377,74802.28852519052,0.6267042184044882,0.515,210.58,BUY_YES
1779907340.9995985,74852.60516609377,74802.28852519052,0.6272504711658496,0.515,263.0,BUY_YES
1779907341.0848055,74852.60516609377,74802.28852519052,0.6282062276353677,0.515,253.0,BUY_YES
1779907342.905817,74852.60516609377,74802.28852519052,0.6448122914045532,0.52,138.0,BUY_YES
1779907342.9525502,74852.60516609377,74802.28852519052,0.6450037933603355,0.52,210.58,BUY_YES
1779907343.1621668,74852.60516609377,74802.28852519052,0.6460474403475891,0.52,263.0,BUY_YES
1779907344.478213,74852.60516609377,74802.28852519052,0.6539400926313584,0.525,175.65,BUY_YES
1779907344.6505349,74852.60516609377,74802.28852519052,0.6556764012158768,0.525,93.64520023888622,BUY_YES
1779907345.080405,74852.60516609377,74802.28852519052,0.6595723846312838,0.525,91.92594931284293,BUY_YES
1779907345.993892,74852.60516609377,74802.28852519052,0.6668316501637055,0.535,106.99999999999997,BUY_YES
1779907346.0611095,74852.60516609377,74802.28852519052,0.6672684832841946,0.535,266.11,BUY_YES
1779907346.5866852,74853.89885089392,74802.28852519052,0.6706159175056926,0.535,96.82575458067822,BUY_YES
1779907347.2952874,74853.89885089392,74802.28852519052,0.6764485395564406,0.535,137.02625998763324,BUY_YES
1779907348.06462,74853.2676584296,74802.28852519052,0.6813543446363546,0.535,95.99374001236677,BUY_YES
1779907352.435314,74853.55029995584,74802.28852519052,0.7107338818336109,0.565,94.9532566743469,BUY_YES
1779907353.269955,74853.55029995584,74802.28852519052,0.7167965916771621,0.565,121.89,BUY_YES
1779907354.3602893,74853.5070071059,74802.28852519052,0.7241132795623925,0.565,151.18,BUY_YES
1779907360.4510012,74864.89939202007,74802.28852519052,0.7700918543115184,0.915,322.47,SELL_YES
1779907360.459283,74864.89939202007,74802.28852519052,0.7701457380441713,0.915,661.45,SELL_YES
1779907360.4636385,74864.89939202007,74802.28852519052,0.7701672394133231,0.915,243.0,SELL_YES
1779907360.4687707,74864.89939202007,74802.28852519052,0.7701921385021804,0.915,431.18,SELL_YES
1779907360.4728308,74864.89939202007,74802.28852519052,0.7702052879735486,0.915,343.9934900092999,BUY_NO
1779907360.487592,74864.89939202007,74802.28852519052,0.7702677698538611,0.915,60.0,SELL_YES
1779907360.4910517,74864.89939202007,74802.28852519052,0.7702839637485706,0.915,521.7665099907001,SELL_YES
1779907360.4951954,74864.89939202007,74802.28852519052,0.7702925505635855,0.915,653.4936508160542,SELL_YES
1779907365.010226,74864.61063202006,74802.28852519052,0.7930626479714964,0.915,572.73,BUY_NO
1779907365.0163884,74864.61063202006,74802.28852519052,0.7930695238591328,0.915,572.73,BUY_NO
1779907427.4885328,74857.99262391239,74802.28852519052,0.939697134367842,0.925,426.3427327294277,BUY_YES
1779907427.925916,74857.99262391239,74802.28852519052,0.9404042751572138,0.925,64.71094787839894,BUY_YES
1779907428.5307465,74857.99262391239,74802.28852519052,0.9410232684719924,0.925,56.65896823907758,BUY_YES
1779907428.9509423,74857.99262391239,74802.28852519052,0.9416116288492236,0.925,53.85445158909806,BUY_YES
1779907432.7380202,74859.86004226225,74802.28852519052,0.9473501571507539,0.985,601.5671004360023,SELL_YES
1779907452.4039602,74846.73400630777,74802.28852519052,0.9677671444929461,0.955,498.34,BUY_YES
1779907452.4514747,74846.89592077956,74802.28852519052,0.9678023293440619,0.955,64.03000000000003,BUY_YES
1779907452.705341,74846.89592077956,74802.28852519052,0.96798937825366,0.955,68.0,BUY_YES
1779907452.8642244,74846.89592077956,74802.28852519052,0.96810372999162,0.955,59.0,BUY_YES
1779907453.1537282,74846.89592077956,74802.28852519052,0.9683131951380561,0.955,63.0,BUY_YES
1779907453.5332904,74846.95914184798,74802.28852519052,0.9685835958692812,0.955,132.31674833295983,BUY_YES
1779907454.0083883,74846.95914184798,74802.28852519052,0.9689196617225797,0.955,52.1179533634687,BUY_YES
1779907454.5193083,74846.95492993314,74802.28852519052,0.9692756341424862,0.955,55.21010661028606,BUY_YES
1779907455.167648,74846.95492993314,74802.28852519052,0.9697187101724988,0.955,68.71981231247912,BUY_YES
1779907455.6721997,74846.95492993314,74802.28852519052,0.9700560514852427,0.955,52.3179703859696,BUY_YES
1779907456.3741837,74846.59802710598,74802.28852519052,0.9705158095496156,0.955,71.30627804611254,BUY_YES
1779907456.896276,74846.48309491549,74802.28852519052,0.9708519609189561,0.955,52.13197648041228,BUY_YES
1779907457.4294295,74846.48309491549,74802.28852519052,0.9711883588231149,0.955,52.17133902423211,BUY_YES
1779907458.1491983,74846.48844991549,74802.28852519052,0.9716343219813235,0.955,69.16484523217741,BUY_YES
1779907458.705944,74846.48844991549,74802.28852519052,0.9719709458930644,0.955,52.203731180427894,BUY_YES
1779907459.271033,74846.43658594704,74802.28852519052,0.9723073681352121,0.955,52.17359695151163,BUY_YES
1779907460.0154033,74846.43658594704,74802.28852519052,0.9727409622578965,0.955,67.24463607500024,BUY_YES
1779907460.6071217,74846.58862605566,74802.28852519052,0.9730780118467232,0.955,52.268259824557845,BUY_YES
1779907461.3306386,74846.6659256757,74802.28852519052,0.9734811810780118,0.955,62.52454314891065,BUY_YES
1779907461.9489198,74846.34571012713,74802.28852519052,0.9738177371459606,0.955,52.19113442876824,BUY_YES
1779907462.7350788,74846.34571012713,74802.28852519052,0.9742362746362628,0.955,64.90704632754046,BUY_YES
1779907463.381998,74846.35342363887,74802.28852519052,0.9745725643137463,0.955,52.14842281894312,BUY_YES
1779907464.044338,74846.35342363887,74802.28852519052,0.9749094387603257,0.955,52.240225891372575,BUY_YES
1779907464.720051,74846.35342363887,74802.28852519052,0.9752455357771441,0.955,52.11917880422311,BUY_YES
1779907465.4890528,74846.37785347988,74802.28852519052,0.9756188657401021,0.955,57.893401116042696,BUY_YES
1779907466.4093964,74846.2198504981,74802.28852519052,0.9760533420650088,0.955,67.375558000193,BUY_YES
1779907466.449736,74846.2198504981,74802.28852519052,0.9760720829326046,0.94,677.85,BUY_YES
1779907466.5097234,74846.2198504981,74802.28852519052,0.9760999050481453,0.935,80.0,BUY_YES
1779907466.548811,74846.2198504981,74802.28852519052,0.9761180039360118,0.935,75.0,BUY_YES
1779907466.5591962,74846.2198504981,74802.28852519052,0.9761228087158171,0.935,66.83,BUY_YES
1779907466.576058,74846.2198504981,74802.28852519052,0.9761306062815918,0.9299999999999999,63.72,BUY_YES
1779907466.5836062,74846.2198504981,74802.28852519052,0.9761340955356518,0.9299999999999999,101.03999999999999,BUY_YES
1779907466.8690584,74846.2198504981,74802.28852519052,0.9762654049002634,0.925,62.0,BUY_YES
1779907466.8891342,74846.2198504981,74802.28852519052,0.976274592924214,0.925,74.00000000000001,BUY_YES
1779907466.914132,74846.2198504981,74802.28852519052,0.9762860250616952,0.925,55.25,BUY_YES
1779907466.9464252,74846.2198504981,74802.28852519052,0.9763007793361651,0.925,135.46,BUY_YES
1779907466.989907,74846.2198504981,74802.28852519052,0.9763206205251679,0.925,64.99999999999997,BUY_YES
1779907467.017353,74846.2198504981,74802.28852519052,0.9763331296249053,0.925,62.0,BUY_YES
1779907467.3726816,74846.2147227318,74802.28852519052,0.9764940490680187,0.925,64.07,BUY_YES
1779907467.402602,74846.2147227318,74802.28852519052,0.9765075124410323,0.925,59.0,BUY_YES
1779907487.4369411,74852.27365403574,74852.27365403574,0.38654089878608217,0.455,143.2,BUY_NO
1779907487.4419937,74852.27365403574,74852.27365403574,0.38653889849991224,0.455,384.3672314094237,BUY_NO
1779907488.6439798,74852.27406403575,74852.27365403574,0.39140098423438263,0.455,103.99490527249657,BUY_NO
1779907532.9033537,74853.46710333851,74852.27365403574,0.48288569863836495,0.455,631.5621366819203,SELL_NO
1779907592.42039,74827.37243019637,74852.27365403574,0.3678419218016388,0.405,83.43968305789822,BUY_NO
1779907593.1590948,74827.37243019637,74852.27365403574,0.3642320172814533,0.405,89.69051538030475,BUY_NO
1779907593.8489408,74824.35611305943,74852.27365403574,0.36086871917119134,0.405,83.55608948440516,BUY_NO
1779907594.4829159,74824.51185240086,74852.27365403574,0.3572382931271301,0.405,90.1870475333186,BUY_NO
1779907598.9522867,74824.51185240086,74852.27365403574,0.33389875765653293,0.405,133.0,BUY_NO
1779907599.0689232,74824.51185240086,74852.27365403574,0.3333980290592139,0.405,85.75,BUY_NO
1779907599.1204536,74824.51185240086,74852.27365403574,0.33317659508461567,0.405,94.90999999999997,BUY_NO
1779907599.5744326,74824.51185240086,74852.27365403574,0.33086574627505383,0.405,341.34400276596136,BUY_NO
1779907600.4429033,74823.8573714307,74852.27365403574,0.3267063895078601,0.405,103.15092934675272,BUY_NO
1779907601.359979,74823.71369331371,74852.27365403574,0.32304312333512647,0.405,90.92508902281202,BUY_NO
1779907601.8979182,74823.71369331371,74852.27365403574,0.31955687003898725,0.405,86.5277776599412,BUY_NO
1779907602.8940883,74822.03723396921,74852.27365403574,0.31579877442953064,0.405,93.2739628072984,BUY_NO
1779907603.3497481,74822.03723396921,74852.27365403574,0.3123716095693845,0.405,85.04496459208212,BUY_NO
1779907604.3124073,74822.03723396921,74852.27365403574,0.30898615822720576,0.405,84.00769198181342,BUY_NO
1779907605.2684512,74822.03723396921,74852.27365403574,0.3054644108687155,0.405,87.3862681859041,BUY_NO
1779907605.8976417,74822.03723396921,74852.27365403574,0.30178171396504105,0.405,91.37339028578708,BUY_NO
1779907606.4625144,74822.03723396921,74852.27365403574,0.29773885840873743,0.405,100.30507048010463,BUY_NO
1779907607.363276,74822.03723396921,74852.27365403574,0.29414299783887365,0.405,89.19209071633918,BUY_NO
1779907607.884387,74822.03723396921,74852.27365403574,0.2906265739842657,0.405,87.22177830217515,BUY_NO
1779907608.4001284,74822.03723396921,74852.27365403574,0.2871081629763163,0.405,87.26599168382904,BUY_NO
1779907608.9682689,74822.03723396921,74852.27365403574,0.2834966055036712,0.405,89.57143023503386,BUY_NO
1779907609.5830858,74822.03723396921,74852.27365403574,0.2798005336456263,0.405,91.66009097588585,BUY_NO
1779907677.380062,74822.4876883166,74852.27365403574,0.13504729943250315,0.22999999999999998,120.0,BUY_NO
1779907677.5681775,74822.81295397073,74852.27365403574,0.13495506529130247,0.235,80.0,BUY_NO
1779907678.8678844,74822.81295397073,74852.27365403574,0.13479657778546086,0.235,102.87,BUY_NO
1779907679.5366194,74822.81295397073,74852.27365403574,0.13354119720307822,0.235,98.81,BUY_NO
1779907680.163223,74822.82715897073,74852.27365403574,0.13289085184044258,0.235,64.74844920968417,BUY_NO
1779907737.799063,74837.100371913,74852.27365403574,0.23633956045457405,0.595,335.53,BUY_NO
1779907737.8368068,74837.100371913,74852.27365403574,0.2363753119275772,0.595,157.0,BUY_NO
1779907738.045755,74837.100371913,74852.27365403574,0.23630684889107362,0.595,138.99999999999997,BUY_NO
1779907739.2641468,74837.100371913,74852.27365403574,0.23288846151204212,0.595,320.2,BUY_NO
1779907739.3229692,74837.100371913,74852.27365403574,0.23279611477036477,0.595,132.99999999999997,BUY_NO
1779907740.1357708,74837.12111191299,74852.27365403574,0.23234978501592263,0.615,138.28,BUY_NO
1779907740.1705787,74837.12111191299,74852.27365403574,0.23229732954921978,0.615,177.99999999999997,BUY_NO
1779907740.250687,74837.12111191299,74852.27365403574,0.23215906292462976,0.62,135.0,BUY_NO
1779907740.9526353,74837.12111191299,74852.27365403574,0.23198728472229574,0.62,420.11,BUY_NO
1779907741.3862965,74837.12111191299,74852.27365403574,0.2310261141552175,0.625,136.61,BUY_NO
1779907741.431298,74837.12111191299,74852.27365403574,0.23088941575314004,0.625,136.61,BUY_NO
1779907741.473739,74837.12111191299,74852.27365403574,0.23088186112150313,0.625,136.0,BUY_NO
1779907741.5260634,74837.12111191299,74852.27365403574,0.23084911554650717,0.625,146.72999999999996,BUY_NO
1779907743.088314,74837.125666913,74852.27365403574,0.22561098943882596,0.605,157.83,BUY_NO
1779907743.1196465,74837.125666913,74852.27365403574,0.22555181726911155,0.605,153.50999999999996,BUY_NO
1779907743.2143178,74837.125666913,74852.27365403574,0.22546558394029875,0.605,134.18,BUY_NO
1779907743.8362737,74837.12570191298,74852.27365403574,0.22297516826740568,0.605,127.64999999999998,BUY_NO
1779907743.858206,74837.12570191298,74852.27365403574,0.22294308825448783,0.605,613.49,BUY_NO
1779907744.2231624,74837.12570191298,74852.27365403574,0.22210822849822984,0.605,150.73000000000002,BUY_NO
1779907744.3596973,74837.12570191298,74852.27365403574,0.22183484376149615,0.605,126.63,BUY_NO
1779907744.8965359,74837.4270853491,74852.27365403574,0.22115709811579562,0.61,669.09,BUY_NO
1779907744.9708831,74837.4270853491,74852.27365403574,0.2210377702690729,0.615,129.28,BUY_NO
1779907745.0181112,74837.4270853491,74852.27365403574,0.22091361013198743,0.615,130.64999999999998,BUY_NO
1779907745.0549242,74837.4270853491,74852.27365403574,0.22087127754296715,0.615,143.92000000000002,BUY_NO
1779907745.3985674,74837.4270853491,74852.27365403574,0.21996884624405016,0.615,146.00000000000003,BUY_NO
1779907745.5066874,74837.43336034911,74852.27365403574,0.21978409065687932,0.615,152.00000000000003,BUY_NO
1779907745.8722,74837.43336034911,74852.27365403574,0.2193118902380084,0.615,134.00000000000003,BUY_NO
1779907745.9267948,74837.43336034911,74852.27365403574,0.2191831345299184,0.615,296.2579033907077,BUY_NO
1779907748.1736484,74837.37208261546,74852.27365403574,0.217164751431254,0.645,145.1,BUY_NO
1779907748.5648837,74837.3720147032,74852.27365403574,0.2167278399903997,0.655,172.42,BUY_NO
1779907748.6663675,74837.3720147032,74852.27365403574,0.21646540718752924,0.655,182.5,BUY_NO
1779907748.695151,74837.3720147032,74852.27365403574,0.21644432291074533,0.66,152.82,BUY_NO
1779907749.394411,74837.3720147032,74852.27365403574,0.21634652001358906,0.665,147.47,BUY_NO
1779907749.4262424,74837.38685571779,74852.27365403574,0.21628363565339512,0.665,159.20000000000002,BUY_NO
1779907749.84633,74837.38685571779,74852.27365403574,0.2159922772242062,0.675,164.72,BUY_NO
1779907749.9022255,74837.38685571779,74852.27365403574,0.2158979658414625,0.675,152.00000000000003,BUY_NO
1779907753.1916351,74837.80739418748,74852.27365403574,0.2065758604970457,0.695,168.86,BUY_NO
1779907753.5894518,74839.98646726637,74852.27365403574,0.20641596727355688,0.71,309.94,BUY_NO
1779907753.9648793,74839.98646726637,74852.27365403574,0.20683751231726158,0.71,161.49,BUY_NO
1779907754.9099967,74839.97447226637,74852.27365403574,0.2070210599399915,0.725,185.5,BUY_NO
1779907756.1123753,74839.95676226637,74852.27365403574,0.20511221781730746,0.725,179.36,BUY_NO
1779907758.4787846,74841.19580696203,74852.27365403574,0.21101352723616396,0.735,185.34,BUY_NO
1779907758.562994,74841.19580696203,74852.27365403574,0.21101374032601605,0.735,203.99999999999997,BUY_NO
1779907758.583313,74841.19580696203,74852.27365403574,0.21100770364064866,0.735,477.22,BUY_NO
1779907759.0028741,74841.19580696203,74852.27365403574,0.21034948485281704,0.735,199.68,BUY_NO
1779907759.4176655,74841.19580696203,74852.27365403574,0.21158833438157384,0.735,214.08000000000004,BUY_NO
1779907759.5806172,74841.19657696203,74852.27365403574,0.21161698152362793,0.735,197.68,BUY_NO
1779907759.6047893,74841.19657696203,74852.27365403574,0.21158456550551502,0.74,486.29,BUY_NO
1779907760.1229432,74841.19657696203,74852.27365403574,0.21147715720165045,0.745,193.62,BUY_NO
1779907786.057941,74850.61193596967,74850.61193596967,0.3860573837633429,0.505,499.05,BUY_NO
1779907788.6486468,74849.24406824324,74850.61193596967,0.38921223661716076,0.505,499.15,BUY_NO
1779907793.3516982,74849.82226737103,74850.61193596967,0.3957428635552504,0.505,506.04,BUY_NO
1779907793.5008926,74851.79750225184,74850.61193596967,0.3973206370343041,0.505,381.31358985907764,BUY_NO
1779907833.407187,74854.05636504141,74850.61193596967,0.5129966391541441,0.48,215.08,SELL_NO
1779907833.4256399,74854.05636504141,74850.61193596967,0.5131209088492251,0.48,210.99,SELL_NO
1779907893.88824,74846.43457695485,74850.61193596967,0.5173535361649823,0.33999999999999997,285.66,BUY_YES
1779907894.0437634,74846.43457695485,74850.61193596967,0.5175111616537802,0.33999999999999997,285.66,BUY_YES
1779907894.1893709,74846.43457695485,74850.61193596967,0.5187390318949149,0.33999999999999997,138.21,SELL_NO
1779907904.3077626,74856.88478719683,74850.61193596967,0.5424766213132663,0.345,311.68,BUY_YES
1779907904.3564832,74856.88478719683,74850.61193596967,0.5427275275077789,0.345,130.21,SELL_NO
1779907908.411506,74856.88478719683,74850.61193596967,0.5529189753551375,0.345,273.04,BUY_YES
1779907908.4143639,74856.88478719683,74850.61193596967,0.5529276440475974,0.345,130.21,SELL_NO
1779907912.232668,74873.92310920014,74850.61193596967,0.5799942047260835,0.345,321.65,BUY_YES
1779907912.3173177,74873.92310920014,74850.61193596967,0.5807337836974623,0.345,160.21,BUY_YES
1779907921.725559,74887.0010041725,74850.61193596967,0.6553219035262872,0.345,196.65,BUY_YES
1779907921.7272158,74887.0010041725,74850.61193596967,0.6553368666586475,0.345,130.21,SELL_NO
1779907922.9592588,74886.9708191725,74850.61193596967,0.6642752955625888,0.345,158.66,BUY_YES
1779907922.9622982,74886.9708191725,74850.61193596967,0.6642985919175045,0.345,130.21,SELL_NO
1779907924.0996008,74886.9708191725,74850.61193596967,0.6717295778785928,0.345,146.91,BUY_YES
1779907924.103512,74886.9708191725,74850.61193596967,0.671756888455349,0.345,130.21,SELL_NO
1779907924.9269974,74886.3626141725,74850.61193596967,0.6753131306306026,0.345,100.0,SELL_NO
1779907925.395045,74886.3626141725,74850.61193596967,0.6780920331510373,0.345,208.0,BUY_YES
1779907925.3977928,74886.3626141725,74850.61193596967,0.6781187442170541,0.345,213.0,BUY_YES
1779907925.8000283,74886.3626141725,74850.61193596967,0.6810175130919157,0.345,136.05,SELL_NO
1779907925.804487,74886.3626141725,74850.61193596967,0.6810529880319112,0.345,80.21,SELL_NO
1779907925.8086271,74886.3626141725,74850.61193596967,0.6810907272979091,0.345,200.0,BUY_YES
1779907925.8122544,74886.3626141725,74850.61193596967,0.6811252532025992,0.345,208.0,BUY_YES
1779907926.5940626,74886.3707191725,74850.61193596967,0.6865952129967603,0.36,263.0,BUY_YES
1779907926.598168,74886.3707191725,74850.61193596967,0.6866337852918252,0.36,313.0,BUY_YES
1779907926.856521,74886.3707191725,74850.61193596967,0.6886990914236423,0.36,165.0,BUY_YES
1779907926.8593855,74886.3707191725,74850.61193596967,0.688721520813161,0.375,200.0,BUY_YES
1779907926.862379,74886.3707191725,74850.61193596967,0.6887465950967552,0.375,263.0,BUY_YES
1779907926.865792,74886.3707191725,74850.61193596967,0.6887763019115302,0.375,313.0,BUY_YES
1779907928.0057323,74886.3707191725,74850.61193596967,0.6954616942439498,0.41000000000000003,97.98,SELL_NO
1779907929.8254716,74886.3544991725,74850.61193596967,0.7058728282723037,0.415,107.98,SELL_NO
1779907931.4592283,74885.33600091656,74850.61193596967,0.7142774162482106,0.41000000000000003,159.56,BUY_YES
1779907932.7591524,74883.44505586792,74850.61193596967,0.7248354765655266,0.565,148.00358985907747,SELL_NO
1779907954.864188,74887.32876100164,74850.61193596967,0.8085328811911698,0.625,80.15372197487522,BUY_YES
1779907955.584415,74887.29327600164,74850.61193596967,0.81110145638302,0.625,79.77922643887177,BUY_YES
1779907961.2411005,74886.05590164232,74850.61193596967,0.8238200935189028,0.59,99.0,BUY_YES
1779907963.0392406,74886.06062164232,74850.61193596967,0.8274407603554396,0.58,97.3,BUY_YES
1779907963.5541265,74886.06062164232,74850.61193596967,0.8288486573864478,0.58,194.46,BUY_YES
1779907963.741675,74886.06062164232,74850.61193596967,0.8291931793893084,0.585,91.50000000000001,BUY_YES
1779907964.0703459,74886.06062164232,74850.61193596967,0.8302855621157271,0.585,235.1,BUY_YES
1779907964.1479943,74886.06062164232,74850.61193596967,0.8304499193441428,0.585,91.53,BUY_YES
1779907964.194644,74886.33347313406,74850.61193596967,0.830532725213459,0.585,105.0,BUY_YES
1779907964.579637,74886.33347313406,74850.61193596967,0.8314160833723414,0.585,94.75,BUY_YES
1779907965.0574286,74886.33347313406,74850.61193596967,0.8322701654302054,0.585,93.16,BUY_YES
1779907965.1119702,74886.33347313406,74850.61193596967,0.8323658435242954,0.585,347.51,BUY_YES
1779907965.2492948,74886.64432813406,74850.61193596967,0.8327230582197337,0.585,86.66000000000003,BUY_YES
1779907966.4236534,74886.69707572911,74850.61193596967,0.8361086204774918,0.585,90.14,BUY_YES
1779907975.9238768,74884.86124100586,74850.61193596967,0.8598131871735645,0.615,103.50838516969816,BUY_YES
1779908031.5239172,74849.46618023264,74850.61193596967,0.709408563073434,0.275,332.67,BUY_YES
1779908032.327101,74849.46618023264,74850.61193596967,0.7009876654823756,0.275,183.55,BUY_YES
1779908032.672753,74849.46618023264,74850.61193596967,0.6988561722673831,0.275,348.73,BUY_YES
1779908032.934025,74848.12066029155,74850.61193596967,0.6966078459586608,0.27,181.24,BUY_YES
1779908035.01116,74848.12278562433,74850.61193596967,0.6743306800068907,0.27,196.46,BUY_YES
1779908035.4054852,74848.12278562433,74850.61193596967,0.6736897651371119,0.27,184.03,BUY_YES
1779908039.4299295,74848.12278562433,74850.61193596967,0.6424163701446586,0.265,271.49,BUY_YES
1779908097.1644206,74833.7206662629,74833.7206662629,0.8164638829782884,0.505,917.41,BUY_YES
1779908097.242841,74833.7206662629,74833.7206662629,0.8164514550069768,0.505,326.21,BUY_YES
1779908097.2447565,74833.7206662629,74833.7206662629,0.8164479509469007,0.505,329.0,BUY_YES
1779908097.2483172,74833.7206662629,74833.7206662629,0.8164383011412126,0.505,106.0,BUY_YES
1779908097.2534134,74833.7206662629,74833.7206662629,0.8164190003526681,0.505,330.0,BUY_YES
1779908097.2593317,74833.7206662629,74833.7206662629,0.8163955607584075,0.505,201.0,BUY_YES
1779908097.2630453,74833.7206662629,74833.7206662629,0.816379137013973,0.505,203.0,BUY_YES
1779908097.2664077,74833.7206662629,74833.7206662629,0.8163631323507912,0.505,217.0,BUY_YES
1779908097.2709398,74833.7206662629,74833.7206662629,0.8163405174578189,0.505,175.0,BUY_YES
1779908097.275027,74833.7206662629,74833.7206662629,0.8163189976959332,0.505,629.6,BUY_YES
1779908097.2783885,74833.7206662629,74833.7206662629,0.8163035511478404,0.505,225.0,BUY_YES
1779908097.283002,74833.7206662629,74833.7206662629,0.8162807772198737,0.505,235.16,BUY_YES
1779908097.2864466,74833.7206662629,74833.7206662629,0.8162629302370865,0.505,260.0,BUY_YES
1779908097.2898998,74833.7206662629,74833.7206662629,0.8162445132888078,0.505,153.12860661383093,BUY_YES
1779908098.6995625,74834.10443524519,74833.7206662629,0.8015076950872562,0.505,892.19,BUY_YES
1779908098.7038002,74834.10443524519,74833.7206662629,0.8014716255206054,0.505,283.21,BUY_YES
1779908098.7069783,74834.10443524519,74833.7206662629,0.8014567916905412,0.505,336.0,BUY_YES
1779908098.7101767,74834.10443524519,74833.7206662629,0.8014491822888848,0.505,113.0,BUY_YES
1779908100.294878,74835.25,74833.7206662629,0.7880021677568033,0.5,392.39809240539034,BUY_YES
1779908160.0386326,74873.12911417522,74833.7206662629,0.698703076541673,0.765,243.63877144606968,BUY_NO
1779908160.0432296,74873.12911417522,74833.7206662629,0.698738496600099,0.765,1107.4012285539304,SELL_YES
1779908160.0607095,74873.12911417522,74833.7206662629,0.6988174499999577,0.765,444.37,SELL_YES
1779908160.0719259,74873.12911417522,74833.7206662629,0.6988339960366261,0.765,236.73000000000002,SELL_YES
1779908160.1193604,74873.12911417522,74833.7206662629,0.69901293776556,0.765,87.0,SELL_YES
1779908161.058916,74873.12911417522,74833.7206662629,0.7034947342629038,0.765,85.54000000000008,SELL_YES
1779908163.7968209,74873.12911417522,74833.7206662629,0.7158194032466976,0.765,72.12,SELL_YES
1779908165.675311,74873.12911417522,74833.7206662629,0.7223322924965284,0.765,69.10000000000002,SELL_YES
1779908166.7977412,74873.12911417522,74833.7206662629,0.7248311719849249,0.765,68.0,SELL_YES
1779908167.3553493,74873.12911417522,74833.7206662629,0.7272210785559788,0.765,72.18,SELL_YES
1779908167.366642,74873.12911417522,74833.7206662629,0.7272439599218036,0.765,1306.71,SELL_YES
1779908167.471203,74873.12911417522,74833.7206662629,0.7275754989633689,0.765,81.05000000000001,SELL_YES
1779908167.4994657,74884.00969755312,74833.7206662629,0.7277132615597148,0.765,117.14999999999992,SELL_YES
1779908167.8427238,74884.00969755312,74833.7206662629,0.7289602917097467,0.775,66.38999999999999,SELL_YES
1779908167.869921,74884.00969755312,74833.7206662629,0.7290835512165064,0.775,99.68,SELL_YES
1779908167.9105794,74884.00969755312,74833.7206662629,0.7292837374253738,0.775,88.13999999999999,SELL_YES
1779908167.9259276,74884.00969755312,74833.7206662629,0.7293504283767244,0.775,67.17000000000002,SELL_YES
1779908168.2087495,74884.00969755312,74833.7206662629,0.7308904726966566,0.775,137.27000000000004,SELL_YES
1779908168.2235057,74884.00969755312,74833.7206662629,0.7309616668001936,0.775,69.0,SELL_YES
1779908168.2721949,74884.00969755312,74833.7206662629,0.7311806943962232,0.775,69.53999999999996,SELL_YES
1779908168.2909987,74884.00969755312,74833.7206662629,0.7312512401701706,0.775,203.68999999999994,SELL_YES
1779908168.3193896,74884.00969755312,74833.7206662629,0.7313646320376697,0.775,66.2700000000001,SELL_YES
1779908168.3487885,74884.00969755312,74833.7206662629,0.7314979327436748,0.775,81.10000000000002,SELL_YES
1779908168.8301082,74884.00969755312,74833.7206662629,0.734505450109671,0.775,75.0,SELL_YES
1779908169.7489417,74884.00969755312,74833.7206662629,0.7382714199720833,0.775,71.0,SELL_YES
1779908169.7593865,74884.00969755312,74833.7206662629,0.7383378669676885,0.775,65.0,SELL_YES
1779908169.7938013,74884.00969755312,74833.7206662629,0.7385276894376251,0.775,68.38000000000002,SELL_YES
1779908169.900409,74884.00969755312,74833.7206662629,0.7390626161336707,0.775,81.52999999999997,SELL_YES
1779908172.0094323,74884.02398255313,74833.7206662629,0.7504583085643948,0.775,1267.7954704652914,SELL_YES
1779908184.8294284,74880.63200570332,74833.7206662629,0.8070158107296247,0.785,76.93199874184117,BUY_YES
1779908187.037149,74880.63200570332,74833.7206662629,0.8132030488969653,0.785,251.07118747799288,BUY_YES
1779908188.8903425,74880.61851326202,74833.7206662629,0.8195623705559014,0.785,226.97,BUY_YES
1779908195.6184454,74874.49468567986,74833.7206662629,0.8376926788813663,0.785,177.49,BUY_YES
1779908195.8678823,74874.49468567986,74833.7206662629,0.8382055341371947,0.785,94.53,BUY_YES
1779908197.02835,74874.49468567986,74833.7206662629,0.8369472829249069,0.785,219.51999999999998,BUY_YES
1779908200.3167868,74874.49468567986,74833.7206662629,0.8368877373924827,0.785,200.34,BUY_YES
1779908202.5041723,74875.87031801624,74833.7206662629,0.837604086299596,0.785,70.62470673414259,BUY_YES
1779908210.2383835,74875.87031801624,74833.7206662629,0.8552335707581749,0.8,62.74027635827838,BUY_YES
1779908214.602244,74875.87031801624,74833.7206662629,0.8646226524389871,0.805,64.21479683347798,BUY_YES
1779908215.6007333,74875.38916028483,74833.7206662629,0.8663835866502047,0.805,65.35,BUY_YES
1779908222.285742,74875.38916028483,74833.7206662629,0.877934543603773,0.805,162.0,BUY_YES
1779908225.7402208,74875.38916028483,74833.7206662629,0.8853529914907644,0.81,65.49000000000001,BUY_YES
1779908225.8387058,74875.38916028483,74833.7206662629,0.8855151137977237,0.81,65.49000000000001,BUY_YES
1779908227.7037857,74875.38916028483,74833.7206662629,0.8886878210405575,0.81,60.52239814699237,BUY_YES
1779908241.804575,74875.38916028483,74833.7206662629,0.907265672475194,0.8200000000000001,170.53,BUY_YES
1779908243.2460732,74870.08504950526,74833.7206662629,0.9058634449791197,0.815,269.78,BUY_YES
1779908243.2922764,74870.08504950526,74833.7206662629,0.9059688221116411,0.815,334.9,BUY_YES
1779908245.5771532,74870.08504950526,74833.7206662629,0.9065789560245,0.815,269.78,BUY_YES
1779908266.915631,74870.51806547733,74833.7206662629,0.9071554229852815,0.815,162.23,BUY_YES
1779908267.9900303,74860.45947246476,74833.7206662629,0.9072751594944887,0.815,281.78,BUY_YES
1779908304.8315222,74875.356969219,74833.7206662629,0.8833273311226725,0.915,326.5,SELL_YES
1779908307.7044046,74875.356969219,74833.7206662629,0.8904115513690382,0.915,60.0,SELL_YES
1779908308.6810353,74875.356969219,74833.7206662629,0.8923229559706525,0.915,60.0,SELL_YES
1779908310.748794,74877.8302672048,74833.7206662629,0.8979315286972523,0.915,56.88,SELL_YES
1779908366.5819318,74872.6703498255,74833.7206662629,0.9740116973886612,0.945,65.91978909732461,BUY_YES
1779908367.5261235,74872.67023832179,74833.7206662629,0.9745070619317493,0.945,70.72203537278028,BUY_YES
1779908368.4704652,74871.52948180847,74833.7206662629,0.9749871536743667,0.945,68.5391696714778,BUY_YES
1779908369.3296375,74871.52948180847,74833.7206662629,0.9754110093651712,0.945,60.50839745602707,BUY_YES
1779908370.2624414,74871.43811195338,74833.7206662629,0.9758576517819023,0.945,63.7635273865576,BUY_YES
1779908370.3366175,74871.43811195338,74833.7206662629,0.9758925760501816,0.94,616.017032882351,BUY_YES
1779908370.928466,74871.66374494489,74833.7206662629,0.9761681639822922,0.925,399.92,BUY_YES
1779908371.2253077,74871.83099495507,74833.7206662629,0.9763043512579659,0.925,97.86164764681325,BUY_YES
1779908372.5369408,74872.04999731471,74833.7206662629,0.9768902389816063,0.925,60.85135396154692,BUY_YES
1779908400.406404,74887.31536623606,74887.31536623606,0.9468032565056866,0.975,60.0,SELL_YES
1779908400.428349,74887.31536623606,74887.31536623606,0.9465368521976493,0.975,299.0,SELL_YES
1779908400.4712887,74887.31536623606,74887.31536623606,0.9459096908870757,0.975,105.0,SELL_YES
1779908400.822871,74887.31536623606,74887.31536623606,0.9393903592822677,0.975,359.48,SELL_YES
1779908400.8344593,74887.31536623606,74887.31536623606,0.9391504154909844,0.975,404.0,SELL_YES
1779908400.8393683,74887.31536623606,74887.31536623606,0.9390442732335016,0.975,359.48,SELL_YES
1779908401.841967,74888.56497551908,74888.56497551908,0.3720084742165136,0.505,669.04,BUY_NO
1779908401.8474462,74888.56497551908,74888.56497551908,0.3719736029338843,0.505,109.59,BUY_NO
1779908401.8534188,74888.56497551908,74888.56497551908,0.3719465487018184,0.505,231.21,BUY_NO
1779908401.8585253,74888.56497551908,74888.56497551908,0.37192621967798845,0.505,333.0,BUY_NO
1779908402.9476295,74888.56497551908,74888.56497551908,0.37583343637935607,0.505,652.04,BUY_NO
1779908402.9523046,74888.56497551908,74888.56497551908,0.3758450725116455,0.505,149.59,BUY_NO
1779908440.737509,74882.65299441584,74888.56497551908,0.49422102261660145,0.45,102.54,SELL_NO
1779908440.832604,74882.65299441584,74888.56497551908,0.4941330577390748,0.45,98.25,SELL_NO
1779908440.9098575,74882.65299441584,74888.56497551908,0.4937810912503195,0.45,102.99999999999999,SELL_NO
1779908441.100079,74882.65299441584,74888.56497551908,0.4926463431156314,0.45,202.67,SELL_NO
1779908442.2814848,74882.65299441584,74888.56497551908,0.4879130508678378,0.445,137.67,SELL_NO
1779908442.2862754,74882.65299441584,74888.56497551908,0.48794282869006883,0.445,614.51,SELL_NO
1779908442.7222276,74880.1274242028,74888.56497551908,0.48715352204801143,0.445,190.00000000000003,SELL_NO
1779908442.9714012,74880.1274242028,74888.56497551908,0.48631451843176005,0.44,135.99,SELL_NO
1779908443.3604562,74880.1274242028,74888.56497551908,0.4868213919403832,0.435,91.66,SELL_NO
1779908443.411332,74880.01943875026,74888.56497551908,0.48694639562136005,0.435,150.0,BUY_YES
1779908443.4721756,74880.01943875026,74888.56497551908,0.4868174090543778,0.435,110.00000000000003,SELL_NO
1779908443.5129547,74880.01943875026,74888.56497551908,0.4866459473075561,0.435,105.26999999999998,SELL_NO
1779908443.93047,74880.01943875026,74888.56497551908,0.48620850131715376,0.435,252.9100000000002,SELL_NO
1779908444.4471202,74880.01943875026,74888.56497551908,0.48424188400737517,0.425,136.0,BUY_YES
1779908475.8889856,74863.31430861836,74888.56497551908,0.36235860633477185,0.395,128.4445907221964,SELL_YES
1779908476.3539696,74863.25087714846,74888.56497551908,0.35904199141651344,0.395,82.28915962059138,BUY_NO
1779908476.590859,74863.25087714846,74888.56497551908,0.3575524475688361,0.395,136.2300577210362,SELL_YES
1779908476.8194761,74863.25087714846,74888.56497551908,0.3554783655489296,0.395,101.87162109171261,BUY_NO
1779908477.1855254,74863.25087714846,74888.56497551908,0.35250619215135687,0.395,84.96134220856678,BUY_NO
1779908477.6104712,74863.25087714846,74888.56497551908,0.3493317580204589,0.395,90.73899616581798,BUY_NO
1779908478.0259745,74863.25087714846,74888.56497551908,0.3463596999696518,0.395,84.9469272346999,BUY_NO
1779908478.493574,74863.25087714846,74888.56497551908,0.34302673565640623,0.395,95.25870781886209,BUY_NO
1779908478.9198668,74863.25087714846,74888.56497551908,0.3400683759142318,0.395,84.54225639139054,BUY_NO
1779908479.4197428,74863.25087714846,74888.56497551908,0.33683432692818677,0.395,92.41900085036298,BUY_NO
1779908479.9161096,74863.25087714846,74888.56497551908,0.33371280637006434,0.395,89.19425910889265,BUY_NO
1779908480.4128778,74863.25087714846,74888.56497551908,0.3306570601179544,0.395,87.30909422493232,BUY_NO
1779908482.0485306,74863.25087714846,74888.56497551908,0.32764832280100187,0.395,85.96026505608211,BUY_NO
1779908482.6859639,74860.20072280985,74888.56497551908,0.3245155210672272,0.395,89.50068939658092,BUY_NO
1779908483.2583566,74860.20072280985,74888.56497551908,0.3214615232088329,0.395,87.24112530806838,BUY_NO
1779908483.7637446,74860.20072280985,74888.56497551908,0.31832286184574304,0.395,89.65562306801235,BUY_NO
1779908484.1531725,74860.20072280985,74888.56497551908,0.3154427382463225,0.395,82.26031170557485,BUY_NO
1779908484.619836,74860.20072280985,74888.56497551908,0.3121895340194205,0.395,92.91950244943223,BUY_NO
1779908485.0855737,74860.20072280985,74888.56497551908,0.30927506631272045,0.395,83.22830805514673,BUY_NO
1779908485.5856059,74860.20072280985,74888.56497551908,0.30619080726212267,0.395,88.07969269156229,BUY_NO
1779908486.6031835,74860.20072280985,74888.56497551908,0.3031902372064699,0.395,85.67974532072526,BUY_NO
1779908487.4195144,74860.20072280985,74888.56497551908,0.3002772174813633,0.395,83.1740733069953,BUY_NO
1779908488.0279396,74860.20072280985,74888.56497551908,0.29730608964827915,0.395,84.83050521604696,BUY_NO
1779908488.4968874,74860.20072280985,74888.56497551908,0.29430516810862856,0.395,85.67504355106439,BUY_NO
1779908489.5402496,74860.20072280985,74888.56497551908,0.2913810322935056,0.395,83.4751137241401,BUY_NO
1779908490.3129625,74860.20072280985,74888.56497551908,0.2883680638499223,0.395,86.00909411623456,BUY_NO
1779908490.841919,74860.20072280985,74888.56497551908,0.28538190747205416,0.395,85.23551463346939,BUY_NO
1779908491.2947667,74860.20072280985,74888.56497551908,0.28247641771243925,0.395,82.92619902392698,BUY_NO
1779908491.8130794,74860.20072280985,74888.56497551908,0.2793142000458943,0.395,90.25623794747344,BUY_NO
1779908492.364042,74860.20072280985,74888.56497551908,0.27615702166202616,0.395,90.09972202923427,BUY_NO
1779908492.8913822,74860.20072280985,74888.56497551908,0.2731909704783677,0.395,84.63442027321298,BUY_NO
1779908493.4689734,74860.20072280985,74888.56497551908,0.27008731097848887,0.395,88.56433414091134,BUY_NO
1779908494.0353472,74860.20072280985,74888.56497551908,0.26701967169009294,0.395,87.5257348210821,BUY_NO
1779908494.6071134,74860.20072280985,74888.56497551908,0.26402093653965913,0.395,85.55293423934563,BUY_NO
1779908495.3156593,74852.28232170717,74888.56497551908,0.2606840562323503,0.395,95.20647133543389,BUY_NO
1779909254.664103,74906.49131676751,74906.49131676751,0.7730454006311483,0.845,335.3809721615903,BUY_NO
1779909255.3065286,74906.49131676751,74906.49131676751,0.7666626326768461,0.845,330.5771499915985,BUY_NO
1779909255.8695168,74906.49131676751,74906.49131676751,0.7606131461455897,0.845,313.2700928130904,BUY_NO
1779909269.8879838,74906.49131676751,74906.49131676751,0.6599914241439967,0.85,2340.31,BUY_NO
1779909269.8915114,74906.49131676751,74906.49131676751,0.6599624853912629,0.85,2340.31,BUY_NO
1779909271.049982,74906.49131676751,74906.49131676751,0.6490450371130174,0.845,1090.6915598942041,BUY_NO
1779909272.556803,74906.49131676751,74906.49131676751,0.6429022616946197,0.845,316.20228686022074,BUY_NO
1779909273.1767097,74906.49131676751,74906.49131676751,0.6368195272517762,0.845,314.1457805903992,BUY_NO
1779909273.8847713,74906.49131676751,74906.49131676751,0.6305567372422357,0.845,323.41951905930273,BUY_NO
1779909276.751474,74906.49131676751,74906.49131676751,0.6242876655899798,0.845,323.6859176781945,BUY_NO
1779909278.1808655,74906.49131676751,74906.49131676751,0.6182096425155965,0.845,313.76164698149387,BUY_NO
1779909278.9758093,74906.49131676751,74906.49131676751,0.6121050789616747,0.845,315.1090683934726,BUY_NO
1779909279.7787797,74906.49131676751,74906.49131676751,0.6057901420171444,0.845,325.9422443757503,BUY_NO
1779909280.6537244,74906.49131676751,74906.49131676751,0.5995952050695544,0.845,319.67352966592443,BUY_NO
1779909281.5499296,74906.49131676751,74906.49131676751,0.5934160330076016,0.845,318.82707912261503,BUY_NO
1779909282.4933312,74906.49131676751,74906.49131676751,0.5871423829653352,0.845,323.669803185152,BUY_NO
1779909286.629248,74906.49131676751,74906.49131676751,0.5810778804934585,0.845,312.8046261503787,BUY_NO
1779909289.5241275,74906.49131676751,74906.49131676751,0.574945116986777,0.845,316.31410507819055,BUY_NO
1779909291.2441006,74906.49131676751,74906.49131676751,0.5688414759958441,0.845,314.7590833407976,BUY_NO
1779909292.1958241,74906.49131676751,74906.49131676751,0.5625909527195184,0.845,322.31167422303224,BUY_NO
1779909300.4340584,74906.49131676751,74906.49131676751,0.5590799829734592,0.865,360.02,BUY_NO
1779909302.4827623,74906.49131676751,74906.49131676751,0.5547460256294133,0.875,493.06,BUY_NO
1779909322.687023,74895.47278145794,74904.30475938001,0.12753454488511265,0.525,341.99,BUY_NO
1779909322.7304685,74895.47278145794,74904.30475938001,0.12754565595145834,0.525,150.23,BUY_NO
1779909322.7728605,74895.47278145794,74904.30475938001,0.12760883862306957,0.525,212.19,BUY_NO
1779909324.1328967,74895.47278145794,74904.30475938001,0.1367930111440479,0.525,394.06,BUY_NO
1779909324.1750586,74895.47278145794,74904.30475938001,0.13705129039707534,0.525,144.5,BUY_NO
1779909324.2180703,74895.47278145794,74904.30475938001,0.13722548298594253,0.525,212.19,BUY_NO
1779909324.6557093,74895.47278145794,74904.30475938001,0.13972670334999712,0.525,222.0,BUY_NO
1779909324.6970356,74895.47278145794,74904.30475938001,0.13983664643049765,0.525,214.0,BUY_NO
1779909324.9854362,74895.47278145794,74904.30475938001,0.1413451113023776,0.525,179.0,BUY_NO
1779909325.026244,74895.47278145794,74904.30475938001,0.14147854962928186,0.525,216.13,BUY_NO
1779909325.0681112,74895.47278145794,74904.30475938001,0.14155129455830207,0.525,187.0,BUY_NO
1779909325.2717714,74895.47278145794,74904.30475938001,0.14250136128863358,0.525,287.02,BUY_NO
1779909325.3127222,74895.47278145794,74904.30475938001,0.1426907972128454,0.525,143.0,BUY_NO
1779909325.3550274,74895.47278145794,74904.30475938001,0.14283719930795274,0.525,212.19,BUY_NO
1779909325.3953614,74895.47278145794,74904.30475938001,0.14293249132765593,0.525,222.0,BUY_NO
1779909325.4732718,74895.47278145794,74904.30475938001,0.14308320380722747,0.525,214.0,BUY_NO
1779909325.5187457,74895.47278145794,74904.30475938001,0.14317049476553032,0.525,179.0,BUY_NO
1779909325.6106231,74895.47278145794,74904.30475938001,0.1434644938653969,0.525,216.13,BUY_NO
1779909325.652844,74895.47278145794,74904.30475938001,0.1435924729241246,0.525,187.0,BUY_NO
1779909325.6981828,74895.47278145794,74904.30475938001,0.143724127731349,0.525,189.0,BUY_NO
1779909325.8407075,74895.47278145794,74904.30475938001,0.14413284208108554,0.525,192.0,BUY_NO
1779909325.8819764,74895.47278145794,74904.30475938001,0.14425195700057736,0.525,263.0,BUY_NO
1779909327.3488262,74895.47278145794,74904.30475938001,0.153642370151271,0.525,119.38,BUY_NO
1779909327.6262324,74895.47278145794,74904.30475938001,0.15579710745002703,0.525,359.89,BUY_NO
1779909327.697236,74895.96235836658,74904.30475938001,0.15625560218454113,0.525,150.45,BUY_NO
1779909327.7390354,74895.96235836658,74904.30475938001,0.15642513166756364,0.525,212.19,BUY_NO
1779909328.6587236,74895.96235836658,74904.30475938001,0.16192803158665328,0.525,222.0,BUY_NO
1779909328.6624098,74895.96235836658,74904.30475938001,0.16192509518329892,0.525,209.0,BUY_NO
1779909328.6660388,74895.96235836658,74904.30475938001,0.1619232886501113,0.525,186.35,BUY_NO
1779909328.6693819,74895.96235836658,74904.30475938001,0.16192365883824508,0.525,229.0,BUY_NO
1779909328.6728923,74895.96235836658,74904.30475938001,0.1619251955235822,0.525,187.0,BUY_NO
1779909328.7364821,74895.96235836658,74904.30475938001,0.16231418237124426,0.525,111.82,BUY_NO
1779909328.7397497,74895.96235836658,74904.30475938001,0.1623315588131484,0.525,204.0,BUY_NO
1779909330.8946126,74908.49657645918,74904.30475938001,0.19367547080539632,0.5549999999999999,111.91,BUY_NO
1779909330.8993428,74908.49657645918,74904.30475938001,0.19368464867940943,0.5549999999999999,975.08,BUY_NO
1779909330.902661,74908.49657645918,74904.30475938001,0.19368672663154887,0.5549999999999999,157.0,BUY_NO
1779909330.9063594,74908.49657645918,74904.30475938001,0.19369646376372499,0.5549999999999999,212.19,BUY_NO
1779909331.1674116,74908.49657645918,74904.30475938001,0.1946376238722104,0.5549999999999999,175.0,BUY_NO
1779909332.4057064,74917.49766717142,74904.30475938001,0.21310142392260892,0.565,120.29,BUY_NO
1779909332.794773,74920.6787381538,74904.30475938001,0.21802316418141193,0.565,120.62999999999998,BUY_NO
1779909333.1418176,74920.6787381538,74904.30475938001,0.22395685021765316,0.565,124.25999999999999,BUY_NO
1779909333.1876557,74920.6787381538,74904.30475938001,0.22462127902924522,0.565,232.82000000000005,BUY_NO
1779909333.991054,74922.54794570143,74904.30475938001,0.23618509273664404,0.565,125.88999999999999,BUY_NO
1779909337.6066382,74922.60155344718,74904.30475938001,0.28834102942470047,0.61,248.0,BUY_NO
1779909337.7047026,74922.60155344718,74904.30475938001,0.28953772628202185,0.6699999999999999,135.62,BUY_NO
1779909341.0286229,74920.48717692994,74904.30475938001,0.3300910587974075,0.655,157.35,BUY_NO
1779909371.0262332,74908.62909920464,74904.30475938001,0.40503370341274764,0.335,571.85,BUY_YES
1779909371.0329826,74908.62909920464,74904.30475938001,0.4050699543020983,0.335,88.0,SELL_NO
1779909372.033649,74908.62909920464,74904.30475938001,0.4085601297177993,0.335,81.88999999999999,SELL_NO
1779909373.2786264,74908.62909920464,74904.30475938001,0.4159319907340121,0.335,528.9719957053416,BUY_YES
1779909373.331153,74908.62909920464,74904.30475938001,0.41609250161007433,0.335,158.38800429465846,SELL_NO
1779909373.4121444,74908.62909920464,74904.30475938001,0.4166183500036903,0.335,88.0,SELL_NO
1779909374.544979,74908.62909920464,74904.30475938001,0.4225292999779088,0.335,255.2386276928869,BUY_YES
1779909374.626527,74908.62909920464,74904.30475938001,0.42237645577569416,0.335,506.33137230711316,SELL_NO
1779909377.0827243,74908.80822613569,74904.30475938001,0.42779429098897437,0.315,108.96000000000001,SELL_NO
1779909377.0874155,74908.80822613569,74904.30475938001,0.4278229416706409,0.315,209.29872047406093,BUY_YES
1779909377.137771,74908.80822613569,74904.30475938001,0.42803451560172784,0.315,95.35,SELL_NO
1779909377.1411808,74908.80822613569,74904.30475938001,0.4280635874583076,0.315,560.861279525939,SELL_NO
1779909377.1448867,74908.80822613569,74904.30475938001,0.42811559139394856,0.315,88.0,SELL_NO
1779909377.1807501,74908.80822613569,74904.30475938001,0.42842770708004346,0.315,144.31,SELL_NO
1779909377.18573,74908.80822613569,74904.30475938001,0.4284597163302169,0.315,771.16,SELL_NO
1779909377.190043,74908.80822613569,74904.30475938001,0.4285130296858512,0.315,88.0,SELL_NO
1779909377.2854753,74908.80822613569,74904.30475938001,0.429105779623775,0.315,81.03999999999999,SELL_NO
1779909377.5955107,74908.80822613569,74904.30475938001,0.4304701999723633,0.315,75.0,SELL_NO
1779909377.6204982,74908.80822613569,74904.30475938001,0.4304920054315968,0.315,193.67999999999998,BUY_YES
1779909377.677574,74908.80822613569,74904.30475938001,0.43067475392441606,0.315,75.90000000000003,SELL_NO
1779909377.7316618,74908.80822613569,74904.30475938001,0.4307882806736658,0.315,118.93,SELL_NO
1779909377.7506678,74908.80822613569,74904.30475938001,0.4308187403101658,0.315,93.70999999999998,SELL_NO
1779909377.7719135,74904.27362356764,74904.30475938001,0.4308430380262181,0.315,110.35000000000002,SELL_NO
1779909378.0622766,74904.27362356764,74904.30475938001,0.42987916119440717,0.315,84.99000000000001,SELL_NO
1779909378.1274803,74904.27362356764,74904.30475938001,0.4300586562886335,0.315,80.86000000000001,SELL_NO
1779909378.5630262,74904.27362356764,74904.30475938001,0.4324018391237739,0.315,737.99,BUY_YES
1779909378.5681052,74904.27362356764,74904.30475938001,0.43242057089281927,0.315,481.16999999999996,SELL_NO
1779909378.5720105,74904.27362356764,74904.30475938001,0.4324408428617312,0.315,88.0,SELL_NO
1779909378.797106,74903.13370549385,74904.30475938001,0.4324449640103902,0.315,79.15999999999997,SELL_NO
1779909379.703145,74903.13370549385,74904.30475938001,0.43119274649689,0.315,759.16,SELL_NO
1779909379.7083127,74903.13370549385,74904.30475938001,0.431208245921394,0.315,431.01,SELL_NO
1779909379.7120814,74903.13370549385,74904.30475938001,0.4312443127821284,0.315,123.0,SELL_NO
1779909379.8084238,74903.1284578137,74904.30475938001,0.4315016672416498,0.31,107.55999999999995,SELL_NO
1779909379.8132765,74903.1284578137,74904.30475938001,0.43152463962701876,0.31,93.0,SELL_NO
1779909379.8175702,74903.1284578137,74904.30475938001,0.43156469478827286,0.31,88.0,SELL_NO
1779909379.8224092,74903.1284578137,74904.30475938001,0.4316148998439872,0.31,93.0,SELL_NO
1779909379.8267589,74903.1284578137,74904.30475938001,0.43165998338525075,0.31,88.0,SELL_NO
1779909379.83098,74903.1284578137,74904.30475938001,0.43170205799730443,0.31,98.0,SELL_NO
1779909379.907366,74903.1284578137,74904.30475938001,0.43201159740574085,0.3,79.43000000000006,SELL_NO
1779909379.9292426,74903.1284578137,74904.30475938001,0.43202405679587036,0.3,85.0,SELL_NO
1779909380.2534645,74903.1284578137,74904.30475938001,0.4320743940162035,0.305,80.37,SELL_NO
1779909380.3621795,74903.1284578137,74904.30475938001,0.4323534717841971,0.3,74.85000000000008,SELL_NO
1779909380.3719637,74903.1284578137,74904.30475938001,0.43230312872295573,0.3,80.0,SELL_NO
1779909380.3993857,74903.1284578137,74904.30475938001,0.4324305255214282,0.3,163.0,SELL_NO
1779909381.037435,74903.1284578137,74904.30475938001,0.4345830351550772,0.305,435.89,SELL_NO
1779909381.0878365,74903.1284578137,74904.30475938001,0.4348985802141187,0.305,461.16999999999996,SELL_NO
1779909381.2694814,74903.1284578137,74904.30475938001,0.43580452258687025,0.305,93.0,SELL_NO
1779909383.0872536,74903.1284578137,74904.30475938001,0.44207220307235556,0.305,352.21999999999997,SELL_NO
1779909383.6764312,74903.1284578137,74904.30475938001,0.4408849937637353,0.305,97.17,SELL_NO
1779909383.8595326,74903.1284578137,74904.30475938001,0.4410164873277661,0.305,101.0,SELL_NO
1779909383.9441628,74903.1284578137,74904.30475938001,0.4416386091360803,0.305,416.84,SELL_NO
1779909383.9956453,74903.1284578137,74904.30475938001,0.4421573420781089,0.305,93.0,SELL_NO
1779909384.495949,74902.48590000224,74904.30475938001,0.4442526788157261,0.305,89.0,SELL_NO
1779909385.3200593,74902.48590000224,74904.30475938001,0.44738674822720526,0.305,128.76,SELL_NO
1779909386.0934498,74902.48590000224,74904.30475938001,0.4484686457551488,0.3,80.01999999999998,SELL_NO
1779909386.1978052,74902.48590000224,74904.30475938001,0.44865911160941735,0.3,75.0,SELL_NO
1779909386.6645312,74902.48590000224,74904.30475938001,0.44968476442217953,0.3,81.42000000000007,SELL_NO
1779909388.426326,74902.48590000224,74904.30475938001,0.4513823596897555,0.295,76.0,SELL_NO
1779909388.5699937,74902.48590000224,74904.30475938001,0.45081674901124635,0.295,76.31,SELL_NO
1779909388.7947323,74902.48590000224,74904.30475938001,0.44989147225667137,0.295,616.209343872292,SELL_NO
1779909388.8441043,74902.48590000224,74904.30475938001,0.4498086747230095,0.295,291.08065612770804,BUY_YES
1779909388.8932958,74902.48590000224,74904.30475938001,0.45038433153830654,0.295,170.98,BUY_YES
1779909394.3488002,74900.79180807022,74904.30475938001,0.44996334146312117,0.295,171.71,BUY_YES
1779909394.355682,74900.79180807022,74904.30475938001,0.45002226316751975,0.295,308.33,BUY_YES
1779909394.3758285,74900.79180807022,74904.30475938001,0.4501454549242393,0.295,222.64,BUY_YES
1779909394.4416766,74900.79180807022,74904.30475938001,0.45021802204320577,0.295,178.11,BUY_YES
1779909394.9988475,74900.79180807022,74904.30475938001,0.44854768263094535,0.295,200.9177119677479,BUY_YES
1779909399.6351533,74898.78378563242,74904.30475938001,0.44383091013804504,0.27,183.24,BUY_YES
1779909399.984807,74898.78378563242,74904.30475938001,0.4446147997390858,0.275,192.24,BUY_YES
1779909400.0040145,74898.78378563242,74904.30475938001,0.4446781834054474,0.27,410.48,BUY_YES
1779909401.3630986,74898.75058201737,74904.30475938001,0.4442418497590877,0.225,221.19,BUY_YES
1779909401.366997,74898.75058201737,74904.30475938001,0.4442835828803878,0.225,294.66,BUY_YES
1779909403.3824267,74899.89402312179,74904.30475938001,0.4419213907908512,0.225,257.03,BUY_YES
1779909403.400415,74899.89402312179,74904.30475938001,0.442032423678273,0.225,296.66,BUY_YES
1779909403.4659715,74899.89402312179,74904.30475938001,0.44217675636377485,0.225,246.83,BUY_YES
1779909403.4749258,74899.89402312179,74904.30475938001,0.44218975012918904,0.225,296.66,BUY_YES
1779909499.2885404,74892.53201561079,74904.30475938001,0.30738510966820154,0.345,78.43,BUY_NO
1779909507.0884073,74892.53201561079,74904.30475938001,0.2981461330306768,0.345,95.4,BUY_NO
1779909507.1517277,74892.53201561079,74904.30475938001,0.2976836372972134,0.345,143.29,BUY_NO
1779909508.2519438,74892.57885927765,74904.30475938001,0.29336390480557906,0.345,166.25,BUY_NO
1779909509.2536407,74892.57885927765,74904.30475938001,0.2931714620966125,0.345,166.25,BUY_NO
1779909510.5419307,74892.57885927765,74904.30475938001,0.2930872843163307,0.345,165.75,BUY_NO
1779909512.1139345,74892.57885927765,74904.30475938001,0.28993540251102023,0.345,177.05322111001692,BUY_NO
1779909515.0593383,74892.57885927765,74904.30475938001,0.2832449467917624,0.345,144.41,BUY_NO
1779909517.2274148,74899.64509916642,74904.30475938001,0.2898959520358734,0.345,238.72,SELL_YES
1779909520.6658792,74899.64509916642,74904.30475938001,0.30222794302493694,0.345,243.62,SELL_YES
1779909530.0394032,74910.54212069754,74904.30475938001,0.4174759702870365,0.375,123.76000000000002,SELL_NO
1779909531.843124,74910.54212069754,74904.30475938001,0.4288757061248392,0.375,113.76,SELL_NO
1779909532.426413,74910.57328824782,74904.30475938001,0.4320371257218428,0.375,94.57999999999998,SELL_NO
1779909532.4975517,74910.57328824782,74904.30475938001,0.4324272869523676,0.375,89.01000000000002,SELL_NO
1779909532.8304737,74910.57328824782,74904.30475938001,0.43499255903154616,0.375,88.56000000000003,SELL_NO
1779909532.8889403,74910.57328824782,74904.30475938001,0.4354723975419205,0.375,308.63,SELL_NO
1779909532.9220827,74910.57328824782,74904.30475938001,0.4356945594365572,0.375,83.86000000000001,SELL_NO
1779909532.9484224,74910.57328824782,74904.30475938001,0.4358762574473013,0.375,115.42000000000002,SELL_NO
1779909534.5554235,74910.48182618927,74904.30475938001,0.44472672440548394,0.365,86.57,SELL_NO
1779909564.837957,74876.07676934713,74904.30475938001,0.3402173279844901,0.375,84.64,BUY_NO
1779909566.661045,74870.9538646284,74904.30475938001,0.3213775450050243,0.355,157.22,SELL_YES
1779909566.9722672,74870.9538646284,74904.30475938001,0.3183482509766033,0.355,120.85999999999999,BUY_NO
1779909566.9999025,74870.9538646284,74904.30475938001,0.31807057622957163,0.355,149.21000000000004,SELL_YES
1779909567.0387187,74871.29853952874,74904.30475938001,0.31767471849408424,0.355,157.75,SELL_YES
1779909567.0964293,74871.29853952874,74904.30475938001,0.31709085928348457,0.355,166.20999999999998,SELL_YES
1779909568.5022538,74871.29853952874,74904.30475938001,0.30316815591051244,0.365,100.0,BUY_NO
1779909569.6563067,74871.29853952874,74904.30475938001,0.2921140675371,0.365,115.64,BUY_NO
1779909570.3625844,74871.29853952874,74904.30475938001,0.28556572620105175,0.365,87.19000000000001,BUY_NO
1779909572.3238528,74871.29853952874,74904.30475938001,0.26820650615649766,0.365,84.41,BUY_NO
1779909573.889685,74871.29853952874,74904.30475938001,0.2551045523284264,0.365,217.84,BUY_NO
1779909576.2932065,74871.29853952874,74904.30475938001,0.236242044022556,0.365,83.0,BUY_NO
1779909577.9960861,74871.29853952874,74904.30475938001,0.22375762118631487,0.365,78.2,BUY_NO
1779909578.098483,74871.29853952874,74904.30475938001,0.22302926053686836,0.365,194.17,BUY_NO
1779909578.152165,74871.29853952874,74904.30475938001,0.22264840788973322,0.365,78.2,BUY_NO
1779909580.4434793,74871.29853952874,74904.30475938001,0.20701167466413126,0.365,86.41000000000001,BUY_NO
1779909583.1620615,74871.29853952874,74904.30475938001,0.18994362081649177,0.365,118.98,BUY_NO
1779909583.1726353,74871.29853952874,74904.30475938001,0.1898802086799757,0.365,78.05,BUY_NO
1779909586.3498762,74871.17855773763,74904.30475938001,0.17180357405864027,0.355,83.61000000000001,BUY_NO
1779909588.42059,74871.17855773763,74904.30475938001,0.1610119996901693,0.345,119.64,BUY_NO
1779909588.4242892,74871.17855773763,74904.30475938001,0.16099337953508386,0.345,119.64,BUY_NO
1779909588.4281473,74871.17855773763,74904.30475938001,0.1609739625848476,0.345,238.3,BUY_NO
1779909588.4323514,74871.17855773763,74904.30475938001,0.16095280740739082,0.345,128.7,BUY_NO
1779909588.4356236,74871.17855773763,74904.30475938001,0.16093634290146733,0.33999999999999997,253.63,BUY_NO
1779909588.4391668,74871.17855773763,74904.30475938001,0.1609185176751721,0.33999999999999997,155.0,BUY_NO
1779909588.442542,74871.17855773763,74904.30475938001,0.16090153882904054,0.335,666.31,SELL_YES
1779909588.5384328,74871.17855773763,74904.30475938001,0.1604199734234342,0.35,100.0,BUY_NO
1779909588.5418983,74871.17855773763,74904.30475938001,0.1604025988439954,0.35,153.90999999999997,BUY_NO
1779909588.5542269,74871.17855773763,74904.30475938001,0.1603408029692159,0.345,80.0,BUY_NO
1779909590.4165964,74860.9067584683,74861.70225990454,0.8122956262460955,0.505,1004.9,BUY_YES
1779909590.5267248,74860.9067584683,74861.70225990454,0.8122956237041286,0.505,679.12,BUY_YES
1779909591.6744843,74859.22697173306,74861.70225990454,0.8017822569284777,0.505,964.03,BUY_YES
1779909591.9385731,74859.97202932741,74861.70225990454,0.7994184842482928,0.505,710.12,BUY_YES
1779909592.034434,74859.97202932741,74861.70225990454,0.7991853350405976,0.505,689.0,BUY_YES
1779909592.0389156,74859.97202932741,74861.70225990454,0.7991794445543421,0.505,471.0,BUY_YES
1779909592.15173,74859.97202932741,74861.70225990454,0.7988735403534226,0.505,726.0,BUY_YES
1779909592.1572435,74859.97202932741,74861.70225990454,0.7988601425121891,0.505,561.0,BUY_YES
1779909592.1618266,74859.97202932741,74861.70225990454,0.7988471980896409,0.505,203.0,BUY_YES
1779909592.244341,74859.97202932741,74861.70225990454,0.7985392348206329,0.505,212.0,BUY_YES
1779909592.3971415,74859.97202932741,74861.70225990454,0.7978644830707649,0.505,129.64022077531536,BUY_YES
1779909594.2071342,74859.95366100477,74861.70225990454,0.7791508861859935,0.505,922.84,BUY_YES
1779909595.040333,74859.95366100477,74861.70225990454,0.7717855660227927,0.505,163.6054161160455,BUY_YES
1779909595.2906723,74859.95366100477,74861.70225990454,0.7697695015446981,0.505,229.01939947798746,BUY_YES
1779909715.0372918,74836.12290660787,74861.70225990454,0.48633855975533963,0.515,306.04,SELL_YES
1779909715.3587124,74836.12290660787,74861.70225990454,0.4825481544485258,0.515,307.99,SELL_YES
1779909715.8974788,74836.12290660787,74861.70225990454,0.4766300464892592,0.515,153.58,SELL_YES
1779909717.113508,74836.12290660787,74861.70225990454,0.46562438017097724,0.515,177.75,BUY_NO
1779909717.173141,74836.12290660787,74861.70225990454,0.4652552545899615,0.515,108.44999999999999,SELL_YES
1779909717.5583465,74836.12290660787,74861.70225990454,0.46271944663718295,0.515,106.63,BUY_NO
1779909717.5703423,74836.12290660787,74861.70225990454,0.46260552032903096,0.515,118.0,SELL_YES
1779909717.625038,74836.12290660787,74861.70225990454,0.46215581333152234,0.515,198.0,SELL_YES
1779909717.6855562,74836.12290660787,74861.70225990454,0.46186523596206147,0.515,105.60212749400137,BUY_NO
1779909721.0717897,74840.70638302279,74861.70225990454,0.47288856840500826,0.545,240.6,BUY_NO
1779909722.1115308,74840.70638302279,74861.70225990454,0.4642555893966321,0.545,205.02,BUY_NO
1779909722.2135606,74840.70638302279,74861.70225990454,0.46337694434470017,0.545,105.0,SELL_YES
1779909722.262191,74840.70638302279,74861.70225990454,0.4628061782219116,0.545,216.78,SELL_YES
1779909725.0750818,74840.70638302279,74861.70225990454,0.4407071218478188,0.535,180.63,BUY_NO
1779909725.8162646,74840.70638302279,74861.70225990454,0.4333750578262872,0.535,118.45,BUY_NO
1779909727.5772126,74847.58770370569,74861.70225990454,0.4267587103940157,0.535,131.67,BUY_NO
1779909728.353051,74847.58770370569,74861.70225990454,0.4223056073374116,0.535,106.68,BUY_NO
1779909731.652188,74854.13275040574,74861.70225990454,0.4086904712808806,0.525,203.04,BUY_NO
1779909731.6642425,74854.13275040574,74861.70225990454,0.4087331475566604,0.525,100.00000000000003,SELL_YES
1779909732.060331,74854.13275040574,74861.70225990454,0.4092547724004795,0.525,121.45999999999998,BUY_NO
1779909732.2540877,74854.13275040574,74861.70225990454,0.4097944466697011,0.525,101.0,SELL_YES
1779909734.51649,74854.13275040574,74861.70225990454,0.4110673434003935,0.525,577.5,BUY_NO
1779909734.5403805,74854.13275040574,74861.70225990454,0.411072555062876,0.525,98.0,SELL_YES
1779909735.1328278,74854.13275040574,74861.70225990454,0.4102345549305192,0.525,103.12,SELL_YES
1779909735.7885215,74854.39812737772,74861.70225990454,0.4101511389518216,0.525,202.49686347171746,BUY_NO
1779909735.7936995,74854.39812737772,74861.70225990454,0.4101836397241281,0.525,398.3231365282826,SELL_YES
1779909747.4745216,74857.16044494495,74861.70225990454,0.3980691611827525,0.495,126.3,SELL_YES
1779909747.5973601,74857.16044494495,74861.70225990454,0.39841249730390665,0.495,131.34999999999997,SELL_YES
1779909747.9207158,74857.16044494495,74861.70225990454,0.40029326517644825,0.495,102.73000000000002,SELL_YES
1779909747.9756706,74857.16044494495,74861.70225990454,0.4005364813101411,0.495,110.75999999999999,SELL_YES
1779909748.0242085,74857.16044494495,74861.70225990454,0.4005999147372715,0.495,112.87,SELL_YES
1779909748.0756016,74857.2293408593,74861.70225990454,0.4007839914003866,0.495,107.0,SELL_YES
1779909748.3871758,74857.2293408593,74861.70225990454,0.4027389115399065,0.495,107.79999999999995,SELL_YES
1779909748.4056602,74857.2293408593,74861.70225990454,0.40269218758630265,0.495,118.0,SELL_YES
1779909748.4088411,74857.2293408593,74861.70225990454,0.4026692173351723,0.495,124.4,SELL_YES
1779909748.4128113,74857.2293408593,74861.70225990454,0.4026391999393197,0.495,177.78,SELL_YES
1779909748.5205104,74857.2293408593,74861.70225990454,0.4027855346914135,0.495,108.5,SELL_YES
1779909748.5315163,74857.2293408593,74861.70225990454,0.40273970574838563,0.495,123.0,SELL_YES
1779909748.5350766,74857.2293408593,74861.70225990454,0.4027149344774421,0.495,143.0,SELL_YES
1779909748.5384352,74857.2293408593,74861.70225990454,0.40268955928884964,0.495,118.0,SELL_YES
1779909748.8584094,74857.2293408593,74861.70225990454,0.4040335197547755,0.495,136.97000000000003,SELL_YES
1779909748.9002962,74857.2293408593,74861.70225990454,0.4041853217348351,0.495,121.0,SELL_YES
1779909748.9306345,74857.2293408593,74861.70225990454,0.40425776584915024,0.495,104.0,SELL_YES
1779909749.0272355,74857.31798211041,74861.70225990454,0.4045533127079963,0.495,1069.74,SELL_YES
1779909749.0326467,74857.31798211041,74861.70225990454,0.4045505666712285,0.495,118.0,SELL_YES
1779909749.352617,74857.31798211041,74861.70225990454,0.4046548632240434,0.505,128.0,SELL_YES
1779909749.3577068,74857.31798211041,74861.70225990454,0.40466336700614525,0.505,177.78,SELL_YES
1779909749.3603823,74857.31798211041,74861.70225990454,0.4046499001412729,0.51,164.0,SELL_YES
1779909749.3645337,74857.31798211041,74861.70225990454,0.40462155796887217,0.51,143.0,SELL_YES
1779909749.3679693,74857.31798211041,74861.70225990454,0.40459833740485857,0.51,143.0,SELL_YES
1779909749.806706,74857.31798211041,74861.70225990454,0.4058804114312511,0.515,118.0,SELL_YES
1779909749.8113327,74857.31798211041,74861.70225990454,0.4058429642534994,0.515,247.28,SELL_YES
1779909749.8733835,74857.31798211041,74861.70225990454,0.40579599889445617,0.515,146.06,SELL_YES
1779909749.888431,74857.31798211041,74861.70225990454,0.40575700658021513,0.515,111.0,SELL_YES
1779909749.8917325,74857.31798211041,74861.70225990454,0.4057440400249749,0.515,186.97,SELL_YES
1779909749.9396431,74857.31798211041,74861.70225990454,0.4058175698009958,0.515,108.88,SELL_YES
1779909749.9603956,74857.31798211041,74861.70225990454,0.4057750710991369,0.515,101.79000000000002,SELL_YES
1779909749.9850068,74857.31798211041,74861.70225990454,0.4058331313771373,0.515,190.28999999999996,SELL_YES
1779909750.3468235,74857.42208195865,74861.70225990454,0.4066473957522562,0.515,118.75,SELL_YES
1779909755.919774,74857.98717587203,74861.70225990454,0.4273469983817059,0.595,122.39,BUY_NO
1779909756.0511203,74857.98717587203,74861.70225990454,0.4275537938840151,0.6,128.16000000000003,BUY_NO
1779909756.054642,74857.98717587203,74861.70225990454,0.42752993122894356,0.6,154.54,BUY_NO
1779909756.0580885,74857.98717587203,74861.70225990454,0.4275006572920991,0.6,150.56,BUY_NO
1779909756.0624802,74857.98717587203,74861.70225990454,0.4274651483524211,0.6,135.39,BUY_NO
1779909756.43649,74857.98717587203,74861.70225990454,0.42711084864762155,0.6,151.01,BUY_NO
1779909760.7544365,74862.47202213736,74861.70225990454,0.4457726823192928,0.605,237.31153095208356,BUY_NO
1779909789.405697,74887.60614837121,74861.70225990454,0.6089276097231959,0.795,238.45,BUY_NO
1779909789.7335827,74887.60614837121,74861.70225990454,0.6085661264538261,0.795,238.45,BUY_NO
1779909789.8424797,74887.60614837121,74861.70225990454,0.6094629122819939,0.795,248.27000000000004,BUY_NO
1779909791.531227,74887.83728674952,74861.70225990454,0.6194967156286966,0.795,323.61,BUY_NO
1779909835.4468565,74915.9360750363,74861.70225990454,0.864189656637764,0.845,216.00733496815653,BUY_YES
1779909842.0673618,74898.92911533128,74861.70225990454,0.8880717804220766,0.955,220.9992348092226,SELL_YES
1779909951.3414981,74895.72291259258,74933.2748736607,0.2905327630910208,0.415,118.68,BUY_NO
1779909951.3458946,74895.72291259258,74933.2748736607,0.2905068638073469,0.415,138.0,BUY_NO
1779909951.3506331,74895.72291259258,74933.2748736607,0.290473368936615,0.415,153.0,BUY_NO
1779909951.3555458,74895.72291259258,74933.2748736607,0.29043815770846065,0.415,169.79,BUY_NO
1779909951.3619056,74895.72291259258,74933.2748736607,0.29039329230722327,0.415,172.93,BUY_NO
1779909951.3663652,74895.72291259258,74933.2748736607,0.29036262714971506,0.415,328.99,BUY_NO
1779909951.3716357,74895.72291259258,74933.2748736607,0.2903258448090429,0.415,250.46,BUY_NO
1779909951.4838986,74895.72291259258,74933.2748736607,0.2899320428932812,0.415,115.8,BUY_NO
1779909951.4884684,74895.72291259258,74933.2748736607,0.28991851939665975,0.415,144.97,BUY_NO
1779909951.5696828,74895.72291259258,74933.2748736607,0.2893805403721371,0.415,153.0,BUY_NO
1779909951.6327937,74895.72291259258,74933.2748736607,0.28892768084089343,0.415,199.79,BUY_NO
1779909951.6978571,74895.72291259258,74933.2748736607,0.28846000333674515,0.415,149.28889259520406,BUY_NO
1779909955.748348,74897.0320800011,74933.2748736607,0.27625602091665763,0.415,97.0,BUY_NO
1779909955.7524107,74897.0320800011,74933.2748736607,0.2762485409530158,0.415,144.97,BUY_NO
1779909955.756881,74897.0320800011,74933.2748736607,0.27622140565512904,0.415,153.0,BUY_NO
1779909955.761268,74897.0320800011,74933.2748736607,0.2761924938261622,0.415,199.79,BUY_NO
1779909955.7854385,74897.0320800011,74933.2748736607,0.27609087536598836,0.415,100.0,BUY_NO
1779909956.7519867,74906.13749565741,74933.2748736607,0.27674649005870744,0.405,85.73000000000002,BUY_NO
1779909956.7677314,74906.13749565741,74933.2748736607,0.27672288933591005,0.405,251.42,BUY_NO
1779909958.9879737,74906.13749565741,74933.2748736607,0.27252348987700586,0.405,153.0,BUY_NO
1779909962.0007374,74906.13749565741,74933.2748736607,0.26917272166933437,0.405,205.82,BUY_NO
1779909962.444378,74906.13749565741,74933.2748736607,0.26949938970165627,0.405,90.29999999999998,BUY_NO
1779909963.2879057,74910.268230782,74933.2748736607,0.27003926522781263,0.405,166.9220909789433,BUY_NO
1779910072.6147485,74894.86773832972,74933.2748736607,0.23728954533113003,0.135,564.48,SELL_NO
1779910072.6185987,74894.86773832972,74933.2748736607,0.23726567536743243,0.135,349.11,BUY_YES
1779910072.6215994,74894.86773832972,74933.2748736607,0.23725089070427272,0.135,597.99,SELL_NO
1779910072.6259193,74894.86773832972,74933.2748736607,0.23723862103669308,0.135,501.43,SELL_NO
1779910072.6509902,74894.86773832972,74933.2748736607,0.2371532908549875,0.135,64.40999999999997,SELL_NO
1779910072.6542,74894.86773832972,74933.2748736607,0.23714255993963546,0.135,604.4,SELL_NO
1779910072.7534916,74894.86773832972,74933.2748736607,0.23680008465510127,0.135,65.20999999999995,SELL_NO
1779910073.6378288,74894.86773832972,74933.2748736607,0.23352195336066794,0.135,59.0,SELL_NO
1779910073.6773353,74894.86773832972,74933.2748736607,0.23339425801227998,0.135,63.799999999999955,SELL_NO
1779910073.7001743,74894.86773832972,74933.2748736607,0.23333474777939775,0.135,530.09,SELL_NO
1779910073.7037573,74894.86773832972,74933.2748736607,0.23332485002569742,0.135,349.11,BUY_YES
1779910073.7071946,74894.86773832972,74933.2748736607,0.23333784884434272,0.135,587.99,SELL_NO
1779910073.7108505,74894.86773832972,74933.2748736607,0.23335127773894124,0.135,103.85098357414802,SELL_NO
1779910133.9668393,74905.85458772803,74933.2748736607,0.14525572528834035,0.165,119.0,BUY_NO
1779910143.7136297,74907.50953129679,74933.2748736607,0.15050279404450506,0.175,318.19,BUY_NO
1779910144.1441703,74907.50953129679,74933.2748736607,0.1492055458201227,0.175,73.63,BUY_NO
1779910145.2449565,74907.50953129679,74933.2748736607,0.1463307234559886,0.175,218.2184205412978,BUY_NO
1779910145.5386252,74907.50953129679,74933.2748736607,0.1453005071274577,0.175,65.68457163519577,BUY_NO
1779910146.5031915,74907.50953129679,74933.2748736607,0.14210500945987645,0.175,203.8045637036472,BUY_NO
1779910146.7897582,74907.50953129679,74933.2748736607,0.14113258391824973,0.175,61.9874184662948,BUY_NO
1779910148.1309428,74896.8646,74933.2748736607,0.13711609196910374,0.175,256.14972827633574,BUY_NO
1779910149.0472832,74892.67295173371,74933.2748736607,0.1333252885073271,0.175,171.15027172366428,BUY_NO
1779910149.2142575,74892.67295173371,74933.2748736607,0.132662897767737,0.18,112.87253482152573,BUY_NO
1779910149.6538587,74892.67295173371,74933.2748736607,0.1309213378108534,0.19,90.0,BUY_NO
1779910149.6830719,74892.67295173371,74933.2748736607,0.13080436858743655,0.19,63.0,BUY_NO
1779910149.7053013,74892.67295173371,74933.2748736607,0.13071636567271872,0.195,66.0,BUY_NO
1779910149.7162979,74892.67295173371,74933.2748736607,0.13067225038012653,0.185,93.0,BUY_NO
1779910150.1197915,74892.67295173371,74933.2748736607,0.12906298275615696,0.185,87.96000000000001,BUY_NO
1779910150.1576629,74892.67295173371,74933.2748736607,0.12891379807165007,0.185,76.13999999999999,BUY_NO
1779910150.4789321,74892.70384173372,74933.2748736607,0.12764838985285082,0.185,323.9885729508346,BUY_NO
1779910150.8770704,74892.70384173372,74933.2748736607,0.12610076546635665,0.185,94.13402263393209,BUY_NO
1779910151.3504586,74892.70384173372,74933.2748736607,0.12428566641943536,0.185,63.677404415233255,BUY_NO
1779910151.4134653,74892.70384173372,74933.2748736607,0.12404874474834286,0.185,61.29658428643279,BUY_NO
1779910151.7703395,74892.70384173372,74933.2748736607,0.12270173168508108,0.185,82.05617818083829,BUY_NO
1779910151.8986948,74892.61913362739,74933.2748736607,0.12222378378175985,0.185,282.2238218191617,SELL_YES
1779910152.1927195,74892.61913362739,74933.2748736607,0.12112927060772685,0.185,95.50947896316848,BUY_NO
1779910153.190771,74892.61913362739,74933.2748736607,0.11749300069720817,0.185,96.76052103683153,BUY_NO
1779910153.242955,74892.61913362739,74933.2748736607,0.11730618321205108,0.185,331.36,SELL_YES
1779910154.2991056,74892.61913362739,74933.2748736607,0.11359435308855952,0.185,361.4510867657732,BUY_NO
1779910154.6291592,74892.61913362739,74933.2748736607,0.11246159585085395,0.185,68.74099515531498,BUY_NO
1779910154.949136,74892.61913362739,74933.2748736607,0.11137455879223573,0.185,66.16903644705098,BUY_NO
1779910155.2922416,74892.52670150505,74933.2748736607,0.11022175775822816,0.185,70.17455472425945,BUY_NO
1779910155.6316915,74892.52670150505,74933.2748736607,0.10909414048503971,0.185,68.63642954368015,BUY_NO
1779910155.9830127,74892.52670150505,74933.2748736607,0.10794044647752993,0.185,70.22390168425909,BUY_NO
1779910156.4494932,74892.52670150505,74933.2748736607,0.1064544668844872,0.185,90.45951130233198,BUY_NO
1779910156.9030943,74892.52670150505,74933.2748736607,0.10500727848110467,0.185,88.08099646746723,BUY_NO
1779910157.3410678,74891.17789797437,74933.2748736607,0.10363034584279524,0.185,83.80080310184621,BUY_NO
1779910157.7968848,74891.17789797437,74933.2748736607,0.10221894646643206,0.185,85.9002492690779,BUY_NO
1779910158.2642555,74891.13939186602,74933.2748736607,0.10079339835584882,0.185,86.7578046631429,BUY_NO
1779910158.7519588,74891.13939186602,74933.2748736607,0.09932950856220482,0.185,89.08952594244647,BUY_NO
1779910158.7640493,74891.13939186602,74933.2748736607,0.0992937113576445,0.2,372.2762651035464,BUY_NO
1779910159.1846585,74891.14159186602,74933.2748736607,0.09805060176137316,0.195,71.91407310364593,BUY_NO
1779910160.9640386,74891.29216933704,74933.2748736607,0.09298045108464052,0.195,295.8322332091848,BUY_NO
1779910160.991244,74891.29216933704,74933.2748736607,0.09290523446345576,0.20500000000000002,95.74,BUY_NO
1779910161.0018413,74891.29216933704,74933.2748736607,0.09287595411010093,0.20500000000000002,63.0,BUY_NO
1779910161.0241816,74891.29216933704,74933.2748736607,0.09281426130066091,0.20500000000000002,76.00000000000001,BUY_NO
1779910161.0322745,74891.29216933704,74933.2748736607,0.09279192411701542,0.20500000000000002,63.0,BUY_NO
1779910165.5250447,74891.47470233122,74933.2748736607,0.08128323165535756,0.185,60.705864610440585,BUY_NO
1779910179.6695964,74891.37368495202,74933.2748736607,0.05448606798770729,0.135,57.56363397199766,BUY_NO
1779910180.2814193,74891.37368495202,74933.2748736607,0.05358800363212624,0.135,71.62991759183387,BUY_NO
1779910180.8132827,74891.38070495201,74933.2748736607,0.05282205119497744,0.135,61.07478554354475,BUY_NO
1779910181.3276088,74891.38070495201,74933.2748736607,0.05209415864610073,0.135,58.043891226468986,BUY_NO
1779910181.8887384,74891.38070495201,74933.2748736607,0.051314133733212725,0.135,62.20566226174287,BUY_NO
1779910182.4431055,74891.38070495201,74933.2748736607,0.05055770441378552,0.135,60.31839713539284,BUY_NO
1779910183.0485451,74891.38070495201,74933.2748736607,0.049747400323446586,0.135,64.61826655249024,BUY_NO
1779910183.7312763,74891.31192495201,74933.2748736607,0.04885305592253086,0.135,71.27132295477077,BUY_NO
1779910184.2956464,74891.31192495201,74933.2748736607,0.04812897129954755,0.135,57.726192574638844,BUY_NO
1779910184.8989978,74891.27074495201,74933.2748736607,0.0473697922018087,0.135,60.536363459106724,BUY_NO
1779910185.5258458,74891.27074495201,74933.2748736607,0.046597054176121706,0.135,61.61513776209267,BUY_NO
1779910186.1610513,74891.27074495201,74933.2748736607,0.04583031179237882,0.135,61.134734847029904,BUY_NO
1779910186.7973173,74891.27074495201,74933.2748736607,0.04507839334941145,0.135,59.95108781204908,BUY_NO
1779910187.463652,74891.27074495201,74933.2748736607,0.04430785074031977,0.135,61.4372153309605,BUY_NO
1779910188.131658,74891.27074495201,74933.2748736607,0.04355236456658972,0.135,60.23342875878279,BUY_NO
1779910188.8080764,74891.27074495201,74933.2748736607,0.04280431504568252,0.135,59.63994506660765,BUY_NO
1779910189.5304563,74891.27074495201,74933.2748736607,0.04202384342094682,0.135,62.22662601810043,BUY_NO
1779910190.2794993,74891.27074495201,74933.2748736607,0.041234168276577575,0.135,62.957753804036656,BUY_NO
1779910194.0060549,74894.84660691555,74894.90499403662,0.8125113526120178,0.495,132.34,BUY_YES
1779910194.4817321,74894.84660691555,74894.90499403662,0.8119767566192645,0.495,338.67,BUY_YES
1779910194.4856238,74894.84660691555,74894.90499403662,0.8119750675005732,0.495,462.21,BUY_YES
1779910194.5125172,74894.84660691555,74894.90499403662,0.811955293359287,0.495,534.0,BUY_YES
1779910194.5181692,74894.84660691555,74894.90499403662,0.8119483305975557,0.495,461.0,BUY_YES
1779910194.5683281,74894.84660691555,74894.90499403662,0.8118506412170622,0.495,805.0,BUY_YES
1779910194.5725808,74894.84660691555,74894.90499403662,0.8118424580593957,0.495,556.0,BUY_YES
1779910194.574445,74894.84660691555,74894.90499403662,0.8118376437992669,0.495,563.0,BUY_YES
1779910194.5781102,74894.84660691555,74894.90499403662,0.8118264517927118,0.495,572.0,BUY_YES
1779910194.58249,74894.84660691555,74894.90499403662,0.8118114895688813,0.495,175.0,BUY_YES
1779910194.58629,74894.84660691555,74894.90499403662,0.8117954054793339,0.495,455.0,BUY_YES
1779910194.5904145,74894.84660691555,74894.90499403662,0.8117771666336223,0.495,225.0,BUY_YES
1779910194.5959616,74894.84660691555,74894.90499403662,0.8117500546614626,0.495,225.16,BUY_YES
1779910194.6004188,74894.84660691555,74894.90499403662,0.8117267142917706,0.495,273.51,BUY_YES
1779910196.4430306,74894.89370944166,74894.90499403662,0.7945120325288136,0.495,132.34,BUY_YES
1779910196.4470396,74894.89370944166,74894.90499403662,0.7944739423920136,0.495,338.67,BUY_YES
1779910196.4506335,74894.89370944166,74894.90499403662,0.7944588855083006,0.495,462.21,BUY_YES
1779910196.4540236,74894.89370944166,74894.90499403662,0.794454507132962,0.495,434.0,BUY_YES
1779910196.4574203,74894.89370944166,74894.90499403662,0.7944507887793556,0.495,461.0,BUY_YES
1779910196.4609418,74894.89370944166,74894.90499403662,0.7944460015138359,0.495,210.63955331761827,BUY_YES
1779910197.5508468,74894.89383944166,74894.90499403662,0.7866679498097544,0.495,128.34,BUY_YES
1779910197.5606356,74894.89383944166,74894.90499403662,0.7865855645358926,0.495,333.67,BUY_YES
1779910197.566992,74894.89383944166,74894.90499403662,0.7865508807116498,0.495,167.709795292958,BUY_YES
1779910198.7326522,74895.02550402317,74894.90499403662,0.7796816750166299,0.495,121.34,BUY_YES
1779910379.2308824,74961.1365021778,74894.90499403662,0.8710417810809001,0.895,702.3299999999999,SELL_YES
1779910381.1955426,74955.55888943686,74894.90499403662,0.8777893108150792,0.895,561.4,SELL_YES
1779910442.6366436,74913.89765777688,74894.90499403662,0.9211830620446476,0.735,452.45,BUY_YES
1779910490.2516704,74886.50354702346,74894.90499403662,0.6894576921021842,0.735,572.0,SELL_YES
1779910493.7674716,74886.50354702346,74894.90499403662,0.6278532437383129,0.735,367.86,SELL_YES
1779910493.8600223,74886.50354702346,74894.90499403662,0.6262224796437031,0.735,124.84,SELL_YES
1779910501.002005,74882.74885846568,74886.50354702346,0.5194786386378387,0.735,218.09,SELL_YES
1779910501.0058007,74882.74885846568,74886.50354702346,0.5194575195003879,0.735,561.23,BUY_NO
1779910501.0094404,74882.74885846568,74886.50354702346,0.5194147295016804,0.735,451.68,BUY_NO
1779910501.0126677,74882.74885846568,74886.50354702346,0.5193788059571613,0.735,138.6,SELL_YES
1779910501.0315816,74882.74885846568,74886.50354702346,0.5192691536392758,0.735,287.59,BUY_NO
1779910501.0349998,74882.74885846568,74886.50354702346,0.5192555716881981,0.735,460.71000000000004,SELL_YES
1779910501.0381749,74882.74885846568,74886.50354702346,0.5192401870554619,0.735,117.99,SELL_YES
1779910501.0420482,74882.74885846568,74886.50354702346,0.5192211233368341,0.735,218.09,SELL_YES
1779910501.0452757,74882.74885846568,74886.50354702346,0.5192059317537565,0.735,561.23,BUY_NO
1779910501.0485601,74882.74885846568,74886.50354702346,0.5191784941563731,0.735,451.68,BUY_NO
1779910501.0518613,74882.74885846568,74886.50354702346,0.5191479406673635,0.735,138.6,SELL_YES
1779910501.055208,74882.74885846568,74886.50354702346,0.5191195925590785,0.735,91.83,SELL_YES
1779910501.0595539,74882.74885846568,74886.50354702346,0.5190859631316674,0.735,135.46,SELL_YES
1779910501.0629983,74882.74885846568,74886.50354702346,0.5190603726974425,0.735,384.78,SELL_YES
1779910501.0662239,74882.74885846568,74886.50354702346,0.519034972363328,0.735,124.39,SELL_YES
1779910501.1300483,74882.74885846568,74886.50354702346,0.5188219554774173,0.735,122.53000000000003,SELL_YES
1779910501.9914985,74882.74885846568,74886.50354702346,0.5198163762778787,0.735,72.0,SELL_YES
1779910502.096909,74882.74885846568,74886.50354702346,0.5198781689373736,0.735,72.64999999999999,SELL_YES
1779910503.469165,74896.37767324163,74886.50354702346,0.5243760342348409,0.735,567.12,BUY_NO
1779910503.5678492,74896.37767324163,74886.50354702346,0.5243765855111672,0.735,455.71000000000004,SELL_YES
1779910503.6604607,74896.37767324163,74886.50354702346,0.5241611590172057,0.735,117.99,SELL_YES
1779910503.7552812,74896.37767324163,74886.50354702346,0.5238923801475962,0.735,213.09,SELL_YES
1779910503.809192,74896.37767324163,74886.50354702346,0.5237550722455308,0.735,561.23,BUY_NO
1779910504.5876253,74896.37767324163,74886.50354702346,0.5240123332514907,0.735,539.12,BUY_NO
1779910504.6406913,74896.37767324163,74886.50354702346,0.5240004736540163,0.735,455.71000000000004,SELL_YES
1779910504.697044,74896.37767324163,74886.50354702346,0.5238687142850095,0.735,117.99,SELL_YES
1779910504.7871094,74896.37767324163,74886.50354702346,0.5236183756894323,0.735,213.09,SELL_YES
1779910504.8489497,74896.37767324163,74886.50354702346,0.5234796261022056,0.735,561.23,SELL_YES
1779910504.9033818,74896.37767324163,74886.50354702346,0.5230247578511096,0.735,456.68,SELL_YES
1779910504.996796,74896.37767324163,74886.50354702346,0.5222459493592188,0.735,138.6,SELL_YES
1779910506.0890772,74896.37767324163,74886.50354702346,0.5197456996692859,0.735,542.25,BUY_NO
1779910506.1501775,74896.37767324163,74886.50354702346,0.519679514467254,0.735,128.3,SELL_YES
1779910506.7688906,74896.37767324163,74886.50354702346,0.5193927006449949,0.735,354.73,BUY_NO
1779910506.8674383,74896.37767324163,74886.50354702346,0.5190392925963208,0.735,117.99,SELL_YES
1779910506.966087,74896.37767324163,74886.50354702346,0.5187117282171096,0.735,213.09,SELL_YES
1779910507.0653975,74896.37767324163,74886.50354702346,0.5184298139997924,0.735,561.23,SELL_YES
1779910507.1204805,74896.37767324163,74886.50354702346,0.5180917127864794,0.735,456.68,SELL_YES
1779910507.1810584,74896.37767324163,74886.50354702346,0.5176836590569006,0.735,138.6,SELL_YES
1779910507.7570689,74896.37767324163,74886.50354702346,0.5159256191406572,0.74,559.25,BUY_NO
1779910515.6479707,74896.37767324163,74886.50354702346,0.5325634929378005,0.745,192.65,BUY_NO
1779910515.8879137,74896.37767324163,74886.50354702346,0.5319535073983298,0.745,193.3,BUY_NO
1779910515.94341,74896.37767324163,74886.50354702346,0.5316447372691845,0.745,381.25,BUY_NO
1779910520.9565473,74897.389505,74886.50354702346,0.5382423082927489,0.745,194.65,BUY_NO
1779910521.112817,74897.389505,74886.50354702346,0.5372328189878418,0.745,188.97824539366957,BUY_NO
1779910521.6685474,74897.389505,74886.50354702346,0.5349512893883285,0.745,217.65,BUY_NO
1779910531.1092021,74888.54111857805,74896.39002724994,0.778572682734104,0.73,248.2,BUY_YES
1779910531.11336,74888.54111857805,74896.39002724994,0.7785617487708627,0.73,286.0,BUY_YES
1779910531.117257,74888.54111857805,74896.39002724994,0.7785451396008048,0.73,220.15,BUY_YES
1779910531.1208768,74888.54111857805,74896.39002724994,0.7785259029745394,0.73,296.98,BUY_YES
1779910531.1239548,74888.54111857805,74896.39002724994,0.7785072253378426,0.73,217.0,BUY_YES
1779910531.1277604,74888.54111857805,74896.39002724994,0.778481937152497,0.73,203.0,BUY_YES
1779910531.1311736,74888.54111857805,74896.39002724994,0.7784576835835556,0.73,233.0,BUY_YES
1779910531.13407,74888.54111857805,74896.39002724994,0.7784360026665752,0.73,223.0,BUY_YES
1779910531.1386538,74888.54111857805,74896.39002724994,0.7784002195901498,0.73,508.0,BUY_YES
1779910531.1425087,74888.54111857805,74896.39002724994,0.7783690729491362,0.73,347.99,BUY_YES
1779910531.1459954,74888.54111857805,74896.39002724994,0.7783400667971395,0.73,222.0,BUY_YES
1779910531.1494827,74888.54111857805,74896.39002724994,0.7783103132893878,0.73,327.0,BUY_YES
1779910531.153086,74888.54111857805,74896.39002724994,0.7782788923586149,0.73,993.0,BUY_YES
1779910531.1565602,74888.54111857805,74896.39002724994,0.778248030958273,0.73,313.5,BUY_YES
1779910531.1599338,74888.54111857805,74896.39002724994,0.7782175452581952,0.73,312.0,BUY_YES
1779910531.1635277,74888.54111857805,74896.39002724994,0.7781845675384726,0.73,128119.09261601634,BUY_NO
1779910531.9067674,74888.54111857805,74896.39002724994,0.7699214602246955,0.73,5652.840760063322,BUY_NO
1779910532.3781736,74888.54111857805,74896.39002724994,0.7639647842855154,0.73,5345.615324682818,BUY_NO
1779910532.8016398,74888.54111857805,74896.39002724994,0.7581499171723043,0.73,5217.944727812544,BUY_NO
1779910533.189122,74888.54111857805,74896.39002724994,0.752552562180383,0.73,5021.989447900298,BUY_NO
1779910533.6156971,74888.54111857805,74896.39002724994,0.7464400457886339,0.73,5613.966454594774,BUY_NO
1779910534.0965147,74888.54111857805,74896.39002724994,0.7396064343122503,0.73,6001.758213095716,BUY_NO
1779910534.560038,74888.54111857805,74896.39002724994,0.7331067559384851,0.73,5829.284888037131,BUY_NO
1779910534.9791465,74888.54111857805,74896.39002724994,0.7273032385355528,0.73,5203.228997158585,BUY_NO
1779910535.475348,74888.54111857805,74896.39002724994,0.7207366756778147,0.73,5889.450388268044,BUY_NO
1779910535.9490206,74888.54111857805,74896.39002724994,0.7145589940600449,0.73,5537.791510132811,BUY_NO
1779910536.4619722,74888.54111857805,74896.39002724994,0.7080893390800382,0.73,5800.111185168382,BUY_NO
1779910536.7620542,74888.54111857805,74896.39002724994,0.703861229464013,0.46499999999999997,296.28,BUY_YES
1779910536.8615994,74888.54111857805,74896.39002724994,0.7022223046151662,0.46499999999999997,328.0,BUY_YES
1779910536.9190078,74888.54111857805,74896.39002724994,0.7013549550573753,0.46499999999999997,255.15,BUY_YES
1779910537.0097134,74888.54111857805,74896.39002724994,0.700067454904979,0.46499999999999997,296.98,BUY_YES
1779910537.1104977,74888.54111857805,74896.39002724994,0.6987064274086187,0.46499999999999997,247.0,BUY_YES
1779910539.1275845,74888.54111857805,74896.39002724994,0.6779963346109307,0.46499999999999997,228.0,BUY_YES
1779910539.2242382,74888.54111857805,74896.39002724994,0.677131859633282,0.46499999999999997,270.49,BUY_YES
1779910539.2846847,74888.54111857805,74896.39002724994,0.6765957663700141,0.46499999999999997,243.0,BUY_YES
1779910539.3893323,74888.54111857805,74896.39002724994,0.6756752585869952,0.46499999999999997,538.0,BUY_YES
1779910539.4888883,74888.54111857805,74896.39002724994,0.6748079895522338,0.46499999999999997,322.99,BUY_YES
1779910539.547749,74888.54111857805,74896.39002724994,0.6742992996020438,0.46499999999999997,217.0,SELL_NO
1779910539.6071997,74888.54111857805,74896.39002724994,0.6737889374968465,0.46499999999999997,327.0,SELL_NO
1779910539.6708016,74888.54111857805,74896.39002724994,0.6732467735424329,0.46499999999999997,993.0,SELL_NO
1779910539.7294502,74888.54111857805,74896.39002724994,0.6727517380457971,0.46499999999999997,313.5,SELL_NO
1779910539.8317182,74888.54111857805,74896.39002724994,0.6718946969738689,0.46499999999999997,312.0,SELL_NO
1779910539.894131,74888.54111857805,74896.39002724994,0.671375356312599,0.46499999999999997,219.0,SELL_NO
1779910539.9937565,74888.54111857805,74896.39002724994,0.6705516699939936,0.46499999999999997,667.0,SELL_NO
1779910540.0950239,74888.54111857805,74896.39002724994,0.6697223362492005,0.46499999999999997,197.0,SELL_NO
1779910541.0534387,74888.54111857805,74896.39002724994,0.6620924720396066,0.46499999999999997,179.85000000000002,BUY_YES
1779910554.9299834,74889.64387879505,74896.39002724994,0.5895487952921512,0.46499999999999997,345.13,SELL_NO
1779910555.029116,74889.64387879505,74896.39002724994,0.5893022159416372,0.46499999999999997,255.99,SELL_NO
1779910555.122009,74889.64387879505,74896.39002724994,0.5896696832818513,0.46499999999999997,240.15,SELL_NO
1779910555.1808844,74889.64387879505,74896.39002724994,0.5899464507540284,0.46499999999999997,221.98,SELL_NO
1779910555.2391925,74889.64387879505,74896.39002724994,0.5901932068147607,0.46499999999999997,212.0,SELL_NO
1779910555.3410885,74889.64387879505,74896.39002724994,0.5905641681779441,0.46499999999999997,203.0,SELL_NO
1779910555.3975382,74889.64387879505,74896.39002724994,0.5907386756615491,0.46499999999999997,235.49,SELL_NO
1779910555.4956326,74889.64387879505,74896.39002724994,0.5910147666664277,0.46499999999999997,208.0,SELL_NO
1779910555.5929966,74889.64387879505,74896.39002724994,0.5912451622725845,0.46499999999999997,514.0,SELL_NO
1779910555.6480138,74889.64387879505,74896.39002724994,0.5914082540694556,0.46499999999999997,317.99,SELL_NO
1779910599.5326445,74875.3428934437,74896.39002724994,0.43697412022934706,0.46499999999999997,821.08,SELL_YES
1779910600.7573893,74875.3428934437,74896.39002724994,0.4283628075842243,0.46499999999999997,793.53,SELL_YES
1779910607.0394228,74875.3428934437,74896.39002724994,0.4104420145308051,0.475,153.0,SELL_YES
1779910607.9651084,74875.3428934437,74896.39002724994,0.40570411467307693,0.475,110.49000000000001,SELL_YES
1779910608.0237765,74875.3428934437,74896.39002724994,0.40525265351174905,0.475,207.02,SELL_YES
1779910608.1191568,74875.3428934437,74896.39002724994,0.40427598132453935,0.475,252.14,SELL_YES
1779910608.2125087,74875.3428934437,74896.39002724994,0.4033337371782648,0.475,307.17,SELL_YES
1779910609.140096,74875.3428934437,74896.39002724994,0.39712635433036003,0.475,167.09999999999997,SELL_YES
1779910612.3074667,74875.3428934437,74896.39002724994,0.3864275326646423,0.475,110.02000000000004,SELL_YES
1779910612.3646524,74875.3428934437,74896.39002724994,0.3859709454031514,0.475,173.0,SELL_YES
1779910612.4571395,74875.3428934437,74896.39002724994,0.38509132236451665,0.475,254.0,SELL_YES
1779910613.7631314,74875.3428934437,74896.39002724994,0.37771123559959724,0.475,164.0,SELL_YES
1779910614.0981417,74875.3428934437,74896.39002724994,0.37752311823622847,0.475,507.97,SELL_YES
1779910614.19993,74875.3428934437,74896.39002724994,0.3771776099578314,0.475,150.49,SELL_YES
1779910616.196684,74875.3428934437,74896.39002724994,0.37435673548059895,0.475,137.89,SELL_YES
1779910620.968806,74882.04829884609,74896.39002724994,0.4141409679789596,0.525,176.68,SELL_YES
1779910622.335259,74882.04829884609,74896.39002724994,0.41251886843666574,0.525,99.05,SELL_YES
1779910622.3884249,74882.04829884609,74896.39002724994,0.4120779486907491,0.525,213.27,SELL_YES
1779910622.4378226,74882.04829884609,74896.39002724994,0.4115889061036301,0.525,228.37,SELL_YES
1779910624.3552954,74882.04829884609,74896.39002724994,0.40411205696114894,0.525,166.18,SELL_YES
1779910624.407302,74882.04829884609,74896.39002724994,0.4037409911659412,0.525,186.5,SELL_YES
1779910624.4924107,74882.04829884609,74896.39002724994,0.40302610127696803,0.525,243.0,SELL_YES
1779910624.5780373,74882.04829884609,74896.39002724994,0.40228633021714927,0.525,288.48,SELL_YES
1779910624.6653934,74882.04829884609,74896.39002724994,0.40154321522105146,0.525,176.0,SELL_YES
1779910624.7526007,74882.04829884609,74896.39002724994,0.40080551621733423,0.525,149.43,SELL_YES
1779910625.3543808,74882.04829884609,74896.39002724994,0.3971092004182017,0.525,183.0,SELL_YES
1779910628.1870818,74882.04829884609,74896.39002724994,0.3874724334645498,0.525,543.0,SELL_YES
1779910629.4113708,74882.04829884609,74896.39002724994,0.3814755259268368,0.525,176.68,SELL_YES
1779910631.0803509,74882.04829884609,74896.39002724994,0.37707603004369794,0.525,111.05,SELL_YES
1779910631.1732926,74882.04829884609,74896.39002724994,0.37661499039881896,0.525,218.27,SELL_YES
1779910631.2975523,74882.04829884609,74896.39002724994,0.3755588148831964,0.525,233.37,SELL_YES
1779910631.394183,74882.04829884609,74896.39002724994,0.3747286455759217,0.525,171.18,SELL_YES
1779910631.4877012,74882.04829884609,74896.39002724994,0.37397337591102586,0.525,191.5,SELL_YES
1779910692.7474756,74926.32070310912,74896.39002724994,0.5532572639644563,0.525,149.0,SELL_NO
1779910693.656752,74926.32070310912,74896.39002724994,0.5632001906687808,0.525,1330.35,SELL_NO
1779910694.1761975,74926.32070310912,74896.39002724994,0.5692861187027763,0.525,139.0,BUY_YES
1779910694.2739093,74926.32070310912,74896.39002724994,0.5703369363517272,0.525,1330.35,SELL_NO
1779910694.5714276,74926.32070310912,74896.39002724994,0.5738407864192788,0.525,147.81,SELL_NO
1779910697.0197766,74926.32070310912,74896.39002724994,0.5971361672201854,0.525,127.3,BUY_YES
1779910697.1146736,74926.32070310912,74896.39002724994,0.5979583860513765,0.525,1330.35,BUY_YES
1779910697.2133684,74926.32070310912,74896.39002724994,0.5990960030178754,0.525,147.81,SELL_NO
1779910698.1124814,74926.32070310912,74896.39002724994,0.6079559536723509,0.525,115.41,BUY_YES
1779910698.216736,74926.32070310912,74896.39002724994,0.6088924157573069,0.525,1330.35,BUY_YES
1779910698.2740521,74926.32070310912,74896.39002724994,0.6095122036548797,0.525,147.81,SELL_NO
1779910733.697286,74892.98830438395,74896.39002724994,0.6385742164003194,0.665,411.0,SELL_YES
1779910733.9350307,74892.98830438395,74896.39002724994,0.6356274600061346,0.665,427.97,SELL_YES
1779910736.820659,74892.98830438395,74896.39002724994,0.6131624769994318,0.665,389.06,SELL_YES
1779910739.3620715,74894.84863056453,74896.39002724994,0.6022024810461268,0.665,432.87,SELL_YES
1779910740.3643165,74894.84863056453,74896.39002724994,0.5976482156763342,0.665,426.31,SELL_YES
1779910742.6756508,74894.84863056453,74896.39002724994,0.589387825332391,0.665,494.36,SELL_YES
1779910745.5183308,74894.84863056453,74896.39002724994,0.5818378989570298,0.665,384.78,SELL_YES
1779910746.0699317,74894.84863056453,74896.39002724994,0.5799151546371398,0.665,84.0,SELL_YES
1779910746.660817,74894.84863056453,74896.39002724994,0.5782733219528858,0.665,84.0,SELL_YES
1779910780.1396935,74911.08254868099,74896.39002724994,0.7120452627917331,0.685,494.37,SELL_NO
1779910782.7503731,74921.8002022229,74896.39002724994,0.7308508071155867,0.685,124.44,BUY_YES
1779910783.8701742,74921.8002022229,74896.39002724994,0.739014498057097,0.685,568.03,BUY_YES
1779910784.9667993,74921.8002022229,74896.39002724994,0.7470319096911666,0.685,617.9300000000001,BUY_YES
1779910785.067626,74921.8002022229,74896.39002724994,0.7477931418800471,0.685,152.3649433278233,BUY_YES
1779910786.6661367,74921.8002022229,74896.39002724994,0.7595224345644119,0.685,78.03505667217668,BUY_YES
1779910786.7774546,74921.8002022229,74896.39002724994,0.7601934383544294,0.685,579.8100000000001,BUY_YES
1779910786.8721814,74921.8002022229,74896.39002724994,0.7608880351356965,0.685,230.39999999999998,BUY_YES
1779910789.0204816,74921.8002022229,74896.39002724994,0.7761944102116101,0.685,593.8100000000001,BUY_YES
1779910789.2649128,74921.8002022229,74896.39002724994,0.7779119250396759,0.685,230.39999999999998,BUY_YES
1779910790.4512045,74921.8002022229,74896.39002724994,0.7861348838444799,0.685,142.53701732361924,BUY_YES
1779910790.5464795,74921.8002022229,74896.39002724994,0.7867812979734056,0.685,294.2629826763808,SELL_NO
1779910791.6626332,74921.8002022229,74896.39002724994,0.7942027776985393,0.685,559.03,BUY_YES
1779910791.6663616,74921.8002022229,74896.39002724994,0.7942271097983362,0.685,230.39999999999998,BUY_YES
1779910791.714276,74921.8002022229,74896.39002724994,0.794539538937989,0.685,90.13999999999996,BUY_YES
1779910792.2120445,74921.8002022229,74896.39002724994,0.7977495319629979,0.685,79.92999999999995,BUY_YES
1779910792.215723,74921.8002022229,74896.39002724994,0.7977731040154808,0.685,92.72762083384168,BUY_YES
1779910792.2674115,74921.8002022229,74896.39002724994,0.7981040157609054,0.685,352.0723791661583,SELL_NO
1779910792.333024,74921.8002022229,74896.39002724994,0.7985232500010272,0.685,96.57999999999998,BUY_YES
1779910793.5059009,74918.79187330608,74918.38081378254,0.4222873694825798,0.495,508.62,BUY_NO
1779910793.7806284,74918.79187330608,74918.38081378254,0.4205984608584594,0.495,142.86,BUY_NO
1779910794.114093,74918.79187330608,74918.38081378254,0.41873673725502253,0.495,279.21,BUY_NO
1779910794.2507071,74918.79187330608,74918.38081378254,0.41805331373401766,0.495,450.4862728482494,BUY_NO
1779910826.2571054,74897.69572246898,74918.38081378254,0.3788530494483227,0.455,93.61967849462599,BUY_NO
1779910826.6950388,74897.69572246898,74918.38081378254,0.3764076482605029,0.455,93.03506257200661,BUY_NO
1779910827.1331959,74897.69572246898,74918.38081378254,0.37395438596294583,0.455,93.32949947421594,BUY_NO
1779910828.8090823,74897.69572246898,74918.38081378254,0.37095798055558515,0.455,113.99590819047671,BUY_NO
1779910841.7465172,74891.77337303062,74918.38081378254,0.3683029046881434,0.455,100.98838793615596,BUY_NO
1779910842.1403813,74891.77337303062,74918.38081378254,0.36534790582877313,0.455,112.4031641205786,BUY_NO
1779910842.5200567,74891.77337303062,74918.38081378254,0.36286693133020353,0.455,94.35053432285008,BUY_NO
1779910846.7465851,74891.77337303062,74918.38081378254,0.3558717785659496,0.455,266.14055197641346,BUY_NO
1779910850.921897,74891.77337303062,74918.38081378254,0.348266968777864,0.455,289.19699104732854,BUY_NO
1779910865.3120625,74889.63022995976,74918.38081378254,0.34576784031844104,0.455,94.8702933205841,BUY_NO
1779910865.6725023,74889.63022995976,74918.38081378254,0.3432756471891596,0.455,94.74672071342275,BUY_NO
1779910866.1155453,74889.63022995976,74918.38081378254,0.3407342642144235,0.455,94.63298596599316,BUY_NO
1779910880.0602374,74896.24940794916,74918.38081378254,0.3152147924214729,0.435,88.24,BUY_NO
1779910952.8692434,74853.50670506275,74918.38081378254,0.23675658516335413,0.07500000000000001,790.0799999999999,SELL_NO
1779910952.9590714,74853.50670506275,74918.38081378254,0.2362784122035168,0.07500000000000001,745.56,SELL_NO
1779910953.0392694,74853.50670506275,74918.38081378254,0.23614226626537227,0.07500000000000001,562.0799999999999,SELL_NO
1779910953.1254501,74853.50670506275,74918.38081378254,0.23624126517865562,0.07500000000000001,913.0060509829013,SELL_NO
1779910957.4234164,74852.66582128074,74918.38081378254,0.2197456522535981,0.07500000000000001,639.15,BUY_YES
1779911025.153837,74853.59802634723,74918.38081378254,0.060186180661408135,0.07500000000000001,80.0,BUY_NO
1779911031.9266284,74860.96563470353,74918.38081378254,0.050934643718292455,0.07500000000000001,375.03,BUY_NO
1779911032.9383266,74860.96563470353,74918.38081378254,0.04963469892476413,0.07500000000000001,450.03,BUY_NO
1779911034.379544,74860.96563470353,74918.38081378254,0.04794369324603807,0.07500000000000001,380.27,BUY_NO
1779911036.4298742,74860.96563470353,74918.38081378254,0.045931739503006136,0.065,367.25763545465884,BUY_NO
1779911040.5401733,74860.96563470353,74918.38081378254,0.04161495953459173,0.065,731.7470057954458,BUY_NO
1779911042.1591547,74860.96563470353,74918.38081378254,0.03997440613976282,0.065,277.70245999736926,BUY_NO
1779911042.7622552,74860.96563470353,74918.38081378254,0.039398199234670576,0.065,97.51227716787798,BUY_NO
1779911044.1820762,74860.96563470353,74918.38081378254,0.03826063982370933,0.065,54.380621584648225,BUY_NO
1779940178.6958048,74860.96563470353,74860.96563470353,0.6499289363709732,0.065,455.77,SELL_NO
1779940179.0664117,74859.11113251021,74859.11113251021,0.6219936822581018,0.905,562.24,BUY_NO
1779964609.6101649,74859.11113251021,74859.11113251021,0.3922536825929775,0.605,125.0,BUY_NO
1779964609.6860516,74859.11113251021,74859.11113251021,0.3918301955712745,0.605,199.75,BUY_NO
1779964609.6983004,74859.11113251021,74859.11113251021,0.3917447474063242,0.605,142.19,BUY_NO
1779964610.0782435,74859.11113251021,74859.11113251021,0.3940452887535507,0.605,135.69,BUY_NO
1779964610.6306822,74859.11113251021,74859.11113251021,0.39203578263545713,0.605,129.75,BUY_NO
1779964610.6442945,74859.11113251021,74859.11113251021,0.392031846592161,0.605,417.44,BUY_NO
1779964610.648287,74859.11113251021,74859.11113251021,0.39203385562433146,0.605,142.75,BUY_NO
1779964611.2259607,74859.11113251021,74859.11113251021,0.39523724002480265,0.61,304.07,BUY_NO
1779964611.4498682,74859.11113251021,74859.11113251021,0.39637154398307584,0.62,137.0,BUY_NO
1779964612.2575517,74859.11113251021,74859.11113251021,0.3984784622245383,0.62,133.31,BUY_NO
1779964612.2621477,74859.11113251021,74859.11113251021,0.398445266106208,0.62,127.44000000000001,BUY_NO
1779964612.2653563,74859.11113251021,74859.11113251021,0.39842423184188386,0.62,213.21,BUY_NO
1779964612.3205988,74859.11113251021,74859.11113251021,0.3984643328553122,0.615,148.0,BUY_NO
1779964612.9545038,74859.11113251021,74859.11113251021,0.3993021616399639,0.615,153.73,BUY_NO
1779964612.9619298,74859.11113251021,74859.11113251021,0.3992510474241583,0.615,405.3,BUY_NO
1779964612.9707596,74859.11113251021,74859.11113251021,0.3991874842172355,0.615,389.3,BUY_NO
1779964612.9798713,74859.11113251021,74859.11113251021,0.39912952599362433,0.615,254.63,BUY_NO
1779964613.0407414,74859.11113251021,74859.11113251021,0.39909479726644354,0.615,476.61,BUY_NO
1779964613.0462284,74859.11113251021,74859.11113251021,0.39909999393747825,0.615,446.77,BUY_NO
1779964613.053119,74859.11113251021,74859.11113251021,0.3990794477883126,0.615,230.21,BUY_NO
1779964613.0568774,74859.11113251021,74859.11113251021,0.3990665112501921,0.615,213.21,BUY_NO
1779964613.0616753,74859.11113251021,74859.11113251021,0.39904926202392205,0.615,153.73,BUY_NO
1779964613.630093,74859.11113251021,74859.11113251021,0.40092349069971145,0.62,135.74000000000007,BUY_NO
1779964613.7718213,74859.11113251021,74859.11113251021,0.4014876020269878,0.62,129.53999999999996,BUY_NO
1779964613.8086057,74859.11113251021,74859.11113251021,0.4016074630707092,0.62,140.69,BUY_NO
1779964614.3889773,74859.11113251021,74859.11113251021,0.4024608298659798,0.625,142.98,BUY_NO
1779964614.4726062,74859.11113251021,74859.11113251021,0.4027635311871137,0.625,137.77,BUY_NO
1779964615.5235317,74859.11113251021,74859.11113251021,0.4042505232716399,0.625,133.0,BUY_NO
1779964616.6074927,74859.11113251021,74859.11113251021,0.40837710852898645,0.625,160.00000000000006,BUY_NO
1779964616.612989,74859.11113251021,74859.11113251021,0.40835457697704214,0.625,215.0,BUY_NO
1779964616.746724,74859.11113251021,74859.11113251021,0.408850345108343,0.625,134.41000000000003,BUY_NO
1779964669.1250415,74859.11113251021,74859.11113251021,0.5141521436744376,0.845,902.87,BUY_NO
1779964671.5813813,74859.11113251021,74859.11113251021,0.521640711852316,0.855,342.37,BUY_NO
1779964671.596294,74859.11113251021,74859.11113251021,0.5214925095402609,0.855,645.66,BUY_NO
1779964678.4666293,74859.11113251021,74859.11113251021,0.5276622252346186,0.855,463.78,BUY_NO
1779964678.4710631,74859.11113251021,74859.11113251021,0.5276317912464272,0.855,431.45,BUY_NO
1779964682.9796002,74859.11113251021,74859.11113251021,0.5180935241464694,0.855,493.78,BUY_NO
1779964682.9869986,74859.11113251021,74859.11113251021,0.5180719860604098,0.855,438.45,BUY_NO
1779964683.026781,74859.11113251021,74859.11113251021,0.5178898966366916,0.855,410.0,BUY_NO
1779964697.7446313,74859.11113251021,74859.11113251021,0.5018609089095456,0.855,908.97,BUY_NO
1779964697.8398573,74859.11113251021,74859.11113251021,0.5016717852928096,0.855,438.45,BUY_NO
1779964701.3432703,74859.11113251021,74859.11113251021,0.4942466316344311,0.855,908.97,BUY_NO
1779964701.4229968,74859.11113251021,74859.11113251021,0.49413510225936863,0.855,438.45,BUY_NO
1779964703.9692926,74859.11113251021,74859.11113251021,0.4898168956471889,0.855,903.97,BUY_NO
1779964704.325995,74859.11113251021,74859.11113251021,0.4894862675415687,0.855,438.45,BUY_NO
1779964714.8462608,74859.11113251021,74859.11113251021,0.4927731092423802,0.855,1009.16,BUY_NO
1779964714.9251125,74859.11113251021,74859.11113251021,0.4925477355550602,0.855,412.45,BUY_NO
1779964722.5857794,74859.11113251021,74859.11113251021,0.5019093314854958,0.855,1061.16,BUY_NO
1779964722.6623557,74859.11113251021,74859.11113251021,0.5016588268590547,0.855,412.45,BUY_NO
1779964726.2833095,74859.11113251021,74859.11113251021,0.4971073235943143,0.855,980.93,BUY_NO
1779964726.2927551,74859.11113251021,74859.11113251021,0.49709150945835917,0.855,443.45,BUY_NO
1779964738.093926,74859.11113251021,74859.11113251021,0.49214238788165365,0.855,917.39,BUY_NO
1779964739.3544748,74859.11113251021,74859.11113251021,0.49621019063418137,0.86,900.54,BUY_NO
1779964861.9438508,74859.11113251021,74859.11113251021,0.8162560684798766,0.895,124153.19831227008,BUY_NO
1779964862.7819595,74859.11113251021,74859.11113251021,0.8115088986789867,0.895,5608.233662752595,BUY_NO
1779964863.334732,74859.11113251021,74859.11113251021,0.8072747482418281,0.895,5117.942997431543,BUY_NO
1779964863.9235694,74859.11113251021,74859.11113251021,0.8024687780551872,0.895,5810.065912571707,BUY_NO
1779964864.5821342,74859.11113251021,74859.11113251021,0.7968123168141852,0.895,6837.852065215382,BUY_NO
1779964865.0722408,74859.11113251021,74859.11113251021,0.7924826420302498,0.895,5230.201302915026,BUY_NO
1779964865.5917807,74859.11113251021,74859.11113251021,0.787818038310039,0.895,5637.097116944962,BUY_NO
1779964866.1170607,74859.11113251021,74859.11113251021,0.7830461649572542,0.895,5765.762474132003,BUY_NO
1779964866.5683942,74859.11113251021,74859.11113251021,0.7788980765453185,0.895,5010.26422014687,BUY_NO
1779964867.0847423,74859.11113251021,74859.11113251021,0.774119641830797,0.895,5773.540475423011,BUY_NO
1779964867.569506,74859.11113251021,74859.11113251021,0.7695882206460674,0.895,5472.954808913957,BUY_NO
1779964868.0186682,74859.11113251021,74859.11113251021,0.765352871389385,0.895,5114.71922944978,BUY_NO
1779964868.5065866,74859.11113251021,74859.11113251021,0.7607084539679635,0.895,5609.661073171039,BUY_NO
1779964868.9729714,74859.11113251021,74859.11113251021,0.7561904219399592,0.895,5455.397650815459,BUY_NO
1779964869.4392529,74859.11113251021,74859.11113251021,0.7515826009018436,0.895,5563.728479221347,BUY_NO
1779964869.8540905,74859.11113251021,74859.11113251021,0.7473917346985451,0.895,5058.678957286669,BUY_NO
1779964870.274018,74859.11113251021,74859.11113251021,0.7430430681657544,0.895,5249.977622997074,BUY_NO
1779964870.7384832,74859.11113251021,74859.11113251021,0.7381479677275262,0.895,5909.969901546137,BUY_NO
1779964871.1671803,74859.11113251021,74859.11113251021,0.7335038468963423,0.895,5604.576103248197,BUY_NO
1779964871.6693516,74859.11113251021,74859.11113251021,0.7279815423382141,0.895,6666.548410939402,BUY_NO
1779964872.0480907,74859.11113251021,74859.11113251021,0.723676503271626,0.895,5191.734488914924,BUY_NO
1779964872.5231354,74859.11113251021,74859.11113251021,0.7183302226226184,0.895,6453.272372034495,BUY_NO
1779964873.0033975,74859.11113251021,74859.11113251021,0.712939896543634,0.895,6503.118038956047,BUY_NO
1779964873.485044,74859.11113251021,74859.11113251021,0.7076840995656185,0.895,6339.605157200422,BUY_NO
1779964873.8849704,74859.11113251021,74859.11113251021,0.7033117429654427,0.895,5271.243553600565,BUY_NO
1779964874.3277714,74859.11113251021,74859.11113251021,0.6986522068114547,0.895,5620.334696550388,BUY_NO
1779964874.8524795,74859.11113251021,74859.11113251021,0.6932247058123483,0.895,6547.262544447964,BUY_NO
1779964875.2565997,74859.11113251021,74859.11113251021,0.6889871753821273,0.895,5105.944590230822,BUY_NO
1779964875.731474,74859.11113251021,74859.11113251021,0.6841105403150304,0.895,5881.4471531917225,BUY_NO
1779964876.2147236,74859.11113251021,74859.11113251021,0.6791071971275281,0.895,6032.038698457996,BUY_NO
1779964876.615306,74859.11113251021,74859.11113251021,0.6749129790530959,0.895,5053.144012316596,BUY_NO
1779964877.0603583,74859.11113251021,74859.11113251021,0.6704122926534796,0.895,5425.5766926069045,BUY_NO
1779964877.5300276,74859.11113251021,74859.11113251021,0.665924861966587,0.895,5408.046004852862,BUY_NO
1779964878.0115867,74859.11113251021,74859.11113251021,0.6613711595400061,0.895,5487.645053689426,BUY_NO
1779964878.489797,74859.11113251021,74859.11113251021,0.6568940062873116,0.895,5394.389221050078,BUY_NO
1779964879.009713,74859.11113251021,74859.11113251021,0.6521036065183764,0.895,5772.601031063299,BUY_NO
1779964879.494503,74859.11113251021,74859.11113251021,0.6476927012384867,0.895,5312.43161922798,BUY_NO
1779964880.037263,74859.11113251021,74859.11113251021,0.642898452096167,0.895,5776.373349737434,BUY_NO
1779964880.523878,74859.11113251021,74859.11113251021,0.638632131747895,0.895,5136.642642209365,BUY_NO
1779964881.0300555,74859.11113251021,74859.11113251021,0.6343489004213457,0.895,5158.4996325050015,BUY_NO
1779964881.5598052,74859.11113251021,74859.11113251021,0.6300456543961618,0.895,5182.129102016741,BUY_NO
1779964882.0920076,74859.11113251021,74859.11113251021,0.6258472495764458,0.895,5054.934038785228,BUY_NO
1779964882.7218409,74859.11113251021,74859.11113251021,0.6210558688538282,0.895,5771.086841453565,BUY_NO
1779964883.3753297,74859.11113251021,74859.11113251021,0.6159933043906789,0.895,6095.7488436177955,BUY_NO
1779964883.939429,74859.11113251021,74859.11113251021,0.611516523964896,0.895,5386.577685060038,BUY_NO
1779964884.5459864,74859.11113251021,74859.11113251021,0.6068080370562,0.895,5668.191605254833,BUY_NO
1779964885.2301314,74859.11113251021,74859.11113251021,0.6017592071953519,0.895,6077.670588779147,BUY_NO
1779964885.9101167,74859.11113251021,74859.11113251021,0.5968037710591813,0.895,5962.848837703117,BUY_NO
1779964886.5289662,74859.11113251021,74859.11113251021,0.5924265593274864,0.895,5264.41798579559,BUY_NO
1779964887.172517,74859.11113251021,74859.11113251021,0.5878076264773606,0.895,5558.19852279406,BUY_NO
1779965173.1681843,74859.11113251021,74859.11113251021,0.37550294851341537,0.825,880.76,BUY_NO
1779965173.2090957,74859.11113251021,74859.11113251021,0.3752720975779119,0.825,518.29,BUY_NO
1779965173.223736,74859.11113251021,74859.11113251021,0.37519886103787814,0.825,862.23,BUY_NO
1779965173.2430089,74859.11113251021,74859.11113251021,0.3751035233695935,0.825,399.2,BUY_NO
1779965173.254587,74859.11113251021,74859.11113251021,0.37505868488967736,0.825,347.0,BUY_NO
1779965173.2656503,74859.11113251021,74859.11113251021,0.3750241789841908,0.825,372.0,BUY_NO
1779965173.2757967,74859.11113251021,74859.11113251021,0.3749972038007482,0.825,363.1,BUY_NO
1779965176.247347,74859.11113251021,74859.11113251021,0.3836060494344162,0.845,332.14,BUY_NO
1779965176.2765114,74859.11113251021,74859.11113251021,0.3834583301692589,0.845,340.62,BUY_NO
1779965176.7376964,74859.11113251021,74859.11113251021,0.3853783766694383,0.845,412.14,BUY_NO
1779965176.748164,74859.11113251021,74859.11113251021,0.3853510224807676,0.845,545.62,BUY_NO
1779965176.7599056,74859.11113251021,74859.11113251021,0.3852771834473545,0.845,481.85,BUY_NO
1779965176.7702987,74859.11113251021,74859.11113251021,0.3852172704812017,0.845,470.5,BUY_NO
1779965177.7787712,74859.11113251021,74859.11113251021,0.39060340003077115,0.845,682.42,BUY_NO
1779965177.7867262,74859.11113251021,74859.11113251021,0.3905853275077446,0.845,545.62,BUY_NO
1779965177.7959805,74859.11113251021,74859.11113251021,0.3905305911575289,0.845,502.3,BUY_NO
1779965177.803379,74859.11113251021,74859.11113251021,0.3904882443940619,0.845,470.5,BUY_NO
1779965177.813118,74859.11113251021,74859.11113251021,0.39043827588132074,0.845,690.0,BUY_NO
1779965177.8204644,74859.11113251021,74859.11113251021,0.3904016139397496,0.845,336.98,BUY_NO
1779965177.829946,74859.11113251021,74859.11113251021,0.3903631585717747,0.845,348.6,BUY_NO
1779965177.8379912,74859.11113251021,74859.11113251021,0.3903351801067857,0.845,328.3,BUY_NO
1779965177.891961,74859.11113251021,74859.11113251021,0.3902894403013384,0.845,372.1,BUY_NO
1779965179.172175,74859.11113251021,74859.11113251021,0.3950542850230442,0.845,460.17,BUY_NO
1779965179.1828344,74859.11113251021,74859.11113251021,0.39504746166961136,0.845,545.62,BUY_NO
1779965179.193397,74859.11113251021,74859.11113251021,0.3949785438732798,0.845,502.3,BUY_NO
1779965179.2019446,74859.11113251021,74859.11113251021,0.3949254268389582,0.845,464.5,BUY_NO
1779965179.2117736,74859.11113251021,74859.11113251021,0.3948712400624517,0.845,720.1,BUY_NO
1779965179.2210047,74859.11113251021,74859.11113251021,0.39482161348059747,0.845,336.98,BUY_NO
1779965179.2310827,74859.11113251021,74859.11113251021,0.3947777063622214,0.845,396.6,BUY_NO
1779965179.240795,74859.11113251021,74859.11113251021,0.3947405572291288,0.845,328.3,BUY_NO
1779965179.2496636,74859.11113251021,74859.11113251021,0.39471118389524584,0.845,387.1,BUY_NO
1779965181.278927,74859.11113251021,74859.11113251021,0.399601047129488,0.845,336.57,BUY_NO
1779965181.9167385,74859.11113251021,74859.11113251021,0.39993705715389516,0.845,324.76,BUY_NO
1779965193.0958989,74859.11113251021,74859.11113251021,0.4143927259992775,0.8200000000000001,393.29,BUY_NO
1779965193.133093,74859.11113251021,74859.11113251021,0.41410375688417694,0.8200000000000001,426.21,BUY_NO
1779965193.149728,74859.11113251021,74859.11113251021,0.41414206359119904,0.8200000000000001,393.29,BUY_NO
1779965193.161445,74859.11113251021,74859.11113251021,0.41407713084155723,0.8200000000000001,426.21,BUY_NO
1779965193.1761217,74859.11113251021,74859.11113251021,0.41397754801938674,0.8200000000000001,301.18,BUY_NO
1779965193.1940854,74859.11113251021,74859.11113251021,0.41386976324873015,0.8200000000000001,358.6,BUY_NO
1779965193.2196763,74859.11113251021,74859.11113251021,0.4137280581126864,0.8200000000000001,368.32,BUY_NO
1779965193.2470007,74859.11113251021,74859.11113251021,0.4135882794558521,0.8200000000000001,382.12,BUY_NO
1779965196.7570434,74859.11113251021,74859.11113251021,0.423034953329062,0.8200000000000001,296.28,BUY_NO
1779965196.7714689,74859.11113251021,74859.11113251021,0.422931131967964,0.8200000000000001,433.21,BUY_NO
1779965196.7851017,74859.11113251021,74859.11113251021,0.4228269059477837,0.8200000000000001,281.18,BUY_NO
1779965196.7982898,74859.11113251021,74859.11113251021,0.42273959284390183,0.8200000000000001,587.28,BUY_NO
1779965196.8124304,74859.11113251021,74859.11113251021,0.4226458032668702,0.8200000000000001,348.3,BUY_NO
1779965196.8272164,74859.11113251021,74859.11113251021,0.422561322035647,0.8200000000000001,377.1,BUY_NO
1779965208.4859564,74859.11113251021,74859.11113251021,0.4469554410090276,0.815,267.51,BUY_NO
1779965208.7134206,74859.11113251021,74859.11113251021,0.4463738221578193,0.815,498.23,BUY_NO
1779965208.7297368,74859.11113251021,74859.11113251021,0.44623374245231634,0.815,323.2,BUY_NO
1779965208.7497146,74859.11113251021,74859.11113251021,0.44607866315159006,0.815,689.1,BUY_NO
1779965208.7636817,74859.11113251021,74859.11113251021,0.44596878798771783,0.815,353.3,BUY_NO
1779965208.7804918,74859.11113251021,74859.11113251021,0.44585572147930524,0.815,437.1,BUY_NO
1779965209.157136,74859.11113251021,74859.11113251021,0.4455043133021037,0.815,299.51,BUY_NO
1779965209.454291,74859.11113251021,74859.11113251021,0.4457816688907172,0.815,488.23,BUY_NO
1779965209.4733238,74859.11113251021,74859.11113251021,0.4456510500454023,0.815,323.2,BUY_NO
1779965209.491096,74859.11113251021,74859.11113251021,0.4455242722712529,0.815,704.1,BUY_NO
1779965209.5069754,74859.11113251021,74859.11113251021,0.44540211281656367,0.815,358.3,BUY_NO
1779965209.5266354,74859.11113251021,74859.11113251021,0.4452715271071095,0.815,407.1,BUY_NO
1779965214.2732882,74859.11113251021,74859.11113251021,0.45181047963249854,0.815,265.69,BUY_NO
1779965214.3767955,74859.11113251021,74859.11113251021,0.4512928515423768,0.815,776.55,BUY_NO
1779965214.3944423,74859.11113251021,74859.11113251021,0.4511376422103229,0.815,323.2,BUY_NO
1779965214.4133954,74859.11113251021,74859.11113251021,0.45099515430688353,0.815,683.1,BUY_NO
1779965214.4286065,74859.11113251021,74859.11113251021,0.4508807548585979,0.815,353.3,BUY_NO
1779965214.4443066,74859.11113251021,74859.11113251021,0.45077849451951957,0.815,407.1,BUY_NO
1779965217.3526118,74859.11113251021,74859.11113251021,0.4562628492443622,0.815,430.97,BUY_NO
1779965217.3729744,74859.11113251021,74859.11113251021,0.4561033311375118,0.815,826.55,BUY_NO
1779965217.3909948,74859.11113251021,74859.11113251021,0.45593826631297607,0.815,338.2,BUY_NO
1779965217.4079561,74859.11113251021,74859.11113251021,0.45580766844218557,0.815,733.1,BUY_NO
1779965217.4244518,74859.11113251021,74859.11113251021,0.45568196806453637,0.815,353.3,BUY_NO
1779965217.4487839,74859.11113251021,74859.11113251021,0.45552214646180683,0.815,407.1,BUY_NO
1779965220.373796,74859.11113251021,74859.11113251021,0.4589293818588756,0.815,293.82,BUY_NO
1779965220.3935661,74859.11113251021,74859.11113251021,0.45881426121013547,0.815,841.55,BUY_NO
1779965220.410699,74859.11113251021,74859.11113251021,0.4586557808444589,0.815,338.2,BUY_NO
1779965220.4261796,74859.11113251021,74859.11113251021,0.4585333267045775,0.815,743.1,BUY_NO
1779965223.469883,74859.11113251021,74859.11113251021,0.48526695688606775,0.885,892.29,BUY_NO
1779965223.4960415,74859.11113251021,74859.11113251021,0.48535051996419376,0.885,485.39,BUY_NO
1779965223.5095613,74859.11113251021,74859.11113251021,0.4853204772741485,0.885,574.32,BUY_NO
1779965223.5219867,74859.11113251021,74859.11113251021,0.48523865323994725,0.885,581.09,BUY_NO
1779965223.537358,74859.11113251021,74859.11113251021,0.48511642426160795,0.885,476.46,BUY_NO
1779965223.5513442,74859.11113251021,74859.11113251021,0.4850072768453097,0.885,887.5,BUY_NO
1779965223.5670714,74859.11113251021,74859.11113251021,0.484879252797208,0.885,373.6,BUY_NO
1779965223.5826254,74859.11113251021,74859.11113251021,0.4847675612085315,0.885,768.8,BUY_NO
1779965223.599557,74859.11113251021,74859.11113251021,0.48464733584430686,0.885,647.2,BUY_NO
1779965223.6136975,74859.11113251021,74859.11113251021,0.48455136996516857,0.885,247.78,BUY_NO
1779965223.631274,74859.11113251021,74859.11113251021,0.4844455466528295,0.885,679.45,BUY_NO
1779965223.648607,74859.11113251021,74859.11113251021,0.4843420678120856,0.885,988.28,BUY_NO
1779965223.6706707,74859.11113251021,74859.11113251021,0.48420509652899985,0.885,350.2,BUY_NO
1779965224.5494046,74859.11113251021,74859.11113251021,0.4837730382664052,0.885,892.29,BUY_NO
1779965224.5654175,74859.11113251021,74859.11113251021,0.4837666237448334,0.885,485.39,BUY_NO
1779965224.5815573,74859.11113251021,74859.11113251021,0.4836785055174316,0.885,574.32,BUY_NO
1779965224.5962052,74859.11113251021,74859.11113251021,0.4835633057087323,0.885,586.09,BUY_NO
1779965224.6125515,74859.11113251021,74859.11113251021,0.4834287808492685,0.885,476.46,BUY_NO
1779965224.6294315,74859.11113251021,74859.11113251021,0.48329791818146023,0.885,887.5,BUY_NO
1779965224.6466136,74859.11113251021,74859.11113251021,0.4831613655863124,0.885,373.6,BUY_NO
1779965224.6630924,74859.11113251021,74859.11113251021,0.48304593722211286,0.885,763.8,BUY_NO
1779965224.679213,74859.11113251021,74859.11113251021,0.48293386901462954,0.885,652.2,BUY_NO
1779965224.6959944,74859.11113251021,74859.11113251021,0.4828228382775585,0.885,247.78,BUY_NO
1779965224.7123017,74859.11113251021,74859.11113251021,0.4827275409993158,0.885,679.45,BUY_NO
1779965224.7280846,74859.11113251021,74859.11113251021,0.48263556341048663,0.885,988.28,BUY_NO
1779965224.7432036,74859.11113251021,74859.11113251021,0.4825438184611119,0.885,350.2,BUY_NO
1779965225.6611147,74859.11113251021,74859.11113251021,0.48220912312486575,0.885,893.21,BUY_NO
1779965225.6767824,74859.11113251021,74859.11113251021,0.482200864558934,0.885,485.39,BUY_NO
1779965227.8584213,74859.11113251021,74859.11113251021,0.4835616602040714,0.885,929.18,BUY_NO
1779965227.8736463,74859.11113251021,74859.11113251021,0.48353913237745805,0.885,552.14,BUY_NO
1779965227.887975,74859.11113251021,74859.11113251021,0.48343575267033395,0.885,542.32,BUY_NO
1779965227.90368,74859.11113251021,74859.11113251021,0.483304406518529,0.885,581.09,BUY_NO
1779965227.9187307,74859.11113251021,74859.11113251021,0.48317937077118756,0.885,476.46,BUY_NO
1779965227.9346037,74859.11113251021,74859.11113251021,0.4830569716136512,0.885,887.5,BUY_NO
1779965227.952165,74859.11113251021,74859.11113251021,0.48291864545603436,0.885,368.6,BUY_NO
1779965227.967991,74859.11113251021,74859.11113251021,0.48280882958000637,0.885,773.8,BUY_NO
1779965228.044597,74859.11113251021,74859.11113251021,0.48228030236753183,0.885,647.2,BUY_NO
1779965228.0682383,74859.11113251021,74859.11113251021,0.48212521926664936,0.885,247.78,BUY_NO
1779965228.0834146,74859.11113251021,74859.11113251021,0.4820370343189472,0.885,679.45,BUY_NO
1779965228.098243,74859.11113251021,74859.11113251021,0.4819510508517145,0.885,988.28,BUY_NO
1779965228.113459,74859.11113251021,74859.11113251021,0.48185903586284473,0.885,350.2,BUY_NO
1779965229.190344,74859.11113251021,74859.11113251021,0.4813131085037219,0.885,929.18,BUY_NO
1779965229.2069786,74859.11113251021,74859.11113251021,0.48129993178742714,0.885,533.39,BUY_NO
1779965229.2939684,74859.11113251021,74859.11113251021,0.48074363552927435,0.885,542.32,BUY_NO
1779965229.3099868,74859.11113251021,74859.11113251021,0.4806160221866038,0.885,581.09,BUY_NO
1779965229.3245835,74859.11113251021,74859.11113251021,0.4804975731298154,0.885,486.46,BUY_NO
1779965229.337663,74859.11113251021,74859.11113251021,0.4803979469625842,0.885,887.5,BUY_NO
1779965229.3503687,74859.11113251021,74859.11113251021,0.48029894123210914,0.885,368.6,BUY_NO
1779965229.3657472,74859.11113251021,74859.11113251021,0.48019338153056196,0.885,773.8,BUY_NO
1779965229.3820372,74859.11113251021,74859.11113251021,0.48008226233292256,0.885,647.2,BUY_NO
1779965229.3992076,74859.11113251021,74859.11113251021,0.4799708050420432,0.885,247.78,BUY_NO
1779965229.4171193,74859.11113251021,74859.11113251021,0.4798678094042413,0.885,679.45,BUY_NO
1779965229.4328146,74859.11113251021,74859.11113251021,0.47977811022305866,0.885,988.28,BUY_NO
1779965230.3596854,74859.11113251021,74859.11113251021,0.47907554056905166,0.885,350.2,BUY_NO
1779965234.2013419,74859.11113251021,74859.11113251021,0.4839653621473689,0.885,957.51,BUY_NO
1779965234.2239442,74859.11113251021,74859.11113251021,0.483930602205078,0.885,533.39,BUY_NO
1779965234.2463152,74859.11113251021,74859.11113251021,0.483772669103513,0.885,542.32,BUY_NO
1779965234.269275,74859.11113251021,74859.11113251021,0.48358106948517543,0.885,537.09,BUY_NO
1779965234.2931614,74859.11113251021,74859.11113251021,0.4833847701968962,0.885,476.46,BUY_NO
1779965234.3178911,74859.11113251021,74859.11113251021,0.4831938958801481,0.885,877.5,BUY_NO
1779965236.634283,74859.11113251021,74859.11113251021,0.48339900871466984,0.885,957.51,BUY_NO
1779965236.6544833,74859.11113251021,74859.11113251021,0.4833842910322324,0.885,533.39,BUY_NO
1779965236.6754146,74859.11113251021,74859.11113251021,0.4832466041285065,0.885,517.32,BUY_NO
1779965236.6967587,74859.11113251021,74859.11113251021,0.4830731000731809,0.885,536.09,BUY_NO
1779965236.720228,74859.11113251021,74859.11113251021,0.48288150131308905,0.885,496.46,BUY_NO
1779965236.7424388,74859.11113251021,74859.11113251021,0.482709627870351,0.885,877.5,BUY_NO
1779965236.764949,74859.11113251021,74859.11113251021,0.4825314786853958,0.885,368.6,BUY_NO
1779965236.7861562,74859.11113251021,74859.11113251021,0.48238343987170645,0.885,773.8,BUY_NO
1779965236.8082619,74859.11113251021,74859.11113251021,0.4822297205055145,0.885,647.2,BUY_NO
1779965236.8291905,74859.11113251021,74859.11113251021,0.48209115471616426,0.885,247.78,BUY_NO
1779965236.8489509,74859.11113251021,74859.11113251021,0.4819757206474026,0.885,679.45,BUY_NO
1779965236.8717504,74859.11113251021,74859.11113251021,0.4818427104553496,0.885,988.28,BUY_NO
1779965236.8939047,74859.11113251021,74859.11113251021,0.4817083228401705,0.885,350.2,BUY_NO
1779965238.0769632,74859.11113251021,74859.11113251021,0.4809636972226882,0.885,962.51,BUY_NO
1779965238.0948384,74859.11113251021,74859.11113251021,0.4809571426023117,0.885,533.39,BUY_NO
1779965238.1222155,74859.11113251021,74859.11113251021,0.4807973643692148,0.885,517.32,BUY_NO
1779965238.1459177,74859.11113251021,74859.11113251021,0.48061572996600554,0.885,531.09,BUY_NO
1779965238.165042,74859.11113251021,74859.11113251021,0.4804646279856029,0.885,496.46,BUY_NO
1779965238.186742,74859.11113251021,74859.11113251021,0.4802995230764973,0.885,877.5,BUY_NO
1779965238.2122834,74859.11113251021,74859.11113251021,0.48010008985867586,0.885,368.6,BUY_NO
1779965238.2340126,74859.11113251021,74859.11113251021,0.47995047331179924,0.885,773.8,BUY_NO
1779965238.2596254,74859.11113251021,74859.11113251021,0.4797750780560284,0.885,647.2,BUY_NO
1779965238.279629,74859.11113251021,74859.11113251021,0.47964479611829297,0.885,247.78,BUY_NO
1779965238.3055196,74859.11113251021,74859.11113251021,0.4794955952888124,0.885,679.45,BUY_NO
1779965238.3286667,74859.11113251021,74859.11113251021,0.4793625316682584,0.885,988.28,BUY_NO
1779965238.3530114,74859.11113251021,74859.11113251021,0.4792167908816027,0.885,350.2,BUY_NO
1779965240.4708188,74859.11113251021,74859.11113251021,0.48055374688270247,0.885,942.28,BUY_NO
1779965240.5427382,74859.11113251021,74859.11113251021,0.48048588399848197,0.885,533.39,BUY_NO
1779965240.5678198,74859.11113251021,74859.11113251021,0.48031625534868233,0.885,517.32,BUY_NO
1779965240.5842662,74859.11113251021,74859.11113251021,0.4801826680804906,0.885,531.09,BUY_NO
1779965240.6038814,74859.11113251021,74859.11113251021,0.4800244325092077,0.885,496.46,BUY_NO
1779965240.6242356,74859.11113251021,74859.11113251021,0.47986950529451083,0.885,877.5,BUY_NO
1779965240.6420765,74859.11113251021,74859.11113251021,0.47973073770087965,0.885,378.6,BUY_NO
1779965240.6604602,74859.11113251021,74859.11113251021,0.47960437994326444,0.885,773.8,BUY_NO
1779965240.6823452,74859.11113251021,74859.11113251021,0.47945485153400974,0.885,647.2,BUY_NO
1779965240.702977,74859.11113251021,74859.11113251021,0.47932105307968725,0.885,247.78,BUY_NO
1779965240.724078,74859.11113251021,74859.11113251021,0.4792002073720204,0.885,1279.45,BUY_NO
1779965240.7441175,74859.11113251021,74859.11113251021,0.4790733832472729,0.885,388.28,BUY_NO
1779965244.5425303,74859.11113251021,74859.11113251021,0.4815001334154627,0.885,962.51,BUY_NO
1779965244.5659173,74859.11113251021,74859.11113251021,0.4814804919998707,0.885,539.39,BUY_NO
1779965244.5939782,74859.11113251021,74859.11113251021,0.4812946097315329,0.885,517.32,BUY_NO
1779965244.616267,74859.11113251021,74859.11113251021,0.4811145634734879,0.885,531.09,BUY_NO
1779965244.638984,74859.11113251021,74859.11113251021,0.4809304304768527,0.885,496.46,BUY_NO
1779965244.7850368,74859.11113251021,74859.11113251021,0.47981221611252634,0.885,877.5,BUY_NO
1779965244.8025577,74859.11113251021,74859.11113251021,0.47967522240341437,0.885,378.6,BUY_NO
1779965244.8201616,74859.11113251021,74859.11113251021,0.47955387778935393,0.885,773.8,BUY_NO
1779965244.837578,74859.11113251021,74859.11113251021,0.47943474999377883,0.885,664.6,BUY_NO
1779965244.854435,74859.11113251021,74859.11113251021,0.4793250262278652,0.885,247.78,BUY_NO
1779965244.8748567,74859.11113251021,74859.11113251021,0.47920795997404586,0.885,1279.45,BUY_NO
1779965249.3465059,74859.11113251021,74859.11113251021,0.4791343619133813,0.885,975.21,BUY_NO
1779965249.3613257,74859.11113251021,74859.11113251021,0.479225355763816,0.885,539.39,BUY_NO
1779965249.3763108,74859.11113251021,74859.11113251021,0.47928318070150544,0.885,517.32,BUY_NO
1779965249.3919377,74859.11113251021,74859.11113251021,0.4793100235487955,0.885,531.09,BUY_NO
1779965249.4082778,74859.11113251021,74859.11113251021,0.4793019459361041,0.885,476.46,BUY_NO
1779965249.4275532,74859.11113251021,74859.11113251021,0.47925699847212505,0.885,877.5,BUY_NO
1779965249.4442787,74859.11113251021,74859.11113251021,0.479171909928642,0.885,378.6,BUY_NO
1779965249.4640691,74859.11113251021,74859.11113251021,0.47906501068454604,0.885,773.8,BUY_NO
1779965249.482382,74859.11113251021,74859.11113251021,0.47894949151740535,0.885,664.6,BUY_NO
1779965250.037287,74859.11113251021,74859.11113251021,0.47823707552209804,0.885,247.78,BUY_NO
1779965251.4951563,74859.11113251021,74859.11113251021,0.4797990395438524,0.885,925.21,BUY_NO
1779965251.5107515,74859.11113251021,74859.11113251021,0.4797852151702015,0.885,539.39,BUY_NO
1779965251.5281296,74859.11113251021,74859.11113251021,0.4796682716581461,0.885,517.32,BUY_NO
1779965251.5447326,74859.11113251021,74859.11113251021,0.4795338138844398,0.885,546.09,BUY_NO
1779965251.570825,74859.11113251021,74859.11113251021,0.4793228551476609,0.885,476.46,BUY_NO
1779965251.5945816,74859.11113251021,74859.11113251021,0.47914246183386416,0.885,877.5,BUY_NO
1779965251.6193268,74859.11113251021,74859.11113251021,0.47894906656660585,0.885,378.6,BUY_NO
1779965251.6385832,74859.11113251021,74859.11113251021,0.47881633523276496,0.885,773.8,BUY_NO
1779965251.6584978,74859.11113251021,74859.11113251021,0.47868017075146757,0.885,664.6,BUY_NO
1779965253.6172793,74859.11113251021,74859.11113251021,0.4792761811001386,0.885,896.64,BUY_NO
1779965253.6330822,74859.11113251021,74859.11113251021,0.4792649855411109,0.885,531.39,BUY_NO
1779965253.648852,74859.11113251021,74859.11113251021,0.4791577121112708,0.885,517.32,BUY_NO
1779965253.6636143,74859.11113251021,74859.11113251021,0.4790372155837299,0.885,541.09,BUY_NO
1779965253.6784308,74859.11113251021,74859.11113251021,0.47891684263201223,0.885,476.46,BUY_NO
1779965253.6941993,74859.11113251021,74859.11113251021,0.4787965379099561,0.885,877.5,BUY_NO
1779965253.7114718,74859.11113251021,74859.11113251021,0.4786621305713701,0.885,378.6,BUY_NO
1779965253.7272587,74859.11113251021,74859.11113251021,0.47855387224940715,0.885,773.8,BUY_NO
1779965255.9144576,74859.11113251021,74859.11113251021,0.4786520125082185,0.885,882.26,BUY_NO
1779965255.9364524,74859.11113251021,74859.11113251021,0.4788026561657783,0.885,531.39,BUY_NO
1779965255.959886,74859.11113251021,74859.11113251021,0.4789249804136253,0.885,517.32,BUY_NO
1779965255.9783595,74859.11113251021,74859.11113251021,0.478995732909355,0.885,531.09,BUY_NO
1779965256.000849,74859.11113251021,74859.11113251021,0.47905281505238256,0.885,476.46,BUY_NO
1779965256.0190995,74859.11113251021,74859.11113251021,0.4790781154829961,0.885,877.5,BUY_NO
1779965256.0371134,74859.11113251021,74859.11113251021,0.4790650856604698,0.885,378.6,BUY_NO
1779965256.059503,74859.11113251021,74859.11113251021,0.4790301957029731,0.885,773.8,BUY_NO
1779965257.8402565,74859.11113251021,74859.11113251021,0.480545089306367,0.885,1127.3,BUY_NO
1779965257.9233522,74859.11113251021,74859.11113251021,0.48030436104942514,0.885,550.14,BUY_NO
1779965257.9573011,74859.11113251021,74859.11113251021,0.4802340198160517,0.885,517.32,BUY_NO
1779965257.9745893,74859.11113251021,74859.11113251021,0.48010704599016474,0.885,547.09,BUY_NO
1779965257.9930358,74859.11113251021,74859.11113251021,0.4799521691346435,0.885,476.46,BUY_NO
1779965258.0098073,74859.11113251021,74859.11113251021,0.4798174537035715,0.885,877.5,BUY_NO
1779965258.02869,74859.11113251021,74859.11113251021,0.47966178491644884,0.885,383.6,BUY_NO
1779965260.5090613,74859.11113251021,74859.11113251021,0.48036575184991664,0.885,1070.11,BUY_NO
1779965260.7453067,74859.11113251021,74859.11113251021,0.4800677266396072,0.885,558.14,BUY_NO
1779965260.7703373,74859.11113251021,74859.11113251021,0.47986278113233316,0.885,517.32,BUY_NO
1779965260.7948384,74859.11113251021,74859.11113251021,0.4796484712497693,0.885,557.09,BUY_NO
1779965260.8187282,74859.11113251021,74859.11113251021,0.47944758890552297,0.885,481.46,BUY_NO
1779965260.8429747,74859.11113251021,74859.11113251021,0.47925939778342513,0.885,877.5,BUY_NO
1779965260.8624756,74859.11113251021,74859.11113251021,0.4791061086361538,0.885,383.6,BUY_NO
1779965262.0369186,74859.11113251021,74859.11113251021,0.47839728417809324,0.885,969.37,BUY_NO
1779965262.0583906,74859.11113251021,74859.11113251021,0.47837398403330295,0.885,552.14,BUY_NO
1779965262.078188,74859.11113251021,74859.11113251021,0.4782437905665571,0.885,517.32,BUY_NO
1779965262.416958,74859.11113251021,74859.11113251021,0.47736488463519877,0.885,552.09,BUY_NO
1779965262.4424603,74859.11113251021,74859.11113251021,0.47719350233513474,0.885,476.46,BUY_NO
1779965262.4693453,74859.11113251021,74859.11113251021,0.4769837086687461,0.885,877.5,BUY_NO
1779965262.4924586,74859.11113251021,74859.11113251021,0.47678734224366925,0.885,347.72893668638426,BUY_NO
1779965265.79456,74859.11113251021,74859.11113251021,0.47796274433949437,0.885,1056.8,BUY_NO
1779965265.8549535,74859.11113251021,74859.11113251021,0.4778237968455786,0.885,507.39,BUY_NO
1779965265.8756707,74859.11113251021,74859.11113251021,0.4776780477191663,0.885,537.32,BUY_NO
1779965265.8982038,74859.11113251021,74859.11113251021,0.4774939453990721,0.885,541.09,BUY_NO
1779965265.9197063,74859.11113251021,74859.11113251021,0.47732120663208394,0.885,476.46,BUY_NO
1779965265.940345,74859.11113251021,74859.11113251021,0.4771660574235462,0.885,877.5,BUY_NO
1779965267.5938075,74859.11113251021,74859.11113251021,0.47686018239871913,0.885,1086.88,BUY_NO
1779965267.611668,74859.11113251021,74859.11113251021,0.4768382393822273,0.885,526.14,BUY_NO
1779965267.627837,74859.11113251021,74859.11113251021,0.4767360192467246,0.885,537.32,BUY_NO
1779965267.6448467,74859.11113251021,74859.11113251021,0.4766028961207354,0.885,531.09,BUY_NO
1779965267.665541,74859.11113251021,74859.11113251021,0.4764406939291183,0.885,476.46,BUY_NO
1779965267.6846411,74859.11113251021,74859.11113251021,0.4762993724280635,0.885,877.5,BUY_NO
1779965269.6819732,74859.11113251021,74859.11113251021,0.4757940200327973,0.885,1071.97,BUY_NO
1779965269.700371,74859.11113251021,74859.11113251021,0.47579886111372294,0.885,526.14,BUY_NO
1779965269.7198749,74859.11113251021,74859.11113251021,0.4756965579149142,0.885,537.32,BUY_NO
1779965269.820011,74859.11113251021,74859.11113251021,0.4753581726016269,0.885,536.09,BUY_NO
1779965269.8424635,74859.11113251021,74859.11113251021,0.47521432201677616,0.885,476.46,BUY_NO
1779965269.891125,74859.11113251021,74859.11113251021,0.47498873641407735,0.885,354.5429387121112,BUY_NO
1779965271.854828,74859.11113251021,74859.11113251021,0.47744561493420945,0.885,1062.17,BUY_NO
1779965272.653892,74859.11113251021,74859.11113251021,0.4773474817595536,0.885,526.14,BUY_NO
1779965272.6752617,74859.11113251021,74859.11113251021,0.47713672491233244,0.885,537.32,BUY_NO
1779965273.368831,74859.11113251021,74859.11113251021,0.4760469766093027,0.885,536.09,BUY_NO
1779965273.387284,74859.11113251021,74859.11113251021,0.47586643628780795,0.885,476.46,BUY_NO
1779965288.0179718,74859.11113251021,74859.11113251021,0.5058542600111438,0.965,1253.69,BUY_NO
1779965289.1617377,74859.11113251021,74859.11113251021,0.5046643385990216,0.965,1252.27,BUY_NO
1779965291.608192,74859.11113251021,74859.11113251021,0.5037790729325902,0.965,1304.1,BUY_NO
1779965301.8210356,74859.11113251021,74859.11113251021,0.5007447430488073,0.965,1253.91,BUY_NO
1779965303.2318196,74859.11113251021,74859.11113251021,0.5002871466174204,0.965,1458.91,BUY_NO
1779965304.3630807,74859.11113251021,74859.11113251021,0.4994786369720382,0.965,1317.91,BUY_NO
1779965304.3868,74859.11113251021,74859.11113251021,0.49922731214318955,0.965,1117.54,BUY_NO
1779965306.193789,74859.11113251021,74859.11113251021,0.49715132626139924,0.965,1432.72,BUY_NO
1779965307.5083945,74859.11113251021,74859.11113251021,0.4960091560807774,0.965,1335.32,BUY_NO
1779965307.8815825,74859.11113251021,74859.11113251021,0.4945407595642016,0.965,1490.72,BUY_NO
1779965308.2563238,74859.11113251021,74859.11113251021,0.4940766210317961,0.965,1359.32,BUY_NO
1779965308.2767146,74859.11113251021,74859.11113251021,0.49387566701499835,0.965,1132.54,BUY_NO
1779965308.33579,74859.11113251021,74859.11113251021,0.49349101774408594,0.965,1047.16,BUY_NO
1779965309.2257347,74859.11113251021,74859.11113251021,0.4921559231447442,0.965,1449.72,BUY_NO
1779965309.2696328,74859.11113251021,74859.11113251021,0.4920947412586254,0.965,1359.32,BUY_NO
1779965310.8603985,74859.11113251021,74859.11113251021,0.49264048757473927,0.965,1484.08,BUY_NO
1779965310.8772194,74859.11113251021,74859.11113251021,0.4926130721130294,0.965,1403.54,BUY_NO
1779965310.9872355,74859.11113251021,74859.11113251021,0.49249400786996855,0.965,1132.54,BUY_NO
1779965311.0041575,74859.11113251021,74859.11113251021,0.49234048240645734,0.965,1647.16,BUY_NO
1779965313.0864186,74859.11113251021,74859.11113251021,0.49288520503090133,0.965,1547.25,BUY_NO
1779965313.1162229,74859.11113251021,74859.11113251021,0.4928273789270355,0.965,1403.54,BUY_NO
1779965313.1321156,74859.11113251021,74859.11113251021,0.4926850299843616,0.965,1132.54,BUY_NO
1779965313.1474268,74859.11113251021,74859.11113251021,0.49254565976558085,0.965,1647.16,BUY_NO
1779965314.233207,74859.11113251021,74859.11113251021,0.49214384623047125,0.965,1522.41,BUY_NO
1779965314.2497907,74859.11113251021,74859.11113251021,0.49210356374294395,0.965,1483.54,BUY_NO
1779965314.2654567,74859.11113251021,74859.11113251021,0.49196167049347445,0.965,1132.54,BUY_NO
1779965314.281525,74859.11113251021,74859.11113251021,0.4918167466378292,0.965,1647.16,BUY_NO
1779965316.1037817,74859.11113251021,74859.11113251021,0.49136209608750137,0.965,1562.91,BUY_NO
1779965316.1289315,74859.11113251021,74859.11113251021,0.49129197335664293,0.965,1488.54,BUY_NO
1779965316.1479354,74859.11113251021,74859.11113251021,0.4911180553858376,0.965,1132.54,BUY_NO
1779965316.1665897,74859.11113251021,74859.11113251021,0.49094973214526577,0.965,1647.16,BUY_NO
1779965317.584684,74859.11113251021,74859.11113251021,0.4898014685383524,0.965,1451.95,BUY_NO
1779965317.6012902,74859.11113251021,74859.11113251021,0.48977400697752865,0.965,1483.54,BUY_NO
1779965318.9823997,74859.11113251021,74859.11113251021,0.48935235707568675,0.965,1468.95,BUY_NO
1779965319.000293,74859.11113251021,74859.11113251021,0.48932959040360113,0.965,1488.54,BUY_NO
1779965319.018624,74859.11113251021,74859.11113251021,0.4891678397486489,0.965,1137.54,BUY_NO
1779965320.1620247,74859.11113251021,74859.11113251021,0.4886510668966558,0.965,1560.74,BUY_NO
1779965320.179617,74859.11113251021,74859.11113251021,0.48862251261025447,0.965,1488.54,BUY_NO
1779965320.278218,74859.11113251021,74859.11113251021,0.48850497401880033,0.965,1142.54,BUY_NO
1779965320.2960236,74859.11113251021,74859.11113251021,0.4883502032656767,0.965,1633.93,BUY_NO
1779965321.2149222,74859.11113251021,74859.11113251021,0.48761553657073037,0.965,1633.1,BUY_NO
1779965321.2341962,74859.11113251021,74859.11113251021,0.4875748173087175,0.965,1483.54,BUY_NO
1779965321.2576182,74859.11113251021,74859.11113251021,0.4873706128184921,0.965,1132.54,BUY_NO
1779965321.2799134,74859.11113251021,74859.11113251021,0.48717433738509663,0.965,1616.93,BUY_NO
1779965322.4497771,74859.11113251021,74859.11113251021,0.48642741814302043,0.97,1552.65,BUY_NO
1779965322.4665444,74859.11113251021,74859.11113251021,0.48640491755254894,0.97,1483.54,BUY_NO
1779965324.6566534,74859.11113251021,74859.11113251021,0.48961806336529085,0.975,1699.11,BUY_NO
1779965325.148789,74859.11113251021,74859.11113251021,0.489033887270479,0.975,1688.11,BUY_NO
1779965326.4313803,74859.11113251021,74859.11113251021,0.4911724971389516,0.975,1830.18,BUY_NO
1779965435.937954,74859.11113251021,74859.11113251021,0.6203176446181802,0.58,499999.99999999953,BUY_NO
1779965435.974939,74859.11113251021,74859.11113251021,0.6202342205667937,0.58,499999.99999999953,BUY_NO
1779965436.0074499,74859.11113251021,74859.11113251021,0.6200869541323824,0.58,46372.86000000092,BUY_NO
1779965436.0381873,74859.11113251021,74859.11113251021,0.6199420301722333,0.58,23246.0,BUY_NO
1779965436.865773,74859.11113251021,74859.11113251021,0.6163314391940566,0.165,206.14,SELL_NO
1779965436.8884337,74859.11113251021,74859.11113251021,0.6162348999645337,0.165,270.46,BUY_YES
1779965436.9123895,74859.11113251021,74859.11113251021,0.6161335207054022,0.165,189.75,SELL_NO
1779965436.9365811,74859.11113251021,74859.11113251021,0.6160316349038365,0.165,454.0,BUY_YES
1779965436.9598482,74859.11113251021,74859.11113251021,0.6159344336051987,0.165,359.26,BUY_YES
1779965436.9827309,74859.11113251021,74859.11113251021,0.6158395120888095,0.165,548.0,SELL_NO
1779965437.0035055,74859.11113251021,74859.11113251021,0.6157537887956727,0.165,252.0,BUY_YES
1779965437.4698899,74859.11113251021,74859.11113251021,0.613883363628806,0.165,232.0,SELL_NO
1779965437.7119834,74859.11113251021,74859.11113251021,0.6129387557723274,0.165,67.0,SELL_NO
1779965437.9270074,74859.11113251021,74859.11113251021,0.6121103745453621,0.165,268.14,SELL_NO
1779965437.953544,74859.11113251021,74859.11113251021,0.6120090274058934,0.165,270.46,BUY_YES
1779965437.9761965,74859.11113251021,74859.11113251021,0.6119254569878348,0.165,421.75,SELL_NO
1779965438.002902,74859.11113251021,74859.11113251021,0.611827823022344,0.165,454.0,BUY_YES
1779965439.1042895,74859.11113251021,74859.11113251021,0.607795558896227,0.165,62.86,SELL_NO
1779965439.5193248,74859.11113251021,74859.11113251021,0.6060787613631132,0.165,193.64,SELL_NO
1779965439.5426888,74859.11113251021,74859.11113251021,0.6059936567602802,0.165,343.32,BUY_YES
1779965439.5692189,74859.11113251021,74859.11113251021,0.6060722431562532,0.165,441.75,SELL_NO
1779965439.5917597,74859.11113251021,74859.11113251021,0.6061438334178811,0.165,254.0,BUY_YES
1779965439.6202366,74859.11113251021,74859.11113251021,0.6062691210657551,0.165,381.26,SELL_NO
1779965439.6428347,74859.11113251021,74859.11113251021,0.6063612845827061,0.165,377.0,BUY_YES
1779965439.6686976,74859.11113251021,74859.11113251021,0.6064817906278253,0.165,276.0,BUY_YES
1779965439.6900642,74859.11113251021,74859.11113251021,0.6065737657025619,0.165,195.0,BUY_YES
1779965439.7122002,74859.11113251021,74859.11113251021,0.6066542455818651,0.165,203.0,BUY_YES
1779965439.736092,74859.11113251021,74859.11113251021,0.6067305552853849,0.165,472.0,BUY_YES
1779965439.760776,74859.11113251021,74859.11113251021,0.6068189623170683,0.165,471.8,BUY_YES
1779965439.784901,74859.11113251021,74859.11113251021,0.6069059664943929,0.165,490.0,BUY_YES
1779965439.8073127,74859.11113251021,74859.11113251021,0.6069845168808813,0.165,665.0,BUY_YES
1779965439.8293421,74859.11113251021,74859.11113251021,0.6070637843561338,0.165,422.25,BUY_YES
1779965439.8531132,74859.11113251021,74859.11113251021,0.6071387611772651,0.165,455.93,BUY_YES
1779965439.874759,74859.11113251021,74859.11113251021,0.6072007297707133,0.165,539.81,BUY_YES
1779965441.5780783,74859.11113251021,74859.11113251021,0.6025115306673837,0.165,195.75,SELL_NO
1779965441.601976,74859.11113251021,74859.11113251021,0.6024639289832686,0.165,349.87,BUY_YES
1779965441.6236827,74859.11113251021,74859.11113251021,0.6026130739365081,0.165,300.75,SELL_NO
1779965441.6489973,74859.11113251021,74859.11113251021,0.6027568949317276,0.165,359.26,SELL_NO
1779965441.6691852,74859.11113251021,74859.11113251021,0.6028619299437221,0.165,218.0,BUY_YES
1779965441.6906648,74859.11113251021,74859.11113251021,0.6029671777027945,0.165,377.0,BUY_YES
1779965441.7115977,74859.11113251021,74859.11113251021,0.6030737897415501,0.165,326.0,BUY_YES
1779965441.7331967,74859.11113251021,74859.11113251021,0.6031747779191279,0.165,210.0,BUY_YES
1779965444.831815,74859.11113251021,74859.11113251021,0.5937600857028582,0.165,200.05,SELL_NO
1779965445.4387429,74859.11113251021,74859.11113251021,0.5918536860984088,0.165,364.85,SELL_NO
1779965445.4610648,74859.11113251021,74859.11113251021,0.5917947670116287,0.165,307.23,SELL_NO
1779965445.4863675,74859.11113251021,74859.11113251021,0.5919707900651054,0.165,405.0,SELL_NO
1779965445.508119,74859.11113251021,74859.11113251021,0.5921168358925669,0.165,290.26,BUY_YES
1779965445.5374057,74859.11113251021,74859.11113251021,0.5923092610971052,0.165,236.0,BUY_YES
1779965445.5606165,74859.11113251021,74859.11113251021,0.5924428458123175,0.165,427.0,BUY_YES
1779965445.590424,74859.11113251021,74859.11113251021,0.5926145672449815,0.165,326.0,BUY_YES
1779965445.6159637,74859.11113251021,74859.11113251021,0.5927448755525175,0.165,215.0,BUY_YES
1779965445.6392577,74859.11113251021,74859.11113251021,0.5928449824829984,0.165,227.0,BUY_YES
1779965445.6627574,74859.11113251021,74859.11113251021,0.5929341481583144,0.165,473.0,BUY_YES
1779965446.861082,74859.11113251021,74859.11113251021,0.5906750432242908,0.165,273.55,SELL_NO
1779965446.8843503,74859.11113251021,74859.11113251021,0.5906135778095587,0.165,321.05,SELL_NO
1779965446.9059706,74859.11113251021,74859.11113251021,0.5907191100353331,0.165,400.0,SELL_NO
1779965446.9267397,74859.11113251021,74859.11113251021,0.5908428916516003,0.165,275.26,BUY_YES
1779965446.9514685,74859.11113251021,74859.11113251021,0.5909961553910417,0.165,256.0,BUY_YES
1779965446.9721892,74859.11113251021,74859.11113251021,0.5911143586565903,0.165,397.0,BUY_YES
1779965446.9930959,74859.11113251021,74859.11113251021,0.5912325734902298,0.165,321.0,BUY_YES
1779965447.0155716,74859.11113251021,74859.11113251021,0.5913464789515501,0.165,210.0,BUY_YES
1779965447.0374732,74859.11113251021,74859.11113251021,0.5914404395597194,0.165,227.0,BUY_YES
1779965447.0606315,74859.11113251021,74859.11113251021,0.5915287933692471,0.165,503.0,BUY_YES
1779965447.0852695,74859.11113251021,74859.11113251021,0.5916307111913313,0.165,756.8,BUY_YES
1779965447.109557,74859.11113251021,74859.11113251021,0.5917418380565774,0.165,574.0,BUY_YES
1779965447.1330981,74859.11113251021,74859.11113251021,0.5918425837578146,0.165,685.72,BUY_YES
1779965447.1555848,74859.11113251021,74859.11113251021,0.5919355549822992,0.165,422.25,BUY_YES
1779965447.1773708,74859.11113251021,74859.11113251021,0.5920138478374104,0.165,465.93,BUY_YES
1779965447.2012415,74859.11113251021,74859.11113251021,0.5920735583767991,0.165,91.0,SELL_NO
1779965447.2225204,74859.11113251021,74859.11113251021,0.5921155350677609,0.165,539.81,BUY_YES
1779965447.2681704,74859.11113251021,74859.11113251021,0.5921620480947238,0.165,198.0,SELL_NO
1779965447.2900746,74859.11113251021,74859.11113251021,0.5921771946764545,0.165,285.0,BUY_YES
1779965447.3115983,74859.11113251021,74859.11113251021,0.5921958484914535,0.165,425.0,BUY_YES
1779965447.33433,74859.11113251021,74859.11113251021,0.592224042452296,0.165,230.0,BUY_YES
1779965448.0044088,74859.11113251021,74859.11113251021,0.5911599340701482,0.165,363.56,SELL_NO
1779965448.0263343,74859.11113251021,74859.11113251021,0.5911137736445466,0.165,357.23,SELL_NO
1779965448.0493639,74859.11113251021,74859.11113251021,0.5911153488510591,0.165,395.0,SELL_NO
1779965448.0708525,74859.11113251021,74859.11113251021,0.5911412230885789,0.165,281.26,BUY_YES
1779965448.0936582,74859.11113251021,74859.11113251021,0.5912012838877573,0.165,256.0,BUY_YES
1779965448.1166446,74859.11113251021,74859.11113251021,0.5912768419848208,0.165,397.0,BUY_YES
1779965448.1371834,74859.11113251021,74859.11113251021,0.5913603135720901,0.165,321.0,BUY_YES
1779965448.1584144,74859.11113251021,74859.11113251021,0.591446080064623,0.165,225.0,BUY_YES
1779965448.5349183,74859.11113251021,74859.11113251021,0.5914116515809509,0.165,105.45,SELL_NO
1779965448.5584676,74859.11113251021,74859.11113251021,0.5913747185234366,0.165,205.0,SELL_NO
1779965448.5834556,74859.11113251021,74859.11113251021,0.5913733119302724,0.165,267.0,SELL_NO
1779965448.6054664,74859.11113251021,74859.11113251021,0.5913688729510971,0.165,533.0,BUY_YES
1779965449.1132057,74859.11113251021,74859.11113251021,0.5904529598784554,0.165,310.39,BUY_YES
1779965449.1367524,74859.11113251021,74859.11113251021,0.5904119352583864,0.165,396.39,SELL_NO
1779965449.1590283,74859.11113251021,74859.11113251021,0.5904484676880003,0.165,268.75,SELL_NO
1779965449.1844573,74859.11113251021,74859.11113251021,0.590525782644998,0.165,664.26,SELL_NO
1779965449.2062843,74859.11113251021,74859.11113251021,0.5906165632376055,0.165,256.0,BUY_YES
1779965449.2320166,74859.11113251021,74859.11113251021,0.5907481829602771,0.165,364.0,BUY_YES
1779965449.2564209,74859.11113251021,74859.11113251021,0.5908828130390982,0.165,321.0,BUY_YES
1779965449.2774575,74859.11113251021,74859.11113251021,0.5909916662220313,0.165,255.0,BUY_YES
1779965449.3004706,74859.11113251021,74859.11113251021,0.5910971862458482,0.165,262.0,BUY_YES
1779965449.3226163,74859.11113251021,74859.11113251021,0.5911910347175374,0.165,533.0,BUY_YES
1779965449.3441012,74859.11113251021,74859.11113251021,0.591287882160272,0.165,756.8,BUY_YES
1779965449.5475132,74859.11113251021,74859.11113251021,0.5914772715768558,0.165,70.0,SELL_NO
1779965449.570882,74859.11113251021,74859.11113251021,0.5914666407664447,0.165,584.0,BUY_YES
1779965449.593244,74859.11113251021,74859.11113251021,0.5914328558885579,0.165,200.0,SELL_NO
1779965449.6158004,74859.11113251021,74859.11113251021,0.5914174576111006,0.165,685.72,BUY_YES
1779965449.6373188,74859.11113251021,74859.11113251021,0.5914603124513975,0.165,422.25,BUY_YES
1779965449.6604164,74859.11113251021,74859.11113251021,0.5915255712956279,0.165,465.93,BUY_YES
1779965449.684466,74859.11113251021,74859.11113251021,0.5916062742325897,0.165,839.81,BUY_YES
1779965449.7075205,74859.11113251021,74859.11113251021,0.5917041333732369,0.165,285.0,BUY_YES
1779965449.7311845,74859.11113251021,74859.11113251021,0.5917893243843875,0.165,425.0,BUY_YES
1779965449.7533593,74859.11113251021,74859.11113251021,0.5918642492415115,0.165,230.0,BUY_YES
1779965449.775779,74859.11113251021,74859.11113251021,0.5919285680005308,0.165,375.0,BUY_YES
1779965449.7991185,74859.11113251021,74859.11113251021,0.591992121314127,0.165,361.0,BUY_YES
1779965449.8244476,74859.11113251021,74859.11113251021,0.5920570875405944,0.165,455.0,BUY_YES
1779965449.849503,74859.11113251021,74859.11113251021,0.5921211492113302,0.165,372.06,BUY_YES
1779965449.8717701,74859.11113251021,74859.11113251021,0.5921746366030092,0.165,335.0,BUY_YES
1779965449.8928502,74859.11113251021,74859.11113251021,0.592221389792944,0.165,355.0,BUY_YES
1779965449.9154732,74859.11113251021,74859.11113251021,0.5922686973572872,0.165,374.0,BUY_YES
1779965449.937991,74859.11113251021,74859.11113251021,0.5923138328819552,0.165,465.0,BUY_YES
1779965449.9621563,74859.11113251021,74859.11113251021,0.5923630029561728,0.165,555.18,BUY_YES
1779965449.9876127,74859.11113251021,74859.11113251021,0.5924174648446698,0.165,348.86,BUY_YES
1779965450.0098317,74859.11113251021,74859.11113251021,0.5924609728346709,0.165,335.15,BUY_YES
1779965450.0335698,74859.11113251021,74859.11113251021,0.5925035742704573,0.165,468.76,BUY_YES
1779965450.05466,74859.11113251021,74859.11113251021,0.5925415765308679,0.165,921.04,BUY_YES
1779965451.5777354,74859.11113251021,74859.11113251021,0.5889577063183036,0.165,354.03,BUY_YES
1779965451.6023347,74859.11113251021,74859.11113251021,0.5889390872282738,0.165,401.40999999999997,SELL_NO
1779965451.6245432,74859.11113251021,74859.11113251021,0.589002677282692,0.165,588.75,SELL_NO
1779965451.6472378,74859.11113251021,74859.11113251021,0.589110475376372,0.165,709.26,SELL_NO
1779965451.6712275,74859.11113251021,74859.11113251021,0.5892380107701156,0.165,481.0,BUY_YES
1779965451.6947618,74859.11113251021,74859.11113251021,0.5893832602220744,0.165,364.0,BUY_YES
1779965451.7197258,74859.11113251021,74859.11113251021,0.5895223878912946,0.165,376.0,BUY_YES
1779965451.7427049,74859.11113251021,74859.11113251021,0.589639206870746,0.165,275.0,BUY_YES
1779965451.766116,74859.11113251021,74859.11113251021,0.5897424774933843,0.165,257.0,BUY_YES
1779965451.788384,74859.11113251021,74859.11113251021,0.5898292175816688,0.165,563.0,BUY_YES
1779965451.8117466,74859.11113251021,74859.11113251021,0.5899266054683646,0.165,756.8,BUY_YES
1779965451.836187,74859.11113251021,74859.11113251021,0.5900353773981699,0.165,609.0,BUY_YES
1779965451.8578765,74859.11113251021,74859.11113251021,0.5901262541042035,0.165,685.72,BUY_YES
1779965451.8811295,74859.11113251021,74859.11113251021,0.5902196878090213,0.165,422.25,BUY_YES
1779965451.9049907,74859.11113251021,74859.11113251021,0.5903031000168032,0.165,465.93,BUY_YES
1779965451.9266632,74859.11113251021,74859.11113251021,0.5903717512293362,0.165,539.81,BUY_YES
1779965451.9496782,74859.11113251021,74859.11113251021,0.5904406005864362,0.165,285.0,BUY_YES
1779965451.9712505,74859.11113251021,74859.11113251021,0.5904955562966157,0.165,425.0,BUY_YES
1779965452.1757505,74859.11113251021,74859.11113251021,0.5905585194631734,0.165,84.0,SELL_NO
1779965453.0368812,74859.11113251021,74859.11113251021,0.5886219698313361,0.165,62.02000000000004,SELL_NO
1779965453.0593524,74859.11113251021,74859.11113251021,0.5885692947728429,0.165,229.99999999999997,SELL_NO
1779965454.2169485,74859.11113251021,74859.11113251021,0.5846392164801524,0.165,62.71999999999997,SELL_NO
1779965454.845508,74859.11113251021,74859.11113251021,0.5839448644100844,0.165,210.0,SELL_NO
1779965454.8712904,74859.11113251021,74859.11113251021,0.5839170471630604,0.165,70.0,SELL_NO
1779965454.8934255,74859.11113251021,74859.11113251021,0.5840758755824466,0.165,100.0,SELL_NO
1779965454.9193633,74859.11113251021,74859.11113251021,0.5842691762401755,0.165,230.0,BUY_YES
1779965454.9435802,74859.11113251021,74859.11113251021,0.5844515365458994,0.165,200.0,BUY_YES
1779965454.9689088,74859.11113251021,74859.11113251021,0.5846191440417658,0.165,245.0,BUY_YES
1779965454.9902563,74859.11113251021,74859.11113251021,0.5847495768885487,0.165,200.0,BUY_YES
1779965455.5190883,74859.11113251021,74859.11113251021,0.5846925159586861,0.165,390.58,BUY_YES
1779965455.5410988,74859.11113251021,74859.11113251021,0.5846586631714867,0.165,208.16,SELL_NO
1779965455.562505,74859.11113251021,74859.11113251021,0.5846292281369759,0.165,472.77,BUY_YES
1779965455.5867083,74859.11113251021,74859.11113251021,0.5847408636763474,0.165,397.75,BUY_YES
1779965455.607876,74859.11113251021,74859.11113251021,0.5848621651391734,0.165,461.0,BUY_YES
1779965455.6287947,74859.11113251021,74859.11113251021,0.5849840415547662,0.165,231.0,BUY_YES
1779965455.6528234,74859.11113251021,74859.11113251021,0.5850866482502456,0.165,699.26,SELL_NO
1779965455.673135,74859.11113251021,74859.11113251021,0.5851660717247066,0.165,486.0,BUY_YES
1779965455.9013274,74859.11113251021,74859.11113251021,0.5853336422096729,0.165,218.86000000000004,SELL_NO
1779965455.9239588,74859.11113251021,74859.11113251021,0.585320131286795,0.165,594.0,BUY_YES
1779965455.9504974,74859.11113251021,74859.11113251021,0.5853866008180967,0.165,571.0,BUY_YES
1779965455.9740846,74859.11113251021,74859.11113251021,0.5854824689562024,0.165,540.0,BUY_YES
1779965455.999843,74859.11113251021,74859.11113251021,0.5855990310196147,0.165,457.0,BUY_YES
1779965456.7780185,74859.11113251021,74859.11113251021,0.5848927764770037,0.165,229.00000000000006,SELL_NO
1779965457.172604,74859.11113251021,74859.11113251021,0.5838840063606535,0.165,65.0,SELL_NO
1779965457.8384755,74859.11113251021,74859.11113251021,0.5812738467221499,0.165,709.44,BUY_YES
1779965457.8605788,74859.11113251021,74859.11113251021,0.5812528821446447,0.165,388.16,BUY_YES
1779965457.8875883,74859.11113251021,74859.11113251021,0.5813768843098255,0.165,497.77,BUY_YES
1779965457.90983,74859.11113251021,74859.11113251021,0.5815182928777396,0.165,377.75,BUY_YES
1779965457.9341621,74859.11113251021,74859.11113251021,0.5816623142287493,0.165,461.0,BUY_YES
1779965457.9563038,74859.11113251021,74859.11113251021,0.5817870818316464,0.165,485.0,BUY_YES
1779965457.9787486,74859.11113251021,74859.11113251021,0.5819057439921678,0.165,534.26,BUY_YES
1779965458.0034256,74859.11113251021,74859.11113251021,0.5820290939793195,0.165,531.0,BUY_YES
1779965458.377697,74859.11113251021,74859.11113251021,0.5821756684496238,0.165,72.0,SELL_NO
1779965458.402302,74859.11113251021,74859.11113251021,0.5821474506392396,0.165,624.0,BUY_YES
1779965458.4235203,74859.11113251021,74859.11113251021,0.5821835211970618,0.165,586.0,BUY_YES
1779965458.4881997,74859.11113251021,74859.11113251021,0.5822438667788107,0.165,520.0,BUY_YES
1779965458.8249712,74859.11113251021,74859.11113251021,0.5819251423536728,0.165,71.00999999999999,SELL_NO
1779965458.8495471,74859.11113251021,74859.11113251021,0.5818946924589598,0.165,462.0,BUY_YES
1779965458.8719103,74859.11113251021,74859.11113251021,0.5819586442243325,0.165,578.0,BUY_YES
1779965458.8950796,74859.11113251021,74859.11113251021,0.5820791455453223,0.165,801.8,BUY_YES
1779965458.9197214,74859.11113251021,74859.11113251021,0.5822284140883478,0.165,649.0,BUY_YES
1779965458.9445648,74859.11113251021,74859.11113251021,0.5823683384162114,0.165,680.72,BUY_YES
1779965458.969102,74859.11113251021,74859.11113251021,0.5824967339732218,0.165,474.46,BUY_YES
1779965458.991371,74859.11113251021,74859.11113251021,0.5825984405522759,0.165,460.93,BUY_YES
1779965459.01554,74859.11113251021,74859.11113251021,0.5826970856197995,0.165,214.81,BUY_YES
1779965459.0395443,74859.11113251021,74859.11113251021,0.5827782673012314,0.165,880.0,BUY_YES
1779965459.0663338,74859.11113251021,74859.11113251021,0.5828789348329131,0.165,435.0,BUY_YES
1779965459.0901778,74859.11113251021,74859.11113251021,0.5829592276210223,0.165,225.0,BUY_YES
1779965459.112008,74859.11113251021,74859.11113251021,0.5830210399438518,0.165,365.0,BUY_YES
1779965459.1356761,74859.11113251021,74859.11113251021,0.5830825731750182,0.165,361.0,BUY_YES
1779965460.3954594,74859.11113251021,74859.11113251021,0.5809274122754622,0.165,61.0,SELL_NO
1779965460.688067,74859.11113251021,74859.11113251021,0.580057630019956,0.165,797.45,BUY_YES
1779965460.7083235,74859.11113251021,74859.11113251021,0.5800327581623065,0.165,388.16,BUY_YES
1779965460.7340026,74859.11113251021,74859.11113251021,0.5801210130583292,0.165,492.77,BUY_YES
1779965460.753855,74859.11113251021,74859.11113251021,0.580234485860171,0.165,372.75,BUY_YES
1779965460.773936,74859.11113251021,74859.11113251021,0.5803469131296969,0.165,491.0,BUY_YES
1779965460.7939236,74859.11113251021,74859.11113251021,0.5804582092832443,0.165,485.0,BUY_YES
1779965460.8143032,74859.11113251021,74859.11113251021,0.5805653257409942,0.165,469.26,BUY_YES
1779965460.8401566,74859.11113251021,74859.11113251021,0.5806912952820988,0.165,518.0,BUY_YES
1779965460.8869267,74859.11113251021,74859.11113251021,0.5809065632380136,0.165,624.0,BUY_YES
1779965460.9189532,74859.11113251021,74859.11113251021,0.5810500065426601,0.165,604.0,BUY_YES
1779965460.9443305,74859.11113251021,74859.11113251021,0.5811578579005934,0.165,504.0,BUY_YES
1779965460.9743967,74859.11113251021,74859.11113251021,0.5812619693006211,0.165,432.0,BUY_YES
1779965460.999905,74859.11113251021,74859.11113251021,0.5813435967292906,0.165,543.0,BUY_YES
1779965461.0240073,74859.11113251021,74859.11113251021,0.58141869131094,0.165,775.0,BUY_YES
1779965461.0501637,74859.11113251021,74859.11113251021,0.5815040692764272,0.165,649.0,BUY_YES
1779965461.0832617,74859.11113251021,74859.11113251021,0.581609113325711,0.165,680.72,BUY_YES
1779965461.1150131,74859.11113251021,74859.11113251021,0.5817074336753201,0.165,457.21,BUY_YES
1779965461.1457295,74859.11113251021,74859.11113251021,0.5817934667465504,0.165,419.0,BUY_YES
1779965461.1790984,74859.11113251021,74859.11113251021,0.5818780325656567,0.165,195.0,BUY_YES
1779965461.210748,74859.11113251021,74859.11113251021,0.5819451016180153,0.165,880.0,BUY_YES
1779965461.2434106,74859.11113251021,74859.11113251021,0.582023894074945,0.165,435.0,BUY_YES
1779965461.2765553,74859.11113251021,74859.11113251021,0.582097518650944,0.165,225.0,BUY_YES
1779965461.308839,74859.11113251021,74859.11113251021,0.5821582751362598,0.165,365.0,BUY_YES
1779965462.644326,74859.11113251021,74859.11113251021,0.5801508718376321,0.165,66.0,SELL_NO
1779965464.1571646,74859.11113251021,74859.11113251021,0.5765706633198074,0.165,702.55,BUY_YES
1779965464.1894684,74859.11113251021,74859.11113251021,0.576532522064264,0.165,383.16,BUY_YES
1779965464.22378,74859.11113251021,74859.11113251021,0.5766864095015342,0.165,492.77,BUY_YES
1779965464.2541003,74859.11113251021,74859.11113251021,0.5768825087739802,0.165,372.75,BUY_YES
1779965464.287187,74859.11113251021,74859.11113251021,0.5770830267964744,0.165,461.0,BUY_YES
1779965464.3182423,74859.11113251021,74859.11113251021,0.5772631677315327,0.165,485.0,BUY_YES
1779965464.6526947,74859.11113251021,74859.11113251021,0.5778531485345025,0.165,469.26,BUY_YES
1779965466.5191932,74859.11113251021,74859.11113251021,0.5738389459298522,0.165,705.55,BUY_YES
1779965466.566162,74859.11113251021,74859.11113251021,0.5737975770163771,0.165,383.16,BUY_YES
1779965466.9793537,74859.11113251021,74859.11113251021,0.5732214937817421,0.165,492.77,BUY_YES
1779965467.0128942,74859.11113251021,74859.11113251021,0.5734654687432205,0.165,372.75,BUY_YES
1779965467.068332,74859.11113251021,74859.11113251021,0.5737169881395517,0.165,461.0,BUY_YES
1779965467.0992396,74859.11113251021,74859.11113251021,0.5739083789722472,0.165,485.0,BUY_YES
1779965467.1841493,74859.11113251021,74859.11113251021,0.5742134012386019,0.165,469.26,BUY_YES
1779965467.2148924,74859.11113251021,74859.11113251021,0.5743579883810237,0.165,523.0,BUY_YES
1779965467.2463102,74859.11113251021,74859.11113251021,0.5745290501297321,0.165,619.0,BUY_YES
1779965467.2758825,74859.11113251021,74859.11113251021,0.5746958259007519,0.165,604.0,BUY_YES
1779965467.308625,74859.11113251021,74859.11113251021,0.5748727908989448,0.165,534.0,BUY_YES
1779965467.3420024,74859.11113251021,74859.11113251021,0.5750389052643465,0.165,400.0,BUY_YES
1779965467.3701625,74859.11113251021,74859.11113251021,0.5751632593103365,0.165,573.0,BUY_YES
1779965467.4027662,74859.11113251021,74859.11113251021,0.5753020216453117,0.165,775.0,BUY_YES
1779965467.4354558,74859.11113251021,74859.11113251021,0.5754430835934613,0.165,649.0,BUY_YES
1779965467.4649754,74859.11113251021,74859.11113251021,0.5755638989143296,0.165,743.98,BUY_YES
1779965467.616414,74859.11113251021,74859.11113251021,0.5758771591332063,0.165,400.0,BUY_YES
1779965467.6467013,74859.11113251021,74859.11113251021,0.575919742620572,0.165,419.0,BUY_YES
1779965467.6825104,74859.11113251021,74859.11113251021,0.5759792240613028,0.165,195.0,BUY_YES
1779965467.7273946,74859.11113251021,74859.11113251021,0.5760487135330132,0.165,880.0,BUY_YES
1779965467.765913,74859.11113251021,74859.11113251021,0.5761398159549103,0.165,430.87,BUY_YES
1779965467.795994,74859.11113251021,74859.11113251021,0.576211642425948,0.165,235.0,BUY_YES
1779965467.8274312,74859.11113251021,74859.11113251021,0.5762793430688309,0.165,365.0,BUY_YES
1779965467.855779,74859.11113251021,74859.11113251021,0.5763395451741224,0.165,361.0,BUY_YES
1779965467.8893225,74859.11113251021,74859.11113251021,0.5764095400940544,0.165,455.0,BUY_YES
1779965468.8510716,74859.11113251021,74859.11113251021,0.575651878814019,0.165,675.72,BUY_YES
1779965468.877708,74859.11113251021,74859.11113251021,0.5756096433075241,0.165,388.16,SELL_NO
1779965468.9145076,74859.11113251021,74859.11113251021,0.5755502478451655,0.165,467.77,BUY_YES
1779965469.2860625,74859.11113251021,74859.11113251021,0.5748741256345702,0.165,397.75,BUY_YES
1779965469.3113067,74859.11113251021,74859.11113251021,0.5749241947906963,0.165,461.0,BUY_YES
1779965469.3381455,74859.11113251021,74859.11113251021,0.575044768233237,0.165,485.0,BUY_YES
1779965469.3614926,74859.11113251021,74859.11113251021,0.5751704786069247,0.165,469.26,BUY_YES
1779965469.3869452,74859.11113251021,74859.11113251021,0.5753079932897406,0.165,518.0,BUY_YES
1779965469.4118924,74859.11113251021,74859.11113251021,0.5754394120388899,0.165,624.0,BUY_YES
1779965469.4382787,74859.11113251021,74859.11113251021,0.575575985270972,0.165,604.0,BUY_YES
1779965469.4854643,74859.11113251021,74859.11113251021,0.5757385705914769,0.165,549.0,BUY_YES
1779965471.22551,74859.11113251021,74859.11113251021,0.5727841527951422,0.165,647.85,BUY_YES
1779965471.2462165,74859.11113251021,74859.11113251021,0.5727639527886613,0.165,394.9,BUY_YES
1779965471.268017,74859.11113251021,74859.11113251021,0.572870363129778,0.165,467.77,BUY_YES
1779965471.2888505,74859.11113251021,74859.11113251021,0.5730074144040977,0.165,367.75,BUY_YES
1779965471.3086603,74859.11113251021,74859.11113251021,0.5731300487305991,0.165,491.0,BUY_YES
1779965472.3112936,74859.11113251021,74859.11113251021,0.5724445335630178,0.165,628.21,BUY_YES
1779965472.3393588,74859.11113251021,74859.11113251021,0.5724105582792425,0.165,397.16,SELL_NO
1779965472.3664289,74859.11113251021,74859.11113251021,0.5723826971446726,0.165,467.77,BUY_YES
1779965472.394645,74859.11113251021,74859.11113251021,0.5725269243078905,0.165,402.75,BUY_YES
1779965472.4256694,74859.11113251021,74859.11113251021,0.5727198226881546,0.165,491.0,BUY_YES
1779965472.457398,74859.11113251021,74859.11113251021,0.572921067443762,0.165,490.0,BUY_YES
1779965472.4849265,74859.11113251021,74859.11113251021,0.5730855406745273,0.165,469.26,BUY_YES
1779965472.5102935,74859.11113251021,74859.11113251021,0.5732253553697378,0.165,466.0,BUY_YES
1779965472.535045,74859.11113251021,74859.11113251021,0.5733514146321237,0.165,538.0,BUY_YES
1779965472.5644605,74859.11113251021,74859.11113251021,0.5734940181628296,0.165,520.0,BUY_YES
1779965472.5914853,74859.11113251021,74859.11113251021,0.5736170548953886,0.165,454.0,BUY_YES
1779965472.6188936,74859.11113251021,74859.11113251021,0.5737318318372486,0.165,390.0,BUY_YES
1779965472.6440737,74859.11113251021,74859.11113251021,0.5738276842845899,0.165,558.0,BUY_YES
1779965472.6671603,74859.11113251021,74859.11113251021,0.5739138780372001,0.165,775.0,BUY_YES
1779965472.7659037,74859.11113251021,74859.11113251021,0.5742961799159602,0.165,639.0,BUY_YES
1779965472.944844,74859.11113251021,74859.11113251021,0.5749613426499471,0.165,743.98,BUY_YES
1779965472.977785,74859.11113251021,74859.11113251021,0.5750819601366751,0.165,400.0,BUY_YES
1779965473.103477,74859.11113251021,74859.11113251021,0.5754892659975397,0.165,1019.0,BUY_YES
1779965473.148846,74859.11113251021,74859.11113251021,0.5756474256460454,0.165,195.0,BUY_YES
1779965473.1828873,74859.11113251021,74859.11113251021,0.5757456233546214,0.165,1180.0,BUY_YES
1779965473.2163699,74859.11113251021,74859.11113251021,0.5758551469320482,0.165,435.0,BUY_YES
1779965473.2447147,74859.11113251021,74859.11113251021,0.575937386194139,0.165,225.0,BUY_YES
1779965473.2734377,74859.11113251021,74859.11113251021,0.5760077638197244,0.165,365.0,BUY_YES
1779965473.3770971,74859.11113251021,74859.11113251021,0.5761315021307042,0.165,629.44,BUY_YES
1779965473.4073894,74859.11113251021,74859.11113251021,0.5761509567897022,0.165,383.16,BUY_YES
1779965473.4377303,74859.11113251021,74859.11113251021,0.576174535759387,0.165,479.77,SELL_NO
1779965473.4677472,74859.11113251021,74859.11113251021,0.5761903743139961,0.165,402.75,BUY_YES
1779965473.4948337,74859.11113251021,74859.11113251021,0.5762100961682535,0.165,491.0,BUY_YES
1779965473.5256727,74859.11113251021,74859.11113251021,0.5762408823449849,0.165,490.0,BUY_YES
1779965473.5536516,74859.11113251021,74859.11113251021,0.57627520971972,0.165,489.26,BUY_YES
1779965473.5917385,74859.11113251021,74859.11113251021,0.5763291129875672,0.165,456.0,BUY_YES
1779965473.6196318,74859.11113251021,74859.11113251021,0.5763718921421367,0.165,538.0,BUY_YES
1779965473.6459305,74859.11113251021,74859.11113251021,0.5764168220113162,0.165,520.0,BUY_YES
1779965473.6792176,74859.11113251021,74859.11113251021,0.5764775309937934,0.165,454.0,BUY_YES
1779965473.7123225,74859.11113251021,74859.11113251021,0.5765386148915406,0.165,380.0,BUY_YES
1779965473.7573833,74859.11113251021,74859.11113251021,0.5766191148426321,0.165,540.0,BUY_YES
1779965473.8078513,74859.11113251021,74859.11113251021,0.5767142418669361,0.165,775.0,BUY_YES
1779965473.8432782,74859.11113251021,74859.11113251021,0.5767908830943671,0.165,639.0,BUY_YES
1779965473.8760228,74859.11113251021,74859.11113251021,0.5768642427977283,0.165,743.98,BUY_YES
1779965473.9056036,74859.11113251021,74859.11113251021,0.576934330070829,0.165,400.0,BUY_YES
1779965473.9379854,74859.11113251021,74859.11113251021,0.5770046820857692,0.165,1019.0,BUY_YES
1779965473.967556,74859.11113251021,74859.11113251021,0.577078508928738,0.165,195.0,BUY_YES
1779965473.994874,74859.11113251021,74859.11113251021,0.5771356969619836,0.165,1180.0,BUY_YES
1779965474.615451,74859.11113251021,74859.11113251021,0.5767490020360423,0.165,634.33,BUY_YES
1779965474.6421177,74859.11113251021,74859.11113251021,0.5767075392233425,0.165,395.16,BUY_YES
1779965474.665141,74859.11113251021,74859.11113251021,0.5766943065659329,0.165,472.79999999999995,SELL_NO
1779965475.8523648,74859.11113251021,74859.11113251021,0.5740470352562974,0.165,625.6,BUY_YES
1779965475.8809588,74859.11113251021,74859.11113251021,0.5740069556960641,0.165,402.48,BUY_YES
1779965475.9102535,74859.11113251021,74859.11113251021,0.5741346632286797,0.165,487.77,BUY_YES
1779965477.3260324,74859.11113251021,74859.11113251021,0.5718751228260779,0.165,580.54,BUY_YES
1779965477.3516443,74859.11113251021,74859.11113251021,0.5718543134413212,0.165,406.27,BUY_YES
1779965477.3759894,74859.11113251021,74859.11113251021,0.5719906924765511,0.165,492.77,BUY_YES
1779965477.4081526,74859.11113251021,74859.11113251021,0.5722334730681934,0.165,372.75,BUY_YES
1779965477.4335287,74859.11113251021,74859.11113251021,0.572394663423528,0.165,491.0,BUY_YES
1779965477.458208,74859.11113251021,74859.11113251021,0.5725396477082738,0.165,485.0,BUY_YES
1779965478.8039348,74859.11113251021,74859.11113251021,0.571576273251377,0.165,533.54,BUY_YES
1779965478.8345277,74859.11113251021,74859.11113251021,0.571535909240195,0.165,407.81,BUY_YES
1779965478.8679204,74859.11113251021,74859.11113251021,0.57165954095772,0.165,467.77,BUY_YES
1779965478.9032462,74859.11113251021,74859.11113251021,0.5718681128923264,0.165,402.75,BUY_YES
1779965478.9364705,74859.11113251021,74859.11113251021,0.5720671494385544,0.165,496.0,BUY_YES
1779965478.9671037,74859.11113251021,74859.11113251021,0.5722464487184171,0.165,485.0,BUY_YES
1779965479.001935,74859.11113251021,74859.11113251021,0.5724392093412769,0.165,494.26,BUY_YES
1779965479.0378497,74859.11113251021,74859.11113251021,0.5726250094258342,0.165,466.0,SELL_NO
1779965479.068168,74859.11113251021,74859.11113251021,0.5727441820226228,0.165,523.0,BUY_YES
1779965479.1027293,74859.11113251021,74859.11113251021,0.5728874054459395,0.165,464.0,BUY_YES
1779965479.1365368,74859.11113251021,74859.11113251021,0.5730247488543813,0.165,440.0,BUY_YES
1779965479.1759188,74859.11113251021,74859.11113251021,0.5731424251247826,0.165,87.0,SELL_NO
1779965479.2180898,74859.11113251021,74859.11113251021,0.5732488102679848,0.165,380.0,BUY_YES
1779965479.2573051,74859.11113251021,74859.11113251021,0.5733553169104382,0.165,540.0,BUY_YES
1779965480.6000636,74859.11113251021,74859.11113251021,0.5720652308263813,0.165,530.44,BUY_YES
1779965480.6343606,74859.11113251021,74859.11113251021,0.5720811279981908,0.165,406.24,BUY_YES
1779965480.6691284,74859.11113251021,74859.11113251021,0.5722272228946194,0.165,492.77,BUY_YES
1779965480.7028947,74859.11113251021,74859.11113251021,0.5724260466983369,0.165,402.75,BUY_YES
1779965480.7404342,74859.11113251021,74859.11113251021,0.5726426802406674,0.165,491.0,BUY_YES
1779965480.7701092,74859.11113251021,74859.11113251021,0.5728103713730036,0.165,485.0,BUY_YES
1779965480.8075926,74859.11113251021,74859.11113251021,0.5730103476602881,0.165,499.26,BUY_YES
1779965480.842897,74859.11113251021,74859.11113251021,0.5731875707028865,0.165,456.0,BUY_YES
1779965480.8830156,74859.11113251021,74859.11113251021,0.5733735991317669,0.165,615.0,BUY_YES
1779965480.9200695,74859.11113251021,74859.11113251021,0.573543351305166,0.165,458.0,BUY_YES
1779965480.953588,74859.11113251021,74859.11113251021,0.573683642969279,0.165,440.0,BUY_YES
1779965480.9874334,74859.11113251021,74859.11113251021,0.5738140469538285,0.165,395.0,BUY_YES
1779965481.0281994,74859.11113251021,74859.11113251021,0.5739579025211177,0.165,540.0,BUY_YES
1779965481.0598006,74859.11113251021,74859.11113251021,0.5740669962778826,0.165,775.0,BUY_YES
1779965481.092912,74859.11113251021,74859.11113251021,0.5741869129410756,0.165,639.0,BUY_YES
1779965481.1360235,74859.11113251021,74859.11113251021,0.5743384230664278,0.165,686.77,BUY_YES
1779965481.1707814,74859.11113251021,74859.11113251021,0.5744576913112385,0.165,400.0,BUY_YES
1779965481.2091317,74859.11113251021,74859.11113251021,0.574575454781904,0.165,1019.0,BUY_YES
1779965481.252965,74859.11113251021,74859.11113251021,0.5747224328560165,0.165,490.0,BUY_YES
1779965481.2823582,74859.11113251021,74859.11113251021,0.5748118878175309,0.165,885.02,BUY_YES
1779965486.1652637,74859.11113251021,74859.11113251021,0.5652699831360738,0.165,482.64,BUY_YES
1779965486.1982245,74859.11113251021,74859.11113251021,0.5652501314478797,0.165,370.73,BUY_YES
1779965486.228481,74859.11113251021,74859.11113251021,0.5654364871134482,0.165,462.77,BUY_YES
1779965490.1972404,74859.11113251021,74859.11113251021,0.5415164337627588,0.07500000000000001,386.94,SELL_NO
1779965490.229184,74859.11113251021,74859.11113251021,0.5412273844048996,0.07500000000000001,580.72,SELL_NO
1779965490.2582464,74859.11113251021,74859.11113251021,0.5410447155680007,0.07500000000000001,540.64,SELL_NO
1779965490.2844114,74859.11113251021,74859.11113251021,0.5409666135263234,0.07500000000000001,383.0,SELL_NO
1779965490.533763,74859.11113251021,74859.11113251021,0.5402569905968085,0.07500000000000001,57.25999999999999,SELL_NO
1779965490.8820698,74859.11113251021,74859.11113251021,0.5399181952043813,0.07500000000000001,81.0,SELL_NO
1779965490.9105666,74859.11113251021,74859.11113251021,0.5399609856587277,0.07500000000000001,376.0,BUY_YES
1779965490.938422,74859.11113251021,74859.11113251021,0.5401421953939826,0.07500000000000001,318.0,BUY_YES
1779965490.969489,74859.11113251021,74859.11113251021,0.5403672410087431,0.07500000000000001,263.0,SELL_NO
1779965490.9997299,74859.11113251021,74859.11113251021,0.5405589850807191,0.07500000000000001,381.0,BUY_YES
1779965491.0313618,74859.11113251021,74859.11113251021,0.5407715265243416,0.07500000000000001,464.97,BUY_YES
1779965491.0594413,74859.11113251021,74859.11113251021,0.5409622815745062,0.07500000000000001,748.5,BUY_YES
1779965491.1502163,74859.11113251021,74859.11113251021,0.5416036457082376,0.07500000000000001,351.0,BUY_YES
1779965491.4920475,74859.11113251021,74859.11113251021,0.5425532678795668,0.07500000000000001,61.0,SELL_NO
1779965491.5207155,74859.11113251021,74859.11113251021,0.5425930438538972,0.07500000000000001,336.0,BUY_YES
1779965491.5513518,74859.11113251021,74859.11113251021,0.5426668024284655,0.07500000000000001,962.9,BUY_YES
1779965491.7284715,74859.11113251021,74859.11113251021,0.5429205450661014,0.07500000000000001,434.6,BUY_YES
1779965491.7605681,74859.11113251021,74859.11113251021,0.5430079685105862,0.07500000000000001,381.6,BUY_YES
1779965491.7937987,74859.11113251021,74859.11113251021,0.5431328332540749,0.07500000000000001,588.82,BUY_YES
1779965491.8303986,74859.11113251021,74859.11113251021,0.5433140507856461,0.07500000000000001,1317.57,BUY_YES
1779965491.890455,74859.11113251021,74859.11113251021,0.5435392909313905,0.07500000000000001,476.76,BUY_YES
1779965492.3325548,74859.11113251021,74859.11113251021,0.5440526626845679,0.07500000000000001,798.02,BUY_YES
1779965492.3612654,74859.11113251021,74859.11113251021,0.544168556419805,0.07500000000000001,484.35,BUY_YES
1779965492.393788,74859.11113251021,74859.11113251021,0.5443337907430454,0.07500000000000001,361.8,BUY_YES
1779965492.4236395,74859.11113251021,74859.11113251021,0.5444886884139634,0.07500000000000001,381.6,BUY_YES
1779965492.4549403,74859.11113251021,74859.11113251021,0.5446510584948894,0.07500000000000001,216.4,BUY_YES
1779965492.4865537,74859.11113251021,74859.11113251021,0.5447646842735605,0.07500000000000001,421.7,SELL_NO
1779965492.5210643,74859.11113251021,74859.11113251021,0.5448966901344819,0.07500000000000001,580.72,SELL_NO
1779965492.7938552,74859.11113251021,74859.11113251021,0.5453680012810624,0.07500000000000001,540.64,SELL_NO
1779965493.8205993,74859.11113251021,74859.11113251021,0.544975529457989,0.07500000000000001,315.19,SELL_NO
1779965493.8519378,74859.11113251021,74859.11113251021,0.5449634426526838,0.07500000000000001,580.72,SELL_NO
1779965493.8829331,74859.11113251021,74859.11113251021,0.5451281000373006,0.07500000000000001,560.64,SELL_NO
1779965493.9205635,74859.11113251021,74859.11113251021,0.5454099331494943,0.07500000000000001,423.0,SELL_NO
1779965493.9542623,74859.11113251021,74859.11113251021,0.5456312129641948,0.07500000000000001,376.0,BUY_YES
1779965493.9842017,74859.11113251021,74859.11113251021,0.5458356035451399,0.07500000000000001,318.0,BUY_YES
1779965494.0160651,74859.11113251021,74859.11113251021,0.5460403964054774,0.07500000000000001,278.0,SELL_NO
1779965494.0461843,74859.11113251021,74859.11113251021,0.5462061131642676,0.07500000000000001,336.0,BUY_YES
1779965494.0788608,74859.11113251021,74859.11113251021,0.5463857201010921,0.07500000000000001,464.97,BUY_YES
1779965494.1119614,74859.11113251021,74859.11113251021,0.5465732693665446,0.07500000000000001,718.5,BUY_YES
1779965494.1436973,74859.11113251021,74859.11113251021,0.5467652818735687,0.07500000000000001,336.0,BUY_YES
1779965494.1779532,74859.11113251021,74859.11113251021,0.5469503940163194,0.07500000000000001,336.0,BUY_YES
1779965494.2105885,74859.11113251021,74859.11113251021,0.5471119337731313,0.07500000000000001,969.8,BUY_YES
1779965494.2452106,74859.11113251021,74859.11113251021,0.5473031224813936,0.07500000000000001,434.6,BUY_YES
1779965494.2738676,74859.11113251021,74859.11113251021,0.5474467575999162,0.07500000000000001,406.6,BUY_YES
1779965494.3044784,74859.11113251021,74859.11113251021,0.5475876775928196,0.07500000000000001,613.82,BUY_YES
1779965494.333756,74859.11113251021,74859.11113251021,0.5477205196815326,0.07500000000000001,1287.57,BUY_YES
1779965494.3675597,74859.11113251021,74859.11113251021,0.5478930397068325,0.07500000000000001,456.76,BUY_YES
1779965495.4060452,74859.11113251021,74859.11113251021,0.5481692911400947,0.07500000000000001,284.5,SELL_NO
1779965495.4425418,74859.11113251021,74859.11113251021,0.5481335923122524,0.07500000000000001,580.72,SELL_NO
1779965495.475117,74859.11113251021,74859.11113251021,0.5481557598218322,0.07500000000000001,560.64,SELL_NO
1779965495.5061274,74859.11113251021,74859.11113251021,0.5482370717107979,0.07500000000000001,423.0,SELL_NO
1779965495.5347073,74859.11113251021,74859.11113251021,0.5483224415239195,0.07500000000000001,376.0,BUY_YES
1779965495.5648832,74859.11113251021,74859.11113251021,0.5484472197483871,0.07500000000000001,318.0,BUY_YES
1779965495.598554,74859.11113251021,74859.11113251021,0.5486026556835948,0.07500000000000001,268.0,SELL_NO
1779965495.628656,74859.11113251021,74859.11113251021,0.5487291779254242,0.07500000000000001,336.0,BUY_YES
1779965495.66181,74859.11113251021,74859.11113251021,0.5488797593282917,0.07500000000000001,474.97,BUY_YES
1779965495.6935203,74859.11113251021,74859.11113251021,0.5490378480824901,0.07500000000000001,718.5,BUY_YES
1779965495.7268922,74859.11113251021,74859.11113251021,0.5492238417845282,0.07500000000000001,336.0,BUY_YES
1779965495.762483,74859.11113251021,74859.11113251021,0.5494050271185119,0.07500000000000001,336.0,BUY_YES
1779965495.7946002,74859.11113251021,74859.11113251021,0.5495553427925828,0.07500000000000001,959.8,BUY_YES
1779965495.831313,74859.11113251021,74859.11113251021,0.5497477517492769,0.07500000000000001,469.6,BUY_YES
1779965495.8667817,74859.11113251021,74859.11113251021,0.5499187666446494,0.07500000000000001,406.6,BUY_YES
1779965497.7943056,74859.11113251021,74859.11113251021,0.5491651048843067,0.07500000000000001,243.32,SELL_NO
1779965497.8284092,74859.11113251021,74859.11113251021,0.5491702448147227,0.07500000000000001,580.72,SELL_NO
1779965497.8614194,74859.11113251021,74859.11113251021,0.5493838765487085,0.07500000000000001,560.64,SELL_NO
1779965497.8934293,74859.11113251021,74859.11113251021,0.5496351331327402,0.07500000000000001,423.0,SELL_NO
1779965497.9258637,74859.11113251021,74859.11113251021,0.5498287931913223,0.07500000000000001,381.0,BUY_YES
1779965497.9581926,74859.11113251021,74859.11113251021,0.5500453620826541,0.07500000000000001,318.0,BUY_YES
1779965497.9895537,74859.11113251021,74859.11113251021,0.5502459905496406,0.07500000000000001,263.0,SELL_NO
1779965498.0214067,74859.11113251021,74859.11113251021,0.5504200969713543,0.07500000000000001,341.0,BUY_YES
1779965498.0535836,74859.11113251021,74859.11113251021,0.5505951497319074,0.07500000000000001,459.97,BUY_YES
1779965499.0951483,74859.11113251021,74859.11113251021,0.5504034706780856,0.07500000000000001,261.32,SELL_NO
1779965499.1315398,74859.11113251021,74859.11113251021,0.550359701772034,0.07500000000000001,580.72,SELL_NO
1779965499.160372,74859.11113251021,74859.11113251021,0.5504875682820195,0.07500000000000001,560.64,SELL_NO
1779965499.191958,74859.11113251021,74859.11113251021,0.5507097771078306,0.07500000000000001,423.0,SELL_NO
1779965499.2333755,74859.11113251021,74859.11113251021,0.5509626052332486,0.07500000000000001,376.0,BUY_YES
1779965499.2660499,74859.11113251021,74859.11113251021,0.5511755688873354,0.07500000000000001,318.0,BUY_YES
1779965499.2957113,74859.11113251021,74859.11113251021,0.55135737645812,0.07500000000000001,263.0,SELL_NO
1779965499.328785,74859.11113251021,74859.11113251021,0.5515358398224462,0.07500000000000001,356.0,BUY_YES
1779965499.361283,74859.11113251021,74859.11113251021,0.5517116377491654,0.07500000000000001,459.97,BUY_YES
1779965499.3900177,74859.11113251021,74859.11113251021,0.5518700720238647,0.07500000000000001,758.5,BUY_YES
1779965499.419049,74859.11113251021,74859.11113251021,0.5520424729376711,0.07500000000000001,336.0,BUY_YES
1779965499.4454496,74859.11113251021,74859.11113251021,0.5521824646522582,0.07500000000000001,353.1,BUY_YES
1779965499.4753776,74859.11113251021,74859.11113251021,0.5523260076373032,0.07500000000000001,959.8,BUY_YES
1779965499.5088768,74859.11113251021,74859.11113251021,0.5525041248876339,0.07500000000000001,459.6,BUY_YES
1779965499.5419462,74859.11113251021,74859.11113251021,0.5526641623732488,0.07500000000000001,406.6,BUY_YES
1779965499.5705864,74859.11113251021,74859.11113251021,0.5527913067344283,0.07500000000000001,613.82,BUY_YES
1779965499.6008017,74859.11113251021,74859.11113251021,0.5529222722678371,0.07500000000000001,1297.57,BUY_YES
1779965499.6338913,74859.11113251021,74859.11113251021,0.5530836840457583,0.07500000000000001,456.76,BUY_YES
1779965499.664717,74859.11113251021,74859.11113251021,0.5532175226400932,0.07500000000000001,718.02,BUY_YES
1779965499.6951046,74859.11113251021,74859.11113251021,0.5533446531695891,0.07500000000000001,934.35,BUY_YES
1779965499.723554,74859.11113251021,74859.11113251021,0.5534648369214059,0.07500000000000001,361.8,BUY_YES
1779965499.7562926,74859.11113251021,74859.11113251021,0.5535875347495476,0.07500000000000001,381.6,BUY_YES
1779965499.787719,74859.11113251021,74859.11113251021,0.5536950766649166,0.07500000000000001,216.4,BUY_YES
1779965499.8201513,74859.11113251021,74859.11113251021,0.5537924605378672,0.07500000000000001,271.2,SELL_NO
1779965499.858756,74859.11113251021,74859.11113251021,0.5538974288222333,0.07500000000000001,361.2,SELL_NO
1779965499.8933628,74859.11113251021,74859.11113251021,0.5539872297899123,0.07500000000000001,221.0,SELL_NO
1779965499.9260397,74859.11113251021,74859.11113251021,0.5540639012003978,0.07500000000000001,449.69,SELL_NO
1779965499.9608245,74859.11113251021,74859.11113251021,0.5541462941527728,0.07500000000000001,346.8,SELL_NO
1779965499.9927335,74859.11113251021,74859.11113251021,0.5542195713190028,0.07500000000000001,445.8,SELL_NO
1779965500.023255,74859.11113251021,74859.11113251021,0.5542905420417295,0.07500000000000001,611.66,SELL_NO
1779965500.0557437,74859.11113251021,74859.11113251021,0.5543707819057049,0.07500000000000001,615.6,SELL_NO
1779965500.0874283,74859.11113251021,74859.11113251021,0.5544521396249481,0.07500000000000001,335.6,SELL_NO
1779965500.1204157,74859.11113251021,74859.11113251021,0.5545312562691138,0.07500000000000001,345.6,SELL_NO
1779965500.1564867,74859.11113251021,74859.11113251021,0.5546140410660005,0.07500000000000001,445.4,SELL_NO
1779965500.1875784,74859.11113251021,74859.11113251021,0.5546853448802508,0.07500000000000001,975.01,SELL_NO
1779965500.2177894,74859.11113251021,74859.11113251021,0.5547667169096704,0.07500000000000001,459.26,SELL_NO
1779965500.243894,74859.11113251021,74859.11113251021,0.5548352215438959,0.07500000000000001,340.4,SELL_NO
1779965500.279072,74859.11113251021,74859.11113251021,0.5549221782423318,0.07500000000000001,487.39,SELL_NO
1779965500.3106823,74859.11113251021,74859.11113251021,0.5549992569498704,0.07500000000000001,412.44,SELL_NO
1779965500.3441222,74859.11113251021,74859.11113251021,0.5550782647382215,0.07500000000000001,670.52,SELL_NO
1779965500.3733532,74859.11113251021,74859.11113251021,0.5551513291532295,0.07500000000000001,140.4,SELL_NO
1779965500.5527773,74859.11113251021,74859.11113251021,0.5554063894696557,0.07500000000000001,100.0,SELL_NO
1779965500.8228981,74859.11113251021,74859.11113251021,0.5554242775704223,0.07500000000000001,348.82,SELL_NO
1779965500.8538387,74859.11113251021,74859.11113251021,0.555408814620706,0.07500000000000001,580.72,SELL_NO
1779965500.8890743,74859.11113251021,74859.11113251021,0.5554047449522532,0.07500000000000001,560.64,SELL_NO
1779965500.9209702,74859.11113251021,74859.11113251021,0.5554170360914703,0.07500000000000001,423.0,SELL_NO
1779965500.9563596,74859.11113251021,74859.11113251021,0.5554332833215123,0.07500000000000001,376.0,BUY_YES
1779965500.9868786,74859.11113251021,74859.11113251021,0.5554613656219711,0.07500000000000001,318.0,BUY_YES
1779965501.0210774,74859.11113251021,74859.11113251021,0.5555034928659158,0.07500000000000001,263.0,SELL_NO
1779965501.053178,74859.11113251021,74859.11113251021,0.5555444445148027,0.07500000000000001,356.0,BUY_YES
1779965501.083951,74859.11113251021,74859.11113251021,0.5555945252939279,0.07500000000000001,459.97,BUY_YES
1779965501.1203268,74859.11113251021,74859.11113251021,0.5556716823650403,0.07500000000000001,758.5,BUY_YES
1779965501.1513178,74859.11113251021,74859.11113251021,0.5557628874384122,0.07500000000000001,336.0,BUY_YES
1779965501.1794655,74859.11113251021,74859.11113251021,0.5558455539323446,0.07500000000000001,353.1,BUY_YES
1779965501.2143319,74859.11113251021,74859.11113251021,0.5559474473513527,0.07500000000000001,959.8,BUY_YES
1779965501.2447038,74859.11113251021,74859.11113251021,0.556059054423496,0.07500000000000001,459.6,BUY_YES
1779965501.2757838,74859.11113251021,74859.11113251021,0.5561703394429943,0.07500000000000001,406.6,BUY_YES
1779965501.3094344,74859.11113251021,74859.11113251021,0.5562856510311947,0.07500000000000001,613.82,BUY_YES
1779965501.3505116,74859.11113251021,74859.11113251021,0.5564237516528173,0.07500000000000001,1297.57,BUY_YES
1779965501.3824465,74859.11113251021,74859.11113251021,0.5565532726063762,0.07500000000000001,456.76,BUY_YES
1779965501.4171607,74859.11113251021,74859.11113251021,0.5566819587089598,0.07500000000000001,698.02,BUY_YES
1779965501.4483845,74859.11113251021,74859.11113251021,0.5567959577343848,0.07500000000000001,934.35,BUY_YES
1779965501.4789596,74859.11113251021,74859.11113251021,0.5569101016220236,0.07500000000000001,361.8,BUY_YES
1779965501.5098362,74859.11113251021,74859.11113251021,0.5570134911340877,0.07500000000000001,381.6,BUY_YES
1779965502.2878177,74859.11113251021,74859.11113251021,0.5570983718841211,0.07500000000000001,80.0,SELL_NO
1779965503.359274,74859.11113251021,74859.11113251021,0.5551644963991733,0.07500000000000001,377.57,SELL_NO
1779965503.394328,74859.11113251021,74859.11113251021,0.5551228234277545,0.07500000000000001,592.72,SELL_NO
1779965503.4259648,74859.11113251021,74859.11113251021,0.5552462225270138,0.07500000000000001,560.64,SELL_NO
1779965503.458029,74859.11113251021,74859.11113251021,0.5554362348231475,0.07500000000000001,428.0,SELL_NO
1779965503.4897163,74859.11113251021,74859.11113251021,0.5556108124102498,0.07500000000000001,376.0,BUY_YES
1779965503.5224943,74859.11113251021,74859.11113251021,0.5558183947274603,0.07500000000000001,328.0,BUY_YES
1779965503.5550966,74859.11113251021,74859.11113251021,0.5560162766691125,0.07500000000000001,853.0,SELL_NO
1779965503.587624,74859.11113251021,74859.11113251021,0.5561856769856909,0.07500000000000001,371.0,BUY_YES
1779965503.6174257,74859.11113251021,74859.11113251021,0.5563445859029781,0.07500000000000001,459.97,BUY_YES
1779965503.647739,74859.11113251021,74859.11113251021,0.5565096427281211,0.07500000000000001,773.5,BUY_YES
1779965503.6759057,74859.11113251021,74859.11113251021,0.5566761306255678,0.07500000000000001,346.0,BUY_YES
1779965503.7074468,74859.11113251021,74859.11113251021,0.5568401472842287,0.07500000000000001,343.1,BUY_YES
1779965503.7397556,74859.11113251021,74859.11113251021,0.5569922131968793,0.07500000000000001,959.8,BUY_YES
1779965503.7711549,74859.11113251021,74859.11113251021,0.5571559697585841,0.07500000000000001,459.6,BUY_YES
1779965504.3503168,74859.11113251021,74859.11113251021,0.5576692529839569,0.07500000000000001,200.0,SELL_NO
1779965506.111107,74859.11113251021,74859.11113251021,0.5542857911950244,0.07500000000000001,376.34000000000003,SELL_NO
1779965506.143238,74859.11113251021,74859.11113251021,0.5542600683338523,0.07500000000000001,592.72,SELL_NO
1779965506.173426,74859.11113251021,74859.11113251021,0.5544854209063839,0.07500000000000001,760.64,SELL_NO
1779965506.20534,74859.11113251021,74859.11113251021,0.5547439859252015,0.07500000000000001,429.0,SELL_NO
1779965506.2355695,74859.11113251021,74859.11113251021,0.5549420968739847,0.07500000000000001,386.0,BUY_YES
1779965506.262911,74859.11113251021,74859.11113251021,0.5551274325982363,0.07500000000000001,318.0,BUY_YES
1779965507.742209,74859.11113251021,74859.11113251021,0.5542631351780845,0.07500000000000001,58.890000000000015,SELL_NO
1779965507.7789884,74859.11113251021,74859.11113251021,0.5544115113118974,0.07500000000000001,878.0,SELL_NO
1779965507.9291759,74859.11113251021,74859.11113251021,0.554524333267112,0.07500000000000001,446.23,SELL_NO
1779965507.968376,74859.11113251021,74859.11113251021,0.5546072969894608,0.07500000000000001,592.72,SELL_NO
1779965508.0052981,74859.11113251021,74859.11113251021,0.5548671810555486,0.07500000000000001,760.64,SELL_NO
1779965508.037396,74859.11113251021,74859.11113251021,0.5551141793409864,0.07500000000000001,429.0,SELL_NO
1779965508.074827,74859.11113251021,74859.11113251021,0.5553512634143812,0.07500000000000001,386.0,BUY_YES
1779965508.1080842,74859.11113251021,74859.11113251021,0.5555684138084395,0.07500000000000001,318.0,BUY_YES
1779965508.143595,74859.11113251021,74859.11113251021,0.5557844401726539,0.07500000000000001,878.0,SELL_NO
1779965510.0709045,74859.11113251021,74859.11113251021,0.5529221362635589,0.07500000000000001,59.0,SELL_NO
1779965510.5532086,74859.11113251021,74859.11113251021,0.5516277532368221,0.07500000000000001,429.6,SELL_NO
1779965511.1399043,74859.11113251021,74859.11113251021,0.5508886864584964,0.07500000000000001,592.72,SELL_NO
1779965511.1728818,74859.11113251021,74859.11113251021,0.5511803383839595,0.07500000000000001,416.94,BUY_YES
1779965512.522363,74859.11113251021,74859.11113251021,0.5512259197616332,0.08,511.21999999999997,SELL_NO
1779965512.5560932,74859.11113251021,74859.11113251021,0.551246308716179,0.08,761.88,SELL_NO
1779965512.5897386,74859.11113251021,74859.11113251021,0.551526187527071,0.08,505.7,SELL_NO
1779965512.6237984,74859.11113251021,74859.11113251021,0.5518069887300457,0.08499999999999999,683.0,SELL_NO
1779965512.6559405,74859.11113251021,74859.11113251021,0.5520404418716643,0.08499999999999999,318.0,BUY_YES
1779965512.6888516,74859.11113251021,74859.11113251021,0.5522597766846276,0.08499999999999999,893.0,SELL_NO
1779965512.724245,74859.11113251021,74859.11113251021,0.5524590091630557,0.08499999999999999,341.0,BUY_YES
1779965513.2059438,74859.11113251021,74859.11113251021,0.5533047114095289,0.08499999999999999,55.329999999999984,SELL_NO
1779965513.6556406,74859.11113251021,74859.11113251021,0.5529326412305362,0.08499999999999999,71.84000000000003,SELL_NO
1779965514.0241768,74859.11113251021,74859.11113251021,0.5523447455471984,0.08499999999999999,67.33999999999997,SELL_NO
1779965514.2409108,74859.11113251021,74859.11113251021,0.5517959418302947,0.08499999999999999,715.73,SELL_NO
1779965514.2778373,74859.11113251021,74859.11113251021,0.5517874117796074,0.08499999999999999,756.88,SELL_NO
1779965514.3102746,74859.11113251021,74859.11113251021,0.5519828323137352,0.08499999999999999,505.7,SELL_NO
1779965514.578073,74859.11113251021,74859.11113251021,0.5526270985121755,0.08499999999999999,296.0,SELL_NO
1779965514.6183922,74859.11113251021,74859.11113251021,0.5526838400536378,0.08499999999999999,386.0,BUY_YES
1779965514.6535594,74859.11113251021,74859.11113251021,0.5528944355358437,0.08499999999999999,318.0,BUY_YES
1779965514.6900234,74859.11113251021,74859.11113251021,0.553139668013136,0.08499999999999999,908.0,SELL_NO
1779965514.7221076,74859.11113251021,74859.11113251021,0.5533288714071269,0.08499999999999999,341.0,BUY_YES
1779965514.8434346,74859.11113251021,74859.11113251021,0.5537501159205213,0.08499999999999999,504.97,BUY_YES
1779965514.8765476,74859.11113251021,74859.11113251021,0.5539147699572903,0.08499999999999999,763.5,BUY_YES
1779965514.910012,74859.11113251021,74859.11113251021,0.5541308988607949,0.08499999999999999,326.0,BUY_YES
1779965514.949413,74859.11113251021,74859.11113251021,0.5543570407682827,0.08499999999999999,357.5,SELL_NO
1779965514.9916048,74859.11113251021,74859.11113251021,0.5545472799391247,0.08499999999999999,959.8,BUY_YES
1779965515.0293806,74859.11113251021,74859.11113251021,0.55476380449812,0.08499999999999999,459.6,BUY_YES
1779965515.0669446,74859.11113251021,74859.11113251021,0.5549621826835993,0.08499999999999999,411.6,BUY_YES
1779965515.388049,74859.11113251021,74859.11113251021,0.5556054008503925,0.08499999999999999,65.0,SELL_NO
1779965515.4211547,74859.11113251021,74859.11113251021,0.55562913948205,0.08499999999999999,908.82,BUY_YES
1779965516.1952763,74859.11113251021,74859.11113251021,0.5550447322496054,0.08499999999999999,642.22,SELL_NO
1779965516.2355416,74859.11113251021,74859.11113251021,0.5550043684058417,0.08499999999999999,711.88,SELL_NO
1779965516.4570332,74859.11113251021,74859.11113251021,0.5547318743504774,0.08499999999999999,475.7,SELL_NO
1779965516.4889276,74859.11113251021,74859.11113251021,0.5548329795758068,0.08499999999999999,612.0,SELL_NO
1779965516.5228992,74859.11113251021,74859.11113251021,0.5549942640690908,0.08499999999999999,318.0,BUY_YES
1779965516.5545552,74859.11113251021,74859.11113251021,0.5551914528245625,0.08499999999999999,913.0,SELL_NO
1779965516.5888302,74859.11113251021,74859.11113251021,0.5553783165094609,0.08499999999999999,341.0,BUY_YES
1779965516.6267853,74859.11113251021,74859.11113251021,0.5555904726360629,0.08499999999999999,504.97,BUY_YES
1779965516.662873,74859.11113251021,74859.11113251021,0.5558070007969197,0.08499999999999999,753.5,BUY_YES
1779965516.7008033,74859.11113251021,74859.11113251021,0.5560441773349204,0.08499999999999999,333.3,BUY_YES
1779965516.7380908,74859.11113251021,74859.11113251021,0.5562463700342601,0.08499999999999999,350.2,BUY_YES
1779965516.7730765,74859.11113251021,74859.11113251021,0.5564178040078221,0.08499999999999999,959.8,BUY_YES
1779965516.8105702,74859.11113251021,74859.11113251021,0.5566202145376825,0.08499999999999999,459.6,BUY_YES
1779965516.8451574,74859.11113251021,74859.11113251021,0.5567885380612303,0.08499999999999999,411.6,BUY_YES
1779965516.8761718,74859.11113251021,74859.11113251021,0.5569263607204823,0.08499999999999999,908.82,BUY_YES
1779965516.9073956,74859.11113251021,74859.11113251021,0.557071925916777,0.08499999999999999,987.57,BUY_YES
1779965516.9443192,74859.11113251021,74859.11113251021,0.5572474779870236,0.08499999999999999,682.7,BUY_YES
1779965517.4353626,74859.11113251021,74859.11113251021,0.557866242946419,0.08499999999999999,576.74,BUY_YES
1779965517.4703903,74859.11113251021,74859.11113251021,0.5578957946324086,0.08499999999999999,942.16,BUY_YES
1779965517.5018373,74859.11113251021,74859.11113251021,0.5579692919325184,0.08499999999999999,743.4000000000001,SELL_NO
1779965517.5307033,74859.11113251021,74859.11113251021,0.5580423787933485,0.08499999999999999,223.6,SELL_NO
1779965517.5598395,74859.11113251021,74859.11113251021,0.5581139651890638,0.08499999999999999,271.2,SELL_NO
1779965517.5920348,74859.11113251021,74859.11113251021,0.5581934308853421,0.08499999999999999,361.2,SELL_NO
1779965517.6259623,74859.11113251021,74859.11113251021,0.5582819538211913,0.08499999999999999,221.0,SELL_NO
1779965517.6583803,74859.11113251021,74859.11113251021,0.5583629259652347,0.08499999999999999,414.69,SELL_NO
1779965517.820178,74859.11113251021,74859.11113251021,0.5585746761071521,0.08499999999999999,549.49,SELL_NO
1779965517.8545485,74859.11113251021,74859.11113251021,0.5586010441813718,0.08499999999999999,661.88,SELL_NO
1779965517.8892994,74859.11113251021,74859.11113251021,0.5586416523026358,0.08499999999999999,158.7,SELL_NO
1779965517.919968,74859.11113251021,74859.11113251021,0.5586761219092979,0.08499999999999999,612.0,SELL_NO
1779965517.952402,74859.11113251021,74859.11113251021,0.5587212008900005,0.08499999999999999,298.0,BUY_YES
1779965517.989868,74859.11113251021,74859.11113251021,0.5587857553836294,0.08499999999999999,868.0,SELL_NO
1779965518.0219612,74859.11113251021,74859.11113251021,0.558840821470268,0.08499999999999999,326.0,BUY_YES
1779965518.0587046,74859.11113251021,74859.11113251021,0.5589162341827677,0.08499999999999999,449.97,BUY_YES
1779965518.0962212,74859.11113251021,74859.11113251021,0.5590125745726456,0.08499999999999999,738.5,BUY_YES
1779965518.13585,74859.11113251021,74859.11113251021,0.5591466920755283,0.08499999999999999,333.3,BUY_YES
1779965518.1709626,74859.11113251021,74859.11113251021,0.5592622195021529,0.08499999999999999,350.2,BUY_YES
1779965518.2063348,74859.11113251021,74859.11113251021,0.5593762914589359,0.08499999999999999,934.8,BUY_YES
1779965518.2426183,74859.11113251021,74859.11113251021,0.5595188186016934,0.08499999999999999,429.6,BUY_YES
1779965518.2819943,74859.11113251021,74859.11113251021,0.5596649608791259,0.08499999999999999,406.6,BUY_YES
1779965518.3250053,74859.11113251021,74859.11113251021,0.5598156248442931,0.08499999999999999,908.82,BUY_YES
1779965518.3583987,74859.11113251021,74859.11113251021,0.5599448870030181,0.08499999999999999,707.6,BUY_YES
1779965518.3929017,74859.11113251021,74859.11113251021,0.560077766579014,0.08499999999999999,633.34,BUY_YES
1779965518.4276283,74859.11113251021,74859.11113251021,0.5602076339156624,0.08499999999999999,576.74,BUY_YES
1779965518.4690058,74859.11113251021,74859.11113251021,0.5603549001722262,0.08499999999999999,942.16,BUY_YES
1779965518.5092833,74859.11113251021,74859.11113251021,0.5605041818655281,0.08499999999999999,743.4000000000001,SELL_NO
1779965518.541994,74859.11113251021,74859.11113251021,0.5606122108552576,0.08499999999999999,223.6,SELL_NO
1779965518.5746171,74859.11113251021,74859.11113251021,0.5607061694457425,0.08499999999999999,271.2,SELL_NO
1779965518.6098583,74859.11113251021,74859.11113251021,0.5607974604645753,0.08499999999999999,361.2,SELL_NO
1779965518.6433942,74859.11113251021,74859.11113251021,0.5608791380354854,0.08499999999999999,221.0,SELL_NO
1779965518.6755133,74859.11113251021,74859.11113251021,0.5609494734016165,0.08499999999999999,414.69,SELL_NO
1779965521.086889,74859.11113251021,74859.11113251021,0.5592381022551682,0.08499999999999999,251.65,SELL_NO
1779965521.1141288,74859.11113251021,74859.11113251021,0.5592316106763502,0.08499999999999999,381.88,SELL_NO
1779965521.1415937,74859.11113251021,74859.11113251021,0.5594146395978981,0.08499999999999999,134.7,SELL_NO
1779965521.166861,74859.11113251021,74859.11113251021,0.5595682378230815,0.08499999999999999,489.0,SELL_NO
1779965521.1895506,74859.11113251021,74859.11113251021,0.559717923862862,0.08499999999999999,303.0,BUY_YES
1779965521.216622,74859.11113251021,74859.11113251021,0.5599035480409992,0.08499999999999999,858.0,SELL_NO
1779965521.2413101,74859.11113251021,74859.11113251021,0.5600483865052839,0.08499999999999999,337.0,BUY_YES
1779965521.2659466,74859.11113251021,74859.11113251021,0.5601968155549454,0.08499999999999999,444.97,BUY_YES
1779965521.2893827,74859.11113251021,74859.11113251021,0.5603402486413059,0.08499999999999999,723.5,BUY_YES
1779965521.314721,74859.11113251021,74859.11113251021,0.5605030641199866,0.08499999999999999,321.0,BUY_YES
1779965521.3407671,74859.11113251021,74859.11113251021,0.5606468894299992,0.08499999999999999,336.0,BUY_YES
1779965521.364327,74859.11113251021,74859.11113251021,0.5607638406630098,0.08499999999999999,331.0,BUY_YES
1779965521.3912451,74859.11113251021,74859.11113251021,0.5608865299186752,0.08499999999999999,397.8,BUY_YES
1779965521.4162498,74859.11113251021,74859.11113251021,0.5609952712810904,0.08499999999999999,345.0,BUY_YES
1779965521.4411225,74859.11113251021,74859.11113251021,0.5610970523508522,0.08499999999999999,608.82,BUY_YES
1779965521.4694514,74859.11113251021,74859.11113251021,0.5612173765756542,0.08499999999999999,407.6,BUY_YES
1779965521.49769,74859.11113251021,74859.11113251021,0.5613306221558118,0.08499999999999999,402.4,BUY_YES
1779965521.5249565,74859.11113251021,74859.11113251021,0.5614337741924589,0.08499999999999999,516.74,BUY_YES
1779965521.5537739,74859.11113251021,74859.11113251021,0.5615414610040061,0.08499999999999999,642.16,BUY_YES
1779965521.581517,74859.11113251021,74859.11113251021,0.5616471065583528,0.08499999999999999,743.4000000000001,SELL_NO
1779965521.6075716,74859.11113251021,74859.11113251021,0.5617392311999149,0.08499999999999999,216.4,SELL_NO
1779965521.6369421,74859.11113251021,74859.11113251021,0.561830712518599,0.08499999999999999,266.2,SELL_NO
1779965521.6612306,74859.11113251021,74859.11113251021,0.5618998949476148,0.08499999999999999,361.2,SELL_NO
1779965521.6873925,74859.11113251021,74859.11113251021,0.5619717188189076,0.08499999999999999,231.0,SELL_NO
1779965521.717991,74859.11113251021,74859.11113251021,0.5620485206464354,0.08499999999999999,331.0,SELL_NO
1779965521.7431583,74859.11113251021,74859.11113251021,0.5621097930243838,0.08499999999999999,341.8,SELL_NO
1779965521.7708535,74859.11113251021,74859.11113251021,0.5621756116200747,0.08499999999999999,435.8,SELL_NO
1779965521.7955244,74859.11113251021,74859.11113251021,0.5622356864888218,0.08499999999999999,347.66,SELL_NO
1779965521.8239775,74859.11113251021,74859.11113251021,0.5623033283055979,0.08499999999999999,615.6,SELL_NO
1779965521.8542604,74859.11113251021,74859.11113251021,0.5623817467985425,0.08499999999999999,335.6,SELL_NO
1779965521.8860402,74859.11113251021,74859.11113251021,0.5624602673195627,0.08499999999999999,345.6,SELL_NO
1779965521.9149575,74859.11113251021,74859.11113251021,0.5625291660080796,0.08499999999999999,445.4,SELL_NO
1779965521.9413986,74859.11113251021,74859.11113251021,0.5625929001224835,0.08499999999999999,675.01,SELL_NO
1779965522.2997518,74859.11113251021,74859.11113251021,0.5627928782731767,0.08499999999999999,246.65,SELL_NO
1779965522.3250284,74859.11113251021,74859.11113251021,0.5627836288678375,0.08499999999999999,281.88,SELL_NO
1779965522.3531876,74859.11113251021,74859.11113251021,0.5627789659968482,0.08499999999999999,114.0,SELL_NO
1779965522.3815284,74859.11113251021,74859.11113251021,0.5627748239708237,0.08499999999999999,481.0,SELL_NO
1779965522.4099984,74859.11113251021,74859.11113251021,0.5627782720844826,0.08499999999999999,303.0,BUY_YES
1779965522.438034,74859.11113251021,74859.11113251021,0.5627959640730827,0.08499999999999999,858.0,SELL_NO
1779965522.4688566,74859.11113251021,74859.11113251021,0.5628202672230646,0.08499999999999999,337.0,BUY_YES
1779965522.4928617,74859.11113251021,74859.11113251021,0.5628517753752883,0.08499999999999999,444.97,BUY_YES
1779965522.5225394,74859.11113251021,74859.11113251021,0.5629103554745256,0.08499999999999999,723.5,BUY_YES
1779965522.5528028,74859.11113251021,74859.11113251021,0.5630007005542739,0.08499999999999999,321.0,BUY_YES
1779965522.577451,74859.11113251021,74859.11113251021,0.5630743253252838,0.08499999999999999,336.0,BUY_YES
1779965522.605945,74859.11113251021,74859.11113251021,0.5631584337936455,0.08499999999999999,331.0,BUY_YES
1779965522.6353679,74859.11113251021,74859.11113251021,0.5632449227373453,0.08499999999999999,391.0,BUY_YES
1779965522.6609535,74859.11113251021,74859.11113251021,0.5633217501821234,0.08499999999999999,345.0,BUY_YES
1779965522.690987,74859.11113251021,74859.11113251021,0.5634112056023045,0.08499999999999999,577.42,BUY_YES
1779965522.7194638,74859.11113251021,74859.11113251021,0.5635035217160677,0.08499999999999999,401.3,BUY_YES
1779965522.7442532,74859.11113251021,74859.11113251021,0.5635816395892677,0.08499999999999999,422.4,BUY_YES
1779965522.7723243,74859.11113251021,74859.11113251021,0.5636687358192561,0.08499999999999999,516.74,BUY_YES
1779965522.7960975,74859.11113251021,74859.11113251021,0.5637438137004974,0.08499999999999999,1003.96,SELL_NO
1779965523.5030785,74859.11113251021,74859.11113251021,0.5637851208711132,0.08499999999999999,217.60000000000002,SELL_NO
1779965523.5280879,74859.11113251021,74859.11113251021,0.563751535566816,0.08499999999999999,271.88,SELL_NO
1779965523.5566778,74859.11113251021,74859.11113251021,0.5637316717421803,0.08499999999999999,143.0,SELL_NO
1779965523.5848749,74859.11113251021,74859.11113251021,0.5637182431455793,0.08499999999999999,481.0,SELL_NO
1779965523.6151006,74859.11113251021,74859.11113251021,0.5637231589224503,0.08499999999999999,303.0,BUY_YES
1779965523.6432939,74859.11113251021,74859.11113251021,0.5637644697129631,0.08499999999999999,258.0,SELL_NO
1779965523.670787,74859.11113251021,74859.11113251021,0.5638143181983006,0.08499999999999999,337.0,BUY_YES
1779965523.702298,74859.11113251021,74859.11113251021,0.5639050598824412,0.08499999999999999,444.97,BUY_YES
1779965523.7273061,74859.11113251021,74859.11113251021,0.5640026837195937,0.08499999999999999,713.5,BUY_YES
1779965523.7561455,74859.11113251021,74859.11113251021,0.5641474031712681,0.08499999999999999,331.0,BUY_YES
1779965523.7850537,74859.11113251021,74859.11113251021,0.5642820827913199,0.08499999999999999,336.0,BUY_YES
1779965523.8099742,74859.11113251021,74859.11113251021,0.5643904439723535,0.08499999999999999,331.0,BUY_YES
1779965523.8372607,74859.11113251021,74859.11113251021,0.5645018088773006,0.08499999999999999,401.0,BUY_YES
1779965523.865477,74859.11113251021,74859.11113251021,0.5646140110720662,0.09,345.0,BUY_YES
1779965523.8917012,74859.11113251021,74859.11113251021,0.5647126548318704,0.09,577.42,BUY_YES
1779965523.922744,74859.11113251021,74859.11113251021,0.56483412053884,0.09,401.3,BUY_YES
1779965523.953004,74859.11113251021,74859.11113251021,0.5649464753365225,0.09,422.4,BUY_YES
1779965523.9773366,74859.11113251021,74859.11113251021,0.5650332822887206,0.09,516.74,BUY_YES
1779965524.0050263,74859.11113251021,74859.11113251021,0.5651316342189887,0.09,588.96,SELL_NO
1779965524.0333548,74859.11113251021,74859.11113251021,0.5652206803347536,0.09,381.6,SELL_NO
1779965524.0606632,74859.11113251021,74859.11113251021,0.5653037274611701,0.09,216.4,SELL_NO
1779965524.0869753,74859.11113251021,74859.11113251021,0.5653755296935938,0.09,266.2,SELL_NO
1779965524.111104,74859.11113251021,74859.11113251021,0.5654365586335033,0.09,361.2,SELL_NO
1779965524.138483,74859.11113251021,74859.11113251021,0.5655051461866735,0.09,231.0,SELL_NO
1779965524.165213,74859.11113251021,74859.11113251021,0.5655670331691983,0.09,331.0,SELL_NO
1779965524.1896517,74859.11113251021,74859.11113251021,0.565622851062707,0.09,341.8,SELL_NO
1779965524.2180915,74859.11113251021,74859.11113251021,0.565687313422814,0.09,435.8,SELL_NO
1779965524.2451742,74859.11113251021,74859.11113251021,0.5657511673468032,0.09,347.66,SELL_NO
1779965524.2735617,74859.11113251021,74859.11113251021,0.5658169608855291,0.095,403.6,SELL_NO
1779965524.3069777,74859.11113251021,74859.11113251021,0.5658952718640312,0.095,335.6,SELL_NO
1779965524.338336,74859.11113251021,74859.11113251021,0.5659667495765812,0.095,345.6,SELL_NO
1779965524.367049,74859.11113251021,74859.11113251021,0.5660309213056358,0.095,445.4,SELL_NO
1779965524.3947282,74859.11113251021,74859.11113251021,0.5660785612538143,0.08499999999999999,70.31,SELL_NO
1779965524.6011167,74859.11113251021,74859.11113251021,0.5661964995029224,0.08499999999999999,70.31,SELL_NO
1779965524.6292014,74859.11113251021,74859.11113251021,0.5661876631166887,0.08499999999999999,227.51,SELL_NO
1779965524.6589193,74859.11113251021,74859.11113251021,0.566180390411847,0.08499999999999999,110.0,SELL_NO
1779965524.6883607,74859.11113251021,74859.11113251021,0.5661712114759683,0.08499999999999999,481.0,SELL_NO
1779965524.722647,74859.11113251021,74859.11113251021,0.5661686405280338,0.08499999999999999,303.0,BUY_YES
1779965524.7570603,74859.11113251021,74859.11113251021,0.5661819338628108,0.08499999999999999,258.0,SELL_NO
1779965524.787478,74859.11113251021,74859.11113251021,0.5661968769885746,0.08499999999999999,337.0,BUY_YES
1779965524.8127623,74859.11113251021,74859.11113251021,0.5662217089962706,0.08499999999999999,444.97,BUY_YES
1779965524.8393993,74859.11113251021,74859.11113251021,0.5662636747083677,0.08499999999999999,713.5,BUY_YES
1779965524.8672967,74859.11113251021,74859.11113251021,0.5663349916948754,0.08499999999999999,331.0,BUY_YES
1779965524.891756,74859.11113251021,74859.11113251021,0.5663991664458777,0.08499999999999999,336.0,BUY_YES
1779965524.9209363,74859.11113251021,74859.11113251021,0.5664779221031924,0.08499999999999999,331.0,BUY_YES
1779965525.9714782,74859.11113251021,74859.11113251021,0.5656818385646913,0.1,132.84,SELL_NO
1779965526.0039213,74859.11113251021,74859.11113251021,0.5656368366544353,0.1,283.0,SELL_NO
1779965526.0338018,74859.11113251021,74859.11113251021,0.5656236549808374,0.1,318.0,BUY_YES
1779965526.060394,74859.11113251021,74859.11113251021,0.5657028090595394,0.1,318.0,BUY_YES
1779965526.0870857,74859.11113251021,74859.11113251021,0.5658311177728689,0.1,263.0,SELL_NO
1779965526.1154463,74859.11113251021,74859.11113251021,0.5659618316250982,0.1,326.0,BUY_YES
1779965527.8097246,74859.11113251021,74859.11113251021,0.5635878961546334,0.08499999999999999,59.0,SELL_NO
1779965527.8684695,74859.11113251021,74859.11113251021,0.5631339303175756,0.08499999999999999,100.0,SELL_NO
1779965527.894346,74859.11113251021,74859.11113251021,0.563163658878522,0.08499999999999999,102.04,SELL_NO
1779965527.9217253,74859.11113251021,74859.11113251021,0.5632074718631934,0.08499999999999999,96.15,SELL_NO
1779965527.9457192,74859.11113251021,74859.11113251021,0.5633109764667965,0.08499999999999999,521.0,SELL_NO
1779965527.9726086,74859.11113251021,74859.11113251021,0.5635249218760434,0.08499999999999999,346.0,BUY_YES
1779965528.9241505,74859.11113251021,74859.11113251021,0.5590371996622244,0.08499999999999999,169.0,SELL_NO
1779965528.9556174,74859.11113251021,74859.11113251021,0.5589467785896631,0.08499999999999999,102.04,SELL_NO
1779965528.9832747,74859.11113251021,74859.11113251021,0.5589136557823975,0.08499999999999999,162.15,SELL_NO
1779965529.0071442,74859.11113251021,74859.11113251021,0.5589335820833377,0.08499999999999999,521.0,SELL_NO
1779965529.0379395,74859.11113251021,74859.11113251021,0.5591304408374147,0.08499999999999999,351.0,BUY_YES
1779965529.0616264,74859.11113251021,74859.11113251021,0.5593174859947179,0.08499999999999999,263.0,SELL_NO
1779965529.0898867,74859.11113251021,74859.11113251021,0.5595049695746979,0.08499999999999999,326.0,BUY_YES
1779965529.116981,74859.11113251021,74859.11113251021,0.5596857498063559,0.08499999999999999,454.97,BUY_YES
1779965529.1401756,74859.11113251021,74859.11113251021,0.5598406944021005,0.08499999999999999,713.5,BUY_YES
1779965529.1644192,74859.11113251021,74859.11113251021,0.5599449064551081,0.08499999999999999,177.0,SELL_NO
1779965529.1878066,74859.11113251021,74859.11113251021,0.5600436915247262,0.08499999999999999,326.0,BUY_YES
1779965529.2144744,74859.11113251021,74859.11113251021,0.5601674985893985,0.08499999999999999,346.0,BUY_YES
1779965529.2410042,74859.11113251021,74859.11113251021,0.5602950644112746,0.08499999999999999,321.0,BUY_YES
1779965529.2717717,74859.11113251021,74859.11113251021,0.5604400700277004,0.08499999999999999,397.8,BUY_YES
1779965529.301544,74859.11113251021,74859.11113251021,0.560580687979784,0.08499999999999999,350.0,SELL_NO
1779965529.7328174,74859.11113251021,74859.11113251021,0.5609985044530108,0.08499999999999999,72.0,SELL_NO
1779965529.8328462,74859.11113251021,74859.11113251021,0.5609327878919702,0.08499999999999999,60.0,SELL_NO
1779965529.9927795,74859.11113251021,74859.11113251021,0.5607594299961451,0.08499999999999999,201.0,SELL_NO
1779965530.020258,74859.11113251021,74859.11113251021,0.5607275487831964,0.08499999999999999,112.04,SELL_NO
1779965530.0446231,74859.11113251021,74859.11113251021,0.5607020554591134,0.08499999999999999,177.15,SELL_NO
1779965530.0715148,74859.11113251021,74859.11113251021,0.5606846301299291,0.08499999999999999,698.0,SELL_NO
1779965530.0953562,74859.11113251021,74859.11113251021,0.5607190941501945,0.08499999999999999,328.0,BUY_YES
1779965530.1222873,74859.11113251021,74859.11113251021,0.5608206446279134,0.08499999999999999,258.0,SELL_NO
1779965530.1510575,74859.11113251021,74859.11113251021,0.5609344253969698,0.08499999999999999,926.0,BUY_YES
1779965530.175258,74859.11113251021,74859.11113251021,0.5610940170620942,0.08499999999999999,454.97,BUY_YES
1779965530.2037268,74859.11113251021,74859.11113251021,0.5612679066947847,0.08499999999999999,713.5,BUY_YES
1779965530.2287974,74859.11113251021,74859.11113251021,0.5614208128139253,0.08499999999999999,326.0,BUY_YES
1779965530.2590806,74859.11113251021,74859.11113251021,0.5615790175922671,0.08499999999999999,336.0,BUY_YES
1779965530.286298,74859.11113251021,74859.11113251021,0.561706038245043,0.08499999999999999,326.0,BUY_YES
1779965530.3109937,74859.11113251021,74859.11113251021,0.561810450003182,0.08499999999999999,402.8,BUY_YES
1779965530.3412547,74859.11113251021,74859.11113251021,0.5619317172292131,0.08499999999999999,345.0,BUY_YES
1779965531.1790555,74859.11113251021,74859.11113251021,0.5617891993177266,0.08499999999999999,106.41,SELL_NO
1779965531.3262277,74859.11113251021,74859.11113251021,0.5615539037098078,0.08499999999999999,151.85,SELL_NO
1779965531.354582,74859.11113251021,74859.11113251021,0.5615062066814174,0.08499999999999999,211.94,SELL_NO
1779965531.3787043,74859.11113251021,74859.11113251021,0.561497494346196,0.08499999999999999,170.0,SELL_NO
1779965531.407284,74859.11113251021,74859.11113251021,0.5615005060691254,0.08499999999999999,698.0,SELL_NO
1779965531.4358094,74859.11113251021,74859.11113251021,0.5615669612104617,0.08499999999999999,328.0,BUY_YES
1779965532.2010317,74859.11113251021,74859.11113251021,0.5601750482530361,0.08499999999999999,66.0,SELL_NO
1779965532.2262046,74859.11113251021,74859.11113251021,0.5600943301121041,0.08499999999999999,289.0,SELL_NO
1779965532.2539217,74859.11113251021,74859.11113251021,0.5602283056357003,0.08499999999999999,926.0,BUY_YES
1779965532.5582783,74859.11113251021,74859.11113251021,0.5604771922430879,0.09,454.97,BUY_YES
1779965532.5850346,74859.11113251021,74859.11113251021,0.560329979152829,0.09,222.85,SELL_NO
1779965532.6092632,74859.11113251021,74859.11113251021,0.5603499097366529,0.09,205.94,SELL_NO
1779965532.6360471,74859.11113251021,74859.11113251021,0.5605172564479186,0.09,327.0,SELL_NO
1779965532.6598098,74859.11113251021,74859.11113251021,0.5606764846869492,0.09,495.0,BUY_YES
1779965532.6857145,74859.11113251021,74859.11113251021,0.5608848682213283,0.09,323.0,BUY_YES
1779965532.7109497,74859.11113251021,74859.11113251021,0.5610626738924046,0.09,289.0,SELL_NO
1779965533.7233684,74859.11113251021,74859.11113251021,0.5614086328833487,0.08499999999999999,63.0,SELL_NO
1779965533.7517684,74859.11113251021,74859.11113251021,0.5614342735362394,0.08499999999999999,135.0,SELL_NO
1779965534.011552,74859.11113251021,74859.11113251021,0.5616461396743192,0.08499999999999999,58.0,SELL_NO
1779965534.0392294,74859.11113251021,74859.11113251021,0.5616348970701989,0.08499999999999999,159.0,SELL_NO
1779965534.0656238,74859.11113251021,74859.11113251021,0.5616255083075671,0.08499999999999999,936.0,SELL_NO
1779965534.0905538,74859.11113251021,74859.11113251021,0.5616317308217976,0.08499999999999999,454.97,BUY_YES
1779965534.118282,74859.11113251021,74859.11113251021,0.561831989185268,0.08499999999999999,713.5,BUY_YES
1779965534.1442776,74859.11113251021,74859.11113251021,0.5620391920195343,0.08499999999999999,341.0,BUY_YES
1779965534.1732597,74859.11113251021,74859.11113251021,0.5622327984857132,0.08499999999999999,336.0,BUY_YES
1779965534.201586,74859.11113251021,74859.11113251021,0.5624003090899963,0.08499999999999999,326.0,BUY_YES
1779965534.2269504,74859.11113251021,74859.11113251021,0.5625361612558362,0.08499999999999999,402.8,BUY_YES
1779965534.2519152,74859.11113251021,74859.11113251021,0.562663464620223,0.08499999999999999,975.0,BUY_YES
1779965536.5720947,74859.11113251021,74859.11113251021,0.5583207309120306,0.08499999999999999,67.01,SELL_NO
1779965536.6014285,74859.11113251021,74859.11113251021,0.5583653809591413,0.08499999999999999,337.84000000000003,SELL_NO
1779965536.6296005,74859.11113251021,74859.11113251021,0.5585985718362237,0.08499999999999999,233.0,SELL_NO
1779965536.6609166,74859.11113251021,74859.11113251021,0.5588316694575222,0.08499999999999999,547.0,SELL_NO
1779965537.8537245,74859.11113251021,74859.11113251021,0.56007268608973,0.08499999999999999,89.02,SELL_NO
1779965537.8849444,74859.11113251021,74859.11113251021,0.5600878071089661,0.08499999999999999,341.84000000000003,SELL_NO
1779965537.9086921,74859.11113251021,74859.11113251021,0.5602251244965184,0.08499999999999999,233.0,SELL_NO
1779965537.9364672,74859.11113251021,74859.11113251021,0.5603975174017799,0.08499999999999999,597.0,SELL_NO
1779965537.967155,74859.11113251021,74859.11113251021,0.5606194897455994,0.08499999999999999,472.0,BUY_YES
1779965537.999268,74859.11113251021,74859.11113251021,0.5608628193179889,0.08499999999999999,362.56,SELL_NO
1779965538.0273929,74859.11113251021,74859.11113251021,0.5610404837386868,0.08499999999999999,326.0,BUY_YES
1779965538.0604956,74859.11113251021,74859.11113251021,0.5612380427364669,0.08499999999999999,454.97,BUY_YES
1779965538.0900223,74859.11113251021,74859.11113251021,0.5614127754603717,0.08499999999999999,713.5,BUY_YES
1779965538.1208417,74859.11113251021,74859.11113251021,0.5616019678338461,0.08499999999999999,361.0,BUY_YES
1779965538.1445913,74859.11113251021,74859.11113251021,0.5617294501595728,0.08499999999999999,346.0,BUY_YES
1779965538.1749804,74859.11113251021,74859.11113251021,0.561875947745161,0.08499999999999999,351.0,BUY_YES
1779965538.1990814,74859.11113251021,74859.11113251021,0.5619827311162564,0.08499999999999999,404.6,BUY_YES
1779965538.2268732,74859.11113251021,74859.11113251021,0.5620998317253234,0.08499999999999999,411.6,BUY_YES
1779965539.303224,74859.11113251021,74859.11113251021,0.5616262834175859,0.08499999999999999,69.0,SELL_NO
1779965539.3290014,74859.11113251021,74859.11113251021,0.5615864615097486,0.08499999999999999,371.84000000000003,SELL_NO
1779965539.3599162,74859.11113251021,74859.11113251021,0.5616117020116009,0.08499999999999999,233.0,SELL_NO
1779965539.3918226,74859.11113251021,74859.11113251021,0.5616688108133856,0.08499999999999999,597.0,SELL_NO
1779965539.4203944,74859.11113251021,74859.11113251021,0.5617826972426372,0.08499999999999999,482.0,BUY_YES
1779965539.4501438,74859.11113251021,74859.11113251021,0.5619622701349939,0.08499999999999999,357.0,SELL_NO
1779965539.498452,74859.11113251021,74859.11113251021,0.5622249146800191,0.08499999999999999,936.0,BUY_YES
1779965539.5312011,74859.11113251021,74859.11113251021,0.5624478506355376,0.08499999999999999,444.97,BUY_YES
1779965539.9029918,74859.11113251021,74859.11113251021,0.5631429111890545,0.08499999999999999,56.0,SELL_NO
1779965539.937441,74859.11113251021,74859.11113251021,0.5631525319700316,0.08499999999999999,713.5,BUY_YES
1779965539.9702482,74859.11113251021,74859.11113251021,0.5632581361614835,0.08499999999999999,371.0,BUY_YES
1779965540.0023425,74859.11113251021,74859.11113251021,0.5633821189442157,0.08499999999999999,346.0,BUY_YES
1779965540.0319622,74859.11113251021,74859.11113251021,0.5635037924734747,0.08499999999999999,651.0,BUY_YES
1779965540.060513,74859.11113251021,74859.11113251021,0.5636419421171851,0.08499999999999999,429.6,BUY_YES
1779965540.091249,74859.11113251021,74859.11113251021,0.5637850798687728,0.08499999999999999,406.6,BUY_YES
1779965540.1227503,74859.11113251021,74859.11113251021,0.5639241916952062,0.08499999999999999,613.82,BUY_YES
1779965540.152208,74859.11113251021,74859.11113251021,0.5640571790740048,0.08499999999999999,1007.6,BUY_YES
1779965540.1791384,74859.11113251021,74859.11113251021,0.5641906389454288,0.08499999999999999,989.14,SELL_NO
1779965540.8004713,74859.11113251021,74859.11113251021,0.5644863941458185,0.09,176.0,SELL_NO
1779965540.8324053,74859.11113251021,74859.11113251021,0.5644511039503974,0.09,253.84,SELL_NO
1779965540.8662815,74859.11113251021,74859.11113251021,0.5644324285650948,0.09,393.0,SELL_NO
1779965540.8955123,74859.11113251021,74859.11113251021,0.5644293983000227,0.09,342.25,BUY_YES
1779965540.9192088,74859.11113251021,74859.11113251021,0.5644568670802219,0.09,328.0,BUY_YES
1779965540.945476,74859.11113251021,74859.11113251021,0.5645130777266583,0.09,268.0,SELL_NO
1779965540.9775863,74859.11113251021,74859.11113251021,0.5645850311181858,0.09,936.0,BUY_YES
1779965542.3071394,74859.11113251021,74859.11113251021,0.5629274497420584,0.095,100.0,SELL_NO
1779965542.859258,74859.11113251021,74859.11113251021,0.5606429505740532,0.095,291.67,SELL_NO
1779965542.8868172,74859.11113251021,74859.11113251021,0.5605311292503434,0.095,258.84000000000003,SELL_NO
1779965542.9143744,74859.11113251021,74859.11113251021,0.5606783977104406,0.095,575.0,SELL_NO
1779965542.9410136,74859.11113251021,74859.11113251021,0.5608657938161452,0.095,416.25,BUY_YES
1779965543.3539586,74859.11113251021,74859.11113251021,0.5614639852667038,0.095,56.999999999999986,SELL_NO
1779965543.3838155,74859.11113251021,74859.11113251021,0.5615355940351435,0.095,353.0,BUY_YES
1779965543.416145,74859.11113251021,74859.11113251021,0.5617796598488788,0.095,268.0,SELL_NO
1779965543.4446738,74859.11113251021,74859.11113251021,0.5619671483491893,0.095,936.0,BUY_YES
1779965543.4756374,74859.11113251021,74859.11113251021,0.5622161796378273,0.095,444.97,BUY_YES
1779965543.507221,74859.11113251021,74859.11113251021,0.5624299181979013,0.095,713.5,BUY_YES
1779965543.9087853,74859.11113251021,74859.11113251021,0.5630127650614607,0.095,63.0,SELL_NO
1779965543.937218,74859.11113251021,74859.11113251021,0.56301094797266,0.095,381.0,BUY_YES
1779965543.9671872,74859.11113251021,74859.11113251021,0.5630696112542523,0.095,336.0,BUY_YES
1779965544.0007777,74859.11113251021,74859.11113251021,0.563177209042203,0.095,957.9,BUY_YES
1779965544.0300856,74859.11113251021,74859.11113251021,0.563343483327611,0.095,429.6,BUY_YES
1779965544.0535903,74859.11113251021,74859.11113251021,0.5634684204774426,0.095,406.6,BUY_YES
1779965544.1660178,74859.11113251021,74859.11113251021,0.5638067417061411,0.095,64.00000000000003,SELL_NO
1779965544.1922827,74859.11113251021,74859.11113251021,0.5638541822318536,0.095,613.82,BUY_YES
1779965544.220771,74859.11113251021,74859.11113251021,0.5639421550895132,0.095,1007.6,BUY_YES
1779965544.241964,74859.11113251021,74859.11113251021,0.5640489292077677,0.095,1215.08,SELL_NO
1779965544.2738223,74859.11113251021,74859.11113251021,0.5641571707378236,0.095,263.4959444319247,BUY_YES
1779965546.7855563,74859.11113251021,74859.11113251021,0.5450852906633291,0.015,4481.42,SELL_NO
1779965546.822675,74859.11113251021,74859.11113251021,0.5450112936676526,0.015,2388.8199999999997,SELL_NO
1779965546.8624222,74859.11113251021,74859.11113251021,0.5451155303132748,0.015,852.4,BUY_YES
1779965546.8986087,74859.11113251021,74859.11113251021,0.5453035889561892,0.015,666.3399999999999,SELL_NO
1779965546.934063,74859.11113251021,74859.11113251021,0.5454759320486046,0.015,465.66999999999996,SELL_NO
1779965546.9662282,74859.11113251021,74859.11113251021,0.5456249902931801,0.015,525.04,SELL_NO
1779965547.0026717,74859.11113251021,74859.11113251021,0.545787251973997,0.015,382.6,SELL_NO
1779965547.0380552,74859.11113251021,74859.11113251021,0.5459088105167149,0.015,100.0,SELL_NO
1779965547.076688,74859.11113251021,74859.11113251021,0.546030916788449,0.015,363.87,BUY_YES
1779965547.1155834,74859.11113251021,74859.11113251021,0.546170485066154,0.015,395.38,BUY_YES
1779965547.148338,74859.11113251021,74859.11113251021,0.546298984222253,0.015,362.98,SELL_NO
1779965547.1834962,74859.11113251021,74859.11113251021,0.5464283410699522,0.015,353.33000000000004,SELL_NO
1779965547.2191145,74859.11113251021,74859.11113251021,0.5465515864653369,0.015,261.6,BUY_YES
1779965547.25713,74859.11113251021,74859.11113251021,0.5466540536191382,0.015,100.0,SELL_NO
1779965547.2909238,74859.11113251021,74859.11113251021,0.5467236322145671,0.015,100.0,SELL_NO
1779965547.328339,74859.11113251021,74859.11113251021,0.5467962855034291,0.015,567.8,BUY_YES
1779965547.3651528,74859.11113251021,74859.11113251021,0.546906812409219,0.015,330.79999999999995,SELL_NO
1779965547.4058416,74859.11113251021,74859.11113251021,0.5470249973221437,0.015,214.8,BUY_YES
1779965547.5116878,74859.11113251021,74859.11113251021,0.5472429465973419,0.015,66.29999999999973,SELL_NO
1779965549.4089763,74859.11113251021,74859.11113251021,0.5454449804010232,0.015,55.0,SELL_NO
1779965549.4422455,74859.11113251021,74859.11113251021,0.545445276774507,0.015,1287.6500000000003,SELL_NO
1779965549.5077877,74859.11113251021,74859.11113251021,0.5457683912881683,0.015,300.0,SELL_NO
1779965550.2226086,74859.11113251021,74859.11113251021,0.5468890670907091,0.015,350.94000000000005,SELL_NO
1779965550.5454,74859.11113251021,74859.11113251021,0.5470486512040433,0.015,4573.53,SELL_NO
1779965550.576437,74859.11113251021,74859.11113251021,0.5470511087511152,0.015,2521.94,SELL_NO
1779965550.6104014,74859.11113251021,74859.11113251021,0.5471390206876516,0.015,694.52,SELL_NO
1779965550.6471198,74859.11113251021,74859.11113251021,0.5473275310535349,0.015,1310.47,SELL_NO
1779965550.6832802,74859.11113251021,74859.11113251021,0.5475529728665662,0.015,683.1899999999999,SELL_NO
1779965550.7175496,74859.11113251021,74859.11113251021,0.5477513212153385,0.015,478.29,SELL_NO
1779965550.788786,74859.11113251021,74859.11113251021,0.5480511175866032,0.015,305.0,SELL_NO
1779965550.8236096,74859.11113251021,74859.11113251021,0.5481610354664989,0.015,466.44,SELL_NO
1779965551.1479874,74859.11113251021,74859.11113251021,0.5486106672791412,0.015,173.71000000000004,SELL_NO
1779965551.9685636,74859.11113251021,74859.11113251021,0.5480414016913194,0.015,138.0,SELL_NO
1779965552.0042353,74859.11113251021,74859.11113251021,0.5480159143609851,0.015,608.3399999999999,SELL_NO
1779965552.0457373,74859.11113251021,74859.11113251021,0.5482481625951087,0.015,307.9999999999999,SELL_NO
1779965552.084276,74859.11113251021,74859.11113251021,0.5478054122863164,0.015,4968.53,SELL_NO
1779965552.272814,74859.11113251021,74859.11113251021,0.5480798480386885,0.015,2463.54,BUY_YES
1779965552.305823,74859.11113251021,74859.11113251021,0.5483467761431848,0.015,1534.97,BUY_YES
1779965552.3399508,74859.11113251021,74859.11113251021,0.5486060714270007,0.015,1082.34,BUY_YES
1779965552.3741517,74859.11113251021,74859.11113251021,0.54883517481696,0.015,964.3399999999999,SELL_NO
1779965552.4082177,74859.11113251021,74859.11113251021,0.5490278987688617,0.015,465.66999999999996,SELL_NO
1779965552.4436069,74859.11113251021,74859.11113251021,0.5491958038936303,0.015,545.04,SELL_NO
1779965552.4812775,74859.11113251021,74859.11113251021,0.5493512241740818,0.015,382.6,SELL_NO
1779965552.518293,74859.11113251021,74859.11113251021,0.5494844989903742,0.015,363.87,BUY_YES
1779965552.5526366,74859.11113251021,74859.11113251021,0.5496004595284575,0.015,615.38,BUY_YES
1779965552.5877128,74859.11113251021,74859.11113251021,0.5497209258494689,0.015,362.98,SELL_NO
1779965552.6207507,74859.11113251021,74859.11113251021,0.5498218612292526,0.015,348.33000000000004,SELL_NO
1779965552.6549914,74859.11113251021,74859.11113251021,0.5499159762263057,0.015,266.6,BUY_YES
1779965552.6917858,74859.11113251021,74859.11113251021,0.5500110926984999,0.015,547.29,BUY_YES
1779965552.7252326,74859.11113251021,74859.11113251021,0.550102519981689,0.015,330.79999999999995,SELL_NO
1779965552.7614872,74859.11113251021,74859.11113251021,0.5501923539815229,0.015,214.8,BUY_YES
1779965553.351601,74859.11113251021,74859.11113251021,0.5504709483898308,0.015,52.600000000000364,SELL_NO
1779965553.3870988,74859.11113251021,74859.11113251021,0.5504523924563067,0.015,85.0,SELL_NO
1779965553.4180846,74859.11113251021,74859.11113251021,0.550440254295044,0.015,214.6,BUY_YES
1779965553.661862,74859.11113251021,74859.11113251021,0.5502548291028491,0.015,117.39999999999964,SELL_NO
1779965556.4443243,74859.11113251021,74859.11113251021,0.54583697296931,0.015,4440.13,SELL_NO
1779965556.4808795,74859.11113251021,74859.11113251021,0.5458186644186448,0.015,2450.2,BUY_YES
1779965556.5450585,74859.11113251021,74859.11113251021,0.5457602470507241,0.015,107.0,SELL_NO
1779965556.5789948,74859.11113251021,74859.11113251021,0.5457412296371967,0.015,1457.26,BUY_YES
1779965556.6759477,74859.11113251021,74859.11113251021,0.5456495205975789,0.015,107.0,SELL_NO
1779965556.7108543,74859.11113251021,74859.11113251021,0.5456275741748159,0.015,1240.05,BUY_YES
1779965557.070177,74859.11113251021,74859.11113251021,0.5453056088704511,0.015,974.44,SELL_NO
1779965557.1067204,74859.11113251021,74859.11113251021,0.5454876778024842,0.015,455.34000000000003,SELL_NO
1779965557.1430962,74859.11113251021,74859.11113251021,0.545698195042585,0.015,545.04,SELL_NO
1779965557.1764371,74859.11113251021,74859.11113251021,0.5458982467348682,0.015,382.6,SELL_NO
1779965557.210428,74859.11113251021,74859.11113251021,0.5460886168178478,0.015,387.87,BUY_YES
1779965557.2449124,74859.11113251021,74859.11113251021,0.5462308160494974,0.015,79.0,SELL_NO
1779965557.2790728,74859.11113251021,74859.11113251021,0.5463607248897037,0.015,615.38,BUY_YES
1779965557.3176508,74859.11113251021,74859.11113251021,0.5465782799003722,0.015,362.98,SELL_NO
1779965557.3519216,74859.11113251021,74859.11113251021,0.5467531094991003,0.015,348.33000000000004,SELL_NO
1779965557.3860908,74859.11113251021,74859.11113251021,0.5469129122536555,0.015,266.6,BUY_YES
1779965557.419521,74859.11113251021,74859.11113251021,0.5470672355914367,0.015,547.29,BUY_YES
1779965557.4541142,74859.11113251021,74859.11113251021,0.5472456329673956,0.015,330.79999999999995,SELL_NO
1779965557.4908674,74859.11113251021,74859.11113251021,0.5474126603872148,0.015,214.8,BUY_YES
1779965557.5236468,74859.11113251021,74859.11113251021,0.5475511085154936,0.015,214.6,BUY_YES
1779965557.559858,74859.11113251021,74859.11113251021,0.5476949400382575,0.015,291.34000000000003,SELL_NO
1779965557.5948422,74859.11113251021,74859.11113251021,0.5477859476999487,0.015,300.0,SELL_NO
1779965558.9248848,74859.11113251021,74859.11113251021,0.5473705236520966,0.015,132.0,SELL_NO
1779965559.3330038,74859.11113251021,74859.11113251021,0.5468155805129179,0.015,102.0,SELL_NO
1779965561.5775025,74859.11113251021,74859.11113251021,0.5423347302952004,0.015,117.0,SELL_NO
1779965562.09737,74859.11113251021,74859.11113251021,0.5418337980103765,0.015,3060.05,BUY_YES
1779965562.1324694,74859.11113251021,74859.11113251021,0.5418322170737976,0.015,1964.08,BUY_YES
1779965562.1672125,74859.11113251021,74859.11113251021,0.542048677158741,0.015,2335.56,BUY_YES
1779965563.212826,74859.11113251021,74859.11113251021,0.5422467024810068,0.015,3070.05,BUY_YES
1779965563.250925,74859.11113251021,74859.11113251021,0.5421042642038318,0.015,1964.08,BUY_YES
1779965563.2853193,74859.11113251021,74859.11113251021,0.5421794222021019,0.015,2346.2,BUY_YES
1779965563.3209713,74859.11113251021,74859.11113251021,0.5424029404048338,0.015,1745.26,BUY_YES
1779965563.357642,74859.11113251021,74859.11113251021,0.5426465851879394,0.015,1240.05,SELL_NO
1779965563.3949754,74859.11113251021,74859.11113251021,0.542846885485133,0.015,984.54,SELL_NO
1779965563.430981,74859.11113251021,74859.11113251021,0.5430234616051853,0.015,455.34000000000003,SELL_NO
1779965563.4655404,74859.11113251021,74859.11113251021,0.5431718401855982,0.015,545.04,SELL_NO
1779965563.5001566,74859.11113251021,74859.11113251021,0.543305223758589,0.015,382.6,SELL_NO
1779965563.5337007,74859.11113251021,74859.11113251021,0.5434207206549501,0.015,387.87,BUY_YES
1779965563.568058,74859.11113251021,74859.11113251021,0.5435351102582846,0.015,615.38,BUY_YES
1779965563.6032069,74859.11113251021,74859.11113251021,0.5436563498935699,0.015,362.98,SELL_NO
1779965563.6392913,74859.11113251021,74859.11113251021,0.5437685972809158,0.015,408.33000000000004,SELL_NO
1779965563.674183,74859.11113251021,74859.11113251021,0.5438672902501358,0.015,266.6,BUY_YES
1779965563.7095754,74859.11113251021,74859.11113251021,0.5439626476395071,0.015,547.29,BUY_YES
1779965563.7461731,74859.11113251021,74859.11113251021,0.5440674698820348,0.015,330.79999999999995,SELL_NO
1779965563.911483,74859.11113251021,74859.11113251021,0.5443763181382762,0.015,214.8,BUY_YES
1779965563.9447749,74859.11113251021,74859.11113251021,0.5444236967474186,0.015,224.6,BUY_YES
1779965564.882772,74859.11113251021,74859.11113251021,0.5442052127280148,0.015,54.0,SELL_NO
1779965564.9175725,74859.11113251021,74859.11113251021,0.544172018202241,0.015,291.34000000000003,SELL_NO
1779965564.9547002,74859.11113251021,74859.11113251021,0.54416603459095,0.015,300.0,SELL_NO
1779965565.0206685,74859.11113251021,74859.11113251021,0.5441256759916193,0.015,107.0,SELL_NO
1779965565.0583398,74859.11113251021,74859.11113251021,0.5441156517857112,0.015,431.09000000000003,SELL_NO
1779965565.1004658,74859.11113251021,74859.11113251021,0.5441760450528971,0.015,288.4,SELL_NO
1779965565.3883986,74859.11113251021,74859.11113251021,0.5442681541782002,0.015,101.0,SELL_NO
1779965565.4244525,74859.11113251021,74859.11113251021,0.5441196348236247,0.015,416.0,SELL_NO
1779965567.7118526,74859.11113251021,74859.11113251021,0.5412829917143832,0.015,3669.05,BUY_YES
1779965567.7450633,74859.11113251021,74859.11113251021,0.5412815040857147,0.015,2003.08,BUY_YES
1779965567.7786977,74859.11113251021,74859.11113251021,0.5414724955635786,0.015,2340.56,BUY_YES
1779965568.2640133,74859.11113251021,74859.11113251021,0.5423849654498207,0.015,1322.97,BUY_YES
1779965568.298952,74859.11113251021,74859.11113251021,0.5425447128879778,0.015,1082.34,BUY_YES
1779965568.3345046,74859.11113251021,74859.11113251021,0.5427576279476667,0.015,974.44,SELL_NO
1779965568.3691866,74859.11113251021,74859.11113251021,0.5429531012987399,0.015,497.19,SELL_NO
1779965568.403641,74859.11113251021,74859.11113251021,0.5431258094424111,0.015,545.04,SELL_NO
1779965568.4381254,74859.11113251021,74859.11113251021,0.5432813205365757,0.015,382.6,SELL_NO
1779965568.476405,74859.11113251021,74859.11113251021,0.5434357784397761,0.015,387.87,BUY_YES
1779965568.7537074,74859.11113251021,74859.11113251021,0.5437268116294763,0.015,3674.05,BUY_YES
1779965568.7874904,74859.11113251021,74859.11113251021,0.5437612255021502,0.015,2003.08,BUY_YES
1779965568.8230505,74859.11113251021,74859.11113251021,0.5439176352390459,0.015,2340.56,BUY_YES
1779965568.8598666,74859.11113251021,74859.11113251021,0.5441463670236154,0.015,1322.97,BUY_YES
1779965568.895791,74859.11113251021,74859.11113251021,0.544361111103989,0.015,1082.34,BUY_YES
1779965568.9360812,74859.11113251021,74859.11113251021,0.5445847235099557,0.015,974.44,SELL_NO
1779965568.975017,74859.11113251021,74859.11113251021,0.5447696992982562,0.015,497.19,SELL_NO
1779965569.011712,74859.11113251021,74859.11113251021,0.544921192006489,0.015,545.04,SELL_NO
1779965569.0500348,74859.11113251021,74859.11113251021,0.5450596949635064,0.015,382.6,SELL_NO
1779965569.0859985,74859.11113251021,74859.11113251021,0.5451745654180437,0.015,387.87,BUY_YES
1779965569.1223588,74859.11113251021,74859.11113251021,0.5452722969314444,0.015,615.38,BUY_YES
1779965569.1565573,74859.11113251021,74859.11113251021,0.5453677538401874,0.015,362.98,SELL_NO
1779965569.1915276,74859.11113251021,74859.11113251021,0.5454523542941923,0.015,408.33000000000004,SELL_NO
1779965569.2250676,74859.11113251021,74859.11113251021,0.5455267822810815,0.015,266.6,BUY_YES
1779965570.3723114,74859.11113251021,74859.11113251021,0.5450626395244738,0.015,154.0,SELL_NO
1779965570.439147,74859.11113251021,74859.11113251021,0.5449773526862048,0.015,57.0,SELL_NO
1779965570.5360281,74859.11113251021,74859.11113251021,0.5448425916630724,0.015,150.0,SELL_NO
1779965570.570579,74859.11113251021,74859.11113251021,0.5447865856102041,0.015,88.0,SELL_NO
1779965570.6038427,74859.11113251021,74859.11113251021,0.5447392122199584,0.015,62.0,SELL_NO
1779965572.9067047,74859.11113251021,74859.11113251021,0.5431227279650109,0.015,230.94000000000005,SELL_NO
1779965572.9397638,74859.11113251021,74859.11113251021,0.5434238318476873,0.015,547.29,BUY_YES
1779965572.9782116,74859.11113251021,74859.11113251021,0.5437735996397919,0.015,330.79999999999995,SELL_NO
1779965573.0810862,74859.11113251021,74859.11113251021,0.5443281788343081,0.015,300.0000000000001,SELL_NO
1779965573.1160839,74859.11113251021,74859.11113251021,0.5445201108078762,0.015,214.8,BUY_YES
1779965573.250328,74859.11113251021,74859.11113251021,0.5445493789467806,0.015,4166.96,BUY_YES
1779965573.2869525,74859.11113251021,74859.11113251021,0.5446047322075119,0.015,2003.08,BUY_YES
1779965573.3190854,74859.11113251021,74859.11113251021,0.544795414294196,0.015,2340.56,BUY_YES
1779965573.354405,74859.11113251021,74859.11113251021,0.5450522170030434,0.015,1022.97,BUY_YES
1779965573.390213,74859.11113251021,74859.11113251021,0.5452812132131021,0.015,1151.4,BUY_YES
1779965573.4220693,74859.11113251021,74859.11113251021,0.5454694260463141,0.015,964.3399999999999,SELL_NO
1779965573.4560716,74859.11113251021,74859.11113251021,0.5456432135540694,0.015,497.19,SELL_NO
1779965573.4950874,74859.11113251021,74859.11113251021,0.5458145525617502,0.015,545.04,SELL_NO
1779965573.532723,74859.11113251021,74859.11113251021,0.5459593666122228,0.015,382.6,SELL_NO
1779965573.5676205,74859.11113251021,74859.11113251021,0.5460770544901686,0.015,387.87,BUY_YES
1779965578.3931904,74859.11113251021,74859.11113251021,0.5425982582753714,0.015,747.0,SELL_NO
1779965578.4255939,74859.11113251021,74859.11113251021,0.5428939787058465,0.015,305.0,SELL_NO
1779965579.0565095,74859.11113251021,74859.11113251021,0.5438751393737705,0.015,4161.56,BUY_YES
1779965579.0948722,74859.11113251021,74859.11113251021,0.5438868007701846,0.015,2003.08,BUY_YES
1779965579.1350124,74859.11113251021,74859.11113251021,0.5441003599521324,0.015,3093.56,BUY_YES
1779965579.9096396,74859.11113251021,74859.11113251021,0.5448863150908094,0.015,2305.31,SELL_NO
1779965579.9440734,74859.11113251021,74859.11113251021,0.5450236090631422,0.015,949.87,SELL_NO
1779965581.1420326,74859.11113251021,74859.11113251021,0.5448327332270614,0.015,4166.56,BUY_YES
1779965581.1773899,74859.11113251021,74859.11113251021,0.5448279884094599,0.015,2008.08,SELL_NO
1779965581.2159402,74859.11113251021,74859.11113251021,0.5448204176330025,0.015,3109.56,BUY_YES
1779965581.255698,74859.11113251021,74859.11113251021,0.5450894152382453,0.015,2305.31,SELL_NO
1779965581.2952013,74859.11113251021,74859.11113251021,0.545338518268135,0.015,960.4,SELL_NO
1779965581.3313837,74859.11113251021,74859.11113251021,0.5455382494884262,0.015,497.19,SELL_NO
1779965581.4379606,74859.11113251021,74859.11113251021,0.5459401520355269,0.015,545.04,SELL_NO
1779965581.471039,74859.11113251021,74859.11113251021,0.5460386138059469,0.015,388.6,SELL_NO
1779965581.5082176,74859.11113251021,74859.11113251021,0.5461424085549321,0.015,387.87,BUY_YES
1779965581.546547,74859.11113251021,74859.11113251021,0.5462525673384911,0.015,615.38,BUY_YES
1779965581.5840704,74859.11113251021,74859.11113251021,0.5463730899188665,0.015,362.98,SELL_NO
1779965581.6221347,74859.11113251021,74859.11113251021,0.546485178027589,0.015,408.33000000000004,SELL_NO
1779965581.6575239,74859.11113251021,74859.11113251021,0.5465812872645681,0.015,266.6,BUY_YES
1779965581.6981144,74859.11113251021,74859.11113251021,0.5466888773791532,0.015,547.29,BUY_YES
1779965581.7343822,74859.11113251021,74859.11113251021,0.5467949668308596,0.015,325.79999999999995,SELL_NO
1779965581.7703633,74859.11113251021,74859.11113251021,0.5468913326009485,0.015,444.4,SELL_NO
1779965583.6938763,74859.11113251021,74859.11113251021,0.5455043600030633,0.015,4087.07,BUY_YES
1779965583.7327344,74859.11113251021,74859.11113251021,0.5454972446346041,0.015,2008.08,SELL_NO
1779965583.7681139,74859.11113251021,74859.11113251021,0.5454892532766759,0.015,3109.56,BUY_YES
1779965583.8035724,74859.11113251021,74859.11113251021,0.5457299509326999,0.015,2305.31,SELL_NO
1779965583.8436997,74859.11113251021,74859.11113251021,0.5459835014940982,0.015,955.4,SELL_NO
1779965583.8782039,74859.11113251021,74859.11113251021,0.5461740247341318,0.015,455.34000000000003,SELL_NO
1779965583.9156106,74859.11113251021,74859.11113251021,0.546350635032971,0.015,520.04,SELL_NO
1779965583.9506528,74859.11113251021,74859.11113251021,0.546497197206466,0.015,388.6,SELL_NO
1779965583.9864268,74859.11113251021,74859.11113251021,0.5466295061190612,0.015,387.87,BUY_YES
1779965585.220665,74859.11113251021,74859.11113251021,0.5466910615247983,0.015,106.29999999999973,SELL_NO
1779965586.895553,74859.11113251021,74859.11113251021,0.5441756001660089,0.015,615.0,SELL_NO
1779965589.6060843,74859.11113251021,74859.11113251021,0.5414428816067272,0.015,605.0,SELL_NO
1779965589.8945274,74859.11113251021,74859.11113251021,0.539983128857265,0.015,4158.37,BUY_YES
1779965589.9283273,74859.11113251021,74859.11113251021,0.5399742168051566,0.015,2633.08,BUY_YES
1779965589.9677143,74859.11113251021,74859.11113251021,0.5402138537726722,0.015,3109.56,BUY_YES
1779965591.138947,74859.11113251021,74859.11113251021,0.5409717185780243,0.015,776.26,SELL_NO
1779965591.1742196,74859.11113251021,74859.11113251021,0.5409451498911175,0.015,1540.05,BUY_YES
1779965591.2112517,74859.11113251021,74859.11113251021,0.5412216297850141,0.015,944.87,SELL_NO
1779965591.2521653,74859.11113251021,74859.11113251021,0.5415041297828922,0.015,502.19,SELL_NO
1779965591.2890258,74859.11113251021,74859.11113251021,0.5417264765174523,0.015,545.04,SELL_NO
1779965591.3247898,74859.11113251021,74859.11113251021,0.5419197152060401,0.015,388.6,SELL_NO
1779965591.3616486,74859.11113251021,74859.11113251021,0.5420968280235451,0.015,363.87,BUY_YES
1779965591.3988578,74859.11113251021,74859.11113251021,0.5422726481145399,0.015,615.38,BUY_YES
1779965591.4333587,74859.11113251021,74859.11113251021,0.5424461851159914,0.015,362.98,SELL_NO
1779965591.4713483,74859.11113251021,74859.11113251021,0.5426151586475422,0.015,408.33000000000004,SELL_NO
1779965591.4998615,74859.11113251021,74859.11113251021,0.542729328151263,0.015,266.6,BUY_YES
1779965591.5364554,74859.11113251021,74859.11113251021,0.5428689200757862,0.015,547.29,BUY_YES
1779965591.57435,74859.11113251021,74859.11113251021,0.543024284372234,0.015,325.79999999999995,SELL_NO
1779965593.1357598,74859.11113251021,74859.11113251021,0.5425382142612232,0.015,4173.37,BUY_YES
1779965593.173273,74859.11113251021,74859.11113251021,0.5425376964305678,0.015,2633.08,BUY_YES
1779965593.2067986,74859.11113251021,74859.11113251021,0.5427429547345738,0.015,3107.2,BUY_YES
1779965593.2433646,74859.11113251021,74859.11113251021,0.5430248281883013,0.015,2315.31,SELL_NO
1779965593.2845104,74859.11113251021,74859.11113251021,0.5432873199370742,0.015,944.87,SELL_NO
1779965593.3214462,74859.11113251021,74859.11113251021,0.5434874875964972,0.015,502.19,SELL_NO
1779965593.3584235,74859.11113251021,74859.11113251021,0.5436586080448538,0.015,545.04,SELL_NO
1779965593.394563,74859.11113251021,74859.11113251021,0.5438049359742795,0.015,388.6,SELL_NO
1779965593.431553,74859.11113251021,74859.11113251021,0.5439364494352453,0.015,387.87,BUY_YES
1779965593.4706757,74859.11113251021,74859.11113251021,0.5440667106941324,0.015,615.38,BUY_YES
1779965593.5061123,74859.11113251021,74859.11113251021,0.5441846635520914,0.015,362.98,SELL_NO
1779965593.542753,74859.11113251021,74859.11113251021,0.5442936360695096,0.015,408.33000000000004,SELL_NO
1779965593.579766,74859.11113251021,74859.11113251021,0.544393102666096,0.015,266.6,BUY_YES
1779965593.6158667,74859.11113251021,74859.11113251021,0.5444844729079014,0.015,547.29,BUY_YES
1779965593.719396,74859.11113251021,74859.11113251021,0.5446808379779511,0.015,325.79999999999995,SELL_NO
1779965593.7556942,74859.11113251021,74859.11113251021,0.5447362170662509,0.015,439.4,SELL_NO
1779965593.7907276,74859.11113251021,74859.11113251021,0.5447894534687293,0.015,291.34000000000003,SELL_NO
1779965593.8319702,74859.11113251021,74859.11113251021,0.5448486298832496,0.015,300.0,SELL_NO
1779965594.0392995,74859.11113251021,74859.11113251021,0.5450180328498522,0.015,426.09000000000003,SELL_NO
1779965594.0770838,74859.11113251021,74859.11113251021,0.5450436935788137,0.015,288.4,SELL_NO
1779965595.0283191,74859.11113251021,74859.11113251021,0.5441915303866139,0.015,4188.37,BUY_YES
1779965595.0636303,74859.11113251021,74859.11113251021,0.5441894237633754,0.015,2638.08,SELL_NO
1779965595.098913,74859.11113251021,74859.11113251021,0.5441855387138665,0.015,3107.2,BUY_YES
1779965595.1355608,74859.11113251021,74859.11113251021,0.5444218306152177,0.015,2020.31,SELL_NO
1779965595.1702213,74859.11113251021,74859.11113251021,0.544628654098476,0.015,934.3399999999999,SELL_NO
1779965595.2057269,74859.11113251021,74859.11113251021,0.5448176084846448,0.015,502.19,SELL_NO
1779965595.3797345,74859.11113251021,74859.11113251021,0.545365674934798,0.015,545.04,SELL_NO
1779965595.4139018,74859.11113251021,74859.11113251021,0.5454432875051697,0.015,388.6,SELL_NO
1779965595.448707,74859.11113251021,74859.11113251021,0.545520758742019,0.015,363.87,BUY_YES
1779965595.4836454,74859.11113251021,74859.11113251021,0.5456055897700983,0.015,615.38,BUY_YES
1779965595.519292,74859.11113251021,74859.11113251021,0.5457099898822609,0.015,362.98,SELL_NO
1779965595.5535252,74859.11113251021,74859.11113251021,0.5458036780786245,0.015,408.33000000000004,SELL_NO
1779965595.5884259,74859.11113251021,74859.11113251021,0.5458934025906581,0.015,266.6,BUY_YES
1779965595.6235452,74859.11113251021,74859.11113251021,0.5459834037702469,0.015,547.29,BUY_YES
1779965595.6583834,74859.11113251021,74859.11113251021,0.5460850209492357,0.015,325.79999999999995,SELL_NO
1779965595.695585,74859.11113251021,74859.11113251021,0.5461857528505858,0.015,444.4,SELL_NO
1779965595.750581,74859.11113251021,74859.11113251021,0.5463288063883447,0.015,291.34000000000003,SELL_NO
1779965595.7847166,74859.11113251021,74859.11113251021,0.5464108463146773,0.015,300.0,SELL_NO
1779965595.8197792,74859.11113251021,74859.11113251021,0.5464894676782133,0.015,426.09000000000003,SELL_NO
1779965595.8540301,74859.11113251021,74859.11113251021,0.5465677871698049,0.015,288.4,SELL_NO
1779965595.888707,74859.11113251021,74859.11113251021,0.5466421870066636,0.015,196.4,SELL_NO
1779965596.0268762,74859.11113251021,74859.11113251021,0.5468447385222744,0.015,236.2,SELL_NO
1779965596.0606167,74859.11113251021,74859.11113251021,0.54688980828521,0.015,136.2,SELL_NO
1779965596.0931122,74859.11113251021,74859.11113251021,0.5469342120634085,0.015,186.0,SELL_NO
1779965597.4351902,74859.11113251021,74859.11113251021,0.5461965103861411,0.015,295.0,SELL_NO
1779965724.6353467,73295.79654,73295.36736451232,0.7931128293901586,0.505,99.89,BUY_YES
1779965728.071002,73295.79654,73295.36736451232,0.7621332661516386,0.505,127.38,BUY_YES
1779965728.1054037,73295.79654,73295.36736451232,0.7619432615201718,0.505,214.35,BUY_YES
1779965728.1403809,73295.79654,73295.36736451232,0.7620026219312471,0.505,216.56,BUY_YES
1779965728.173975,73295.79654,73295.36736451232,0.7620447155104001,0.505,470.29,BUY_YES
1779965728.2085137,73295.79654,73295.36736451232,0.7620894710962053,0.505,380.34,BUY_YES
1779965728.2416205,73295.79654,73295.36736451232,0.7621043589699041,0.505,357.11,BUY_YES
1779965728.2752337,73295.79654,73295.36736451232,0.7620959819037874,0.505,184.0,BUY_YES
1779965728.3095345,73295.79654,73295.36736451232,0.7620539269007452,0.505,184.0,BUY_YES
1779965728.3441136,73295.79654,73295.36736451232,0.7619900702321992,0.505,229.0,BUY_YES
1779965728.3778262,73295.79654,73295.36736451232,0.7619179778500039,0.505,554.6,BUY_YES
1779965728.4150374,73295.79654,73295.36736451232,0.7618570850930801,0.505,277.0,BUY_YES
1779965740.6589074,73294.188935,73295.36736451232,0.6764011319468614,0.505,230.57999999999998,BUY_YES
1779965740.6860933,73294.188935,73295.36736451232,0.6763376816585278,0.505,229.58,BUY_YES
1779965740.7204525,73294.188935,73295.36736451232,0.6764667951573444,0.505,261.58,BUY_YES
1779965740.7537732,73294.188935,73295.36736451232,0.6765904765814283,0.505,311.29,BUY_YES
1779965740.7841997,73294.188935,73295.36736451232,0.6766900707099122,0.505,380.34,BUY_YES
1779965742.07777,73294.188935,73295.36736451232,0.670190823098311,0.505,108.12999999999997,BUY_YES
1779965742.5441275,73294.188935,73295.36736451232,0.6669291546683066,0.505,102.0,BUY_YES
1779965742.7630885,73294.188935,73295.36736451232,0.6656873026813642,0.505,443.71,BUY_YES
1779965742.7975714,73294.188935,73295.36736451232,0.6655528174855171,0.505,317.58,BUY_YES
1779965742.8305454,73294.188935,73295.36736451232,0.6656304534108138,0.505,200.58,BUY_YES
1779965742.8659933,73294.188935,73295.36736451232,0.6657289381894808,0.505,311.29,BUY_YES
1779965743.1942549,73294.188935,73295.36736451232,0.6652211435732887,0.505,380.34,BUY_YES
1779965743.2206655,73294.188935,73295.36736451232,0.6652530703243132,0.505,397.11,BUY_YES
1779965743.344921,73294.188935,73295.36736451232,0.6651538793135046,0.505,184.0,BUY_YES
1779965743.3804364,73294.188935,73295.36736451232,0.6651452668726745,0.505,184.0,BUY_YES
1779965744.423737,73302.34928706211,73295.36736451232,0.661412187813482,0.505,114.27000000000004,BUY_YES
1779965745.857103,73302.34928706211,73295.36736451232,0.6570612523909324,0.505,382.71,BUY_YES
1779965746.7369998,73302.34928706211,73295.36736451232,0.6533509626938503,0.505,102.0,BUY_YES
1779965746.776083,73302.34928706211,73295.36736451232,0.6534428028651419,0.505,328.58,BUY_YES
1779965746.817383,73302.34928706211,73295.36736451232,0.653708186800268,0.505,215.58,BUY_YES
1779965746.857301,73302.34928706211,73295.36736451232,0.6539281818472651,0.505,315.29,BUY_YES
1779965746.8976872,73302.34928706211,73295.36736451232,0.6541377832658984,0.505,382.34,BUY_YES
1779965746.9359004,73302.34928706211,73295.36736451232,0.6543243029123559,0.505,397.11,BUY_YES
1779965746.9763987,73302.34928706211,73295.36736451232,0.6545059122910166,0.505,189.0,BUY_YES
1779965747.0162017,73302.34928706211,73295.36736451232,0.6546496118610515,0.505,184.0,BUY_YES
1779965747.0602927,73302.34928706211,73295.36736451232,0.6547833457076191,0.505,214.0,BUY_YES
1779965747.1003528,73302.34928706211,73295.36736451232,0.6548915393256447,0.505,555.6,BUY_YES
1779965747.1380136,73302.34928706211,73295.36736451232,0.6550112446277205,0.505,277.0,BUY_YES
1779965749.7682695,73302.34928706211,73295.36736451232,0.6489138339420192,0.505,379.82,BUY_YES
1779965749.9965801,73302.34928706211,73295.36736451232,0.6484480738272408,0.505,339.58,BUY_YES
1779965750.0382502,73302.34928706211,73295.36736451232,0.6486735300523684,0.505,230.58,BUY_YES
1779965750.1166322,73302.34928706211,73295.36736451232,0.6489206513382589,0.505,330.29,BUY_YES
1779965750.1568475,73302.34928706211,73295.36736451232,0.6491160106230491,0.505,382.34,BUY_YES
1779965750.1952994,73302.34928706211,73295.36736451232,0.6493143274449996,0.505,397.11,BUY_YES
1779965750.2382622,73302.34928706211,73295.36736451232,0.6495242205085772,0.505,184.0,BUY_YES
1779965750.2777317,73302.34928706211,73295.36736451232,0.6496809166809705,0.505,194.49,BUY_YES
1779965750.3214064,73302.34928706211,73295.36736451232,0.6498301853309663,0.505,214.0,BUY_YES
1779965750.3675523,73302.34928706211,73295.36736451232,0.6499720894444647,0.505,555.6,BUY_YES
1779965752.557598,73305.345,73295.36736451232,0.6459206268329257,0.505,324.65,BUY_YES
1779965752.5978296,73305.345,73295.36736451232,0.645920765849711,0.505,317.58,BUY_YES
1779965752.6352446,73305.345,73295.36736451232,0.6461205797217253,0.505,195.58,BUY_YES
1779965752.6701689,73305.345,73295.36736451232,0.6463108855809493,0.505,285.29,BUY_YES
1779965752.7108536,73305.345,73295.36736451232,0.6465359892841138,0.505,367.34,BUY_YES
1779965752.7543988,73305.345,73295.36736451232,0.6467741124175418,0.505,367.11,BUY_YES
1779965759.6147957,73305.345,73295.36736451232,0.6376527834322215,0.505,301.68,BUY_YES
1779965760.4949374,73311.62783300155,73295.36736451232,0.6376902189077093,0.505,330.5,BUY_YES
1779965765.541578,73311.62783300155,73295.36736451232,0.6291581676341365,0.505,98.23000000000002,BUY_YES
1779965766.2228754,73311.62783300155,73295.36736451232,0.6279297859251194,0.505,145.99999999999994,BUY_YES
1779965768.6199274,73320.53231072871,73295.36736451232,0.6274789209290487,0.505,691.62,BUY_YES
1779965768.657528,73320.53231072871,73295.36736451232,0.6277920851948475,0.505,287.5,BUY_YES
1779965768.6968625,73320.53231072871,73295.36736451232,0.628116713293965,0.505,230.58,BUY_YES
1779965768.7362428,73320.53231072871,73295.36736451232,0.6284274176993564,0.505,270.29,BUY_YES
1779965768.9191127,73320.53231072871,73295.36736451232,0.6293726956563015,0.505,710.81,BUY_YES
1779965768.9591615,73320.53231072871,73295.36736451232,0.6295913309967733,0.505,287.5,BUY_YES
1779965769.1080434,73320.53231072871,73295.36736451232,0.6304065433588857,0.505,235.58,BUY_YES
1779965769.148945,73320.53231072871,73295.36736451232,0.6307341481897579,0.505,270.29,BUY_YES
1779965770.0409691,73320.53231072871,73295.36736451232,0.6363757722654885,0.505,111.0200000000001,BUY_YES
1779965770.4224114,73320.53231072871,73295.36736451232,0.6382762798015361,0.505,847.86,BUY_YES
1779965770.4643273,73320.53231072871,73295.36736451232,0.6385449609418747,0.505,287.5,BUY_YES
1779965770.5036323,73320.53231072871,73295.36736451232,0.6388695506756645,0.505,250.58,BUY_YES
1779965770.5420592,73320.53231072871,73295.36736451232,0.6392119128591682,0.505,275.29,BUY_YES
1779965770.7335706,73320.53231072871,73295.36736451232,0.6407099818728608,0.505,319.0,BUY_YES
1779965770.7731893,73320.53231072871,73295.36736451232,0.6410453872931812,0.505,367.11,BUY_YES
1779965770.8115535,73320.53231072871,73295.36736451232,0.6413894134791538,0.505,184.0,BUY_YES
1779965770.853464,73320.53231072871,73295.36736451232,0.6417583219485201,0.505,194.0,BUY_YES
1779965772.9298444,73320.53231072871,73295.36736451232,0.6530939936152591,0.505,99.0,BUY_YES
1779965773.7009816,73320.53231072871,73295.36736451232,0.6563398595007994,0.505,115.0,BUY_YES
1779965774.3260357,73320.53231072871,73295.36736451232,0.6592828843271827,0.505,874.74,BUY_YES
1779965774.4243097,73320.53231072871,73295.36736451232,0.6598307535780196,0.505,311.5,BUY_YES
1779965774.4926178,73320.53231072871,73295.36736451232,0.6602001558729707,0.505,265.58,BUY_YES
1779965774.7879205,73320.53231072871,73295.36736451232,0.6617262634738811,0.505,275.29,BUY_YES
1779965778.3504593,73320.53231072871,73295.36736451232,0.675245946623669,0.505,101.0,BUY_YES
1779965778.4216533,73320.53231072871,73295.36736451232,0.6752540288091836,0.505,828.54,BUY_YES
1779965778.4643853,73320.53231072871,73295.36736451232,0.6754792771011578,0.505,311.5,BUY_YES
1779965778.5013294,73320.53231072871,73295.36736451232,0.6757509120180318,0.505,295.58,BUY_YES
1779965778.605108,73320.53231072871,73295.36736451232,0.6764477032530494,0.505,275.29,BUY_YES
1779965778.7681653,73320.53231072871,73295.36736451232,0.6774144296707613,0.505,319.0,BUY_YES
1779965778.8008082,73320.53231072871,73295.36736451232,0.6776589484915821,0.505,367.11,BUY_YES
1779965779.1805422,73320.53231072871,73295.36736451232,0.679915880078703,0.505,189.0,BUY_YES
1779965779.216794,73320.53231072871,73295.36736451232,0.6801629927524447,0.505,199.0,BUY_YES
1779965779.2509413,73320.53231072871,73295.36736451232,0.6804178225086989,0.505,214.0,BUY_YES
1779965779.2883692,73320.53231072871,73295.36736451232,0.6807068281297789,0.505,560.6,BUY_YES
1779965779.330673,73320.53231072871,73295.36736451232,0.6810555061583862,0.505,278.0,BUY_YES
1779965779.3760295,73320.53231072871,73295.36736451232,0.6814157630253411,0.505,476.0,BUY_YES
1779965780.0070622,73320.53231072871,73295.36736451232,0.6850695095072846,0.505,100.23000000000002,BUY_YES
1779965780.0467584,73320.53231072871,73295.36736451232,0.685268358934672,0.505,447.0,BUY_YES
1779965780.691685,73320.53231072871,73295.36736451232,0.6883320840304888,0.5,852.78,BUY_YES
1779965780.7308788,73320.53231072871,73295.36736451232,0.68850028918543,0.5,311.5,BUY_YES
1779965780.7664754,73320.53231072871,73295.36736451232,0.6887113330546577,0.5,298.58,BUY_YES
1779965783.4553065,73320.30211,73295.36736451232,0.707901235729203,0.745,1253.37,SELL_YES
1779965784.7067013,73320.30211,73295.36736451232,0.7116519805946881,0.745,1220.7,SELL_YES
1779965786.720153,73320.30211,73295.36736451232,0.7170769266708511,0.745,89.61000000000001,SELL_YES
1779965787.4944925,73320.30211,73295.36736451232,0.7182634046822002,0.745,69.20000000000005,SELL_YES
1779965787.8425064,73320.30211,73295.36736451232,0.7184121924481395,0.745,1147.85,SELL_YES
1779965828.0269194,73320.44631033424,73295.36736451232,0.789265968951355,0.745,150.68235642696527,BUY_YES
1779965828.1596012,73320.44631033424,73295.36736451232,0.7896316556491333,0.745,328.58,BUY_YES
1779965841.456831,73320.75445,73295.36736451232,0.7982728016126601,0.755,81.71426847526891,BUY_YES
1779965841.49057,73320.75445,73295.36736451232,0.7984543195499452,0.755,241.2444438917555,BUY_YES
1779965841.5243323,73320.75445,73295.36736451232,0.798635642018976,0.755,240.94751507051842,BUY_YES
1779965841.558356,73320.75445,73295.36736451232,0.7988111828154978,0.755,233.26198505769207,BUY_YES
1779965841.6230445,73320.75445,73295.36736451232,0.7991023619092498,0.755,386.9358802082388,BUY_YES
1779965841.8979845,73320.75445,73295.36736451232,0.8001418934367005,0.755,261.55590729652624,BUY_YES
1779965843.4328897,73320.75445,73295.36736451232,0.8028607551697107,0.755,86.53000000000009,BUY_YES
1779965843.5669165,73320.75445,73295.36736451232,0.8029746964229703,0.755,69.0,BUY_YES
1779965844.4272118,73320.75445,73295.36736451232,0.8040430005113995,0.755,73.57000000000005,BUY_YES
1779965845.660676,73320.75445,73295.36736451232,0.8041095550476604,0.755,68.73000000000002,BUY_YES
1779965846.1153333,73320.75445,73295.36736451232,0.804872638497831,0.755,75.5,BUY_YES
1779965846.798815,73322.72836,73295.36736451232,0.806254768837561,0.755,1484.87,BUY_YES
1779965848.1340199,73322.72836,73295.36736451232,0.8091624953455492,0.755,72.97000000000003,BUY_YES
1779965849.802338,73322.72836,73295.36736451232,0.811818547116585,0.755,1360.65,BUY_YES
1779965851.0769885,73322.72836,73295.36736451232,0.814954461100234,0.755,169.85000000000008,BUY_YES
1779965854.411398,73322.08400276442,73295.36736451232,0.8252343223694731,0.855,773.83,SELL_YES
1779965855.8790634,73322.08400276442,73295.36736451232,0.8273629998516989,0.855,82.27000000000001,SELL_YES
1779965856.8344576,73322.08400276442,73295.36736451232,0.8284699474425683,0.855,66.0,SELL_YES
1779965856.9751055,73322.08400276442,73295.36736451232,0.8284288919192185,0.855,756.05,SELL_YES
1779965857.7279372,73322.08400276442,73295.36736451232,0.8293173827505482,0.865,65.5,SELL_YES
1779965858.1042001,73322.08400276442,73295.36736451232,0.8297566511003182,0.865,64.97999999999999,SELL_YES
1779965859.2717245,73322.08400276442,73295.36736451232,0.830216360679508,0.865,61.43000000000001,SELL_YES
1779965860.1386397,73322.08400276442,73295.36736451232,0.8291141253149312,0.865,358.09000000000003,SELL_YES
1779965861.265351,73322.8321,73295.36736451232,0.8300036679917223,0.865,323.68,SELL_YES
1779965861.8543067,73322.8321,73295.36736451232,0.8295262318514547,0.865,63.030000000000015,SELL_YES
1779965864.6609013,73322.8321,73295.36736451232,0.8324518318615656,0.865,351.71000000000004,SELL_YES
1779965865.40684,73322.8321,73295.36736451232,0.8343810429938127,0.865,125.0,SELL_YES
1779965865.7484417,73322.8321,73295.36736451232,0.83499972401303,0.865,452.71000000000004,SELL_YES
1779965868.141786,73322.8321,73295.36736451232,0.8371467699929814,0.865,428.71000000000004,SELL_YES
1779965869.9374516,73322.08458098788,73295.36736451232,0.8405613167380773,0.865,423.51,SELL_YES
1779965900.6943204,73327.521542339,73295.36736451232,0.8926304883819325,0.865,174.08740096239126,BUY_YES
1779965900.727961,73327.521542339,73295.36736451232,0.892736718351979,0.865,228.16166231680836,BUY_YES
1779965900.760822,73327.521542339,73295.36736451232,0.8928396316234066,0.865,221.02895874688693,BUY_YES
1779965900.7957127,73327.521542339,73295.36736451232,0.892946237888893,0.865,228.96220226633886,BUY_YES
1779965900.8938673,73327.521542339,73295.36736451232,0.893224657379488,0.865,598.0189004735439,BUY_YES
1779965901.515127,73327.521542339,73295.36736451232,0.8945913808669959,0.865,64.12087523403068,BUY_YES
1779965902.291054,73328.520315,73295.36736451232,0.8961190538675203,0.865,58.539999999999964,BUY_YES
1779965905.5413034,73328.520315,73295.36736451232,0.9020275272365412,0.865,60.63999999999987,BUY_YES
1779965906.4866333,73328.520315,73295.36736451232,0.9035971272052038,0.865,1514.73,BUY_YES
1779965907.7497435,73328.520315,73295.36736451232,0.9057469493916063,0.865,64.99000000000001,BUY_YES
1779965907.7860405,73328.520315,73295.36736451232,0.9058172091513655,0.865,220.8,BUY_YES
1779965908.3979802,73328.520315,73295.36736451232,0.9066382738569106,0.865,61.0,BUY_YES
1779965910.1359704,73311.20032354789,73295.36736451232,0.899256435092523,0.865,64.0,BUY_YES
1779965978.7404325,73290.06926153765,73295.36736451232,0.3917383883195302,0.225,322.03,BUY_YES
1779965980.6409554,73290.06926153765,73295.36736451232,0.3858821610607608,0.225,350.03,BUY_YES
1779965983.0356414,73290.07000153764,73295.36736451232,0.37700242145294605,0.225,381.03,BUY_YES
1779965984.2987573,73290.07000153764,73295.36736451232,0.3727778382126786,0.225,356.03,BUY_YES
1779965985.7573833,73290.07000153764,73295.36736451232,0.3673639960459415,0.225,420.03,BUY_YES
1779965987.7350519,73286.04544784866,73295.36736451232,0.35364703753024257,0.225,409.03,BUY_YES
1779965988.818797,73286.04544784866,73295.36736451232,0.3453548380700375,0.225,381.03,BUY_YES
1779966001.106061,73285.93146641892,73285.93146641892,0.3246029620313848,0.20500000000000002,253.5,BUY_YES
1779966001.943378,73285.93146641892,73285.93146641892,0.33056460580757374,0.20500000000000002,342.5,BUY_YES
1779966005.23441,73285.93146641892,73285.93146641892,0.346738325075183,0.20500000000000002,411.5,BUY_YES
1779966006.0690637,73285.93146641892,73285.93146641892,0.3488433791903869,0.20500000000000002,270.0,BUY_YES
1779966006.2598865,73285.93146641892,73285.93146641892,0.34992371236710706,0.20500000000000002,629.5,BUY_YES
1779966007.4016566,73276.50117211915,73285.93146641892,0.3515990372651786,0.20500000000000002,605.5,BUY_YES
1779966008.4294744,73276.50117211915,73285.93146641892,0.3525694439749044,0.20500000000000002,598.02,BUY_YES
1779966009.8321037,73276.50117211915,73285.93146641892,0.3528152969005735,0.20500000000000002,502.5,BUY_YES
1779966010.9772325,73276.0579012783,73285.93146641892,0.35261843080484434,0.20500000000000002,628.86,BUY_YES
1779966012.9272976,73276.0579012783,73285.93146641892,0.3532465760826937,0.20500000000000002,558.73,BUY_YES
1779966014.00839,73276.0579012783,73285.93146641892,0.3537900370808762,0.20500000000000002,652.73,BUY_YES
1779966016.0462136,73277.18720367861,73285.93146641892,0.35516063640071754,0.20500000000000002,670.79,BUY_YES
1779966017.377148,73277.18720367861,73285.93146641892,0.35750545467028577,0.20500000000000002,618.11,BUY_YES
1779966018.485315,73277.18720367861,73285.93146641892,0.35950192424324084,0.20500000000000002,564.11,BUY_YES
1779966021.6447856,73273.44,73285.93146641892,0.3612362222244044,0.20500000000000002,445.19,BUY_YES
1779966023.5844135,73273.44,73285.93146641892,0.36407372666318405,0.20500000000000002,462.77,BUY_YES
1779966025.3991013,73273.44,73285.93146641892,0.3635512307067317,0.20500000000000002,590.56,BUY_YES
1779966026.7611103,73273.44,73285.93146641892,0.3650165803480121,0.20500000000000002,431.21,BUY_YES
1779966030.9709306,73265.63307021317,73285.93146641892,0.3581034213932578,0.16999999999999998,459.21,BUY_YES
1779966033.2447054,73265.63307021317,73285.93146641892,0.35446473628869446,0.195,281.06,BUY_YES
1779966049.277714,73264.25940375164,73276.24544008938,0.4425133728331692,0.485,112.04,BUY_NO
1779966051.4246054,73264.25940375164,73276.24544008938,0.4408334648029309,0.485,120.99999999999999,BUY_NO
1779966052.6742022,73264.25940375164,73276.24544008938,0.43658458220865887,0.485,274.22,BUY_NO
1779966052.8940845,73264.25940375164,73276.24544008938,0.4353485887908251,0.485,269.1266491645616,BUY_NO
1779966062.2041028,73256.32940986445,73276.24544008938,0.4184616165789346,0.485,115.02,BUY_NO
1779966062.2437284,73256.32940986445,73276.24544008938,0.41812191434881213,0.485,174.0,BUY_NO
1779966062.28177,73256.32940986445,73276.24544008938,0.41771614162403253,0.485,178.0,BUY_NO
1779966062.4464593,73256.32940986445,73276.24544008938,0.41615980024607824,0.485,143.54492231305244,BUY_NO
1779966062.4916239,73256.32940986445,73276.24544008938,0.41574986645680684,0.485,115.95507768694756,BUY_NO
1779966064.0437682,73256.32940986445,73276.24544008938,0.4066641799526752,0.485,98.82231162183007,BUY_NO
1779966064.083102,73256.32940986445,73276.24544008938,0.40631465246183496,0.485,189.22768837816994,BUY_NO
1779966064.6959772,73256.32940986445,73276.24544008938,0.4022000631844801,0.48,98.47,BUY_NO
1779966064.7414489,73256.32940986445,73276.24544008938,0.40192989277371266,0.48,178.0,BUY_NO
1779966064.7811055,73256.32940986445,73276.24544008938,0.4015851355041428,0.48,259.5,BUY_NO
1779966064.8166683,73256.32940986445,73276.24544008938,0.40123277710217187,0.48,288.05,BUY_NO
1779966072.6756635,73257.31282316089,73276.24544008938,0.3788125033359244,0.475,100.71000000000001,BUY_NO
1779966072.7177885,73257.31282316089,73276.24544008938,0.37841049200592247,0.475,100.94999999999999,BUY_NO
1779966074.4060247,73257.31282316089,73276.24544008938,0.37028225695417466,0.475,239.3,BUY_NO
1779966074.4544272,73257.31282316089,73276.24544008938,0.36982010182155906,0.475,265.3,BUY_NO
1779966074.523697,73257.31282316089,73276.24544008938,0.3691783154702467,0.475,377.4,BUY_NO
1779966080.133682,73257.75520238024,73276.24544008938,0.3621768196205338,0.475,227.85,BUY_NO
1779966080.180502,73257.75520238024,73276.24544008938,0.36186956728972636,0.475,278.95,BUY_NO
1779966080.2262628,73257.75520238024,73276.24544008938,0.36145560898988777,0.475,289.5,BUY_NO
1779966081.5932534,73257.75520238024,73276.24544008938,0.3565494166568406,0.475,245.32,BUY_NO
1779966081.6313396,73257.75520238024,73276.24544008938,0.35637313356308475,0.475,278.95,BUY_NO
1779966081.6684444,73257.75520238024,73276.24544008938,0.3560589018793735,0.475,289.5,BUY_NO
1779966081.7090724,73257.75520238024,73276.24544008938,0.35571125819160393,0.475,313.05,BUY_NO
1779966081.752696,73257.75520238024,73276.24544008938,0.35534942117025864,0.475,274.3,BUY_NO
1779966081.795834,73257.75520238024,73276.24544008938,0.3550085545248607,0.475,295.3,BUY_NO
1779966081.8320684,73257.75520238024,73276.24544008938,0.35473204291726046,0.475,427.4,BUY_NO
1779966082.6152873,73257.75520238024,73276.24544008938,0.35136660465420205,0.475,97.0,BUY_NO
1779966082.6627576,73257.75520238024,73276.24544008938,0.3512012998743312,0.475,391.4,BUY_NO
1779966082.7010436,73257.75520238024,73276.24544008938,0.35097679290242567,0.475,450.84,BUY_NO
1779966084.4468806,73257.75520238024,73276.24544008938,0.34501237559194986,0.475,160.21708165524797,BUY_NO
1779966084.4957702,73257.75520238024,73276.24544008938,0.3447105690374484,0.475,102.27291834475204,BUY_NO
1779966086.4393334,73262.52388257268,73276.24544008938,0.34268832446396613,0.475,197.43,BUY_NO
1779966086.482553,73262.52388257268,73276.24544008938,0.3425601198493781,0.475,243.95,BUY_NO
1779966086.5236275,73262.52388257268,73276.24544008938,0.3422524289797627,0.475,259.5,BUY_NO
1779966086.562819,73262.52388257268,73276.24544008938,0.3419599490177922,0.475,283.05,BUY_NO
1779966086.603164,73262.52388257268,73276.24544008938,0.34167312922333454,0.475,244.3,BUY_NO
1779966086.6405592,73262.52388257268,73276.24544008938,0.3414255167114033,0.475,265.3,BUY_NO
1779966086.6760879,73262.52388257268,73276.24544008938,0.3412019024057306,0.475,347.4,BUY_NO
1779966088.7532825,73262.52388257268,73276.24544008938,0.3384007103733664,0.475,341.4,BUY_NO
1779966088.7922857,73262.52388257268,73276.24544008938,0.3381281500099536,0.475,375.84,BUY_NO
1779966088.8344452,73262.52388257268,73276.24544008938,0.337819538907844,0.475,267.49,BUY_NO
1779966093.8042126,73262.52388257268,73276.24544008938,0.33217156569657064,0.475,151.65,BUY_NO
1779966093.845572,73262.52388257268,73276.24544008938,0.33203523728430173,0.475,258.95,BUY_NO
1779966093.8828557,73262.52388257268,73276.24544008938,0.3317540361082249,0.475,259.5,BUY_NO
1779966093.9255462,73262.52388257268,73276.24544008938,0.3314459385422409,0.475,283.05,BUY_NO
1779966093.9977317,73262.52388257268,73276.24544008938,0.3309545925329031,0.475,244.3,BUY_NO
1779966094.0546565,73262.52388257268,73276.24544008938,0.33059567171941423,0.475,265.3,BUY_NO
1779966094.1074495,73262.52388257268,73276.24544008938,0.3302803505693065,0.475,362.4,BUY_NO
1779966096.6581404,73264.02460702078,73276.24544008938,0.3289295044786456,0.475,145.65,BUY_NO
1779966096.7070665,73264.02460702078,73276.24544008938,0.3288903091950419,0.475,238.95,BUY_NO
1779966096.7594042,73264.02460702078,73276.24544008938,0.32860037542159076,0.475,259.5,BUY_NO
1779966096.8157942,73264.02460702078,73276.24544008938,0.3282410578513573,0.475,283.05,BUY_NO
1779966096.8726406,73264.02460702078,73276.24544008938,0.3278851063155989,0.475,244.3,BUY_NO
1779966096.9337857,73264.02460702078,73276.24544008938,0.3275282690322476,0.475,265.3,BUY_NO
1779966096.9842818,73264.02460702078,73276.24544008938,0.32724906628283795,0.475,362.4,BUY_NO
1779966097.1353626,73264.02460702078,73276.24544008938,0.32642715677928313,0.475,353.4,BUY_NO
1779966097.2253575,73264.02460702078,73276.24544008938,0.32595769003830816,0.475,405.84,BUY_NO
1779966099.4701273,73264.02460702078,73276.24544008938,0.32409943956009285,0.475,111.21,BUY_NO
1779966099.5299203,73264.02460702078,73276.24544008938,0.3240805690382452,0.475,238.95,BUY_NO
1779966099.5869727,73264.02460702078,73276.24544008938,0.3238667187417387,0.475,259.5,BUY_NO
1779966099.6381006,73264.02460702078,73276.24544008938,0.3235985490088661,0.475,283.05,BUY_NO
1779966099.6893423,73264.02460702078,73276.24544008938,0.32330144637179775,0.475,244.3,BUY_NO
1779966099.7375634,73264.02460702078,73276.24544008938,0.32303703978758974,0.475,265.3,BUY_NO
1779966099.787735,73264.02460702078,73276.24544008938,0.322774287130502,0.475,370.4,BUY_NO
1779966099.8397985,73264.02460702078,73276.24544008938,0.3225031205291592,0.475,363.4,BUY_NO
1779966099.891379,73264.02460702078,73276.24544008938,0.3222440739968236,0.475,405.84,BUY_NO
1779966099.9441648,73264.02460702078,73276.24544008938,0.3219857818521229,0.475,267.49,BUY_NO
1779966099.9994211,73264.02460702078,73276.24544008938,0.32173326929129187,0.475,374.26,BUY_NO
1779966103.9497228,73264.02460702078,73276.24544008938,0.32098298340477494,0.47,195.88,BUY_NO
1779966104.0025175,73264.02460702078,73276.24544008938,0.3210375186949599,0.47,195.88,BUY_NO
1779966104.0530903,73264.02460702078,73276.24544008938,0.3207439026185917,0.47,259.5,BUY_NO
1779966104.106564,73264.02460702078,73276.24544008938,0.32038228895683074,0.47,283.05,BUY_NO
1779966104.1558824,73264.02460702078,73276.24544008938,0.32007121878829314,0.47,244.3,BUY_NO
1779966104.203136,73264.02460702078,73276.24544008938,0.31979471531198095,0.47,265.3,BUY_NO
1779966104.2522817,73264.02460702078,73276.24544008938,0.3195236548663422,0.46499999999999997,385.4,BUY_NO
1779966104.303516,73264.02460702078,73276.24544008938,0.3192448381063636,0.46499999999999997,363.4,BUY_NO
1779966104.3578753,73264.02460702078,73276.24544008938,0.3189619949325786,0.46499999999999997,420.84,BUY_NO
1779966104.4190428,73264.02460702078,73276.24544008938,0.31865365385013583,0.46499999999999997,267.49,BUY_NO
1779966104.4698274,73264.02460702078,73276.24544008938,0.3184200626592051,0.46499999999999997,344.26,BUY_NO
1779966106.9939134,73283.81107630095,73276.24544008938,0.3320464508828544,0.635,450.62,BUY_NO
1779966107.0423594,73283.81107630095,73276.24544008938,0.332286064811682,0.635,378.32,BUY_NO
1779966107.083887,73283.81107630095,73276.24544008938,0.3324527756359696,0.635,403.81,BUY_NO
1779966107.1317713,73283.81107630095,73276.24544008938,0.33260752034837526,0.635,324.77,BUY_NO
1779966107.1768558,73283.81107630095,73276.24544008938,0.33273823170140393,0.635,2526.29,BUY_NO
1779966107.2328143,73283.81107630095,73276.24544008938,0.33269323336505,0.635,341.2,BUY_NO
1779966107.9631815,73283.81107630095,73276.24544008938,0.3361314724368014,0.635,136.47000000000003,BUY_NO
1779966108.0128436,73283.81107630095,73276.24544008938,0.33643946100312283,0.635,331.6,BUY_NO
1779966108.9222708,73283.81107630095,73276.24544008938,0.3428315262189821,0.635,1500.0,BUY_NO
1779966109.191253,73283.81107630095,73276.24544008938,0.34335686436710644,0.64,476.62,BUY_NO
1779966110.0894375,73283.81107630095,73276.24544008938,0.34883372399211926,0.645,167.45,BUY_NO
1779966110.1510468,73283.81107630095,73276.24544008938,0.34919725653565864,0.645,1865.02,BUY_NO
1779966110.21046,73283.81107630095,73276.24544008938,0.34902484456797384,0.645,415.81,BUY_NO
1779966110.6191716,73283.81107630095,73276.24544008938,0.3499181301433937,0.645,324.75,BUY_NO
1779966110.681915,73283.81107630095,73276.24544008938,0.3500792969025454,0.645,2536.29,BUY_NO
1779966110.7428038,73283.81107630095,73276.24544008938,0.3499762663173514,0.645,362.2,BUY_NO
1779966110.8038404,73283.81107630095,73276.24544008938,0.3499642660561808,0.645,336.6,BUY_NO
1779966110.852259,73283.81107630095,73276.24544008938,0.3499992449348137,0.645,427.8,BUY_NO
1779966112.6317847,73283.81107630095,73276.24544008938,0.35985843400468015,0.645,282.38,BUY_NO
1779966112.6800108,73283.81107630095,73276.24544008938,0.36015044104075467,0.645,289.69,BUY_NO
1779966114.1028855,73284.3622946684,73276.24544008938,0.3698579889405994,0.645,338.76,BUY_NO
1779966114.1577628,73284.3622946684,73276.24544008938,0.37016133972986004,0.645,229.02,BUY_NO
1779966116.3813937,73284.3622946684,73276.24544008938,0.3871538712140344,0.645,139.46000000000004,BUY_NO
1779966119.700343,73287.13836873576,73276.24544008938,0.4095473160037372,0.645,139.44,BUY_NO
1779966122.4706845,73287.13836873576,73276.24544008938,0.4280985923335495,0.645,142.67000000000002,BUY_NO
1779966122.6193357,73287.13836873576,73276.24544008938,0.42890587819528103,0.645,467.68,BUY_NO
1779966122.671578,73287.13836873576,73276.24544008938,0.4290629525687288,0.645,210.02,BUY_NO
1779966122.719069,73287.13836873576,73276.24544008938,0.4289884673855396,0.645,1870.02,BUY_NO
1779966122.7695198,73287.13836873576,73276.24544008938,0.42871738910815294,0.645,415.81,BUY_NO
1779966122.81698,73287.13836873576,73276.24544008938,0.42856824891729445,0.645,324.75,BUY_NO
1779966122.8639934,73287.13836873576,73276.24544008938,0.42848554337259587,0.645,2541.29,BUY_NO
1779966122.91192,73287.13836873576,73276.24544008938,0.42831081556078365,0.645,357.2,BUY_NO
1779966122.9618878,73287.13836873576,73276.24544008938,0.42822456904757444,0.645,336.6,BUY_NO
1779966123.0120544,73287.13836873576,73276.24544008938,0.4281935063115844,0.645,397.8,BUY_NO
1779966123.0605907,73287.13836873576,73276.24544008938,0.42819508697031644,0.645,270.6,BUY_NO
1779966123.104977,73287.13836873576,73276.24544008938,0.4282231285758431,0.645,304.4,BUY_NO
1779966123.1534777,73287.13836873576,73276.24544008938,0.4282732162985974,0.645,289.4,BUY_NO
1779966123.2046556,73287.13836873576,73276.24544008938,0.42834251688834274,0.645,344.4,BUY_NO
1779966126.967159,73287.13836873576,73276.24544008938,0.4493479307935536,0.645,353.85,BUY_NO
1779966127.0205472,73287.13836873576,73276.24544008938,0.44944074099165343,0.645,142.02,BUY_NO
1779966127.0750947,73287.13836873576,73276.24544008938,0.4493604562629662,0.645,1802.02,BUY_NO
1779966127.1288044,73287.13836873576,73276.24544008938,0.4490377555553533,0.645,347.81,BUY_NO
1779966127.1777258,73287.13836873576,73276.24544008938,0.4488563552133184,0.645,287.75,BUY_NO
1779966127.2313802,73287.13836873576,73276.24544008938,0.44873159025465814,0.645,2519.29,BUY_NO
1779966127.2818854,73287.13836873576,73276.24544008938,0.44850991879264746,0.645,357.2,BUY_NO
1779966127.3424416,73287.13836873576,73276.24544008938,0.44836318872119835,0.645,336.6,BUY_NO
1779966127.4022002,73289.70063690544,73276.24544008938,0.448383544489387,0.645,397.8,BUY_NO
1779966127.4584806,73289.70063690544,73276.24544008938,0.4484293303915787,0.645,275.6,BUY_NO
1779966129.9352748,73289.70063690544,73276.24544008938,0.4614810813677388,0.645,313.45,BUY_NO
1779966129.980491,73289.70063690544,73276.24544008938,0.46169713513744143,0.645,149.05,BUY_NO
1779966130.0327573,73289.70063690544,73276.24544008938,0.46185552204062263,0.645,1802.02,BUY_NO
1779966130.0848758,73289.70063690544,73276.24544008938,0.46159073107869253,0.645,347.81,BUY_NO
1779966130.1534297,73289.70063690544,73276.24544008938,0.4613973488154568,0.645,287.75,BUY_NO
1779966130.2015467,73289.70063690544,73276.24544008938,0.4613229306180855,0.645,2544.29,BUY_NO
1779966130.3492503,73289.70063690544,73276.24544008938,0.46143646342800243,0.645,332.2,BUY_NO
1779966130.3993006,73289.70063690544,73276.24544008938,0.46149653905954535,0.645,351.6,BUY_NO
1779966133.9823606,73289.70063690544,73276.24544008938,0.4801165714230192,0.645,288.17,BUY_NO
1779966134.0349567,73289.70063690544,73276.24544008938,0.48027768085606903,0.645,149.04,BUY_NO
1779966135.3599021,73289.70063690544,73276.24544008938,0.4858278766868499,0.645,1802.02,BUY_NO
1779966135.4140682,73289.70063690544,73276.24544008938,0.48548600681132575,0.645,347.81,BUY_NO
1779966146.4575398,73291.36382583724,73276.24544008938,0.5354499835027743,0.645,246.54039956018823,BUY_NO
1779966318.604002,73266.02267146154,73277.50146446633,0.5530498991090684,0.745,102.64,BUY_YES
1779966318.6637566,73266.02267146154,73277.50146446633,0.5530273967440864,0.745,138.02,BUY_YES
1779966318.7342794,73266.02267146154,73277.50146446633,0.5529784406685129,0.745,499999.99999999953,BUY_NO
1779966318.7935102,73266.02267146154,73277.50146446633,0.552794952002144,0.745,499999.99999999953,BUY_NO
1779966318.8522017,73266.02267146154,73277.50146446633,0.5524767094408048,0.745,11046.03000000096,BUY_NO
1779966318.915982,73266.02267146154,73277.50146446633,0.5521328281786028,0.745,22949.0,BUY_NO
1779966318.979412,73266.02267146154,73277.50146446633,0.5517889186789412,0.745,6637.0,BUY_NO
1779966319.0345333,73266.02267146154,73277.50146446633,0.5514927585337235,0.745,22637.0,BUY_NO
1779966319.0930002,73266.02267146154,73277.50146446633,0.5511762469328347,0.745,18585.0,BUY_NO
1779966319.1479268,73266.02267146154,73277.50146446633,0.5508777789085417,0.745,6637.0,BUY_NO
1779966319.2053733,73266.02267146154,73277.50146446633,0.5505682651783647,0.745,16237.0,BUY_NO
1779966321.5977695,73266.02267146154,73277.50146446633,0.5399632993952748,0.495,102.64,BUY_YES
1779966321.6575272,73266.02267146154,73277.50146446633,0.5396909752837052,0.495,138.02,SELL_NO
1779966370.8728724,73288.4419097139,73277.50146446633,0.5233094619509049,0.495,100.0,SELL_NO
1779966385.6723933,73293.03059598661,73277.50146446633,0.5642031216402377,0.665,96.65,SELL_YES
1779966385.732558,73293.03059598661,73277.50146446633,0.5645032775993638,0.665,238.2,SELL_YES
1779966533.1667929,73244.0517972514,73277.50146446633,0.2067601157468373,0.055,1080.04,SELL_NO
1779966533.2267535,73244.0517972514,73277.50146446633,0.2065929699039786,0.055,771.4100000000001,SELL_NO
1779966533.2901335,73244.0517972514,73277.50146446633,0.20667372786975724,0.055,624.3,SELL_NO
1779966533.3463495,73244.0517972514,73277.50146446633,0.20677789469480234,0.055,615.3,SELL_NO
1779966533.4611387,73244.0517972514,73277.50146446633,0.20678696483257555,0.055,582.5899999999999,SELL_NO
1779966533.5199664,73244.0517972514,73277.50146446633,0.2068573811399421,0.055,1253.04,SELL_NO
1779966533.5801146,73244.0517972514,73277.50146446633,0.20695310349837584,0.055,625.95,SELL_NO
1779966534.3899136,73244.0517972514,73277.50146446633,0.20578128742416338,0.055,60.72000000000003,SELL_NO
1779966540.6920106,73244.0517972514,73277.50146446633,0.1863338964558957,0.055,975.8499999999999,SELL_NO
1779966541.1244004,73244.0517972514,73277.50146446633,0.18478917872558065,0.055,711.4100000000001,SELL_NO
1779966542.0946302,73244.0517972514,73277.50146446633,0.18116252391286186,0.055,976.71,SELL_NO
1779966542.1559014,73244.0517972514,73277.50146446633,0.18096561998039998,0.055,711.4100000000001,SELL_NO
1779966542.2179606,73244.0517972514,73277.50146446633,0.18098028968768246,0.055,639.3,SELL_NO
1779966542.5718422,73241.40470354287,73277.50146446633,0.18025140592028102,0.055,650.3,SELL_NO
1779966542.6337616,73241.40470354287,73277.50146446633,0.18013981020149702,0.055,612.78,SELL_NO
1779966544.0920908,73241.40470354287,73277.50146446633,0.17530563597861515,0.055,57.099999999999966,SELL_NO
1779966545.2678244,73241.40470354287,73277.50146446633,0.17066504480292727,0.05,1001.1700000000001,SELL_NO
1779966545.3294673,73241.40470354287,73277.50146446633,0.1703983784750395,0.05,726.4100000000001,SELL_NO
1779966546.549216,73241.40470354287,73277.50146446633,0.16529801928759996,0.045,87.0,SELL_NO
1779966548.0394275,73240.25276074551,73277.50146446633,0.1598294984736532,0.045,533.06,SELL_NO
1779966548.0912733,73240.25276074551,73277.50146446633,0.15968687606743553,0.045,870.27,SELL_NO
1779966548.147836,73240.25276074551,73277.50146446633,0.15969664185619334,0.045,578.24,SELL_NO
1779966548.3667688,73240.25276074551,73277.50146446633,0.15919854015932264,0.045,687.1,SELL_NO
1779966548.750889,73240.25276074551,73277.50146446633,0.1579601013108889,0.045,64.0,SELL_NO
1779966548.9648607,73240.25276074551,73277.50146446633,0.1572329896327914,0.045,649.9,SELL_NO
1779966549.1384833,73240.25276074551,73277.50146446633,0.15681688182093556,0.045,55.0,SELL_NO
1779966550.1369407,73240.25276074551,73277.50146446633,0.15342380057282415,0.045,55.5,SELL_NO
1779966551.8774874,73240.25276074551,73277.50146446633,0.1470607169584232,0.045,68.0,SELL_NO
1779966552.475211,73240.25276074551,73277.50146446633,0.14508376000914225,0.045,55.0,SELL_NO
1779966552.8185308,73240.25276074551,73277.50146446633,0.14403428793553386,0.045,55.0,SELL_NO
1779966553.4537115,73240.25276074551,73277.50146446633,0.1419345784085443,0.045,688.06,SELL_NO
1779966553.513563,73240.25276074551,73277.50146446633,0.14173024731633962,0.045,865.04,SELL_NO
1779966553.5739298,73240.25276074551,73277.50146446633,0.14167046673289702,0.045,560.6,SELL_NO
1779966553.6336517,73240.25276074551,73277.50146446633,0.14160382888137987,0.045,668.8,SELL_NO
1779966555.6007454,73240.25276074551,73277.50146446633,0.13543215040862072,0.045,53.01999999999998,SELL_NO
1779966559.894787,73239.41896323218,73277.50146446633,0.1208556373700689,0.045,716.0799999999999,SELL_NO
1779966559.9724677,73239.41896323218,73277.50146446633,0.12061051686138521,0.045,864.84,SELL_NO
1779966561.5017,73239.41896323218,73277.50146446633,0.11577880013190245,0.045,646.6,SELL_NO
1779966562.3964598,73239.41896323218,73277.50146446633,0.11338817610153595,0.045,741.0799999999999,SELL_NO
1779966562.7271028,73239.41896323218,73277.50146446633,0.11242934190655345,0.045,864.84,SELL_NO
1779966562.7853775,73239.41896323218,73277.50146446633,0.11232708624711592,0.045,646.6,SELL_NO
1779966565.7526171,73239.41896323218,73277.50146446633,0.10383029629493179,0.045,751.1800000000001,SELL_NO
1779966565.807972,73239.41896323218,73277.50146446633,0.10367333939299977,0.045,857.99,SELL_NO
1779966566.4567018,73239.41896323218,73277.50146446633,0.10203968581880292,0.045,357.6,SELL_NO
1779966569.304655,73239.41896323218,73277.50146446633,0.0940858129051547,0.045,718.0799999999999,SELL_NO
1779966569.3687193,73239.41896323218,73277.50146446633,0.09391396057730846,0.045,857.99,SELL_NO
1779966573.7160487,73224.9881487233,73277.50146446633,0.08283034323355604,0.045,85.0,SELL_NO
1779966573.834581,73224.9881487233,73277.50146446633,0.08254315298163292,0.045,798.0799999999999,SELL_NO
1779966574.1630535,73224.9881487233,73277.50146446633,0.08175320417902354,0.045,456.82,SELL_NO
1779966575.958806,73224.9881487233,73277.50146446633,0.07758419092813522,0.045,778.0799999999999,SELL_NO
1779966577.9950142,73224.9881487233,73277.50146446633,0.07314921945893238,0.045,793.3199999999999,SELL_NO
1779966580.8305714,73224.45757698988,73277.50146446633,0.06745384412249628,0.045,54.0,SELL_NO
1779966581.594868,73224.45757698988,73277.50146446633,0.06600860633574014,0.045,839.4300000000001,SELL_NO
1779966592.723429,73238.64821167735,73277.50146446633,0.05859091315648883,0.045,615.15,SELL_NO
1779966593.5252929,73238.64821167735,73277.50146446633,0.06547032829700108,0.045,883.6600000000001,SELL_NO
1779966598.4316316,73238.64821167735,73277.50146446633,0.09077386978632647,0.045,399.83,SELL_NO
1779966603.0205946,73238.64821167735,73238.64821167735,0.13802046900479217,0.045,548.77,SELL_NO
1779966603.100083,73238.64821167735,73238.64821167735,0.1398163677016931,0.045,694.3,SELL_NO
1779966603.1819437,73238.64821167735,73238.64821167735,0.1416195124393733,0.045,677.27,SELL_NO
1779966606.0058682,73257.72801070525,73257.13920265653,0.38065868835622807,0.25,500000.0,BUY_YES
1779966606.075444,73257.72801070525,73257.13920265653,0.3808065332291691,0.25,500000.0,BUY_YES
1779966606.137739,73257.72801070525,73257.13920265653,0.38107166690552774,0.25,119859.87999999989,BUY_YES
1779966606.2075992,73257.72801070525,73257.13920265653,0.38140365772512946,0.25,21140.16,BUY_YES
1779966606.2819285,73257.72801070525,73257.13920265653,0.3817604584081484,0.25,5379.0,BUY_YES
1779966606.353751,73257.72801070525,73257.13920265653,0.3821034162266161,0.25,21401.0,BUY_YES
1779966606.4156477,73257.72801070525,73257.13920265653,0.3824025516998557,0.25,18788.14,BUY_YES
1779966606.4767907,73257.72801070525,73257.13920265653,0.3827008863945409,0.25,239.5,BUY_NO
1779966606.5296323,73257.72801070525,73257.13920265653,0.3829557691755022,0.25,170.12,BUY_NO
1779966606.5862966,73257.72801070525,73257.13920265653,0.3832261228033856,0.25,175.35,BUY_NO
1779966606.6403916,73257.72801070525,73257.13920265653,0.3834815117766031,0.25,161.0,BUY_NO
1779966606.6957693,73257.72801070525,73257.13920265653,0.38374032443934875,0.25,369.35,BUY_NO
1779966606.749564,73257.72801070525,73257.13920265653,0.38398922313909084,0.25,142.36,BUY_NO
1779966606.7989779,73257.72801070525,73257.13920265653,0.3842157457113329,0.25,156.0,BUY_NO
1779966606.8602827,73257.72801070525,73257.13920265653,0.3844942393067475,0.25,199.35,BUY_NO
1779966608.4906592,73257.72801070525,73257.13920265653,0.39127298728660076,0.25,905.097572599072,BUY_YES
1779966608.5577543,73257.72801070525,73257.13920265653,0.39153488579870516,0.25,1177.2395033312496,BUY_YES
1779966608.6130393,73257.72801070525,73257.13920265653,0.3917517771242291,0.25,973.7039527995512,BUY_YES
1779966608.6778755,73257.72801070525,73257.13920265653,0.3920070307437791,0.25,1147.0983064402826,BUY_YES
1779966608.7903197,73257.72801070525,73257.13920265653,0.3924515720720177,0.25,1175.8606648298446,BUY_YES
1779966614.5802014,73257.72801070525,73257.13920265653,0.4127981608226444,0.495,199.16,BUY_NO
1779966614.6323988,73257.72801070525,73257.13920265653,0.41337982626797387,0.495,170.12,BUY_NO
1779966614.6868443,73257.72801070525,73257.13920265653,0.41390450591364825,0.495,175.35,BUY_NO
1779966614.7350373,73257.72801070525,73257.13920265653,0.4143201462852065,0.495,161.0,BUY_NO
1779966614.7897496,73257.72801070525,73257.13920265653,0.41475141351957956,0.495,359.35,BUY_NO
1779966614.882461,73257.72801070525,73257.13920265653,0.41541885280561114,0.495,152.36,SELL_YES
1779966620.5309188,73257.37690135224,73257.13920265653,0.4337719785143344,0.495,153.63,BUY_NO
1779966620.5866828,73257.37690135224,73257.13920265653,0.43379481259832237,0.495,190.12,BUY_NO
1779966620.643158,73257.37690135224,73257.13920265653,0.43345671341804776,0.495,175.35,BUY_NO
1779966620.7011614,73257.37690135224,73257.13920265653,0.43306201663969235,0.495,161.0,SELL_YES
1779966622.3564248,73257.20230820969,73257.13920265653,0.43286475247731293,0.495,138.63,BUY_NO
1779966622.4469225,73257.20230820969,73257.13920265653,0.43308840633521273,0.495,190.12,BUY_NO
1779966622.5135474,73257.20230820969,73257.13920265653,0.43284238401261377,0.495,175.35,BUY_NO
1779966622.6170602,73257.20230820969,73257.13920265653,0.43222339285437716,0.495,161.0,SELL_YES
1779966626.8664756,73257.20230820969,73257.13920265653,0.4349483440970683,0.495,128.63,BUY_NO
1779966626.944211,73257.20230820969,73257.13920265653,0.43489732320736274,0.495,190.12,BUY_NO
1779966627.016458,73257.20230820969,73257.13920265653,0.434345632497414,0.495,145.35,SELL_YES
1779966627.0950978,73257.20230820969,73257.13920265653,0.4337683536278695,0.495,161.0,SELL_YES
1779966639.0837078,73255.34916,73257.13920265653,0.4670005777917891,0.495,183.72,SELL_YES
1779966672.2658055,73251.90407075563,73257.13920265653,0.4668380075627546,0.495,252.65,SELL_YES
1779966673.550217,73251.90407075563,73257.13920265653,0.4611049791339374,0.495,113.99999999999997,SELL_YES
1779966676.2328339,73251.90407075563,73257.13920265653,0.4554859383560098,0.495,298.12,SELL_YES
1779966682.2495623,73247.53652312559,73257.13920265653,0.4419708343121505,0.495,107.99000000000001,BUY_NO
1779966682.3275352,73247.53652312559,73257.13920265653,0.4411886472366362,0.495,258.35,SELL_YES
