timestamp,side,qty,vwap,p_market,expected_slippage_bps,realized_slippage_bps,ev,strike,resolved_won,pnl,capital
1779890115.9119692,BUY_NO,140.9564790970177,0.56,0.56,0.0,0.0,0.05483445096633677,74888.68324690188,False,0.0,9996.764536900151
1779890120.6189291,BUY_NO,99.57,0.56,0.56,0.0,0.0,0.07293332015480858,74888.68324690188,False,0.0,9994.470235444152
1779890121.909882,BUY_NO,95.0,0.54,0.54,0.0,0.0,0.09401456239025952,74888.68324690188,False,0.0,9987.455649862211
1779890123.348005,BUY_NO,104.44704968893586,0.53,0.53,0.0,0.0,0.10700899816844689,74888.68324690188,False,0.0,9981.674871097217
1779890125.8908076,BUY_NO,96.15664058680011,0.52,0.52,0.0,0.0,0.12395554450785773,74888.68324690188,False,0.0,9975.03630238711
1779890133.459395,BUY_NO,114.413863795912,0.52,0.52,0.0,0.0,0.14305228097634082,74888.68324690188,False,0.0,9972.378078639082
1779890192.1844823,BUY_NO,100.91669125878809,0.6399999999999999,0.64,-1.734723475976807e-12,-1.734723475976807e-12,0.14072789385477535,74888.68324690188,False,0.0,10048.234692355074
1779890204.7643988,BUY_NO,110.0,0.55,0.55,0.0,0.0,0.18193180868098868,74888.68324690188,False,0.0,9973.755723534467
1779890254.990334,BUY_NO,293.0,0.19999999999999996,0.19999999999999996,0.0,0.0,0.3511570194063085,74888.68324690188,False,0.0,9637.047591874172
1779890255.012575,BUY_NO,452.0,0.21999999999999997,0.21999999999999997,0.0,0.0,0.33120019176408144,74888.68324690188,False,0.0,9622.637648718446
1779890257.264233,BUY_NO,310.0,0.21999999999999997,0.21999999999999997,0.0,0.0,0.3157614097781616,74888.68324690188,False,0.0,9643.156751206996
1779890258.1364532,BUY_NO,265.0,0.20999999999999996,0.20999999999999996,0.0,0.0,0.31887620538506456,74888.68324690188,False,0.0,9646.893682829133
1779890298.085032,BUY_YES,112.5,0.55,0.55,0.0,0.0,0.057179039964633915,74888.68324690188,False,0.0,10200.568917558134
1779890298.0910063,SELL_NO,316.21,0.4399999999999999,0.43999999999999995,1.261617073437678e-12,1.261617073437678e-12,0.04719391478176388,74888.68324690188,True,23.643307183519838,10190.185949190132
1779890298.097261,SELL_NO,450.02,0.43,0.43000000000000005,1.290957005378089e-12,1.290957005378089e-12,0.03722314632925888,74888.68324690188,True,29.203018607484665,10170.963856246133
1779890298.1037073,SELL_NO,460.76,0.42000000000000004,0.42000000000000004,0.0,0.0,0.02725057299700262,74888.68324690188,True,25.342844390974278,10146.725894454134
1779890298.7572439,SELL_NO,215.8,0.44999999999999996,0.44999999999999996,0.0,0.0,0.051975491466770496,74888.68324690188,True,18.266943206280587,10141.771338454133
1779890298.909107,SELL_NO,142.82,0.44999999999999996,0.44999999999999996,0.0,0.0,0.05098656799976364,74888.68324690188,True,12.07921885412879,10138.482186054134
1779890298.9149082,SELL_NO,336.0,0.43999999999999995,0.43999999999999995,0.0,0.0,0.040971526961554816,74888.68324690188,True,25.124900900232973,10127.451277254135
1779890298.9199724,SELL_NO,259.850724427454,0.43000000000000005,0.43000000000000005,0.0,0.0,0.0309960485149664,74888.68324690188,True,16.84974103896748,10116.339371439331
1779890315.0958264,SELL_YES,112.5,0.6,0.6,0.0,0.0,0.022910142288964597,74888.68324690188,True,3.650999999999989,10120.552871439331
1779890318.041568,BUY_NO,170.0,0.30000000000000004,0.30000000000000004,0.0,0.0,0.10774503427451931,74888.68324690188,False,0.0,10115.402471439333
1779890320.0928743,BUY_NO,193.69,0.29000000000000004,0.29000000000000004,0.0,0.0,0.11120364055427867,74888.68324690188,False,0.0,10111.532605927332
1779890366.6797373,BUY_NO,249.8,0.21999999999999997,0.21999999999999997,0.0,0.0,0.12834697320184874,74888.68324690188,False,0.0,10081.708976967333
1779890369.1763687,BUY_NO,284.53,0.18000000000000005,0.18000000000000005,0.0,0.0,0.150186199486803,74888.68324690188,False,0.0,10052.692969751333
1779890376.3328948,BUY_NO,454.17,0.12,0.12,0.0,0.0,0.15912612850514096,74888.68324690188,False,0.0,9993.057774407334
1779890386.0286689,SETTLE_NO,1352.19,0.0,0.0,0.0,0.0,0.0,74888.68324690188,False,-267.8719,9837.555924407334
1779890387.6048892,BUY_NO,112.47,0.47,0.47,0.0,0.0,0.3479849600924032,74922.53363429788,False,0.0,9834.946402463333
1779890395.2116709,BUY_NO,170.01,0.48000000000000004,0.48,1.1564823173178715e-12,1.1564823173178715e-12,0.2635438207145197,74922.53363429788,False,0.0,9830.723368751334
1779890395.2227721,BUY_NO,170.01,0.48000000000000004,0.48,1.1564823173178715e-12,1.1564823173178715e-12,0.26351661143950394,74922.53363429788,False,0.0,9825.937985039334
1779890396.9819572,BUY_NO,160.05,0.4799999999999999,0.48,-1.1564823173178715e-12,-1.1564823173178715e-12,0.2527367207677312,74922.53363429788,False,0.0,9824.493894479334
1779890398.0406556,BUY_NO,130.85,0.48,0.48,0.0,0.0,0.24452173502935182,74922.53363429788,False,0.0,9821.458112959333
1779890399.4096413,BUY_NO,130.85,0.48,0.48,0.0,0.0,0.23430949878364915,74922.53363429788,False,0.0,9818.422331439333
1779890401.4780161,BUY_NO,112.47,0.48,0.48,0.0,0.0,0.21897877343001482,74922.53363429788,False,0.0,9815.808760575335
1779890503.6666338,SELL_NO,759.0756985349097,0.21999999999999997,0.21999999999999997,0.0,0.0,0.017368304513573407,74922.53363429788,False,-205.90298232665913,9555.927350012122
1779890505.5011933,BUY_YES,131.99503768717645,0.7781059894039919,0.77,105.27258966223215,105.27258966223215,0.024756612110956144,74922.53363429788,False,0.0,9554.802896464023
1779890505.8963282,SELL_NO,227.6343014650903,0.21999999999999997,0.21999999999999997,0.0,0.0,0.02369363584261186,74922.53363429788,False,-61.76791706534085,9547.88593943215
1779890506.3001451,BUY_YES,85.02157964137902,0.7599999999999999,0.76,-1.4608197692436272e-12,-1.4608197692436272e-12,0.04491881013509669,74922.53363429788,False,0.0,9544.56920185775
1779890508.3834593,BUY_YES,107.29,0.7572038400596515,0.75,96.0512007953529,96.0512007953529,0.05346844660167682,74922.53363429788,False,0.0,9540.724579056165
1779890511.6128929,BUY_YES,66.73100414450533,0.75,0.75,0.0,0.0,0.0692239884297765,74922.53363429788,False,0.0,9539.46005547949
1779895437.8081157,BUY_NO,2027.12,0.10999999999999999,0.10999999999999999,0.0,0.0,0.5104457237655536,75063.63676580951,False,0.0,9573.66133524445
1779895438.4201546,BUY_NO,1768.31,0.12,0.12,0.0,0.0,0.5044266594046566,75063.63676580951,False,0.0,9533.661870652448
1779895438.52218,BUY_NO,564.52,0.13,0.13,0.0,0.0,0.4950248579474471,75063.63676580951,False,0.0,9514.92187138845
1779895438.9030063,BUY_NO,756.2540986983058,0.14,0.14,0.0,0.0,0.48661796534416446,75063.63676580951,False,0.0,9481.867162403212
1779895439.1791747,SELL_YES,391.0376214730608,0.8524183325621063,0.86,88.15892369643814,88.15892369643814,0.4799831975622972,75063.63676580951,True,31.144554740522096,9461.64422895717
1779899405.0822566,BUY_NO,1331.8169097841028,0.10999999999999999,0.10999999999999999,0.0,0.0,0.5076668515345445,75063.63676580951,False,0.0,9445.567433374563
1779899407.9496024,SETTLE_NO,6448.021008482408,1.0,1.0,0.0,0.0,0.0,75063.63676580951,True,5687.047574588395,15216.546235966318
1779899418.1124167,BUY_NO,318.01,0.6977670513505864,0.69,112.56596160270173,112.56596160270173,0.049351810187858614,74971.63705942105,False,0.0,15207.62753805073
1779899424.4464593,BUY_NO,90.52,0.65,0.65,0.0,0.0,0.0735833147896604,74971.63705942105,False,0.0,15194.98447045073
1779899424.5300543,BUY_NO,120.0,0.64,0.64,0.0,0.0,0.08298019634232945,74971.63705942105,False,0.0,15186.235864450731
1779899427.2211957,BUY_NO,110.29,0.6,0.6,0.0,0.0,0.10759548608739888,74971.63705942105,False,0.0,15140.24870325073
1779899427.2269294,BUY_NO,108.24316293112417,0.6,0.6,0.0,0.0,0.10761555488073549,74971.63705942105,False,0.0,15134.018534878036
1779899428.1110203,BUY_NO,94.59,0.56,0.56,0.0,0.0,0.14683033218525077,74971.63705942105,False,0.0,15144.935230050003
1779899428.542888,BUY_NO,115.0,0.56,0.56,0.0,0.0,0.14574105587151165,74971.63705942105,False,0.0,15115.890443162069
1779899428.6222248,BUY_NO,115.0,0.55,0.55,0.0,0.0,0.155878535630399,74971.63705942105,False,0.0,15107.877877347413
1779899474.3966446,SELL_NO,212.0,0.6,0.6,0.0,0.0,0.022294952882825014,74971.63705942105,False,-8.892859047583315,15172.781972937935
1779899475.512162,SELL_NO,155.81,0.63,0.63,0.0,0.0,0.054262184746093456,74971.63705942105,False,-1.7920769325846777,15195.147527433868
1779899475.530993,SELL_NO,132.45,0.62,0.62,0.0,0.0,0.04425744037005053,74971.63705942105,False,-2.8762364477943834,15190.88400159387
1779899475.5410154,SELL_NO,147.16,0.61,0.61,0.0,0.0,0.03430781618165646,74971.63705942105,False,-4.68831137706772,15184.654327385868
1779899475.5509064,SELL_NO,115.0,0.6,0.6,0.0,0.0,0.02441402855387642,74971.63705942105,False,-4.837682973924899,15178.612127385868
1779899475.5745592,SELL_NO,115.0,0.63,0.63,0.0,0.0,0.054619518329699135,74971.63705942105,False,-1.3305509739249004,15176.077059385869
1779899475.624015,SELL_NO,115.0,0.6,0.6,0.0,0.0,0.024858217545392414,74971.63705942105,False,-4.837682973924899,15170.034859385869
1779899477.7786183,BUY_YES,200.0,0.35,0.35,0.0,0.0,0.07560511169071554,74971.63705942105,False,0.0,15165.502020088457
1779899478.079555,SELL_NO,79.23316293112418,0.65,0.65,0.0,0.0,0.07587465087212608,74971.63705942105,True,0.6905512245491536,15162.589517621023
1779899478.3277717,BUY_YES,195.0,0.32,0.32,0.0,0.0,0.10549985189518374,74971.63705942105,False,0.0,15157.504413621024
1779899478.7804704,BUY_YES,189.81,0.32,0.32,0.0,0.0,0.10494783182693518,74971.63705942105,False,0.0,15151.576572389024
1779899495.9167807,BUY_YES,151.57382445799863,0.33,0.33,0.0,0.0,0.11983662202546247,74971.63705942105,False,0.0,15154.22386924042
1779899569.4404948,SELL_YES,477.90999999999997,0.8529978447824904,0.86,81.42040950592529,81.42040950592529,0.21006161295995718,74971.63705942105,True,245.50262106077017,15541.79048796862
1779899569.4568808,BUY_NO,605.76,0.16000000000000003,0.16000000000000003,0.0,0.0,0.19699470155110688,74971.63705942105,False,0.0,15520.754669600621
1779899569.4665918,SELL_YES,258.4738244579986,0.83,0.83,0.0,0.0,0.1870962355267517,74971.63705942105,True,126.52770741167521,15509.052198467156
1779899574.2027948,BUY_NO,295.96,0.17000000000000004,0.17000000000000004,0.0,0.0,0.1917450778164097,74971.63705942105,False,0.0,15522.708481635156
1779899574.3506336,BUY_NO,315.71,0.17000000000000004,0.17000000000000004,0.0,0.0,0.19132065413418975,74971.63705942105,False,0.0,15517.892570603157
1779899574.356847,BUY_NO,390.52,0.18000000000000005,0.18000000000000005,0.0,0.0,0.18133703415887648,74971.63705942105,False,0.0,15507.854636459158
1779899574.6545007,BUY_NO,304.32,0.17000000000000004,0.17000000000000004,0.0,0.0,0.19091208333278142,74971.63705942105,False,0.0,15503.211388715157
1779899576.175551,BUY_NO,419.64,0.16000000000000003,0.16000000000000003,0.0,0.0,0.1977035356671143,74971.63705942105,False,0.0,15466.240166363157
1779899580.5231767,BUY_NO,366.56,0.14,0.14,0.0,0.0,0.2102604721405883,74971.63705942105,False,0.0,15426.221081035157
1779899601.5132976,BUY_NO,421.17,0.12,0.12,0.0,0.0,0.21542884070381307,74971.63705942105,False,0.0,15366.913591291157
1779899605.7481503,BUY_NO,465.24,0.10999999999999999,0.10999999999999999,0.0,0.0,0.23101744266727076,74971.63705942105,False,0.0,15330.081607579157
1779899612.0807686,BUY_NO,464.9137897516953,0.10999999999999999,0.10999999999999999,0.0,0.0,0.236295557652203,74971.63705942105,False,0.0,15324.449954309199
1779899668.0256157,SELL_NO,241.17,0.9678305759422814,0.97,22.3651964713256,22.3651964713256,0.49659002614822323,74971.63705942105,True,197.4526870053248,18845.470873556245
1779899668.0967512,SELL_NO,61.0,0.97,0.97,0.0,0.0,0.49793934492959,74971.63705942105,True,50.06128060270108,18845.008066356244
1779899668.1058097,SELL_NO,269.53,0.9458620561718548,0.95,43.557303454159374,43.557303454159374,0.4737136217840937,74971.63705942105,True,214.36464259534654,18836.130784599758
1779899668.1134048,SELL_NO,126.55,0.9286922165152114,0.9299999999999999,14.062188008479026,14.062188008479026,0.45648780166183434,74971.63705942105,True,98.32312826079098,18829.637137263304
1779899668.1214418,SELL_NO,284.92,0.9022139547943282,0.91,85.5609363260641,85.5609363260641,0.42996396248896585,74971.63705942105,True,213.4108562578509,18807.059090295817
1779899668.126652,SELL_NO,840.71,0.8841753993648226,0.89,65.44495095704971,65.44495095704971,0.41189958048570174,74971.63705942105,True,613.7435068478183,18724.47299293693
1779899668.1926477,SELL_NO,80.00000000000003,0.97,0.97,0.0,0.0,0.49729770013173047,74971.63705942105,True,65.66348275764078,18723.875376936932
1779899668.2504458,SELL_NO,553.34,0.8645964506451729,0.87,62.10976269916229,62.10976269916229,0.3914311303187423,74971.63705942105,True,392.5266526200169,18658.090574725036
1779899668.2589612,SELL_NO,752.0,0.8442021276595744,0.85,68.21026282853663,68.21026282853663,0.3710514174610535,74971.63705942105,True,517.3430443899081,18552.57929079312
1779899668.2654774,BUY_YES,311.0,0.17,0.17,0.0,0.0,0.3568638514682776,74971.63705942105,False,0.0,18504.29477959312
1779899668.273105,BUY_YES,599.0,0.18,0.18,0.0,0.0,0.34687362685643536,74971.63705942105,False,0.0,18405.05408679312
1779899668.2792435,BUY_YES,714.0,0.19,0.19,0.0,0.0,0.3368820290574401,74971.63705942105,False,0.0,18279.30239559312
1779899668.286721,BUY_YES,327.84,0.2,0.2,0.0,0.0,0.3268889281808632,74971.63705942105,False,0.0,18218.12367879312
1779899668.2926462,BUY_YES,583.0,0.21,0.21,0.0,0.0,0.3168854214257133,74971.63705942105,False,0.0,18103.27486039312
1779899668.2990007,BUY_YES,299.0,0.22,0.22,0.0,0.0,0.30687958244148306,74971.63705942105,False,0.0,18041.24565559312
1779899668.306849,BUY_YES,299.0,0.22999999999999998,0.23,-1.206764157201257e-12,-1.206764157201257e-12,0.2968651489520231,74971.63705942105,False,0.0,17976.10804679312
1779899668.3121421,BUY_YES,309.0,0.24,0.24,0.0,0.0,0.286852196169448,74971.63705942105,False,0.0,17905.585011593124
1779899668.320538,SELL_NO,763.4200000000001,0.7441130701317753,0.75,78.492398242996,78.492398242996,0.2709413481345533,74971.63705942105,True,445.5533438763717,17718.82525530002
1779899668.3251355,SELL_NO,77.1537897516946,0.73,0.73,0.0,0.0,0.2568138219845508,74971.63705942105,True,43.876102678001665,17698.79767194973
1779899677.2040522,BUY_YES,387.77,0.13,0.13,0.0,0.0,0.3252357869180428,74971.63705942105,False,0.0,18037.85513328573
1779899679.1439147,BUY_YES,556.15,0.09,0.09,0.0,0.0,0.3505950241940685,74971.63705942105,False,0.0,17878.580477965734
1779899679.177998,BUY_YES,564.25,0.09,0.09,0.0,0.0,0.3505070037895148,74971.63705942105,False,0.0,17872.401958565733
1779899692.1717973,BUY_YES,808.76,0.07,0.07,0.0,0.0,0.30750774349806337,74971.63705942105,False,0.0,17765.537138693733
1779899692.4408584,BUY_YES,864.32,0.07,0.07,0.0,0.0,0.3080062939733952,74971.63705942105,False,0.0,17757.134297989734
1779899693.5694468,BUY_YES,838.78,0.06,0.06,0.0,0.0,0.3165951911142822,74971.63705942105,False,0.0,17683.273380165734
1779899694.0734735,BUY_YES,1391.93,0.06,0.06,0.0,0.0,0.31664217854793053,74971.63705942105,False,0.0,17582.093380821734
1779899686.9961355,SETTLE_YES,8853.8,0.0,0.0,0.0,0.0,0.0,74971.63705942105,False,-1095.2922999999998,17183.672380821736
1779899708.8806279,BUY_YES,103.54,0.51,0.51,0.0,0.0,0.3008418861514386,74936.02683271197,False,0.0,17181.261706309735
1779899708.8902154,BUY_YES,268.83,0.52,0.52,0.0,0.0,0.2908218187990127,74936.02683271197,False,0.0,17172.368058613734
1779899708.8967445,BUY_YES,444.0,0.53,0.53,0.0,0.0,0.2808045947292491,74936.02683271197,False,0.0,17153.274829813734
1779899708.9036515,BUY_YES,469.0,0.54,0.54,0.0,0.0,0.2707864387124489,74936.02683271197,False,0.0,17128.441858613736
1779899708.9454873,BUY_YES,419.66,0.55,0.55,0.0,0.0,0.26064483903122826,74936.02683271197,False,0.0,17102.048817413735
1779899710.4052255,BUY_YES,108.54,0.51,0.51,0.0,0.0,0.285481033288864,74936.02683271197,False,0.0,17099.523178901734
1779899710.410166,BUY_YES,286.27,0.52,0.52,0.0,0.0,0.2754465373505379,74936.02683271197,False,0.0,17090.054513477735
1779899710.4147644,BUY_YES,290.9942762124956,0.53,0.53,0.0,0.0,0.2654495720358908,74936.02683271197,False,0.0,17077.530616029697
1779899875.9274437,SELL_YES,104.19,0.55,0.55,0.0,0.0,0.022875499389507392,74936.02683271197,True,0.05373337234284037,17194.664714040322
1779899876.5877807,SELL_YES,165.87,0.55,0.55,0.0,0.0,0.02283448724121817,74936.02683271197,True,0.1033031430128375,17190.84956064032
1779899876.75211,SELL_YES,113.20999999999998,0.55,0.55,0.0,0.0,0.0231711121229512,74936.02683271197,True,0.060982388741081195,17188.23610844032
1779899876.9785485,SELL_YES,94.61000000000001,0.55,0.55,0.0,0.0,0.023148435374737986,74936.02683271197,True,0.04603430614604065,17186.04710824032
1779899877.387767,SELL_YES,240.09999999999997,0.5499999999999999,0.55,2.0185873175002844e-12,2.0185873175002844e-12,0.02337798582915762,74936.02683271197,True,0.16295885113268582,17180.538026240323
1779899877.4125316,SELL_YES,115.0,0.55,0.55,0.0,0.0,0.023463850057350966,74936.02683271197,True,0.06242094077575899,17177.88372624032
1779899877.6338086,SELL_YES,120.38,0.55,0.55,0.0,0.0,0.023857746144128944,74936.02683271197,True,0.0667446334833599,17175.106654640324
1779899877.6852956,SELL_YES,92.75999999999999,0.55,0.55,0.0,0.0,0.024178889378160928,74936.02683271197,True,0.04454753449008564,17172.959871440326
1779899877.7313857,SELL_YES,862.62,0.55,0.55,0.0,0.0,0.0244387054812526,74936.02683271197,True,0.6632534950608147,17153.244883040323
1779899878.404551,SELL_YES,92.41999999999996,0.55,0.55,0.0,0.0,0.02584416715268434,74936.02683271197,True,0.044274289969536085,17151.105858640323
1779899878.4124534,SELL_YES,115.0,0.55,0.55,0.0,0.0,0.02582978219832499,74936.02683271197,True,0.06242094077575899,17148.45155864032
1779899878.9530294,SELL_YES,153.94999999999993,0.55,0.55,0.0,0.0,0.02678331351787877,74936.02683271197,True,0.09372351158634729,17144.90841964032
1779899879.218672,SELL_YES,120.72427621249574,0.55,0.55,0.0,0.0,0.02763326028573565,74936.02683271197,True,0.06702131462635919,17142.123491657152
1779899884.5144148,BUY_NO,118.11,0.43999999999999995,0.43999999999999995,0.0,0.0,0.05667111467422803,74936.02683271197,False,0.0,17139.407575769153
1779899886.4203117,BUY_NO,141.58,0.43999999999999995,0.43999999999999995,0.0,0.0,0.0653171649051747,74936.02683271197,False,0.0,17136.157933305152
1779899915.4059904,BUY_NO,215.98105484989173,0.31999999999999995,0.31999999999999995,0.0,0.0,0.08929837839906785,74936.02683271197,False,0.0,17100.50140964836
1779899918.403845,BUY_NO,191.04585381110343,0.29000000000000004,0.29000000000000004,0.0,0.0,0.10467497587351038,74936.02683271197,False,0.0,17082.41383216023
1779899934.480425,BUY_NO,172.4988218977095,0.29000000000000004,0.29000000000000004,0.0,0.0,0.11854247976544796,74936.02683271197,False,0.0,17078.96407751587
1779899936.007389,BUY_NO,172.5938383443829,0.29000000000000004,0.29000000000000004,0.0,0.0,0.13242095693952272,74936.02683271197,False,0.0,17075.51243918946
1779899939.2527387,BUY_NO,203.23,0.29000000000000004,0.29000000000000004,0.0,0.0,0.16635459045755163,74936.02683271197,False,0.0,17071.45344508546
1779899939.7405076,BUY_NO,194.96,0.29000000000000004,0.29000000000000004,0.0,0.0,0.1706371368282369,74936.02683271197,False,0.0,17067.55840207746
1779899940.9621758,BUY_NO,172.6706450889949,0.29000000000000004,0.29000000000000004,0.0,0.0,0.17835446395895438,74936.02683271197,False,0.0,17064.1052410727
1779899942.6626143,BUY_NO,182.14344062546184,0.29000000000000004,0.29000000000000004,0.0,0.0,0.19301891274407534,74936.02683271197,False,0.0,17060.464283790985
1779899945.7852795,BUY_NO,261.49,0.28,0.28,0.0,0.0,0.22232366425439687,74936.02683271197,False,0.0,17037.683117596807
1779899947.422002,BUY_NO,179.0987009291291,0.28,0.28,0.0,0.0,0.22570749147413416,74936.02683271197,False,0.0,17034.157970628436
1779899990.8422701,SELL_NO,152.16,0.48999999999999994,0.49,1.1328806373726088e-12,1.1328806373726088e-12,0.03524299717129692,74936.02683271197,True,24.83358689317751,17526.084116178437
1779899991.2492568,SELL_NO,107.35,0.49,0.49,0.0,0.0,0.03567084166157286,74936.02683271197,True,17.51144356586886,17513.319627320703
1779899991.603877,SELL_NO,105.0,0.48999999999999994,0.49,1.1328806373726088e-12,1.1328806373726088e-12,0.03459978660674207,74936.02683271197,True,17.127443636853563,17510.8753833207
1779899991.8195636,SELL_NO,103.0,0.49,0.49,0.0,0.0,0.0342373669039403,74936.02683271197,True,16.800635186627783,17508.477124920704
1779899991.994001,SELL_NO,105.0,0.48999999999999994,0.49,1.1328806373726088e-12,1.1328806373726088e-12,0.034366641752315574,74936.02683271197,True,17.127443636853563,17506.032880920702
1779899992.3491244,SELL_NO,107.0,0.49,0.49,0.0,0.0,0.03506278763592585,74936.02683271197,True,17.454252087079347,17503.542651320702
1779899992.3893626,SELL_NO,463.51,0.49,0.49,0.0,0.0,0.03496088809189013,74936.02683271197,True,75.70949238207618,17492.855258592703
1779899992.6259274,SELL_NO,105.35,0.5,0.5,0.0,0.0,0.04483849063870926,74936.02683271197,True,18.237376595643084,17501.02603214817
1779899992.6832075,SELL_NO,105.0,0.5,0.5,0.0,0.0,0.04498583816167134,74936.02683271197,True,18.176687636853565,17498.58103214817
1779899992.718327,SELL_NO,111.57000000000002,0.5,0.5,0.0,0.0,0.04498237135100669,74936.02683271197,True,19.31590609184527,17495.984922148167
1779899994.073542,SELL_NO,141.11,0.49,0.49,0.0,0.0,0.03736937352096925,74936.02683271197,True,23.02797020568007,17488.302546362436
1779899998.2416296,SELL_NO,107.19,0.49,0.49,0.0,0.0,0.03868851881177149,74936.02683271197,True,17.485298889850803,17482.811186352705
1779899998.3850656,SELL_NO,118.69,0.49,0.49,0.0,0.0,0.03841117661757232,74936.02683271197,True,19.364447478649048,17480.052170920702
1779899998.5695627,SELL_NO,130.0,0.49,0.49,0.0,0.0,0.0380914192866747,74936.02683271197,True,21.212549264675843,17477.033106920702
1779899999.0887358,SELL_NO,182.01,0.49,0.49,0.0,0.0,0.039176972129279064,74936.02683271197,True,29.71120301279732,17472.8181873927
1779899987.4030612,SETTLE_NO,61.46235554667351,1.0,1.0,0.0,0.0,0.0,74938.6846367091,True,42.46488978140087,17503.85667694377
1779900017.3203287,BUY_NO,118.3,0.62,0.62,0.0,0.0,0.25897392273188946,74937.86259347643,False,0.0,17501.22843038377
1779900017.3436713,BUY_NO,313.73,0.63,0.63,0.0,0.0,0.24891898117229028,74937.86259347643,False,0.0,17491.22708704777
1779900017.3478377,BUY_NO,466.17,0.64,0.64,0.0,0.0,0.23890854911991155,74937.86259347643,False,0.0,17471.80963615177
1779900017.3562768,BUY_NO,469.0,0.65,0.65,0.0,0.0,0.2288876358501556,74937.86259347643,False,0.0,17447.682416151772
1779900017.3610253,BUY_NO,458.0,0.6599999999999999,0.6599999999999999,0.0,0.0,0.21887571931147176,74937.86259347643,False,0.0,17419.642601751773
1779900017.3656573,BUY_NO,374.9472865169671,0.6699999999999999,0.6699999999999999,0.0,0.0,0.20886341358699334,74937.86259347643,False,0.0,17393.02164014982
1779900018.548448,BUY_NO,114.82,0.62,0.62,0.0,0.0,0.24845814622414564,74937.86259347643,False,0.0,17390.46982552582
1779900096.8214872,SELL_NO,348.88,0.39999999999999997,0.4,1.3877787807814457e-12,1.3877787807814457e-12,0.02230248329300727,74937.86259347643,False,-92.39687112071715,16896.523648957256
1779900098.0179613,SELL_NO,298.76,0.4,0.4,0.0,0.0,0.031014660436334496,74937.86259347643,False,-79.12747310257237,16889.837276157257
1779900099.2667084,BUY_YES,125.14898689682357,0.6,0.6,0.0,0.0,0.040649705185347385,74937.86259347643,False,0.0,16887.018956729193
1779900100.576373,BUY_YES,95.74347416367468,0.6,0.6,0.0,0.0,0.04971786979545867,74937.86259347643,False,0.0,16884.85579212483
1779900102.818482,SELL_NO,261.13,0.39,0.39,0.0,0.0,0.05612881417179383,74937.86259347643,False,-71.73665163079448,16864.582950326265
1779900103.5637388,BUY_YES,126.67545535983209,0.61,0.61,0.0,0.0,0.060750652256794546,74937.86259347643,False,0.0,16861.7497745097
1779900103.5725667,SELL_NO,184.3345446401679,0.39000000000000007,0.39,-1.4233628520835338e-12,-1.4233628520835338e-12,0.06076139198381175,74937.86259347643,False,-50.64851559006493,16857.640672238264
1779900105.377835,BUY_YES,88.95638435325895,0.61,0.61,0.0,0.0,0.06912995646665598,74937.86259347643,False,0.0,16855.642174200188
1779900106.3168414,SELL_NO,146.67,0.39,0.39,0.0,0.0,0.07327421432674008,74937.86259347643,False,-40.305780625315464,16852.366543104188
1779900107.4636567,SELL_NO,145.03,0.39,0.39,0.0,0.0,0.07673803898706066,74937.86259347643,False,-39.85543440437378,16849.127203240187
1779900108.3305018,BUY_YES,84.25,0.61,0.61,0.0,0.0,0.08049850378099355,74937.86259347643,False,0.0,16847.23285184019
1779900108.6663482,SELL_NO,212.88,0.39,0.39,0.0,0.0,0.08144017590477981,74937.86259347643,False,-58.48713628906496,16842.492072896188
1779900110.294977,BUY_YES,108.37357033958756,0.61,0.61,0.0,0.0,0.08730294114027459,74937.86259347643,False,0.0,16840.063895832856
1779900110.3009393,SELL_NO,141.10642966041243,0.39,0.39,0.0,0.0,0.08730344033641213,74937.86259347643,False,-38.77801667569563,16836.91137987219
1779900121.2071211,SELL_YES,371.23,0.8234910971634835,0.83,78.42051610260852,78.42051610260852,0.04754511878879786,74937.86259347643,True,76.64259051127698,16840.90729840371
1779900121.217072,SELL_YES,257.91787111317683,0.81,0.81,0.0,0.0,0.03401185623116154,74937.86259347643,True,49.601181960991,16831.571415279646
1779900151.0135577,BUY_YES,59.63568873513103,0.84,0.84,0.0,0.0,0.014694060917723184,74937.86259347643,False,0.0,16830.66615420322
1779900152.0105722,BUY_YES,61.75389320332463,0.84,0.84,0.0,0.0,0.01798109454095831,74937.86259347643,False,0.0,16829.729804663453
1779900153.3871288,BUY_YES,59.53904399324908,0.84,0.84,0.0,0.0,0.021150484935101077,74937.86259347643,False,0.0,16828.825962022573
1779900171.3716323,SELL_YES,180.92862593170474,0.9271641510199126,0.93,30.492999785886937,30.492999785886937,0.02315751428185886,74937.86259347643,True,14.860775880422835,16786.973749811015
1779900211.4561706,BUY_YES,590.88067830875,0.9490691860130301,0.94,96.48070226627867,96.48070226627867,0.008483277276375545,74937.86259347643,False,0.0,16776.5741245768
1779900212.6054895,BUY_YES,53.349518333412334,0.94,0.94,0.0,0.0,0.01875359818167166,74937.86259347643,False,0.0,16776.060735261086
1779900257.2298682,SELL_YES,149.85,0.99,0.99,0.0,0.0,0.00706234689596863,74937.86259347643,True,6.10921135795536,16779.666885824503
1779900285.830027,SETTLE_YES,494.38019664216233,1.0,1.0,0.0,0.0,0.0,74937.86259347643,True,25.520480577486836,16778.84892466876
1779900285.830027,SETTLE_NO,576.1763122163869,0.0,0.0,0.0,0.0,0.0,74937.86259347643,False,-373.0883485591427,16778.84892466876
1779900286.3940713,BUY_NO,156.11,0.5,0.5,0.0,0.0,0.31836797657681015,75022.43213069128,False,0.0,16775.22839466876
1779900290.312902,BUY_NO,156.11,0.5,0.5,0.0,0.0,0.29306874612260225,75022.43213069128,False,0.0,16771.60786466876
1779900291.349491,BUY_NO,111.1,0.51,0.51,0.0,0.0,0.274615955042653,75022.43213069128,False,0.0,16767.912364588756
1779900291.4414382,BUY_NO,364.21,0.52,0.52,0.0,0.0,0.26407542284407004,75022.43213069128,False,0.0,16752.23182383676
1779900297.9714055,BUY_NO,112.96,0.51,0.51,0.0,0.0,0.22943935238526136,75022.43213069128,False,0.0,16752.97740714876
1779900297.9814146,BUY_NO,324.21,0.52,0.52,0.0,0.0,0.21946070437911602,75022.43213069128,False,0.0,16740.636764396757
1779900297.9873972,BUY_NO,454.86,0.53,0.53,0.0,0.0,0.20947556096068898,75022.43213069128,False,0.0,16727.200759324758
1779900299.53557,BUY_NO,115.6,0.51,0.51,0.0,0.0,0.22037072958797466,75022.43213069128,False,0.0,16724.512791644756
1779900498.3075757,SELL_NO,95.23,0.63,0.63,0.0,0.0,0.027780646715985458,75022.43213069128,True,9.117178498639817,16896.281627508757
1779900498.3270154,SELL_NO,95.23,0.63,0.63,0.0,0.0,0.027684327523677,75022.43213069128,True,9.117178498639817,16897.51026337276
1779900550.6791406,BUY_NO,709.9,0.25,0.25,0.0,0.0,0.27914355247419964,75022.43213069128,False,0.0,16314.678613372758
1779900551.1634347,BUY_NO,201.81000000000006,0.25,0.25,0.0,0.0,0.2722790941436386,75022.43213069128,False,0.0,16310.915128372759
1779900551.418432,BUY_NO,224.51999999999998,0.25,0.25,0.0,0.0,0.2688612340388108,75022.43213069128,False,0.0,16306.731508372759
1779900580.3098044,SELL_NO,266.51,0.25,0.25,0.0,0.0,0.020718129980142663,75022.43213069128,False,-45.31349429798123,16329.18037337276
1779900587.745277,SETTLE_NO,2474.42,0.0,0.0,0.0,0.0,0.0,75022.43213069128,False,-1005.6662759712983,15698.20327337276
1779900599.8368697,BUY_NO,157.47168549576708,0.5,0.5,0.0,0.0,0.05271865273937326,75064.76571894433,False,0.0,15694.551424606356
1779900610.0844274,BUY_NO,123.49,0.42000000000000004,0.42000000000000004,0.0,0.0,0.08285760861985503,75064.76571894433,False,0.0,15679.140323958694
1779900669.891166,SELL_NO,153.25949222480654,0.32999999999999996,0.32999999999999996,0.0,0.0,0.02531910275500704,75064.76571894433,False,-23.134958167128836,15653.427323149283
1779900670.944694,BUY_YES,74.98990042471297,0.67,0.67,0.0,0.0,0.030821112071289014,75064.76571894433,False,0.0,15651.828594424318
1779900672.05383,BUY_YES,74.87157343928192,0.67,0.67,0.0,0.0,0.03787218561465522,75064.76571894433,False,0.0,15650.232341005227
1779900674.5515969,BUY_YES,83.42671528053532,0.6880162229875229,0.68,117.88563216945298,117.88563216945298,0.036645730842452484,75064.76571894433,False,0.0,15648.048690483944
1779900677.021347,BUY_YES,73.43719891479995,0.6980023747886926,0.69,115.9764462129377,115.9764462129377,0.042264269673521926,75064.76571894433,False,0.0,15647.005118151083
1779900683.1070805,BUY_YES,69.56182312510771,0.72,0.72,0.0,0.0,0.05246562858702408,75064.76571894433,False,0.0,15650.988301104082
1779900684.325398,BUY_YES,69.57369624535767,0.72,0.72,0.0,0.0,0.058441326466057264,75064.76571894433,False,0.0,15649.600556507115
1779900685.8204327,BUY_YES,77.40530740162723,0.72,0.72,0.0,0.0,0.06509028038893871,75064.76571894433,False,0.0,15648.05997645211
1779900687.199491,BUY_YES,153.9909973959534,0.7193506113883861,0.71,131.69875194910014,131.69875194910014,0.07094186770103927,75064.76571894433,False,0.0,15639.626097825761
1779900687.704786,BUY_YES,109.21282187990914,0.709084356595877,0.7,129.7765227982433,129.7765227982433,0.0829240786372415,75064.76571894433,False,0.0,15630.940279658826
1779900689.150538,BUY_YES,75.489578102932,0.7,0.7,0.0,0.0,0.09877966149157125,75064.76571894433,False,0.0,15629.391429347395
1779900690.513039,BUY_YES,71.55115374100842,0.7,0.7,0.0,0.0,0.10519259771769363,75064.76571894433,False,0.0,15627.921820134125
1779900692.0736375,BUY_YES,73.38868912799694,0.7,0.7,0.0,0.0,0.11177070866533989,75064.76571894433,False,0.0,15626.415239708871
1779900693.8256543,BUY_YES,71.43569885526472,0.7,0.7,0.0,0.0,0.11817501874109504,75064.76571894433,False,0.0,15624.947953447901
1779900736.4112616,BUY_YES,56.231020322869426,0.89,0.89,0.0,0.0,0.05475230020175481,75064.76571894433,False,0.0,15804.860699656307
1779900738.0031588,BUY_YES,56.35263269738152,0.89,0.89,0.0,0.0,0.0570797337607839,75064.76571894433,False,0.0,15804.151718055462
1779900739.6854799,BUY_YES,56.247339582930636,0.89,0.89,0.0,0.0,0.05940294914311883,75064.76571894433,False,0.0,15803.444005110296
1779900745.7319083,BUY_YES,59.28401767573109,0.9,0.9,0.0,0.0,0.056744572583211195,75064.76571894433,False,0.0,15813.928064120046
1779900747.8587916,BUY_YES,59.23686689140504,0.9,0.9,0.0,0.0,0.05899237091428022,75064.76571894433,False,0.0,15813.218024888132
1779900752.8515193,BUY_YES,60.9031233035912,0.89,0.89,0.0,0.0,0.06681865064941328,75064.76571894433,False,0.0,15800.074366957733
1779900756.8296523,BUY_YES,56.18677086235175,0.89,0.89,0.0,0.0,0.06914017406507889,75064.76571894433,False,0.0,15799.367383792967
1779900759.56881,BUY_YES,140.24119389082534,0.8892869427503743,0.88,105.53344034516293,105.53344034516293,0.07169788634564778,75064.76571894433,False,0.0,15782.788875571121
1779900764.008144,BUY_YES,57.21408670622304,0.88,0.88,0.0,0.0,0.08354613881726791,75064.76571894433,False,0.0,15782.037794993546
1779900779.0312567,BUY_YES,102.60300716240295,0.898051714023512,0.89,90.4686968933934,90.4686968933934,0.0734888575777436,75064.76571894433,False,0.0,15803.793261425752
1779900783.8489494,BUY_YES,55.668830708097175,0.8991018313234892,0.89,102.26776767965376,102.26776767965376,0.07473876152216852,75064.76571894433,False,0.0,15794.338953076753
1779900885.7611976,SETTLE_YES,1838.5040437382966,1.0,1.0,0.0,0.0,0.0,75064.76571894433,True,402.5827843680165,15991.081165880496
1779900885.7611976,SETTLE_NO,127.70219327096055,0.0,0.0,0.0,0.0,0.0,75064.76571894433,False,-59.39082065519371,15991.081165880496
1779900897.0539563,BUY_NO,477.11,0.5,0.5,0.0,0.0,0.2830367259668525,75140.3526769247,False,0.0,15980.077635880496
1779900897.1158242,BUY_NO,224.18,0.51,0.51,0.0,0.0,0.2729034712720859,75140.3526769247,False,0.0,15972.651309976496
1779900897.124566,BUY_NO,314.21,0.52,0.52,0.0,0.0,0.26287550218807554,75140.3526769247,False,0.0,15959.119329224497
1779900897.1409595,BUY_NO,314.0,0.53,0.53,0.0,0.0,0.2528164690764312,75140.3526769247,False,0.0,15942.467676424498
1779900897.1467094,BUY_NO,170.21,0.54,0.54,0.0,0.0,0.24279375449000373,75140.3526769247,False,0.0,15931.734054616496
1779900897.2732818,BUY_NO,191.0,0.55,0.55,0.0,0.0,0.2322091845530896,75140.3526769247,False,0.0,15917.795434616495
1779900897.338273,BUY_NO,165.11862343228245,0.56,0.56,0.0,0.0,0.22188255054596118,75140.3526769247,False,0.0,15904.10338761881
1779900899.065492,BUY_NO,222.24,0.5,0.5,0.0,0.0,0.26109607132718216,75140.3526769247,False,0.0,15898.961867618811
1779900936.7821937,SELL_NO,108.97,0.5700000000000001,0.5700000000000001,0.0,0.0,0.04112057666354918,75140.3526769247,True,3.356516012865221,16062.709492109392
1779900936.936779,SELL_NO,103.0,0.5700000000000001,0.5700000000000001,0.0,0.0,0.04188050491274464,75140.3526769247,True,3.1709832919621803,16060.346830509392
1779900937.3710496,SELL_NO,88.00000000000003,0.5700000000000001,0.5700000000000001,0.0,0.0,0.04306948730196258,75140.3526769247,True,2.7048206766278824,16058.323876909391
1779900937.7084472,SELL_NO,274.97,0.5700000000000001,0.5700000000000001,0.0,0.0,0.04508156919970152,75140.3526769247,True,8.515382289231468,16059.582219442555
1779900938.2124884,SELL_NO,93.24,0.56,0.56,0.0,0.0,0.03670483664371049,75140.3526769247,True,1.9265395529180012,16048.983824133393
1779900938.2249227,SELL_NO,587.0,0.55,0.55,0.0,0.0,0.026863759442357193,75140.3526769247,True,6.371063413415584,16023.818484133391
1779900938.2955446,SELL_NO,115.00000000000001,0.56,0.56,0.0,0.0,0.03750350800431723,75140.3526769247,True,2.3831493842296254,16020.023292133392
1779900938.863134,SELL_NO,102.00000000000003,0.5700000000000001,0.5700000000000001,0.0,0.0,0.04958746028903849,75140.3526769247,True,3.1399057842732248,16017.683277733393
1779900939.1725585,SELL_NO,346.84,0.5700000000000001,0.5700000000000001,0.0,0.0,0.05097373853683762,75140.3526769247,True,10.748922766836529,16009.798322885394
1779900939.1857677,SELL_NO,259.04862343228245,0.56,0.56,0.0,0.0,0.04108260481456605,75140.3526769247,True,5.40585240105338,16001.286863715322
1779900939.7820554,BUY_YES,126.18818010273995,0.43,0.43,0.0,0.0,0.053925931490637735,75140.3526769247,False,0.0,15998.3990547629
1779900948.2288415,BUY_YES,100.0662652701414,0.5,0.5,0.0,0.0,0.059556594551331,75140.3526769247,False,0.0,16004.900703268877
1779900954.5500507,BUY_YES,143.38,0.49,0.49,0.0,0.0,0.07908622220336792,75140.3526769247,False,0.0,15999.311451151149
1779900962.5488904,BUY_YES,94.43503214669187,0.53,0.53,0.0,0.0,0.08195859133362215,75140.3526769247,False,0.0,16007.260247841576
1779900965.8366864,BUY_YES,93.04688346765539,0.54,0.54,0.0,0.0,0.09071364770552681,75140.3526769247,False,0.0,16014.382278073186
1779900968.4883566,BUY_YES,92.86236527877088,0.54,0.54,0.0,0.0,0.10032069241408859,75140.3526769247,False,0.0,16012.227141416255
1779900976.3676958,BUY_YES,90.68813169095995,0.56,0.56,0.0,0.0,0.10758669957642664,75140.3526769247,False,0.0,16023.134395276418
1779900986.2001264,BUY_YES,88.26260350339646,0.6,0.6,0.0,0.0,0.11140144356659898,75140.3526769247,False,0.0,16050.76457878864
1779900995.6565323,BUY_YES,590.57,0.41,0.41,0.0,0.0,0.23241789728402545,75140.3526769247,False,0.0,15879.999291535172
1779900995.6663775,BUY_YES,349.1038020333956,0.42,0.42,0.0,0.0,0.22238757032745987,75140.3526769247,False,0.0,15868.609733100047
1779901037.111039,BUY_YES,178.95441570947492,0.29,0.29,0.0,0.0,0.22177495707005163,75140.3526769247,False,0.0,15652.799605980239
1779901048.8167837,BUY_NO,321.3097154596441,0.28,0.28,0.0,0.0,0.07798130153661398,75140.3526769247,False,0.0,16503.42456147052
1779901048.8258026,SELL_YES,1452.5202845403558,0.7157728645407916,0.72,58.71021471122759,58.71021471122759,0.07367042673169177,75140.3526769247,True,369.963984474791,16468.715691145702
1779901048.8325047,SELL_YES,495.03739466287084,0.7,0.7,0.0,0.0,0.05786197096605028,75140.3526769247,True,118.02675765004082,16448.82479087183
1779901080.152689,BUY_YES,65.84169560047344,0.76,0.76,0.0,0.0,0.022149808073509858,75140.3526769247,False,0.0,16437.961605110057
1779901082.458987,BUY_YES,75.38370322616838,0.76,0.76,0.0,0.0,0.027725934131463292,75140.3526769247,False,0.0,16436.564687496197
1779901084.1209588,BUY_YES,65.98494246631876,0.76,0.76,0.0,0.0,0.03260755366727919,75140.3526769247,False,0.0,16435.338195731445
1779901085.83575,BUY_YES,72.36580679880913,0.7697630016703262,0.76,128.46054829376547,128.46054829376547,0.028198650188155372,75140.3526769247,False,0.0,16433.31644180743
1779901087.9677687,SELL_NO,234.0,0.22999999999999998,0.22999999999999998,0.0,0.0,0.03235266046884622,75140.3526769247,False,-14.713780800000016,16427.75399317059
1779901101.9209886,BUY_YES,78.19820715063702,0.76,0.76,0.0,0.0,0.04376143472871019,75140.3526769247,False,0.0,16425.34470855681
1779901103.3670518,BUY_YES,65.79185335808461,0.762214569094052,0.76,29.139067027000575,29.139067027000575,0.04641860764580963,75140.3526769247,False,0.0,16423.981495695618
1779901105.0579531,BUY_YES,72.46155211356484,0.7630335469600642,0.76,39.915091579792005,39.915091579792005,0.050965683534216266,75140.3526769247,False,0.0,16422.42602724652
1779901106.4324567,BUY_YES,65.48047364896502,0.7652871446585073,0.76,69.5676928750964,69.5676928750964,0.053562399724720655,75140.3526769247,False,0.0,16420.875571874072
1779901108.310578,BUY_YES,65.82780777508515,0.76,0.76,0.0,0.0,0.06372636321192915,75140.3526769247,False,0.0,16419.651929401247
1779901112.4218209,BUY_YES,65.06130253630329,0.77,0.77,0.0,0.0,0.06632012563278311,75140.3526769247,False,0.0,16423.867276474448
1779901113.8985498,BUY_YES,64.96463508246109,0.77,0.77,0.0,0.0,0.07099175014454318,75140.3526769247,False,0.0,16422.68407624417
1779901115.402619,BUY_YES,65.03110262128666,0.77,0.77,0.0,0.0,0.07566863643200894,75140.3526769247,False,0.0,16421.49969613532
1779901117.171718,BUY_YES,71.81165699900487,0.77,0.77,0.0,0.0,0.0808333855065172,75140.3526769247,False,0.0,16420.1949530496
1779901118.5899644,BUY_YES,70.03767516800156,0.7718843679685746,0.77,24.472311280189707,24.472311280189707,0.08398715539539992,75140.3526769247,False,0.0,16418.79487268046
1779901120.208838,BUY_YES,64.78525885256693,0.7725646665841652,0.77,33.307358235911806,33.307358235911806,0.08796846904696964,75140.3526769247,False,0.0,16417.455194698705
1779901121.8815856,BUY_YES,67.71558636876102,0.7762076677797408,0.77,80.61906207455584,80.61906207455584,0.08919817650774364,75140.3526769247,False,0.0,16415.819337233173
1779901124.385143,BUY_YES,65.053061124647,0.77,0.77,0.0,0.0,0.10008916455671657,75140.3526769247,False,0.0,16414.63456733454
1779901127.5097494,BUY_YES,64.44794716757929,0.776856377760595,0.77,89.04386702071429,89.04386702071429,0.09787098744091904,75140.3526769247,False,0.0,16413.03605787483
1779901159.138737,BUY_YES,64.11223254491938,0.8254922798890599,0.82,66.97902303731684,66.97902303731684,0.0845294080123632,75140.3526769247,False,0.0,16468.615133540377
1779901163.2986581,BUY_YES,60.26633573099275,0.83,0.83,0.0,0.0,0.08929736264636634,75140.3526769247,False,0.0,16479.702011955203
1779901164.409252,BUY_YES,132.68426763661637,0.829246331145499,0.82,112.7601359207195,112.7601359207195,0.09231093023978554,75140.3526769247,False,0.0,16463.795904146547
1779901166.2412717,BUY_YES,61.022417206461796,0.82,0.82,0.0,0.0,0.10521671636904495,75140.3526769247,False,0.0,16462.81229462838
1779901166.6097791,BUY_YES,80.36,0.8056383773021404,0.8,70.47971627675426,70.47971627675426,0.1203284903333941,75140.3526769247,False,0.0,16424.19411014734
1779901166.9884696,BUY_YES,64.14,0.7954786404739633,0.79,69.34987941725686,69.34987941725686,0.13126284001119293,75140.3526769247,False,0.0,16415.053784724736
1779901167.2843966,BUY_YES,66.46,0.79,0.79,0.0,0.0,0.13725947702741725,75140.3526769247,False,0.0,16413.897633316737
1779901167.599708,BUY_YES,67.70800322482478,0.79,0.79,0.0,0.0,0.13788817147949728,75140.3526769247,False,0.0,16412.72033474369
1779901169.3482313,BUY_YES,119.91250856316992,0.7895830293219689,0.78,122.85935028165206,122.85935028165206,0.1417317666988014,75140.3526769247,False,0.0,16373.594348419563
1779901169.6663184,BUY_YES,85.0,0.7664705882352942,0.76,85.13931888545036,85.13931888545036,0.16545916803481964,75140.3526769247,False,0.0,16352.937905479797
1779901170.1632783,BUY_YES,65.81686949915775,0.76,0.76,0.0,0.0,0.17286833590024664,75140.3526769247,False,0.0,16351.714461348542
1779901172.8912923,BUY_YES,66.29949494761786,0.76,0.76,0.0,0.0,0.17780393542903028,75140.3526769247,False,0.0,16350.482265866556
1779901175.8346822,BUY_YES,65.51316330354166,0.764153846636508,0.76,54.65587679615755,54.65587679615755,0.1785278519680884,75140.3526769247,False,0.0,16349.002467142613
1779901187.534325,SETTLE_YES,2225.5395607160203,1.0,1.0,0.0,0.0,0.0,75140.3526769247,True,489.9274287487658,16872.868779230423
1779901187.534325,SETTLE_NO,87.30971545964411,0.0,0.0,0.0,0.0,0.0,75140.3526769247,False,-24.476720328700353,16872.868779230423
1779901194.1945443,BUY_NO,126.07,0.51,0.51,0.0,0.0,0.3082373924584214,75174.8602140268,False,0.0,16869.94007693442
1779901194.4337788,BUY_NO,259.88,0.52,0.52,0.0,0.0,0.29746292242546035,75174.8602140268,False,0.0,16861.34152147842
1779901194.4705615,BUY_NO,340.0,0.53,0.53,0.0,0.0,0.28732688188000344,75174.8602140268,False,0.0,16846.713553478417
1779901195.4585707,BUY_NO,126.07,0.51,0.51,0.0,0.0,0.2982325701983777,75174.8602140268,False,0.0,16843.78485118242
1779901195.4682722,BUY_NO,259.88,0.52,0.52,0.0,0.0,0.28813793638274476,75174.8602140268,False,0.0,16835.186295726417
1779901195.4753838,BUY_NO,340.0,0.53,0.53,0.0,0.0,0.27808766694409415,75174.8602140268,False,0.0,16820.55832772642
1779901197.9773347,BUY_NO,210.88,0.52,0.52,0.0,0.0,0.2634341583171953,75174.8602140268,False,0.0,16821.88926107042
1779901197.9894316,BUY_NO,210.88,0.52,0.52,0.0,0.0,0.2633968362619934,75174.8602140268,False,0.0,16815.96069441442
1779901197.9982455,BUY_NO,342.0,0.53,0.53,0.0,0.0,0.25340260744341847,75174.8602140268,False,0.0,16814.03515601442
1779901345.7669299,SELL_NO,706.21,0.8855435352090738,0.89,50.07263810029446,50.07263810029446,0.06643880783714085,75174.8602140268,True,250.51301116298356,17644.124036042213
1779901345.7838225,SELL_NO,926.1199999999999,0.8634911242603549,0.87,74.81466367408153,74.81466367408153,0.04429734268740604,75174.8602140268,True,307.00614785565233,17607.053108774424
1779901345.7976491,SELL_NO,583.3300000000004,0.85,0.85,0.0,0.0,0.030749765315720046,75174.8602140268,True,185.08707434136835,17575.418289374426
1779901421.7160761,BUY_YES,250.7476527331416,0.2,0.2,0.0,0.0,0.07281808235295611,75174.8602140268,False,0.0,17571.245938151274
1779901422.917719,BUY_YES,279.09,0.18,0.18,0.0,0.0,0.10805431160485723,75174.8602140268,False,0.0,17559.190401584947
1779901423.8303175,BUY_YES,317.06,0.17,0.17,0.0,0.0,0.1294881949198047,75174.8602140268,False,0.0,17551.70483736928
1779901424.245364,BUY_YES,465.83,0.17,0.17,0.0,0.0,0.13494273217025018,75174.8602140268,False,0.0,17544.61322723328
1779901425.8802059,BUY_YES,320.51,0.16,0.16,0.0,0.0,0.16560264268850436,75174.8602140268,False,0.0,17526.75188953795
1779901425.976503,BUY_YES,318.05,0.16,0.16,0.0,0.0,0.16712602149013275,75174.8602140268,False,0.0,17522.05393329795
1779901427.08911,BUY_YES,398.7308284802202,0.16,0.16,0.0,0.0,0.18058263141921135,75174.8602140268,False,0.0,17516.171840674513
1779901428.323825,BUY_YES,312.6539299956271,0.16,0.16,0.0,0.0,0.19659165599389175,75174.8602140268,False,0.0,17511.553081474754
1779901429.8875399,BUY_YES,313.0839642942692,0.16,0.16,0.0,0.0,0.2126225410597157,75174.8602140268,False,0.0,17506.9280107476
1779901431.8091516,BUY_YES,312.575405529838,0.16,0.16,0.0,0.0,0.2286330512621428,75174.8602140268,False,0.0,17485.868745130556
1779901433.3593454,BUY_YES,349.71,0.15,0.15,0.0,0.0,0.2531975445426822,75174.8602140268,False,0.0,17464.438198425392
1779901434.028089,BUY_YES,365.0146052543014,0.15,0.15,0.0,0.0,0.2558273666102495,75174.8602140268,False,0.0,17459.232291322885
1779901442.6901891,SELL_YES,344.67,0.6944869005135347,0.7,78.75856409236113,78.75856409236113,0.1947075641255661,75174.8602140268,True,177.5233319492128,19692.024935755227
1779901442.7028828,BUY_NO,312.81,0.31999999999999995,0.31999999999999995,0.0,0.0,0.18016211412346073,75174.8602140268,False,0.0,19679.273828923226
1779901442.7162287,SELL_YES,144.82,0.6606905123601713,0.67,138.94757671386193,138.94757671386193,0.16093546261860286,75174.8602140268,True,69.55303049209508,19670.489410118917
1779901442.8469589,SELL_YES,78.07,0.6989752785961316,0.7,14.638877198119056,14.638877198119056,0.19888840554272635,75174.8602140268,True,40.54732064899396,19668.806343621312
1779901442.8657162,SELL_YES,115.0,0.69,0.69,0.0,0.0,0.189851653476238,75174.8602140268,True,58.68083155397527,19665.280251621312
1779901442.8712022,SELL_YES,125.0,0.6792,0.68,11.764705882353276,11.764705882353276,0.17904250414773593,75174.8602140268,True,62.400235014320955,19660.064265381312
1779901442.8781579,BUY_NO,223.06,0.35,0.35,0.0,0.0,0.14986409567269932,75174.8602140268,False,0.0,19644.112242581312
1779901442.8856192,SELL_YES,115.0,0.6400000000000001,0.64,-1.734723475976807e-12,-1.734723475976807e-12,0.13990479171112313,75174.8602140268,True,52.79421155397527,19634.69953058131
1779901442.8932843,SELL_YES,115.0,0.63,0.63,0.0,0.0,0.12993677576634222,75174.8602140268,True,51.621855553975266,19624.11446258131
1779901442.9020922,BUY_NO,204.0,0.38,0.38,0.0,0.0,0.11996638634936962,75174.8602140268,False,0.0,19603.28396978131
1779901442.9103703,SELL_YES,235.0,0.61,0.61,0.0,0.0,0.10999492634058383,75174.8602140268,True,100.73822795812336,19576.90370178131
1779901442.9208555,SELL_YES,299.0,0.6,0.6,0.0,0.0,0.10002993540129962,75174.8602140268,True,125.1462812403357,19540.31198178131
1779901442.9295373,SELL_YES,154.63,0.59,0.59,0.0,0.0,0.09005860115327974,75174.8602140268,True,63.138360556445164,19519.80637199731
1779901442.9366624,SELL_YES,140.01,0.58,0.58,0.0,0.0,0.08007565824828222,75174.8602140268,True,55.74866371053978,19499.81945860531
1779901442.943043,SELL_YES,304.0,0.57,0.57,0.0,0.0,0.0700867012687521,75174.8602140268,True,118.0079012905085,19453.384709805312
1779901442.9505205,SELL_YES,399.0,0.56,0.56,0.0,0.0,0.060101055005742254,75174.8602140268,True,150.8673990437925,19388.421130605315
1779901442.9561963,SELL_YES,408.99,0.55,0.55,0.0,0.0,0.05011349661956782,75174.8602140268,True,150.52321484643784,19317.709478805315
1779901442.963153,SELL_YES,304.0,0.54,0.54,0.0,0.0,0.0401287410888474,75174.8602140268,True,108.81567089050856,19262.082499605316
1779901442.9691536,SELL_YES,304.2,0.53,0.53,0.0,0.0,0.03013941038593959,75174.8602140268,True,105.82994820451545,19203.36161176532
1779901443.45862,SELL_YES,108.85,0.7,0.7,0.0,0.0,0.19940793189323558,75174.8602140268,True,56.66014346826266,19201.141549765314
1779901443.6557505,SELL_YES,75.78999999999999,0.6979416809605489,0.7,29.404557706444063,29.404557706444063,0.1963320670192672,75174.8602140268,True,39.28170278995932,19199.426185284356
1779901443.664284,SELL_YES,82.0,0.66,0.66,0.0,0.0,0.15838208298173873,75174.8602140268,True,39.31138354283454,19194.381327684354
1779901443.976786,BUY_NO,455.88,0.30000000000000004,0.30000000000000004,0.0,0.0,0.19618093055537877,75174.8602140268,False,0.0,19185.179022084354
1779901443.9851182,SELL_YES,150.02638628739712,0.6919063313266249,0.7,115.62383819107174,115.62383819107174,0.1880627748899013,75174.8602140268,True,76.8566806844877,19180.881964135286
1779901444.1352134,BUY_NO,308.1,0.30000000000000004,0.30000000000000004,0.0,0.0,0.19521862861429962,75174.8602140268,False,0.0,19174.65299213529
1779901445.1909707,BUY_NO,185.13,0.29000000000000004,0.29000000000000004,0.0,0.0,0.19863939519635798,75174.8602140268,False,0.0,19147.469426911288
1779901445.199299,BUY_NO,205.78280818049393,0.30000000000000004,0.30000000000000004,0.0,0.0,0.18869484866866593,75174.8602140268,False,0.0,19140.212334687985
1779901445.540913,BUY_NO,188.72952161245462,0.29000000000000004,0.29000000000000004,0.0,0.0,0.20039274874889657,75174.8602140268,False,0.0,19135.497162059863
1779901450.1899207,BUY_NO,208.47,0.23999999999999996,0.24,-1.1564823173178715e-12,-1.1564823173178715e-12,0.21481290934335842,75174.8602140268,False,0.0,19037.92986240318
1779901480.9641714,BUY_NO,468.97,0.10999999999999997,0.10999999999999999,-1.261617073437678e-12,-1.261617073437678e-12,0.228872737819934,75174.8602140268,False,0.0,18734.294233794095
1779901481.2046723,BUY_NO,508.9,0.10999999999999999,0.10999999999999999,0.0,0.0,0.2296445319707594,75174.8602140268,False,0.0,18728.132599474095
1779901485.9729946,SETTLE_NO,3269.8323297929487,0.0,0.0,0.0,0.0,0.0,75174.8602140268,False,-812.66680372176,18384.800204845837
1779901491.1051793,BUY_NO,138.87,0.49,0.49,0.0,0.0,0.3156309494137042,75199.30942542819,False,0.0,18381.577194709836
1779901491.1338637,BUY_NO,227.0,0.5,0.5,0.0,0.0,0.3055715493485899,75199.30942542819,False,0.0,18374.056194709836
1779901492.1061356,BUY_NO,119.59,0.49,0.49,0.0,0.0,0.30919164764678686,75199.30942542819,False,0.0,18371.276485757837
1779901492.48209,BUY_NO,227.0,0.5,0.5,0.0,0.0,0.2962351674816064,75199.30942542819,False,0.0,18363.755485757833
1779901493.2128303,BUY_NO,128.47,0.49,0.49,0.0,0.0,0.2986130498081794,75199.30942542819,False,0.0,18360.771600741835
1779901493.9099047,BUY_NO,237.0,0.5,0.5,0.0,0.0,0.28150918208647624,75199.30942542819,False,0.0,18352.920600741836
1779901495.015131,BUY_NO,237.0,0.5,0.5,0.0,0.0,0.2751676171577121,75199.30942542819,False,0.0,18358.21890074184
1779901496.025309,BUY_NO,281.85,0.5,0.5,0.0,0.0,0.2692747364761169,75199.30942542819,False,0.0,18351.706350741835
1779901497.1990113,BUY_NO,275.63,0.5,0.5,0.0,0.0,0.25954526197487504,75199.30942542819,False,0.0,18345.336860741838
1779901499.4962258,BUY_NO,106.01,0.51,0.51,0.0,0.0,0.2310485370012152,75199.30942542819,False,0.0,18361.593494013836
1779901593.0899544,SELL_NO,88.31,0.61,0.61,0.0,0.0,0.030986357327099312,75199.30942542819,True,8.296848890831193,18577.235499685834
1779901593.3085704,SELL_NO,104.82,0.61,0.61,0.0,0.0,0.030477516456649423,75199.30942542819,True,9.853595297666459,18574.885958869836
1779901593.6890664,SELL_NO,103.20999999999998,0.61,0.61,0.0,0.0,0.029524896266936662,75199.30942542819,True,9.701786592941765,18572.57204542184
1779901593.81848,SELL_NO,104.94999999999999,0.61,0.61,0.0,0.0,0.02967444724648005,75199.30942542819,True,9.865853143389579,18570.219627861836
1779901593.9791489,SELL_NO,169.98000000000002,0.61,0.61,0.0,0.0,0.030266032777717777,75199.30942542819,True,15.997604738574182,18566.42817443784
1779901594.4368846,SELL_NO,645.4,0.61,0.61,0.0,0.0,0.02958448515496126,75199.30942542819,True,60.8254894592057,18552.116246917838
1779901594.5536327,SELL_NO,112.0,0.61,0.61,0.0,0.0,0.029582543165319275,75199.30942542819,True,10.530605546066042,18549.607821317837
1779901595.024147,SELL_NO,260.1,0.61,0.61,0.0,0.0,0.02933658622542412,75199.30942542819,True,24.495120558319456,18543.82212043784
1779901595.868504,SELL_NO,90.17999999999995,0.61,0.61,0.0,0.0,0.02869589939903039,75199.30942542819,True,8.473173287002112,18541.796545253837
1779901596.2759268,SELL_NO,116.58000000000015,0.61,0.61,0.0,0.0,0.0287863887622396,75199.30942542819,True,10.962458880003418,18539.18676974984
1779901596.3136532,SELL_NO,182.8900000000002,0.61,0.61,0.0,0.0,0.028763897179930553,75199.30942542819,True,17.214903110000208,18535.109633517837
1779901625.192228,BUY_NO,125.0,0.62,0.62,0.0,0.0,0.041386904848368045,75199.30942542819,False,0.0,18532.33423351784
1779901625.900899,BUY_NO,84.690136199448,0.62,0.62,0.0,0.0,0.04513122061875652,75199.30942542819,False,0.0,18530.444167118465
1779901627.0015113,BUY_NO,81.60988795263668,0.62,0.62,0.0,0.0,0.052049605277419086,75199.30942542819,False,0.0,18528.62175282738
1779901627.9513035,BUY_NO,83.70274588802806,0.62,0.62,0.0,0.0,0.05914639306155978,75199.30942542819,False,0.0,18526.75337267889
1779901628.8776836,BUY_NO,81.0485204946541,0.62,0.62,0.0,0.0,0.06601934085299321,75199.30942542819,False,0.0,18524.943287813563
1779901633.2947202,SELL_NO,456.05129053476685,0.95,0.95,0.0,0.0,0.22251441238587655,75199.30942542819,True,148.90723046284415,18676.13077472908
1779901641.5847473,BUY_YES,900.43,0.07,0.07,0.0,0.0,0.1457428441046274,75199.30942542819,False,0.0,18653.87167923308
1779901787.1508672,SETTLE_YES,900.43,0.0,0.0,0.0,0.0,0.0,75199.30942542819,False,-63.060100000000006,18608.850179233083
1779901788.2019682,BUY_YES,153.1,0.5,0.5,0.0,0.0,0.108773822150798,74975.01387291543,False,0.0,18605.298879233083
1779901788.2141433,BUY_YES,479.65,0.51,0.51,0.0,0.0,0.09878189641269886,74975.01387291543,False,0.0,18589.443882713083
1779901789.4715679,BUY_YES,139.1,0.5,0.5,0.0,0.0,0.10879386843920547,74975.01387291543,False,0.0,18586.214582713084
1779901806.085506,BUY_YES,111.51,0.46,0.46,0.0,0.0,0.12673975179626734,74975.01387291543,False,0.0,18552.758698665086
1779901889.5905845,BUY_YES,149.36,0.52,0.52,0.0,0.0,0.14914428010839564,74975.01387291543,False,0.0,18602.299320233084
1779901890.780685,BUY_YES,167.75,0.52,0.52,0.0,0.0,0.15188274564859205,74975.01387291543,False,0.0,18598.415901433083
1779901891.3072002,BUY_YES,111.5,0.52,0.52,0.0,0.0,0.15317984062382028,74975.01387291543,False,0.0,18595.824612633085
1779901938.2930183,BUY_YES,1098.44,0.08,0.08,0.0,0.0,0.3821638684997935,74975.01387291543,False,0.0,18007.214759385086
1779901939.7365987,BUY_YES,987.67,0.08,0.08,0.0,0.0,0.3680985908221627,74975.01387291543,False,0.0,17997.012548521085
1779901942.8861306,BUY_YES,540.13,0.1,0.1,0.0,0.0,0.32220147452467063,74975.01387291543,False,0.0,18039.052406121085
1779901947.6748378,BUY_YES,559.49,0.09,0.09,0.0,0.0,0.2849141784452289,74975.01387291543,False,0.0,18013.23470548908
1779901947.697398,BUY_YES,772.64,0.10000000000000002,0.1,1.3877787807814457e-12,1.3877787807814457e-12,0.2749239944382226,74975.01387291543,False,0.0,17996.60839828908
1779901948.7808733,BUY_YES,671.19,0.09,0.09,0.0,0.0,0.2767138152600094,74975.01387291543,False,0.0,17989.264575097084
1779901949.9695957,BUY_YES,698.4717906351189,0.09,0.09,0.0,0.0,0.26672131894299766,74975.01387291543,False,0.0,17981.62346768889
1779902085.9470654,SETTLE_YES,6640.0017906351195,0.0,0.0,0.0,0.0,0.0,74975.01387291543,False,-1136.7127611571607,17417.223315484905
1779902094.0398214,BUY_YES,206.2,0.54,0.54,0.0,0.0,0.0709019572683216,74837.93734025666,False,0.0,17412.474469724904
1779902094.6367977,BUY_YES,101.40975294893462,0.55,0.55,0.0,0.0,0.06154381591343916,74837.93734025666,False,0.0,17409.11620163312
1779902114.8365138,BUY_YES,110.77626031570549,0.47,0.47,0.0,0.0,0.07811599796823931,74837.93734025666,False,0.0,17385.0128432411
1779902156.6674914,SELL_YES,418.3860132646401,0.51,0.51,0.0,0.0,0.03968213250143271,74837.93734025666,False,-13.369275564797192,17396.282277978542
1779902162.5862327,BUY_NO,169.56036778602595,0.49,0.49,0.0,0.0,0.05295838750243276,74837.93734025666,False,0.0,17391.50580851518
1779902166.427538,BUY_NO,148.32,0.4799999999999999,0.48,-1.1564823173178715e-12,-1.1564823173178715e-12,0.08102993156866073,74837.93734025666,False,0.0,17387.220918292252
1779902166.9801457,BUY_NO,105.9,0.48,0.48,0.0,0.0,0.08522831434925404,74837.93734025666,False,0.0,17384.758268212252
1779902209.7187815,SELL_NO,115.0,0.62,0.62,0.0,0.0,0.0235755011902955,74837.93734025666,True,13.659101145018106,17445.769555380157
1779902209.7810607,SELL_NO,100.0,0.62,0.62,0.0,0.0,0.02374084895566353,74837.93734025666,True,11.87356621305922,17443.543235380155
1779902209.8548248,SELL_NO,208.78036778602598,0.62,0.62,0.0,0.0,0.024336093682377102,74837.93734025666,True,24.822309319278162,17438.927750406398
1779902213.1084428,BUY_YES,157.65,0.34,0.34,0.0,0.0,0.06570675096134343,74837.93734025666,False,0.0,17433.9858808864
1779902214.22796,BUY_YES,170.91,0.33,0.33,0.0,0.0,0.07780296320340507,74837.93734025666,False,0.0,17430.3805804144
1779902215.8533003,BUY_YES,159.18370081152938,0.32,0.32,0.0,0.0,0.08955694612188386,74837.93734025666,False,0.0,17423.775099032988
1779902220.5970051,BUY_YES,161.71714882630772,0.32,0.32,0.0,0.0,0.10302516961971847,74837.93734025666,False,0.0,17420.402858374764
1779902222.394882,BUY_YES,157.09143474549035,0.32,0.32,0.0,0.0,0.1161123190007971,74837.93734025666,False,0.0,17417.126218274592
1779902226.1577866,BUY_YES,159.23973775619186,0.32,0.32,0.0,0.0,0.1293818763564032,74837.93734025666,False,0.0,17413.805178766437
1779902373.8970666,BUY_YES,300.12,0.26,0.26,0.0,0.0,0.3259439882949833,74837.93734025666,False,0.0,17350.169555102068
1779902374.5652504,BUY_YES,290.12,0.26,0.26,0.0,0.0,0.32381673951280976,74837.93734025666,False,0.0,17344.669980766066
1779902375.6698978,BUY_YES,222.0,0.26,0.26,0.0,0.0,0.317832868038048,74837.93734025666,False,0.0,17340.454659166066
1779902382.654628,BUY_YES,180.74,0.29,0.29,0.0,0.0,0.2313422674034234,74837.93734025666,False,0.0,17390.182485478254
1779902384.8428938,BUY_YES,196.91,0.27,0.27,0.0,0.0,0.24076472848222952,74837.93734025666,False,0.0,17347.19810584346
1779902385.3145843,BUY_YES,187.31,0.27,0.27,0.0,0.0,0.23708002133879424,74837.93734025666,False,0.0,17343.57340217146
1779902385.3338232,SETTLE_YES,2342.992022139519,1.0,1.0,0.0,0.0,0.0,74834.81904847885,True,1661.7100750548732,19065.672538444007
1779902422.20177,BUY_YES,85.52,0.61,0.61,0.0,0.0,0.25182535771185177,74836.24642231081,False,0.0,19063.750083468007
1779902422.2114193,BUY_YES,244.94,0.62,0.62,0.0,0.0,0.24176533781624465,74836.24642231081,False,0.0,19055.891017260004
1779902422.217186,BUY_YES,310.59,0.63,0.63,0.0,0.0,0.23174427300067668,74836.24642231081,False,0.0,19042.883573172006
1779902422.2271752,BUY_YES,608.95,0.64,0.64,0.0,0.0,0.22172287100698496,74836.24642231081,False,0.0,19011.438573412008
1779902422.2329543,BUY_YES,731.31,0.65,0.65,0.0,0.0,0.2117158733871518,74836.24642231081,False,0.0,18966.520765612007
1779902422.237631,BUY_YES,278.5514444983228,0.66,0.66,0.0,0.0,0.20171016404601472,74836.24642231081,False,0.0,18946.669936186132
1779902479.7374177,BUY_NO,680.1199957166647,0.19999999999999996,0.19999999999999996,0.0,0.0,0.09493229538113934,74836.24642231081,False,0.0,19395.275350000462
1779902479.7470772,SELL_YES,821.3900042833353,0.7914318411920043,0.8,107.10198509994717,107.10198509994717,0.08629404190182577,74836.24642231081,True,113.7514910392623,19370.231545819428
1779902479.759081,SELL_YES,1014.93,0.7741579222212369,0.78,74.89843306106552,74.89843306106552,0.06893909692949118,74836.24642231081,True,122.31549412104562,19321.048107346516
1779902479.765042,SELL_YES,423.5414402149876,0.76,0.76,0.0,0.0,0.05475395719587328,74836.24642231081,True,44.79903182368611,19294.27875030971
1779902577.9464467,BUY_YES,246.6,0.96,0.96,0.0,0.0,0.010059167419288917,74836.24642231081,False,0.0,19193.716551250793
1779902578.2005966,BUY_YES,74.71000000000001,0.9600000000000001,0.96,1.1564823173178715e-12,1.1564823173178715e-12,0.010219009981213611,74836.24642231081,False,0.0,19193.106443042794
1779902578.801635,BUY_YES,107.57,0.96,0.96,0.0,0.0,0.01060915385298078,74836.24642231081,False,0.0,19192.24118350679
1779902578.9702537,BUY_YES,153.94,0.95,0.95,0.0,0.0,0.020715873480148583,74836.24642231081,False,0.0,19192.940908685378
1779902578.9811149,BUY_YES,365.23,0.9557851217041315,0.95,60.896017938227274,60.896017938227274,0.014930801216273326,74836.24642231081,False,0.0,19188.347068067585
1779902579.0079002,BUY_YES,56.56999999999999,0.9499999999999998,0.95,-1.1686558153949015e-12,-1.1686558153949015e-12,0.020728295330627144,74836.24642231081,False,0.0,19187.840748667586
1779902579.5021427,BUY_YES,52.704750670099656,0.95,0.95,0.0,0.0,0.021041909350362098,74836.24642231081,False,0.0,19187.366974666944
1779902580.9884543,BUY_YES,52.73223858895858,0.95,0.95,0.0,0.0,0.021911994900911558,74836.24642231081,False,0.0,19186.892969218025
1779902582.6163752,BUY_YES,57.533198387197444,0.95,0.95,0.0,0.0,0.022861299246026645,74836.24642231081,False,0.0,19186.378539687605
1779902584.1952133,BUY_YES,52.73136102141689,0.95,0.95,0.0,0.0,0.02373142663005312,74836.24642231081,False,0.0,19185.904541627802
1779902585.8864474,BUY_YES,52.74987630744272,0.95,0.95,0.0,0.0,0.02460186205166559,74836.24642231081,False,0.0,19185.430387669294
1779902587.6340733,BUY_YES,52.779918363263505,0.95,0.95,0.0,0.0,0.025472812231213338,74836.24642231081,False,0.0,19184.955980756677
1779902589.4837961,BUY_YES,52.36340433085161,0.9568222081408493,0.95,71.8127172720982,71.8127172720982,0.019514702101809722,74836.24642231081,False,0.0,19184.15117108791
1779902654.4011111,BUY_YES,61.98132531717465,0.9751598324420327,0.97,53.19414888693582,53.19414888693582,0.011545781415208012,74836.24642231081,False,0.0,19197.345246748533
1779902661.924487,BUY_YES,72.24512393476562,0.9758474706158594,0.97,60.28320222535506,60.28320222535506,0.011588164767973419,74836.24642231081,False,0.0,19196.40897126525
1779902668.7417781,BUY_YES,51.563716767826236,0.9700000000000001,0.97,1.1445598192011925e-12,1.1445598192011925e-12,0.017956901146849447,74836.24642231081,False,0.0,19196.01311638204
1779902670.0422726,BUY_YES,323.1055750086209,0.9690715109140657,0.96,94.4949053548518,94.4949053548518,0.018972065928194448,74836.24642231081,False,0.0,19181.900428831792
1779902686.2408237,SETTLE_YES,1887.1104886976177,1.0,1.0,0.0,0.0,0.0,74836.24642231081,True,76.94641107848517,19236.215001015935
1779902686.2408237,SETTLE_NO,680.1199957166647,0.0,0.0,0.0,0.0,0.0,74836.24642231081,False,-136.0539991433329,19236.215001015935
1779902686.6800594,BUY_NO,110.45,0.49,0.49,0.0,0.0,0.12278135524759648,74903.85656421784,False,0.0,19233.645446255934
1779902688.6724143,BUY_NO,115.5,0.49,0.49,0.0,0.0,0.12074895664877672,74903.85656421784,False,0.0,19230.959777855933
1779902688.6791654,BUY_NO,459.17,0.5,0.5,0.0,0.0,0.11073858206349196,74903.85656421784,False,0.0,19215.777167855937
1779902690.986954,BUY_NO,103.12,0.49,0.49,0.0,0.0,0.11796511402072751,74903.85656421784,False,0.0,19213.376150319935
1779902692.1727629,BUY_NO,103.12,0.49,0.49,0.0,0.0,0.11644816296309224,74903.85656421784,False,0.0,19210.975132783937
1779902798.974963,BUY_YES,419.9,0.36,0.36,0.0,0.0,0.1154265234801361,74903.85656421784,False,0.0,19344.497595663935
1779902798.9800289,BUY_YES,327.6756295151109,0.37,0.37,0.0,0.0,0.10538156285577338,74903.85656421784,False,0.0,19334.053015595935
1779902798.9869442,SELL_NO,174.20437048488907,0.63,0.63,0.0,0.0,0.10536283695559379,74903.85656421784,True,20.537518826988077,19328.48624324794
1779902798.993933,SELL_NO,453.81,0.6199999999999999,0.62,1.7906822977825106e-12,1.7906822977825106e-12,0.09535408221016539,74903.85656421784,True,48.92949979941088,19309.41292345594
1779902798.998721,SELL_NO,263.34562951511094,0.61,0.61,0.0,0.0,0.0853579192470072,74903.85656421784,True,25.704097581738438,19295.65503180407
1779902827.762508,BUY_NO,202.12354799116332,0.6995230639826082,0.69,138.01542003780102,138.01542003780102,0.027754684310624445,74903.85656421784,False,0.0,19259.727672348294
1779902827.8203874,SELL_YES,730.618441273112,0.3,0.3,0.0,0.0,0.027683212256613077,74903.85656421784,False,-58.11648724632488,19237.691444897147
1779902828.4202435,BUY_NO,71.9748270042341,0.6986606428384422,0.69,125.51656287597473,125.51656287597473,0.03397582959923229,74903.85656421784,False,0.0,19235.587196083987
1779902829.5789332,BUY_NO,102.27,0.6896626576708712,0.6799999999999999,142.09790692457744,142.09790692457744,0.051400404900014185,74903.85656421784,False,0.0,19229.910251318415
1779902830.2040663,BUY_NO,75.41442096074587,0.6922693830626445,0.69,32.88960960354449,32.88960960354449,0.053542730960141616,74903.85656421784,False,0.0,19227.421158849844
1779902831.2604973,BUY_NO,112.77958844185872,0.6994741956339859,0.69,137.3071831012463,137.3071831012463,0.05470158725449992,74903.85656421784,False,0.0,19222.92403616653
1779902832.454015,BUY_NO,120.92228871687655,0.6992309110174241,0.69,133.7813190931033,133.7813190931033,0.06391727710117767,74903.85656421784,False,0.0,19218.132960693027
1779902833.2700179,BUY_NO,78.74009106269125,0.6968249973218731,0.69,98.9130046648281,98.9130046648281,0.07217048504903356,74903.85656421784,False,0.0,19215.186765389637
1779902834.0476573,BUY_NO,72.33617736843746,0.6986148010076667,0.69,124.8521885169096,124.8521885169096,0.07575088212235692,74903.85656421784,False,0.0,19212.351962186996
1779902834.9671648,BUY_NO,78.19442768035958,0.69,0.69,0.0,0.0,0.09017134789482661,74903.85656421784,False,0.0,19209.944789029974
1779902835.7693968,BUY_NO,175.0958998413514,0.6882866531982084,0.6799999999999999,121.86254703247688,121.86254703247688,0.09703508214197865,74903.85656421784,False,0.0,19204.883562606366
1779902837.9042556,BUY_NO,110.58,0.6599999999999998,0.6599999999999999,-1.682156097916904e-12,-1.682156097916904e-12,0.13885635536431995,74903.85656421784,False,0.0,19169.221421237595
1779902838.0066257,BUY_NO,176.97545323033296,0.6735019236904946,0.6699999999999999,52.267517768576475,52.267517768576475,0.12600556607904467,74903.85656421784,False,0.0,19161.345300594403
1779902838.9479349,BUY_NO,105.58,0.6599999999999999,0.6599999999999999,0.0,0.0,0.14538049952682475,74903.85656421784,False,0.0,19158.025765650404
1779902840.313636,BUY_NO,77.55912891535468,0.6699999999999999,0.6699999999999999,0.0,0.0,0.14359339769803947,74903.85656421784,False,0.0,19154.82210814249
1779902841.1293974,BUY_NO,105.58,0.6599999999999999,0.6599999999999999,0.0,0.0,0.1582745590561505,74903.85656421784,False,0.0,19151.50257319849
1779902842.1479836,BUY_NO,103.48,0.6599999999999999,0.6599999999999999,0.0,0.0,0.16392256829485685,74903.85656421784,False,0.0,19148.24846753449
1779902846.658901,BUY_NO,115.0,0.65,0.65,0.0,0.0,0.1970589439990661,74903.85656421784,False,0.0,19145.75976753449
1779902850.402605,SELL_NO,256.12,0.9011896767140403,0.91,96.81673940615126,96.81673940615126,0.03736277106187569,74903.85656421784,True,54.6054772801086,19644.815725756373
1779902850.4166675,SELL_NO,390.01,0.8840770749467962,0.89,66.54971969891908,66.54971969891908,0.020191039917196063,74903.85656421784,True,76.11543725534978,19629.847628769272
1779902855.4168012,SELL_NO,306.12,0.9026287076963282,0.91,81.00321212826196,81.00321212826196,0.019429062547906217,74903.85656421784,True,65.73748025632818,19624.09337419239
1779902856.1245244,SELL_NO,65.0,0.91,0.91,0.0,0.0,0.024351649975963285,74903.85656421784,True,14.441907804516724,19623.35508219239
1779902856.4490085,SELL_NO,70.0,0.9057142857142857,0.91,47.09576138147623,47.09576138147623,0.019008012287371256,74903.85656421784,True,15.23751205321581,19622.244686763817
1779902856.565174,SELL_NO,436.12,0.904138081262038,0.91,64.41668942815436,64.41668942815436,0.01705007228141442,74903.85656421784,True,94.36346525790191,19614.756017579475
1779902857.6908348,SELL_NO,361.23585121340557,0.904380517588951,0.91,61.752553967571835,61.752553967571835,0.013629961035772076,74903.85656421784,True,78.24827459401925,19608.640716820046
1779902876.6160865,BUY_NO,181.97966121711826,0.92,0.92,0.0,0.0,0.01031365412494345,74903.85656421784,False,0.0,19606.73647189324
1779902877.3358965,BUY_NO,54.737055475018764,0.92,0.92,0.0,0.0,0.011683632948589984,74903.85656421784,False,0.0,19606.142724011494
1779902878.1145866,BUY_NO,57.495070474079625,0.92,0.92,0.0,0.0,0.013122517989459626,74903.85656421784,False,0.0,19605.520570781668
1779902881.956462,BUY_NO,226.28,0.9292487184019799,0.92,100.5295478476068,100.5295478476068,0.010160290732139088,74903.85656421784,False,0.0,19601.195233961356
1779902883.6157875,BUY_NO,70.30000000000001,0.92,0.92,0.0,0.0,0.021067478112839044,74903.85656421784,False,0.0,19600.441200201356
1779902884.2263641,BUY_NO,54.41511552800887,0.92,0.92,0.0,0.0,0.021909251109611283,74903.85656421784,False,0.0,19599.850768043507
1779902885.1614826,BUY_NO,58.46775864899166,0.92,0.92,0.0,0.0,0.023372959977927876,74903.85656421784,False,0.0,19599.21859690363
1779902886.0573318,BUY_NO,54.73148790780283,0.92,0.92,0.0,0.0,0.02474321689915504,74903.85656421784,False,0.0,19598.62490636337
1779902886.9857886,BUY_NO,55.08690834749018,0.92,0.92,0.0,0.0,0.02612239723723453,74903.85656421784,False,0.0,19598.02755527692
1779902887.9442987,BUY_NO,54.43787158155931,0.92,0.92,0.0,0.0,0.027485378510013425,74903.85656421784,False,0.0,19597.436888749926
1779902887.9951813,BUY_NO,247.28090468798985,0.9196914440276078,0.91,106.49938491876702,106.49938491876702,0.02786598181720934,74903.85656421784,False,0.0,19589.440507099316
1779902889.2611582,BUY_NO,62.57772375699733,0.91,0.91,0.0,0.0,0.03930725362426957,74903.85656421784,False,0.0,19583.23733693095
1779902890.4163764,BUY_NO,55.01943158569179,0.9099999999999999,0.91,-1.220025301785886e-12,-1.220025301785886e-12,0.04084145058017297,74903.85656421784,False,0.0,19582.607801188842
1779902891.645108,BUY_NO,54.88941396029327,0.9117013928319113,0.91,18.696624526497647,18.696624526497647,0.040670611552873104,74903.85656421784,False,0.0,19581.891818861866
1779902892.9895356,BUY_NO,58.62294372820429,0.9182941832388419,0.91,91.1448707565044,91.1448707565044,0.035712663715017245,74903.85656421784,False,0.0,19580.76578428442
1779902894.385247,BUY_NO,54.636305811633974,0.9154242880025252,0.91,59.60756046730929,59.60756046730929,0.04010713097658092,74903.85656421784,False,0.0,19579.861673348303
1779902895.858364,BUY_NO,58.56467492290153,0.91,0.91,0.0,0.0,0.04716520827035797,74903.85656421784,False,0.0,19579.193505798605
1779902897.7896702,BUY_NO,56.049667675404635,0.9099999999999999,0.91,-1.220025301785886e-12,-1.220025301785886e-12,0.04872844166335899,74903.85656421784,False,0.0,19578.552743779877
1779902899.764601,BUY_NO,55.777147191469794,0.91,0.91,0.0,0.0,0.05028410481223666,74903.85656421784,False,0.0,19577.91495136236
1779902901.7011,BUY_NO,56.22638225433343,0.91,0.91,0.0,0.0,0.051852344951410445,74903.85656421784,False,0.0,19577.272263720213
1779902907.509119,BUY_NO,56.50354426185049,0.91,0.91,0.0,0.0,0.053428375575753195,74903.85656421784,False,0.0,19576.6265558991
1779902945.1970646,SELL_NO,142.73,0.95,0.95,0.0,0.0,0.008420699198645853,74903.85656421784,True,4.000747758961722,19658.750863337842
1779902948.521224,SELL_NO,278.55,0.9403590019745108,0.95,101.48418974199076,101.48418974199076,0.00914608738726308,74903.85656421784,True,4.978698318196081,19653.517816082654
1779902948.5618627,SELL_NO,360.78000000000003,0.9425564055657186,0.95,78.35362562401401,78.35362562401401,0.011538850323233318,74903.85656421784,True,7.3004789174408415,19647.591967346303
1779902950.809404,SELL_NO,269.73,0.9309268527787046,0.94,96.52284277973803,96.52284277973803,0.009739579338796656,74903.85656421784,True,2.116369352850967,19633.666616765906
1779902953.0020723,SELL_NO,54.0,0.94,0.94,0.0,0.0,0.024905194650651885,74903.85656421784,True,0.9203766849851718,19633.147333565903
1779902954.0316424,SELL_NO,486.20000000000005,0.9353177704648291,0.94,49.81095250181739,49.81095250181739,0.02329507789050078,74903.85656421784,True,6.106938493393272,19626.29200102078
1779902954.2955136,SELL_NO,79.99999999999997,0.93625,0.94,39.89361702127575,39.89361702127575,0.02480073880299616,74903.85656421784,True,1.0590384592373,19625.218210020783
1779902985.1395526,SETTLE_YES,16.957188241998892,0.0,0.0,0.0,0.0,0.0,74903.85656421784,False,-6.20891412438204,19612.861394446558
1779902985.1395526,SETTLE_NO,12.089069016839886,1.0,1.0,0.0,0.0,0.0,74903.85656421784,True,0.9571978275995552,19624.9504634634
1779902986.05402,BUY_YES,108.44,0.53,0.53,0.0,0.0,0.08090850037946207,74883.86390765624,False,0.0,19622.4333703754
1779902986.2066891,BUY_YES,322.0,0.54,0.54,0.0,0.0,0.07103480658095052,74883.86390765624,False,0.0,19611.814464775398
1779902986.6776357,BUY_YES,108.44,0.53,0.53,0.0,0.0,0.08148130203138593,74883.86390765624,False,0.0,19609.297371687397
1779903087.220921,BUY_NO,528.29,0.48,0.48,0.0,0.0,0.13072262111248356,74883.86390765624,False,0.0,19597.131916439397
1779903087.2323246,BUY_NO,104.0,0.49,0.49,0.0,0.0,0.12061729294016088,74883.86390765624,False,0.0,19593.670665239395
1779903087.2419379,BUY_NO,244.88132830298548,0.5,0.5,0.0,0.0,0.1105431046770029,74883.86390765624,False,0.0,19583.110768122366
1779903087.28477,SELL_YES,341.18,0.49,0.49,0.0,0.0,0.10030623574184333,74883.86390765624,False,-21.854655564570095,19565.000684618364
1779903087.2919254,SELL_YES,197.7,0.48,0.48,0.0,0.0,0.09029081080145096,74883.86390765624,False,-14.64923417942994,19552.521278378365
1779903087.4683404,BUY_NO,112.96000000000004,0.48,0.48,0.0,0.0,0.12990313157952849,74883.86390765624,False,0.0,19549.896451626362
1779903144.1829073,BUY_YES,1400.07,0.18,0.18,0.0,0.0,0.13912469887798395,74883.86390765624,False,0.0,19874.533242628408
1779903144.1943984,SELL_NO,990.1313283029855,0.8067179977138997,0.81,40.518546741979215,40.518546741979215,0.12580077747709428,74883.86390765624,True,306.41035642843366,19845.28591735837
1779903145.4870794,BUY_YES,358.7375870762685,0.17,0.17,0.0,0.0,0.14315690769273368,74883.86390765624,False,0.0,19825.817042528364
1779903194.069209,BUY_NO,105.0,0.8200000000000001,0.8200000000000001,0.0,0.0,0.026634830716072977,74883.86390765624,False,0.0,19859.32233826989
1779903194.402712,BUY_NO,95.24,0.8200000000000001,0.8200000000000001,0.0,0.0,0.025736193979853828,74883.86390765624,False,0.0,19857.804003741887
1779903194.4495618,SELL_YES,512.0,0.18,0.18,0.0,0.0,0.025744004474102994,74883.86390765624,False,-4.4268186204982385,19849.77287734189
1779903195.0020962,BUY_NO,67.0,0.8125373134328358,0.81,31.32485719550243,31.32485719550243,0.03368394052668311,74883.86390765624,False,0.0,19878.560111210893
1779903195.4777267,BUY_NO,178.0443540824479,0.817826384318703,0.81,96.62202862596261,96.62202862596261,0.028778223666098834,74883.86390765624,False,0.0,19874.7832896289
1779903195.4824686,SELL_YES,489.8956459175521,0.18,0.18,0.0,0.0,0.0266232855417122,74883.86390765624,False,-4.236996675920508,19849.951244783904
1779903197.3019924,SELL_YES,632.95,0.18,0.18,0.0,0.0,0.022656561888604904,74883.86390765624,False,-5.465481144227269,19816.270146479284
1779903203.4942393,BUY_NO,115.0,0.74,0.74,0.0,0.0,0.07177695664366257,74883.86390765624,False,0.0,19801.219177962335
1779903203.8509016,BUY_NO,115.0,0.74,0.74,0.0,0.0,0.07084599547115344,74883.86390765624,False,0.0,19799.021105962336
1779903203.9671185,BUY_NO,100.00000000000001,0.74,0.74,0.0,0.0,0.07037470121469469,74883.86390765624,False,0.0,19797.105825962335
1779903250.6742616,SELL_NO,110.0,0.8027272727272727,0.81,89.7867564534237,89.7867564534237,0.01780086161748551,74883.86390765624,True,0.6873919444481942,19846.577437905322
1779903250.7350802,SELL_NO,76.91,0.8027551683786244,0.81,89.44236569599605,89.44236569599605,0.017714640603478493,74883.86390765624,True,0.47382638913772723,19844.728880820378
1779903250.7619972,SELL_NO,89.0,0.8043820224719102,0.81,69.35774726036915,69.35774726036915,0.019322352887528926,74883.86390765624,True,0.7041455939800869,19842.74557186757
1779903250.8341656,SELL_NO,73.80000000000001,0.81,0.81,0.0,0.0,0.0249933212568223,74883.86390765624,True,1.0117105055397033,19841.52880882757
1779903250.882834,SELL_NO,65.28,0.806295955882353,0.81,45.728939724037296,45.728939724037296,0.02120071331409168,74883.86390765624,True,0.6389185258185037,19840.196524737497
1779903250.8948047,SELL_NO,271.99,0.807062391999706,0.81,36.26676543572936,36.26676543572936,0.021940185213101593,74883.86390765624,True,2.9747271144115075,19834.95820958021
1779903251.1546576,SELL_NO,67.0,0.81,0.81,0.0,0.0,0.024146676756138463,74883.86390765624,True,0.9157263397176223,19833.850795980212
1779903272.5254486,BUY_NO,114.25414143263157,0.7578118955088607,0.75,104.15860678480993,104.15860678480993,0.018728077377612173,74883.86390765624,False,0.0,19838.033217551336
1779903273.1881394,BUY_NO,181.62111710253208,0.741835751130399,0.74,24.807447708094887,24.807447708094887,0.03739217428215014,74883.86390765624,False,0.0,19835.107429355914
1779903274.6176643,BUY_NO,73.26570015594427,0.74,0.74,0.0,0.0,0.04396714790579337,74883.86390765624,False,0.0,19832.730077406723
1779903275.5786786,BUY_NO,73.69964566374364,0.74,0.74,0.0,0.0,0.04873432815477119,74883.86390765624,False,0.0,19831.31063272695
1779903276.9474967,BUY_NO,149.2360662015439,0.7393299206917922,0.73,127.80713276427632,127.80713276427632,0.05074025217302347,74883.86390765624,False,0.0,19811.433995920834
1779903276.9770966,BUY_NO,85.0,0.7264705882352941,0.72,89.86928104575162,89.86928104575162,0.06356927975563409,74883.86390765624,False,0.0,19805.065788738724
1779903277.8582377,BUY_NO,145.0,0.6799999999999999,0.6799999999999999,0.0,0.0,0.10907954086051452,74883.86390765624,False,0.0,19790.550663069123
1779903277.889216,BUY_NO,184.0,0.69,0.69,0.0,0.0,0.09911561331773022,74883.86390765624,False,0.0,19784.926915869124
1779903277.9603124,BUY_NO,145.9876829383386,0.6800676552239516,0.6799999999999999,0.9949297639954461,0.9949297639954461,0.1089700644438365,74883.86390765624,False,0.0,19771.376070790262
1779903278.4175243,BUY_NO,115.0,0.6599999999999999,0.6599999999999999,0.0,0.0,0.12904795711685424,74883.86390765624,False,0.0,19758.418971126077
1779903278.9432473,BUY_NO,92.34,0.6599999999999999,0.6599999999999999,0.0,0.0,0.1291580655420015,74883.86390765624,False,0.0,19756.435352214077
1779903279.1302254,BUY_NO,115.0,0.6099999999999999,0.61,-1.820037745287142e-12,-1.820037745287142e-12,0.17903008922794084,74883.86390765624,False,0.0,19691.023201893157
1779903279.154532,BUY_NO,115.0,0.62,0.62,0.0,0.0,0.16902491854877744,74883.86390765624,False,0.0,19687.317433893153
1779903280.3415165,BUY_NO,115.0,0.6099999999999999,0.61,-1.820037745287142e-12,-1.820037745287142e-12,0.17825742859117355,74883.86390765624,False,0.0,19684.742621893154
1779903281.3442035,BUY_NO,95.65,0.61,0.61,0.0,0.0,0.17928156780227011,74883.86390765624,False,0.0,19682.596002173155
1779903282.4429352,BUY_NO,81.98957708944818,0.61,0.61,0.0,0.0,0.18137377036769187,74883.86390765624,False,0.0,19680.75167121966
1779903286.2188418,BUY_NO,82.92683239069333,0.61,0.61,0.0,0.0,0.188064267854279,74883.86390765624,False,0.0,19678.88659993105
1779903287.702624,BUY_NO,84.1782945799871,0.61,0.61,0.0,0.0,0.1948566823347988,74883.86390765624,False,0.0,19676.99383528595
1779903292.1978104,BUY_NO,110.0,0.6,0.6,0.0,0.0,0.20909636201663195,74883.86390765624,False,0.0,19655.048120581163
1779903292.7724955,SETTLE_YES,123.96194115871629,0.0,0.0,0.0,0.0,0.0,74883.86390765624,False,-22.090308745455285,18307.473754487684
1779903292.7724955,SETTLE_NO,2180.4534116373106,1.0,1.0,0.0,0.0,0.0,74883.86390765624,True,711.9682709450817,20487.927166124995
1779903301.9043064,BUY_YES,369.49,0.49000000000000005,0.49,1.1328806373726088e-12,1.1328806373726088e-12,0.32437142177124617,74860.86029460175,False,0.0,20479.401556452995
1779903301.9657106,BUY_YES,123.0,0.49,0.49,0.0,0.0,0.32403954274093627,74860.86029460175,False,0.0,20476.543442052996
1779903304.030058,BUY_YES,117.02,0.44,0.44,0.0,0.0,0.34589165870838984,74860.86029460175,False,0.0,20449.227813636993
1779903307.5184069,BUY_YES,165.37,0.41,0.41,0.0,0.0,0.3294079545987147,74860.86029460175,False,0.0,20427.205447420994
1779903307.5243158,BUY_YES,264.0,0.42,0.42,0.0,0.0,0.3194020341340919,74860.86029460175,False,0.0,20418.58509862099
1779903307.6555228,BUY_YES,153.84,0.41,0.41,0.0,0.0,0.3283062685183475,74860.86029460175,False,0.0,20415.10649810899
1779903307.6616964,BUY_YES,281.06,0.42,0.42,0.0,0.0,0.31824893581963737,74860.86029460175,False,0.0,20405.931030556992
1779903309.0782561,BUY_YES,394.23,0.42000000000000004,0.42,1.3216940769347101e-12,1.3216940769347101e-12,0.29885268196115544,74860.86029460175,False,0.0,20402.41315174099
1779903459.6898668,BUY_NO,98.58,0.55,0.55,0.0,0.0,0.06451627900271006,74860.86029460175,False,0.0,20484.19400614099
1779903459.695007,BUY_NO,186.60300859354896,0.56,0.56,0.0,0.0,0.05453729839206711,74860.86029460175,False,0.0,20478.05447435723
1779903460.5923324,SELL_YES,142.76,0.45000000000000007,0.45,-1.2335811384723962e-12,-1.2335811384723962e-12,0.06225891126862415,74860.86029460175,False,-0.8607424507534631,20474.76669115723
1779903461.17034,SELL_YES,140.94,0.45,0.45,0.0,0.0,0.059585980247874704,74860.86029460175,False,-0.8501515901456571,20471.520440357228
1779903467.4422016,SELL_YES,112.37,0.45,0.45,0.0,0.0,0.03310088319745813,74860.86029460175,False,-0.6838983552197178,20468.92615695723
1779903468.4606087,SELL_YES,160.18,0.45,0.45,0.0,0.0,0.03019056688962779,74860.86029460175,False,-0.962112116571106,20465.24084935723
1779903470.983707,SELL_YES,144.48,0.44999999999999996,0.45,1.2335811384723962e-12,1.2335811384723962e-12,0.024137861493420676,74860.86029460175,False,-0.8707513959432731,20461.91381575723
1779903482.7257047,SELL_NO,285.18300859354895,0.53,0.53,0.0,0.0,0.02330035114868756,74860.86029460175,False,-12.714504553533516,20464.164056332596
1779903516.9377575,SELL_YES,177.42,0.72,0.72,0.0,0.0,0.10682319814274732,74860.86029460175,True,47.42730328136368,20764.164469548596
1779903516.9465191,BUY_NO,430.74,0.3,0.30000000000000004,-1.850371707708594e-12,-1.850371707708594e-12,0.08677507413729107,74860.86029460175,False,0.0,20746.853180748596
1779903516.9529834,SELL_YES,500.96,0.6866664005110188,0.69,48.313036072190634,48.313036072190634,0.0734819207842996,74860.86029460175,True,116.78186858593125,20719.8591056126
1779903516.9609256,SELL_YES,488.90000000000003,0.6629658416854163,0.67,104.9874375311009,104.9874375311009,0.04985391980021392,74860.86029460175,True,102.09087163521292,20681.63526372647
1779903518.6210804,BUY_NO,209.42,0.28,0.28,0.0,0.0,0.1009947886808964,74860.86029460175,False,0.0,20677.518390542475
1779903595.4411118,BUY_NO,514.3434756210305,0.09999999999999998,0.09999999999999998,0.0,0.0,0.09848274095186049,74860.86029460175,False,0.0,20556.354927442346
1779903600.8836493,BUY_NO,561.26,0.08999999999999997,0.08999999999999997,0.0,0.0,0.1478604437737392,74872.35281275873,False,0.0,20538.663954718133
1779903601.1650631,BUY_NO,587.68,0.08999999999999997,0.08999999999999997,0.0,0.0,0.14989416201719974,74872.35281275873,False,0.0,20532.23012329413
1779903586.1659997,SETTLE_NO,2303.4434756210303,1.0,1.0,0.0,0.0,0.0,74872.35281275873,True,1960.7149280589274,22639.880903487378
1779903627.6489186,BUY_NO,135149.74529516193,0.010000000000000009,0.010000000000000009,0.0,0.0,0.4652698459495299,74866.76642188696,False,0.0,62412.691027113746
1779903638.3160148,BUY_YES,341.62,0.38999999999999996,0.39,-1.4233628520835338e-12,-1.4233628520835338e-12,0.08017423343704416,74866.76642188696,False,0.0,112390.00994566767
1779903638.3227413,BUY_YES,341.62,0.38999999999999996,0.39,-1.4233628520835338e-12,-1.4233628520835338e-12,0.0801828285427662,74866.76642188696,False,0.0,112361.92310501167
1779903638.3283608,BUY_YES,232.03,0.4,0.4,0.0,0.0,0.07020897771030249,74866.76642188696,False,0.0,112340.48137661167
1779903638.3344264,BUY_YES,418.71493837934463,0.4099999999999999,0.41,-1.3539305178355566e-12,-1.3539305178355566e-12,0.06022933638017697,74866.76642188696,False,0.0,112297.56793251066
1779903638.3410583,SELL_NO,806.2850616206554,0.5900000000000001,0.5900000000000001,0.0,0.0,0.06024975028502633,74866.76642188696,True,453.5724300787456,112214.96079661167
1779903638.346261,SELL_NO,800.27,0.5800000000000001,0.5800000000000001,0.0,0.0,0.05026663137872944,74866.76642188696,True,442.08780441600004,112124.8690510277
1779903638.3537955,SELL_NO,282.53,0.5700000000000001,0.5700000000000001,0.0,0.0,0.04028484666547183,74866.76642188696,True,153.200936584,112090.1875376117
1779903638.3593445,SELL_NO,1037.0,0.56,0.56,0.0,0.0,0.03028853087073058,74866.76642188696,True,551.9227904,111952.50532801168
1779903648.2004507,SELL_NO,81.47,0.72,0.72,0.0,0.0,0.13020713069103507,74866.76642188696,True,56.631146656,118495.36918942578
1779903649.2179894,SELL_NO,78.37000000000002,0.7182123261452085,0.72,24.828803538770902,24.828803538770902,0.12269888007563923,74866.76642188696,True,54.330623440623704,118493.66526286642
1779903649.223997,SELL_NO,92.24,0.69,0.69,0.0,0.0,0.09451764404911589,74866.76642188696,True,61.27263020799999,118488.98629307441
1779903649.228127,SELL_NO,103.0,0.6599999999999999,0.6599999999999999,0.0,0.0,0.06453795568855791,74866.76642188696,True,65.25584959999999,118480.5971426744
1779903649.232836,SELL_NO,132.16,0.65,0.65,0.0,0.0,0.05455621794826615,74866.76642188696,True,82.38761919999999,118468.4903618744
1779903649.238533,SELL_NO,143.0,0.64,0.64,0.0,0.0,0.04457468331322034,74866.76642188696,True,87.68780159999999,118453.9331634744
1779903649.2427807,SELL_NO,201.18,0.63,0.63,0.0,0.0,0.034585567858430255,74866.76642188696,True,121.32515582399999,118431.41461929842
1779903649.2469444,SELL_NO,189.99,0.62,0.62,0.0,0.0,0.024595392673818828,74866.76642188696,True,112.641061632,118408.21283093042
1779903649.7310197,SELL_NO,72.0,0.72,0.72,0.0,0.0,0.12131275907786221,74866.76642188696,True,50.04490559999999,118406.77773653044
1779903649.8809054,BUY_YES,223.26,0.28,0.28,0.0,0.0,0.12070211232716327,74866.76642188696,False,0.0,118402.39077297843
1779903649.8868005,SELL_NO,127.03,0.689212784381642,0.69,11.408922005187366,11.408922005187366,0.08989442622470123,74866.76642188696,True,84.29130604395243,118395.85562902238
1779903649.8922336,SELL_NO,170.39,0.6636615998591466,0.6699999999999999,94.60298717691487,94.60298717691487,0.06435182708186882,74866.76642188696,True,108.60898198599493,118382.63576100838
1779903649.8967557,SELL_NO,115.0,0.65,0.65,0.0,0.0,0.05069806510499808,74866.76642188696,True,71.68629999999999,118372.09706100839
1779903649.9016204,SELL_NO,249.43,0.64,0.64,0.0,0.0,0.040709701830440204,74866.76642188696,True,152.97315561599999,118346.72776662438
1779903649.9088385,SELL_NO,182.0,0.63,0.63,0.0,0.0,0.030734437805900794,74866.76642188696,True,109.75545759999999,118326.35322422438
1779903652.5264874,SELL_NO,72.0,0.72,0.72,0.0,0.0,0.10544340437758926,74866.76642188696,True,50.04490559999999,118324.9181298244
1779903654.2630277,BUY_YES,225.64,0.28,0.28,0.0,0.0,0.09971037706289265,74866.76642188696,False,0.0,118320.48472009637
1779903654.2680037,SELL_NO,110.03,0.6909088430428064,0.7,129.8736708170505,129.8736708170505,0.07059567894619989,74866.76642188696,True,73.19859251966989,118315.01186261605
1779903654.2734535,SELL_NO,149.78,0.6710014688209374,0.6799999999999999,132.33134086856728,132.33134086856728,0.05066480048915911,74866.76642188696,True,96.59410503986327,118304.5132676559
1779903654.2779562,SELL_NO,108.0,0.6599999999999999,0.6599999999999999,0.0,0.0,0.039646902212806756,74866.76642188696,True,68.42506559999998,118295.7183332559
1779903654.2836406,SELL_NO,138.74,0.65,0.65,0.0,0.0,0.02965362112702208,74866.76642188696,True,86.49103880000001,118283.0102720559
1779903655.4630306,SELL_NO,73.17,0.700683340166735,0.71,131.22056103190167,131.22056103190167,0.07527421012086832,74866.76642188696,True,49.402412060024595,118280.09613411593
1779903655.4911635,SELL_NO,147.34,0.7196606488394189,0.72,4.713210563625503,4.713210563625503,0.09411701131490402,74866.76642188696,True,102.39114765366416,118277.1391817696
1779903655.4951918,SELL_NO,107.41,0.696812214877572,0.7,45.5397874632573,45.5397874632573,0.07125385690793062,74866.76642188696,True,72.10667826782907,118272.44771003742
1779903655.5882516,SELL_NO,77.4,0.72,0.72,0.0,0.0,0.09381923093474098,74866.76642188696,True,53.80052352,118270.90723355743
1779903656.0753736,SELL_NO,76.97,0.72,0.72,0.0,0.0,0.09180790405586436,74866.76642188696,True,53.501465055999994,118269.37514861343
1779903656.079963,SELL_NO,75.0,0.6825333333333333,0.69,108.21256038647277,108.21256038647277,0.05436379351901521,74866.76642188696,True,49.239919455999996,118264.99006806943
1779903656.0856996,SELL_NO,294.0,0.6648639455782311,0.6699999999999999,76.65752868311624,76.65752868311624,0.03671351654469801,74866.76642188696,True,187.7833487918367,118242.56341686126
1779903656.0921555,SELL_NO,167.0,0.65,0.65,0.0,0.0,0.02188562572729913,74866.76642188696,True,104.11453999999999,118227.27295686127
1779903656.5802429,SELL_NO,90.93,0.6838414164742108,0.69,89.25483370708885,89.25483370708885,0.053719921159250505,74866.76642188696,True,59.82693197008775,116319.84875940392
1779903656.5865545,SELL_NO,294.0,0.6648639455782311,0.6699999999999999,76.65752868311624,76.65752868311624,0.0347559880417031,74866.76642188696,True,187.7833487918367,116301.83210819577
1779903656.6022563,SELL_NO,184.0,0.6599999999999999,0.6599999999999999,0.0,0.0,0.029932629368102592,74866.76642188696,True,116.59714879999999,116289.62925699577
1779903656.6680489,SELL_NO,72.37,0.72,0.72,0.0,0.0,0.08948774635342627,74866.76642188696,True,50.302234976,118183.2531213992
1779903658.1252353,SELL_NO,92.12,0.7,0.7,0.0,0.0,0.06144142975073952,74866.76642188696,True,62.1399456,118179.52726699921
1779903658.174321,SELL_NO,100.0,0.665,0.6699999999999999,74.62686567164022,74.62686567164022,0.02675322641932043,74866.76642188696,True,63.866020000000006,118171.8932869992
1779903661.8510318,SELL_NO,76.75999999999999,0.6934861907243356,0.7,93.05441822377661,93.05441822377661,0.04528452549374917,74866.76642188696,True,51.25962329713391,118168.26951029635
1779903661.8594177,SELL_NO,106.69999999999999,0.6799999999999999,0.6799999999999999,0.0,0.0,0.031805377807985424,74866.76642188696,True,69.78730975999997,118161.76632005634
1779903662.0063941,SELL_NO,100.0,0.695,0.7,71.4285714285715,71.4285714285715,0.04631619009344268,74866.76642188696,True,66.94378,118157.21010005634
1779903662.1279628,SELL_NO,110.0,0.7154545454545453,0.72,63.13131313131431,63.13131313131431,0.06620214785568601,74866.76642188696,True,75.95765163636364,118154.5177516927
1779903662.1331594,SELL_NO,208.81,0.695693213926536,0.7,61.5255153351987,61.5255153351987,0.04641860576076651,74866.76642188696,True,139.96677182267553,118145.18537351539
1779903662.1400044,SELL_NO,769.7,0.6751669481616213,0.6799999999999999,71.0742917408629,71.0742917408629,0.025931332281916575,74866.76642188696,True,499.79482824460433,118094.64470176
1779903662.1625404,SELL_NO,184.0,0.69,0.69,0.0,0.0,0.04080453497044556,74866.76642188696,True,122.25625279999998,118085.34095456
1779903665.3931608,SELL_NO,75.47,0.7113250298131708,0.72,120.485697039294,120.485697039294,0.05270439381504244,74866.76642188696,True,51.78320588421465,118083.1631104442
1779903665.398713,SELL_NO,546.9300000000001,0.6949366463715647,0.7,72.3336232633606,72.3336232633606,0.03630861478335001,74866.76642188696,True,366.2340721400546,118058.34223258427
1779903666.0790238,SELL_NO,197.32,0.7106750456111899,0.72,129.51325540014017,129.51325540014017,0.049532586176034954,74866.76642188696,True,135.30600490595742,117434.07661101442
1779903666.1271393,SELL_NO,80.0,0.696875,0.7,44.642857142856194,44.642857142856194,0.03576806028641244,74866.76642188696,True,53.703256249999995,117430.97986726442
1779903666.2433553,SELL_NO,78.98000000000002,0.71,0.71,0.0,0.0,0.04839578107451259,74866.76642188696,True,54.085137296000006,118046.68213103623
1779903668.5989044,SELL_NO,87.25999999999999,0.71,0.71,0.0,0.0,0.03600901540556578,74866.76642188696,True,59.75838795199999,118044.04961898823
1779903670.4076512,SELL_NO,105.15999999999997,0.71,0.71,0.0,0.0,0.031067227875752668,74866.76642188696,True,72.02302403199997,117424.15241654443
1779903672.6399493,SELL_NO,79.0,0.7068354430379746,0.71,44.57122481725821,44.57122481725821,0.02300693839413004,74866.76642188696,True,53.84133776202531,117421.90375430645
1779903682.9131737,SELL_NO,957.74,0.7660987324326017,0.77,50.66581256361404,50.66581256361404,0.0370105501608754,74866.76642188696,True,711.759444002122,124180.68618954247
1779903682.9798188,SELL_NO,67.70999999999992,0.77,0.77,0.0,0.0,0.040570427693697564,74866.76642188696,True,50.56621624799994,124179.45425579048
1779903683.053181,SELL_NO,75.52999999999997,0.77,0.77,0.0,0.0,0.04021146283855637,74866.76642188696,True,56.409701863999985,124178.08350765448
1779903683.1712184,SELL_NO,93.0,0.77,0.77,0.0,0.0,0.039647849168135685,74866.76642188696,True,69.4641384,124176.40264605448
1779903683.917603,SELL_NO,68.60000000000002,0.7680174927113703,0.77,25.74684790428179,25.74684790428179,0.0335363088907189,74866.76642188696,True,51.08999941271139,124175.01364546717
1779903683.9573479,SELL_NO,1091.8,0.7665019234291995,0.77,45.429565854551676,45.429565854551676,0.03191220141136164,74866.76642188696,True,811.8495112534908,124151.63615672066
1779903684.4930305,SELL_NO,72.07000000000005,0.7689593450811711,0.77,13.514998945829559,13.514998945829559,0.03128302671289651,74866.76642188696,True,53.7463106355366,124150.2489173562
1779903777.4890556,SELL_YES,385.85,0.15,0.15,0.0,0.0,0.05567145372716198,74866.76642188696,False,-87.80406737716572,132603.59763501753
1779903778.0488238,SELL_YES,356.28,0.15,0.15,0.0,0.0,0.057228557076493825,74866.76642188696,False,-81.07741408613867,132598.51558461753
1779903778.2701833,SELL_YES,909.77,0.15,0.15,0.0,0.0,0.0578347337128247,74866.76642188696,False,-206.98662375981354,132585.5850460175
1779903794.6683686,SELL_NO,375.3,0.9729309885424994,0.98,72.13276997449599,72.13276997449599,0.03052124571541015,74866.76642188696,True,360.6463515742926,149729.2800389145
1779903794.7234204,SELL_NO,883.24,0.9533089533988498,0.96,69.69840209531421,69.69840209531421,0.010811959668565185,74866.76642188696,True,830.3075999737988,149698.42863888832
1779903796.1477947,SELL_NO,380.3,0.9730239284775177,0.98,71.18440329063523,71.18440329063523,0.028422392853214573,74866.76642188696,True,365.48927782127794,149693.12541670958
1779903796.15128,SELL_NO,888.88,0.9533514085140851,0.96,69.25616131161355,69.25616131161355,0.008745379511392981,74866.76642188696,True,835.6499884369093,149662.11740514648
1779903797.8330746,SELL_NO,53.0,0.98,0.98,0.0,0.0,0.03304597777452134,74866.76642188696,True,51.305206399999996,149661.74761154648
1779903797.837359,SELL_NO,121.02999999999997,0.9586755349913244,0.96,13.796510507037056,13.796510507037056,0.011719852946229126,74866.76642188696,True,114.44297327044531,149658.1863348169
1779903797.885521,SELL_NO,55.0,0.96,0.96,0.0,0.0,0.012987684807998279,74866.76642188696,True,52.067935999999996,149656.62927081692
1779903797.9411473,SELL_NO,374.05,0.9729073653254912,0.98,72.37382320927372,72.37382320927372,0.02581541565856227,74866.76642188696,True,359.435620086705,149651.3661409036
1779903798.3321092,SELL_NO,556.0999999999999,0.9603632440208595,0.97,99.34799978495349,99.34799978495349,0.01272104381740613,74866.76642188696,True,526.9428804830209,149636.11152138663
1779903799.0792387,SELL_NO,56.210000000000036,0.96,0.96,0.0,0.0,0.011377354904263393,74866.76642188696,True,53.214090592000034,149634.52086197864
1779903799.2750533,SELL_NO,53.4,0.9800000000000001,0.98,-1.1328806373726088e-12,-1.1328806373726088e-12,0.03111524824738854,74866.76642188696,True,51.69264192,149634.14850389864
1779903799.8004353,SELL_NO,70.0,0.9742857142857141,0.98,58.30903790087646,58.30903790087646,0.0247038007469077,74866.76642188696,True,67.34373257142856,149633.24223647008
1779903805.4085069,SELL_NO,416.99,0.9730813688577663,0.98,70.59827696156813,70.59827696156813,0.016845164937266066,74866.76642188696,True,400.7788696500609,149627.45585612013
1779903806.5815241,SELL_NO,406.99,0.9729113737438265,0.98,72.33292098136182,72.33292098136182,0.015410192404840872,74866.76642188696,True,391.0930169614459,149621.73362308156
1779903809.204908,SELL_NO,56.39999999999999,0.9775177304964539,0.98,25.329280648429908,25.329280648429908,0.017295365676981533,74866.76642188696,True,54.44875654127659,149621.19237962284
1779903809.407376,SELL_NO,111.12,0.97,0.97,0.0,0.0,0.009577412368979465,74866.76642188696,True,106.412381376,149619.26276099886
1779903810.5584702,SELL_NO,88.0,0.977159090909091,0.98,28.98886827458112,28.98886827458112,0.015623128756951377,74866.76642188696,True,84.93858553636365,149618.40134653522
1779903810.9551284,SELL_NO,652.51,0.9732779574259398,0.98,68.5922711638793,68.5922711638793,0.011368122597832153,74866.76642188696,True,627.2966266080659,149609.50072314328
1779903811.0371447,SELL_NO,55.0,0.98,0.98,0.0,0.0,0.018014339111034117,74866.76642188696,True,53.242384,149609.1181071433
1779903811.1074688,SELL_NO,200.0,0.97,0.97,0.0,0.0,0.00795052358676629,74866.76642188696,True,191.55096,149605.6690671433
1779903811.241371,SELL_NO,54.0,0.978148148148148,0.98,18.896447467877483,18.896447467877483,0.015986933180990315,74866.76642188696,True,52.16689653333333,149605.18596367663
1779903811.6743634,SELL_NO,54.0,0.98,0.98,0.0,0.0,0.017439871269718132,74866.76642188696,True,52.2737952,149604.80975887662
1779903811.8087842,SELL_NO,52.84,0.97,0.97,0.0,0.0,0.007323957260230274,74866.76642188696,True,50.585689632000005,149603.87644850864
1779903812.2825015,SELL_NO,64.36,0.9753387197016782,0.98,47.564084676753076,47.564084676753076,0.012238379730495463,74866.76642188696,True,61.987739851654446,149603.1131883603
1779903812.372303,SELL_NO,90.60000000000001,0.98,0.98,0.0,0.0,0.016820615549596685,74866.76642188696,True,87.72414528,149602.5023336403
1779903812.420785,SELL_NO,52.639999999999986,0.9777203647416413,0.98,23.261584268966587,23.261584268966587,0.014504537095315406,74866.76642188696,True,50.828239728048615,149602.00657336833
1779903812.4654772,SELL_NO,57.00000000000003,0.98,0.98,0.0,0.0,0.016749413800375867,74866.76642188696,True,55.17956160000003,149601.61113496835
1779903812.5379736,SELL_NO,72.94,0.9709596928982726,0.98,92.2480316502799,92.2480316502799,0.007646210042931201,74866.76642188696,True,69.91431854885221,149600.4089535172
1779903812.9161408,SELL_NO,72.14,0.97097033545883,0.98,92.13943409357077,92.13943409357077,0.007399591215939916,74866.76642188696,True,69.14799476249071,149599.2204482797
1779903812.9919207,SELL_NO,53.0,0.9781132075471699,0.98,19.25298421255181,19.25298421255181,0.01447902047110261,74866.76642188696,True,51.19830798490566,149598.7437562646
1779903813.0138667,SELL_NO,413.72,0.9753901189210094,0.98,47.03960284684316,47.03960284684316,0.011737286809550662,74866.76642188696,True,398.656165693494,149594.02292195807
1779903813.0499642,SELL_NO,52.0,0.9725,0.98,76.53061224489747,76.53061224489747,0.008822228625489759,74866.76642188696,True,49.9198714,149593.24279335808
1779903813.5644543,SELL_NO,52.360000000000014,0.9785943468296409,0.98,14.343399697542067,14.343399697542067,0.014541832308512137,74866.76642188696,True,50.60662978483729,149592.79842314293
1779903814.1807284,SELL_NO,409.08000000000004,0.9744001173364624,0.98,57.14165983201647,57.14165983201647,0.009834401714807983,74866.76642188696,True,393.75208983920686,149587.69751298212
1779903815.0638602,SELL_NO,80.00000000000001,0.9737499999999999,0.98,63.775510204082536,63.775510204082536,0.0085045471580939,74866.76642188696,True,76.922769,149586.62028198212
1779903852.437988,SELL_NO,116.99,0.99,0.99,0.0,0.0,0.01045998003966897,74866.76642188696,True,114.53680952799999,150161.54896798593
1779903889.00729,SELL_NO,577.17,0.98,0.98,0.0,0.0,0.006418848680529665,74866.76642188696,True,559.0103976959999,149583.36148920612
1779903889.7518492,SELL_NO,154.46,0.9883814579826492,0.99,16.348909266169574,16.348909266169574,0.01971783818496109,74866.76642188696,True,150.9630900457563,150154.5250557277
1779903886.6534376,SETTLE_YES,130.9849383793446,1.0,1.0,0.0,0.0,0.0,74776.3878466287,True,82.71287686693118,37136.327713517334
1779903886.6534376,SETTLE_NO,114290.78023354131,0.0,0.0,0.0,0.0,0.0,74776.3878466287,False,-1142.937802335414,37136.327713517334
1779903910.5107124,BUY_YES,151.99,0.48999999999999994,0.49,-1.1328806373726088e-12,-1.1328806373726088e-12,0.32641701165792364,74777.10099744854,False,0.0,37132.80303784534
1779903910.5207357,BUY_YES,210.96,0.5,0.5,0.0,0.0,0.3163988091537743,74777.10099744854,False,0.0,37125.811357845334
1779903910.531767,BUY_YES,363.32,0.51,0.51,0.0,0.0,0.3063687877255803,74777.10099744854,False,0.0,37110.161213749336
1779903910.5404327,BUY_YES,205.4,0.52,0.52,0.0,0.0,0.2963440373805847,74777.10099744854,False,0.0,37099.250929269336
1779903912.2415679,BUY_YES,364.0,0.53,0.53,0.0,0.0,0.2697493650921594,74777.10099744854,False,0.0,37089.269216469336
1779903912.292232,BUY_YES,478.0,0.54,0.54,0.0,0.0,0.2596492187768258,74777.10099744854,False,0.0,37068.04863206933
1779903919.1096177,BUY_YES,97.35,0.52,0.52,0.0,0.0,0.23239391805418086,74777.10099744854,False,0.0,37092.387435749326
1779903919.115285,BUY_YES,279.0,0.53,0.53,0.0,0.0,0.22238940738600677,74777.10099744854,False,0.0,37083.16851494933
1779903919.1196163,BUY_YES,391.0,0.54,0.54,0.0,0.0,0.2123983845779589,74777.10099744854,False,0.0,37066.37055814933
1779903919.2629876,BUY_YES,99.32,0.52,0.52,0.0,0.0,0.23147949838988935,74777.10099744854,False,0.0,37064.059058565326
1779903919.8150291,BUY_YES,231.67,0.52,0.52,0.0,0.0,0.2275801375145975,74777.10099744854,False,0.0,37058.70732066133
1779903919.8194408,BUY_YES,279.0,0.53,0.53,0.0,0.0,0.21754632489257952,74777.10099744854,False,0.0,37049.48839986132
1779903919.8236907,BUY_YES,420.0,0.54,0.54,0.0,0.0,0.2075500392431101,74777.10099744854,False,0.0,37031.44678386133
1779903919.9575732,BUY_YES,153.18515230902904,0.55,0.55,0.0,0.0,0.19777976464403102,74777.10099744854,False,0.0,37023.325544116364
1779903921.2326853,BUY_YES,231.67,0.52,0.52,0.0,0.0,0.2213723605479191,74777.10099744854,False,0.0,37017.973806212365
1779904019.25305,BUY_NO,525.88,0.21999999999999997,0.21999999999999997,0.0,0.0,0.07703630350140356,74777.10099744854,False,0.0,38076.90064475981
1779904019.2609775,SELL_YES,730.5,0.7653798767967146,0.77,60.00160004266779,60.00160004266779,0.06239735837579086,74777.10099744854,True,164.75538605794242,38053.09329584974
1779904019.267045,SELL_YES,559.6,0.7454324517512508,0.75,60.900643316655525,60.900643316655525,0.04247460921444224,74777.10099744854,True,114.63083030822901,38023.27552042478
1779904019.2735126,SELL_YES,987.7,0.7253042421787991,0.73,64.32544960549188,64.32544960549188,0.02239142205308753,74777.10099744854,True,181.79314717156058,37950.11532970736
1779904020.4907405,SELL_YES,409.15999999999997,0.7744254081532898,0.78,71.46912623987532,71.46912623987532,0.07297973361952448,74777.10099744854,True,96.11277781360764,37940.612325673595
1779904020.4985104,SELL_YES,563.0,0.7542273534635879,0.76,75.95587547910623,75.95587547910623,0.0527798616219316,74777.10099744854,True,120.45714640748429,37915.74323007288
1779904020.504874,SELL_YES,705.9051523090293,0.7335953838723208,0.74,86.54886659025912,86.54886659025912,0.03220557931211088,74777.10099744854,True,135.96439933850309,37869.493521064505
1779904076.095431,BUY_NO,229.55117843259973,0.22999999999999998,0.22999999999999998,0.0,0.0,0.0789873617977157,74777.10099744854,False,0.0,37870.64751218591
1779904079.1681864,BUY_NO,222.72031048390636,0.22999999999999998,0.22999999999999998,0.0,0.0,0.08593210299654941,74777.10099744854,False,0.0,37866.66395941045
1779904079.931092,BUY_NO,231.05908457886233,0.22999999999999998,0.22999999999999998,0.0,0.0,0.09313780849454978,74777.10099744854,False,0.0,37862.53238338827
1779904080.8719409,BUY_NO,228.0348374207249,0.22999999999999998,0.22999999999999998,0.0,0.0,0.10025044228646385,74777.10099744854,False,0.0,37858.45449138225
1779904082.5231342,BUY_NO,266.3060436197493,0.22999999999999998,0.22999999999999998,0.0,0.0,0.10855745369048164,74777.10099744854,False,0.0,37853.69723954074
1779904138.253397,SELL_NO,263.99,0.38,0.38,0.0,0.0,0.02249718364718667,74777.10099744854,True,35.905312146524984,38120.43740709848
1779904144.9551458,BUY_NO,341.16,0.23,0.22999999999999998,1.2067641572012573e-12,1.2067641572012573e-12,0.12827126162052246,74777.10099744854,False,0.0,37884.02157498074
1779904193.1351945,BUY_YES,164.48,0.8265661478599222,0.82,80.07497390149106,80.07497390149106,0.03156709180543149,74777.10099744854,False,0.0,37809.16263192696
1779904193.1419027,BUY_YES,157.3,0.8268658614113159,0.82,83.73001721117018,83.73001721117018,0.031226982366837297,74777.10099744854,False,0.0,37805.64477365635
1779904193.2814496,BUY_YES,66.93,0.8386657702076796,0.83,104.4068699720442,104.4068699720442,0.018452106958881553,74777.10099744854,False,0.0,37803.37879188291
1779904193.3200011,BUY_YES,100.0,0.82,0.82,0.0,0.0,0.036823979005093044,74777.10099744854,False,0.0,37801.78607188291
1779904199.0420554,SELL_YES,129.6,0.84,0.84,0.0,0.0,0.01500913617498112,74777.10099744854,True,0.40378146330380105,37761.093614966834
1779904199.174678,SELL_YES,101.0,0.8495049504950495,0.85,5.824111822947006,5.824111822947006,0.025284129019127466,74777.10099744854,True,1.3157135805862765,37745.36280220365
1779904200.4193094,SELL_YES,227.58999999999997,0.8440858561448219,0.85,69.57816300209504,69.57816300209504,0.02859808736028402,74803.95089240049,True,1.7074632168527728,37740.69231075516
1779904193.1330762,SETTLE_YES,30.52000000000004,0.0,0.0,0.0,0.0,0.0,74803.95089240049,False,-25.269311207055342,37456.39309984747
1779904193.1330762,SETTLE_NO,1780.7214545358427,1.0,1.0,0.0,0.0,0.0,74803.95089240049,True,1375.5693926780739,39237.11455438331
1779904210.593791,BUY_NO,334.39,0.63,0.63,0.0,0.0,0.053304101186755104,74803.91424999334,False,0.0,39229.80047013531
1779904210.601508,BUY_NO,109.95600177291908,0.64,0.64,0.0,0.0,0.04331565831414219,74803.91424999334,False,0.0,39226.29709198651
1779904226.7175195,SELL_NO,259.37,0.62,0.62,0.0,0.0,0.022255879199175266,74803.91424999334,False,-7.665271329977514,39220.57049680252
1779904229.728068,SELL_NO,157.04,0.61,0.61,0.0,0.0,0.022203353086827193,74803.91424999334,False,-6.249311363035616,39215.494990050516
1779904255.9450173,BUY_YES,141.01,0.39,0.39,0.0,0.0,0.05475626966513936,74803.91424999334,False,0.0,39211.49987795365
1779904256.543922,BUY_YES,138.45,0.39,0.39,0.0,0.0,0.05718058456813724,74803.91424999334,False,0.0,39208.97151558479
1779904257.4707313,BUY_YES,157.45634906489715,0.39,0.39,0.0,0.0,0.061592541270277024,74803.91424999334,False,0.0,39205.4571955276
1779904260.2142816,BUY_YES,128.80605405168745,0.39,0.39,0.0,0.0,0.06680412396708729,74803.91424999334,False,0.0,39202.5768721187
1779904262.758358,BUY_YES,210.41,0.39,0.39,0.0,0.0,0.07556890573395203,74803.91424999334,False,0.0,39197.8907513107
1779904278.3783383,BUY_YES,160.0,0.4,0.4,0.0,0.0,0.09915774045019826,74803.91424999334,False,0.0,39201.77791532413
1779904278.4796355,BUY_YES,206.2965704164876,0.41,0.41,0.0,0.0,0.08945977926124182,74803.91424999334,False,0.0,39195.06044066026
1779904279.8952565,BUY_YES,145.0,0.4,0.4,0.0,0.0,0.10569648092489647,74803.91424999334,False,0.0,39191.79984066026
1779904282.4174123,BUY_YES,150.0,0.4,0.4,0.0,0.0,0.10560674266404524,74803.91424999334,False,0.0,39188.42784066025
1779904288.8369818,BUY_YES,403.58,0.32,0.32,0.0,0.0,0.12396130333337019,74803.91424999334,False,0.0,39067.297534343445
1779904329.901958,BUY_YES,154.36719327703054,0.34,0.34,0.0,0.0,0.12383964036779394,74803.91424999334,False,0.0,39100.26307794392
1779904330.802161,BUY_YES,150.91200362528775,0.34,0.34,0.0,0.0,0.12961705793259698,74803.91424999334,False,0.0,39097.040262865616
1779904331.3630488,BUY_YES,147.34262462060542,0.34,0.34,0.0,0.0,0.13525855590844899,74803.91424999334,False,0.0,39093.892964425046
1779904331.8837023,BUY_YES,152.17099368346135,0.34,0.34,0.0,0.0,0.14108533994580813,74803.91424999334,False,0.0,39090.643513145886
1779904332.6770306,BUY_YES,147.10630019831387,0.34,0.34,0.0,0.0,0.14671927603026808,74803.91424999334,False,0.0,39087.50121457385
1779904333.4865193,BUY_YES,155.94019784176044,0.34,0.34,0.0,0.0,0.152691697247897,74803.91424999334,False,0.0,39084.17201899615
1779904334.0171316,BUY_YES,152.45727065557367,0.34,0.34,0.0,0.0,0.15853199303962612,74803.91424999334,False,0.0,39080.91651101234
1779904334.6651518,BUY_YES,160.3583423382329,0.34,0.34,0.0,0.0,0.16467521853474726,74803.91424999334,False,0.0,39077.493841635165
1779904335.3969529,BUY_YES,162.76992090895556,0.34,0.34,0.0,0.0,0.17091191599707162,74803.91424999334,False,0.0,39074.02015097248
1779904338.4864824,BUY_YES,256.0129697795728,0.35,0.35,0.0,0.0,0.18172680883018377,74803.91424999334,False,0.0,39065.956463980794
1779904338.5204172,BUY_YES,293.79667390594113,0.34,0.34,0.0,0.0,0.19198680714439048,74803.91424999334,False,0.0,39059.710666510306
1779904339.9815307,BUY_YES,149.1460388032915,0.34,0.34,0.0,0.0,0.19771403045607377,74803.91424999334,False,0.0,39056.52521359655
1779904341.2598174,BUY_YES,182.1251734505904,0.34,0.34,0.0,0.0,0.20469590484166217,74803.91424999334,False,0.0,39052.64202772689
1779904348.2604463,SELL_YES,412.37,0.8347842956568131,0.84,62.09171837127209,62.09171837127209,0.21226706476353108,74803.91424999334,True,192.3724544714197,41123.86958440723
1779904348.2733686,BUY_NO,604.12,0.18000000000000005,0.18000000000000005,0.0,0.0,0.19738030594305045,74803.91424999334,False,0.0,41102.31648034323
1779904348.281689,BUY_NO,540.64,0.18999999999999995,0.18999999999999995,0.0,0.0,0.18740752739326216,74803.91424999334,False,0.0,41077.37335663123
1779904348.2882624,BUY_NO,476.31,0.19999999999999998,0.19999999999999996,1.3877787807814459e-12,1.3877787807814459e-12,0.17744622103000549,74803.91424999334,False,0.0,41050.42231543123
1779904348.3320048,SELL_YES,73.27000000000001,0.84,0.84,0.0,0.0,0.2174447368618413,74803.91424999334,True,34.55683546011405,41049.31694629523
1779904348.3377664,BUY_NO,603.68,0.20999999999999996,0.20999999999999996,0.0,0.0,0.1674330494343267,74803.91424999334,False,0.0,41008.87370943123
1779904348.344098,BUY_NO,659.0,0.21999999999999997,0.21999999999999997,0.0,0.0,0.15744805585026467,74803.91424999334,False,0.0,40957.86663263123
1779904348.3492017,BUY_NO,299.2939680164477,0.22999999999999995,0.22999999999999998,-1.2067641572012573e-12,-1.2067641572012573e-12,0.1474695553133392,74803.91424999334,False,0.0,40931.573227785026
1779904348.3547072,SELL_YES,729.8960319835523,0.7630935369160718,0.77,89.69432576530092,89.69432576530092,0.14058122478969393,74803.91424999334,True,285.94354979159925,40862.25948773782
1779904348.3621585,SELL_YES,958.7,0.7448701366433712,0.75,68.39817808838393,68.39817808838393,0.12237600085297884,74803.91424999334,True,357.479294461018,40753.117306201915
1779904348.367438,SELL_YES,1013.0,0.7250009871668311,0.73,68.4796278516279,68.4796278516279,0.1025203408396127,74803.91424999334,True,356.91995999408687,40616.986723601985
1779904348.4610143,SELL_YES,125.99999999999997,0.83,0.83,0.0,0.0,0.20729951819275394,74803.91424999334,True,58.12705666065742,40613.78666440198
1779904348.5454578,SELL_YES,64.0,0.84,0.84,0.0,0.0,0.2169514020626313,74803.91424999334,True,30.180965872079966,40612.817349201985
1779904350.4706893,SELL_YES,65.0,0.7923076923076923,0.8,96.1538461538472,96.1538461538472,0.16277525083772104,74803.91424999334,True,27.411881136908143,40608.59222612506
1779904351.0857034,SELL_YES,396.14,0.8339142727318625,0.84,72.44913414449402,72.44913414449402,0.20111305065059226,74803.91424999334,True,184.43866139927349,40600.220382151
1779904351.0892787,BUY_NO,604.12,0.18000000000000005,0.18000000000000005,0.0,0.0,0.18718824333429418,74803.91424999334,False,0.0,40578.667278087
1779904351.0947852,BUY_NO,540.64,0.18999999999999995,0.18999999999999995,0.0,0.0,0.17723012320956322,74803.91424999334,False,0.0,40553.724154375
1779904351.102337,SELL_YES,267.1386446381372,0.8,0.8,0.0,0.0,0.16728049105529785,74803.91424999334,True,114.89388420649722,40538.595478180054
1779904451.3138819,SELL_NO,196.98,0.8,0.8,0.0,0.0,0.3022517879234543,74803.91424999334,True,115.64912482304145,43366.54234894314
1779904451.3791883,SELL_NO,65.0,0.7792307692307693,0.78,9.861932938855695,9.861932938855695,0.28082263150705744,74803.91424999334,True,36.73581326561464,43364.03224771238
1779904451.3851857,SELL_NO,277.5,0.7562162162162162,0.76,49.78662873399811,49.78662873399811,0.2577599289394913,74803.91424999334,True,150.29898778861593,43346.781369766424
1779904451.398714,BUY_YES,228.65,0.26,0.26,0.0,0.0,0.24149284164698892,74803.91424999334,False,0.0,43328.72167704643
1779904451.4046152,SELL_NO,259.40000000000003,0.7221819583654586,0.73,107.09646074714195,107.09646074714195,0.2236719734316831,74803.91424999334,True,131.36116492473616,43303.461453965596
1779904451.41293,BUY_YES,335.3,0.29,0.29,0.0,0.0,0.21147674338222983,74803.91424999334,False,0.0,43266.6071985256
1779904451.4182458,BUY_YES,384.43,0.3,0.3,0.0,0.0,0.20147741956923976,74803.91424999334,False,0.0,43220.3994669256
1779904451.423084,BUY_YES,441.2,0.31,0.31,0.0,0.0,0.19147872048854758,74803.91424999334,False,0.0,43162.8366339656
1779904451.4328375,BUY_YES,346.0,0.32,0.32,0.0,0.0,0.18147853863598412,74803.91424999334,False,0.0,43114.1357827656
1779904454.9442472,SELL_NO,74.56,0.7973175965665237,0.8,33.53004291845457,33.53004291845457,0.27245732807512946,74803.91424999334,True,43.54775027046147,43112.66545019222
1779904455.7883735,SELL_NO,100.0,0.77,0.77,0.0,0.0,0.23897639544791516,74803.91424999334,True,55.57320999443672,43107.86033019221
1779904456.0504727,SELL_NO,67.0,0.8,0.8,0.0,0.0,0.2662506649780563,74803.91424999334,True,39.316641096272605,43106.72349019221
1779904456.1761658,SELL_NO,222.25,0.7991001124859394,0.8,11.248593925758389,11.248593925758389,0.26418642832190087,74803.91424999334,True,130.28064137101586,43102.8132931506
1779904456.1866226,SELL_NO,120.0,0.7712500000000001,0.78,112.1794871794862,112.1794871794862,0.23627915887397655,74803.91424999334,True,66.84969749332407,43097.2089946506
1779904456.197959,SELL_NO,132.5,0.759622641509434,0.76,4.965243296920672,4.965243296920672,0.22459704019115567,74803.91424999334,True,72.21682060111922,43089.42452800908
1779904456.2023242,BUY_YES,223.65,0.26,0.26,0.0,0.0,0.20497555566457554,74803.91424999334,False,0.0,43071.759099289084
1779904456.2105613,SELL_NO,259.40000000000003,0.7221819583654586,0.73,107.09646074714195,107.09646074714195,0.18717632947995433,74803.91424999334,True,131.36116492473616,43046.49887620825
1779904456.2140064,BUY_YES,335.3,0.29,0.29,0.0,0.0,0.17499488913457112,74803.91424999334,False,0.0,43009.64462076825
1779904456.2173617,BUY_YES,391.39,0.3,0.3,0.0,0.0,0.16499973548732055,74803.91424999334,False,0.0,42962.60085396825
1779904456.2205145,BUY_YES,441.2,0.31,0.31,0.0,0.0,0.15500381581522543,74803.91424999334,False,0.0,42905.03802100825
1779904456.2235107,SELL_NO,781.8,0.6744256843182399,0.6799999999999999,81.97523061411815,81.97523061411815,0.13943199915454807,74803.91424999334,True,357.5649566629836,42790.565193774724
1779904456.235476,SELL_NO,430.6,0.6599999999999999,0.6599999999999999,0.0,0.0,0.12497023430215304,74803.91424999334,True,190.56497087604453,42721.14107569473
1779904456.238362,SELL_NO,450.4,0.65,0.65,0.0,0.0,0.11496132759508926,74803.91424999334,True,194.72444629494305,42643.92152369473
1779904456.2417765,SELL_NO,410.2,0.64,0.64,0.0,0.0,0.10495428149840269,74803.91424999334,True,173.1541838771795,42569.40379793473
1779904456.2482972,SELL_NO,310.2,0.63,0.63,0.0,0.0,0.09494311894893792,74803.91424999334,True,127.77243100274269,42509.88264929473
1779904456.2534769,SELL_NO,197.9499697893673,0.62,0.62,0.0,0.0,0.08493326712698657,74803.91424999334,True,79.51027664474802,42469.874039956165
1779904491.6524093,BUY_NO,514.79,0.7628166825307409,0.76,37.061612246590194,37.061612246590194,0.03173599679661876,74803.91424999334,False,0.0,42615.47003790583
1779904492.6826112,BUY_NO,92.20165023997458,0.76,0.76,0.0,0.0,0.03459264703929499,74803.91424999334,False,0.0,42613.76816382236
1779904492.7487638,SELL_YES,307.5783497600254,0.24,0.24,0.0,0.0,0.03413948552358145,74803.91424999334,False,-21.633529476072567,42608.160907121826
1779904506.0556228,SELL_NO,381.57,0.7479374688785806,0.75,27.50041495225878,27.50041495225878,0.018639853848107513,74767.73047855758,False,-10.723616077428403,42600.2566469931
1779904506.7902784,SELL_NO,112.86,0.7411394648236753,0.75,118.1404690176624,118.1404690176624,0.0198762888882813,74767.73047855758,False,-3.9871754205834833,42597.10337495163
1779904508.3460474,SELL_NO,71.07000000000002,0.749286618826509,0.75,9.511748979879423,9.511748979879423,0.0377848294510047,74767.73047855758,False,-1.9224417599154293,42595.706057355754
1779904491.648267,SETTLE_YES,2819.5416502399744,0.0,0.0,0.0,0.0,0.0,74767.73047855758,False,-837.7290315332496,41873.59215711578
1779904491.648267,SETTLE_NO,41.49165023997453,1.0,1.0,0.0,0.0,0.0,74767.73047855758,True,9.828879549443934,41915.08380735575
1779904526.7347581,BUY_YES,847.9,0.48,0.48,0.0,0.0,0.12896016181070014,74767.52121307701,False,0.0,41895.57652687575
1779904526.8476853,BUY_YES,679.39,0.49,0.49,0.0,0.0,0.11951580531382389,74767.52121307701,False,0.0,41873.13154848375
1779904526.9389343,BUY_YES,332.87678100868584,0.5,0.5,0.0,0.0,0.10997234033880299,74767.52121307701,False,0.0,41858.78784690038
1779904530.5832617,BUY_YES,221.88823199353078,0.48,0.48,0.0,0.0,0.1201889300514456,74767.52121307701,False,0.0,41853.660807945605
1779904642.534565,BUY_YES,278.63,0.19,0.19,0.0,0.0,0.1269276206221412,74767.52121307701,False,0.0,41245.35426087096
1779904643.7449992,BUY_YES,295.24906621431137,0.19,0.19,0.0,0.0,0.12436886323046609,74767.52121307701,False,0.0,41240.576419686986
1779904678.8715887,BUY_YES,731.89,0.08,0.08,0.0,0.0,0.13279326787001078,74767.52121307701,False,0.0,40940.85578948517
1779904685.4140062,BUY_YES,633.35,0.08,0.08,0.0,0.0,0.13056131605197951,74767.52121307701,False,0.0,40934.30279116517
1779904686.1792328,BUY_YES,920.64,0.08,0.08,0.0,0.0,0.13043836176540802,74767.52121307701,False,0.0,40924.79093567718
1779904721.346666,BUY_YES,558.55,0.09,0.09,0.0,0.0,0.1787042561137758,74767.52121307701,False,0.0,40968.09266882934
1779904721.8847573,BUY_YES,649.12,0.09,0.09,0.0,0.0,0.1799552438762501,74767.52121307701,False,0.0,40960.989338013336
1779904725.2385814,BUY_YES,651.02,0.09,0.09,0.0,0.0,0.2025931197003529,74767.52121307701,False,0.0,40953.865303277336
1779904727.7864034,BUY_YES,935.02,0.09,0.09,0.0,0.0,0.20792124418852195,74767.52121307701,False,0.0,40943.64657734134
1779904728.930042,BUY_YES,1137.02,0.09,0.09,0.0,0.0,0.21494780187241133,74767.52121307701,False,0.0,40886.86397740926
1779904729.530496,BUY_YES,628.29,0.08,0.08,0.0,0.0,0.22500751095758165,74767.52121307701,False,0.0,40836.00037264517
1779904732.9946582,BUY_YES,802.79,0.07999999999999999,0.08,-1.734723475976807e-12,-1.734723475976807e-12,0.2302528980754663,74767.52121307701,False,0.0,40827.70227787717
1779904734.688257,BUY_YES,726.23,0.08,0.08,0.0,0.0,0.2340066003338882,74767.52121307701,False,0.0,40820.19268986117
1779904792.6095936,BUY_NO,105.5,0.64,0.64,0.0,0.0,0.04516268812714552,74767.52121307701,False,0.0,44071.16452483005
1779904792.6144423,BUY_NO,185.3165295932249,0.65,0.65,0.0,0.0,0.03518270863912787,74767.52121307701,False,0.0,44064.39270948344
1779904793.6142015,BUY_NO,155.5,0.64,0.64,0.0,0.0,0.04222559397367209,74767.52121307701,False,0.0,44007.31046333532
1779904793.6183763,SELL_YES,237.36,0.35,0.35,0.0,0.0,0.03222457735617895,74767.52121307701,True,39.75327070469465,43999.83210653532
1779904794.4046414,SELL_YES,154.01999999999998,0.36,0.36,0.0,0.0,0.039169429997468086,74767.52121307701,True,27.292918252652967,43996.476999559316
1779904794.5881605,SELL_YES,150.98000000000002,0.36,0.36,0.0,0.0,0.03838567228669376,74767.52121307701,True,26.753626787336362,43993.187522535314
1779904792.6037998,SETTLE_YES,10487.494079216529,0.0,0.0,0.0,0.0,0.0,74767.52121307701,False,-1741.087120986641,39881.841187329584
1779904792.6037998,SETTLE_NO,446.3165295932249,1.0,1.0,0.0,0.0,0.0,74767.52121307701,True,158.79078535762872,40328.15771692281
1779904800.422086,BUY_NO,375.5,0.5,0.5,0.0,0.0,0.06503242056849423,74733.99613135934,False,0.0,40315.736216922814
1779904800.5445735,BUY_NO,127.72959425302952,0.51,0.51,0.0,0.0,0.056070525279249495,74733.99613135934,False,0.0,40310.21476402302
1779904801.7946203,BUY_NO,269.644496704998,0.5,0.5,0.0,0.0,0.06794927948474261,74733.99613135934,False,0.0,40305.15086608654
1779904828.1424563,BUY_NO,100.29,0.51,0.51,0.0,0.0,0.07141590642661244,74733.99613135934,False,0.0,40314.408029538914
1779906169.055546,SETTLE_NO,873.1640909580275,0.0,0.0,0.0,0.0,0.0,74707.98737030981,False,-438.892241421544,39873.46016360511
1779906169.9919677,BUY_YES,162.23,0.66,0.66,0.0,0.0,0.15698747390972279,74711.89617838843,False,0.0,39869.9978959411
1779906169.995173,BUY_YES,185.02,0.6782153280726408,0.67,122.61683690508661,122.61683690508661,0.1387666407718816,74711.89617838843,False,0.0,39862.76533424261
1779906170.0438364,BUY_YES,371.62,0.6957585705828534,0.69,83.45754467903554,83.45754467903554,0.12106353629678623,74711.89617838843,False,0.0,39841.92482662717
1779906170.119371,BUY_YES,402.4,0.7152037773359842,0.71,73.29263853498881,73.29263853498881,0.10134236008768716,74711.89617838843,False,0.0,39811.76743423027
1779906170.1319196,BUY_YES,420.77,0.7347674501509138,0.73,65.30753631388826,65.30753631388826,0.08173089228417896,74711.89617838843,False,0.0,39772.269580298635
1779906170.2527275,BUY_YES,220.8,0.7497735507246377,0.74,132.0750097924014,132.0750097924014,0.06602081282001215,74711.89617838843,False,0.0,39748.330981113846
1779906173.569574,BUY_YES,185.59,0.6889816261652029,0.68,132.08273772357083,132.08273772357083,0.09038321080474088,74711.89617838843,False,0.0,39758.61523945988
1779906219.2682009,BUY_NO,298.336903144458,0.30000000000000004,0.30000000000000004,0.0,0.0,0.06088207038334559,74711.89617838843,False,0.0,39830.51990096862
1779906219.274059,SELL_YES,535.463096855542,0.6963063747779922,0.7,52.76607460011113,52.76607460011113,0.057253671742287016,74711.89617838843,False,-14.996184311268564,39817.68214879803
1779906219.2787375,SELL_YES,399.11,0.6755536067750746,0.68,65.38813566066852,65.38813566066852,0.036548782021149084,74711.89617838843,False,-19.6895135019991,39799.60143309503
1779906219.3063896,SELL_YES,463.74,0.66,0.66,0.0,0.0,0.02117035222067143,74711.89617838843,False,-30.260173394959907,39771.21057866303
1779906219.348237,SELL_YES,92.05999999999992,0.6979133174016945,0.7,29.809751404363816,29.809751404363816,0.05926718447544366,74711.89617838843,False,-2.4509413084545955,39769.13072784435
1779906219.4293602,SELL_YES,72.01999999999998,0.7,0.7,0.0,0.0,0.061501972561355034,74711.89617838843,False,-1.7693523834225502,39767.65168544435
1779906219.9365203,SELL_YES,77.21999999999994,0.699057239057239,0.7,13.468013468013027,13.468013468013027,0.06089511011128257,74711.89617838843,False,-1.969829091480193,39765.99312734592
1779906220.028285,SELL_YES,73.26999999999998,0.699007779445885,0.7,14.17457934449949,14.17457934449949,0.0609147258267988,74711.89617838843,False,-1.8743296539820804,39764.414146379604
1779906220.6172352,SELL_YES,87.26000000000008,0.6969367407746963,0.7,43.76084607576721,43.76084607576721,0.0585866458289519,74711.89617838843,False,-2.41235235124023,39762.35353589387
1779906220.803153,SELL_YES,71.93,0.6963255943278186,0.7,52.49150960259083,52.49150960259083,0.0579864272727556,74711.89617838843,False,-2.0390207142471866,39760.60446237634
1779906220.8624985,SELL_YES,76.35690314445785,0.7,0.7,0.0,0.0,0.061861768465797495,74711.89617838843,False,-1.8740927724948335,39759.03816148507
1779906221.379238,BUY_NO,190.85,0.29000000000000004,0.29000000000000004,0.0,0.0,0.0714869530102138,74711.89617838843,False,0.0,39752.24122937363
1779906225.8940322,BUY_NO,197.43720158454175,0.29000000000000004,0.29000000000000004,0.0,0.0,0.07482804773801499,74711.89617838843,False,0.0,39748.29707633966
1779906243.7532344,BUY_NO,148.3129799392998,0.33999999999999997,0.33999999999999997,0.0,0.0,0.0789145596685239,74711.89617838843,False,0.0,39779.46045352212
1779906245.3357847,BUY_NO,188.08,0.33999999999999997,0.33999999999999997,0.0,0.0,0.0866494684610396,74711.89617838843,False,0.0,39775.45128257813
1779906270.538127,BUY_NO,201.72,0.25,0.25,0.0,0.0,0.11084507531113619,74711.89617838843,False,0.0,39679.61792495798
1779906271.4982715,BUY_NO,254.42,0.19999999999999996,0.19999999999999996,0.0,0.0,0.16156818975794185,74711.89617838843,False,0.0,39614.14805232457
1779906272.7009897,BUY_NO,302.48,0.19999999999999996,0.19999999999999996,0.0,0.0,0.16590721550687038,74711.89617838843,False,0.0,39609.12108272457
1779906273.2391498,BUY_NO,379.2,0.19999999999999993,0.19999999999999996,-1.3877787807814459e-12,-1.3877787807814459e-12,0.16542466576711848,74711.89617838843,False,0.0,39602.826698724566
1779906274.2651825,BUY_NO,383.18,0.19999999999999996,0.19999999999999996,0.0,0.0,0.16397145856735373,74711.89617838843,False,0.0,39596.46656512457
1779906275.6136348,BUY_NO,252.92,0.19999999999999996,0.19999999999999996,0.0,0.0,0.16180866050628007,74711.89617838843,False,0.0,39592.258326724565
1779906276.067559,BUY_NO,252.56000000000003,0.19999999999999996,0.19999999999999996,0.0,0.0,0.15860388033202322,74711.89617838843,False,0.0,39588.05603552457
1779906276.8897636,BUY_NO,334.0,0.15000000000000002,0.15000000000000002,0.0,0.0,0.20404308693738593,74711.89617838843,False,0.0,39430.81506129115
1779906277.5103793,BUY_NO,345.7,0.15000000000000002,0.15000000000000002,0.0,0.0,0.20009391527142395,74711.89617838843,False,0.0,39425.88303529115
1779906277.737421,BUY_NO,559.24,0.15000000000000002,0.15000000000000002,0.0,0.0,0.19926897086411977,74711.89617838843,False,0.0,39417.923012091145
1779906278.3969858,BUY_NO,375.0,0.14,0.14,0.0,0.0,0.204919211286139,74711.89617838843,False,0.0,39369.88284124446
1779906286.9575112,BUY_NO,399.71,0.13,0.13,0.0,0.0,0.17305751355352306,74711.89617838843,False,0.0,39317.965001925775
1779906288.3146112,BUY_NO,460.72,0.10999999999999999,0.10999999999999999,0.0,0.0,0.19370784375378425,74711.89617838843,False,0.0,39211.12093709641
1779906289.6165657,BUY_NO,508.73,0.09999999999999998,0.09999999999999998,0.0,0.0,0.20499197077828113,74711.89617838843,False,0.0,39150.01204584973
1779906290.0737555,BUY_NO,518.32,0.09999999999999998,0.09999999999999998,0.0,0.0,0.20818570931209723,74711.89617838843,False,0.0,39144.03173224973
1779906291.0442035,BUY_NO,568.85,0.09999999999999998,0.09999999999999998,0.0,0.0,0.21032940355220797,74711.89617838843,False,0.0,39137.47133424973
1779906294.002084,BUY_NO,564.72,0.08999999999999997,0.08999999999999997,0.0,0.0,0.22584990960115103,74711.89617838843,False,0.0,39060.09002250704
1779906294.6344051,BUY_NO,772.6,0.08999999999999997,0.08999999999999997,0.0,0.0,0.2246651832121639,74711.89617838843,False,0.0,39051.64115482705
1779906285.0988097,SETTLE_NO,8457.0870846683,0.0,0.0,0.0,0.0,0.0,74711.89617838843,False,-1352.8212725822164,38332.788752630244
1779906308.3675585,BUY_NO,460.99,0.49,0.49,0.0,0.0,0.30753744014989726,74734.24227780022,False,0.0,38322.15930175825
1779906308.374235,BUY_NO,390.0,0.5,0.5,0.0,0.0,0.29754237214769197,74734.24227780022,False,0.0,38309.25930175825
1779906308.4318058,BUY_NO,104.16999999999996,0.49,0.49,0.0,0.0,0.3071823535621794,74734.24227780022,False,0.0,38306.834141782245
1779906308.5131114,BUY_NO,103.46000000000004,0.48999999999999994,0.49,-1.1328806373726088e-12,-1.1328806373726088e-12,0.30640990308464383,74734.24227780022,False,0.0,38304.42530669424
1779906308.83098,BUY_NO,204.09,0.51,0.51,0.0,0.0,0.28409813419244245,74734.24227780022,False,0.0,38295.62090614224
1779906308.8620646,BUY_NO,209.0,0.52,0.52,0.0,0.0,0.27378798149254857,74734.24227780022,False,0.0,38284.51992534224
1779906308.8667436,BUY_NO,236.5,0.53,0.53,0.0,0.0,0.2637920229304901,74734.24227780022,False,0.0,38269.605750542236
1779906308.872145,BUY_NO,252.0,0.54,0.54,0.0,0.0,0.2537943411808018,74734.24227780022,False,0.0,38251.20878094224
1779906309.0465214,BUY_NO,122.15999999999997,0.49,0.49,0.0,0.0,0.3022985598195007,74734.24227780022,False,0.0,38248.36998049424
1779906309.2647667,BUY_NO,103.0200000000001,0.49,0.49,0.0,0.0,0.29932190340578135,74734.24227780022,False,0.0,38245.971262238236
1779906310.1815395,BUY_NO,660.07,0.49,0.49,0.0,0.0,0.29199738248466367,74734.24227780022,False,0.0,38230.76440474224
1779906310.1868498,BUY_NO,375.0,0.5,0.5,0.0,0.0,0.2819541744366969,74734.24227780022,False,0.0,38218.35940474224
1779906310.2059295,BUY_NO,209.09,0.51,0.51,0.0,0.0,0.27179176382896264,74734.24227780022,False,0.0,38209.34004019023
1779906310.2209039,BUY_NO,224.0,0.52,0.52,0.0,0.0,0.261660178124711,74734.24227780022,False,0.0,38197.44449139023
1779906310.2256436,BUY_NO,241.5,0.53,0.53,0.0,0.0,0.25165044124910474,74734.24227780022,False,0.0,38182.215640590235
1779906310.2302618,BUY_NO,252.0,0.54,0.54,0.0,0.0,0.24164904925194897,74734.24227780022,False,0.0,38163.81867099024
1779906310.2926502,BUY_NO,112.66999999999996,0.49,0.49,0.0,0.0,0.29124497129373617,74734.24227780022,False,0.0,38161.19807221424
1779906310.2961888,BUY_NO,372.06823444532256,0.55,0.55,0.0,0.0,0.23122498325207153,74734.24227780022,False,0.0,38130.35338103748
1779906311.4388125,BUY_NO,659.33,0.49,0.49,0.0,0.0,0.28002835957334815,74734.24227780022,False,0.0,38115.16353821348
1779906311.5360444,BUY_NO,105.57999999999993,0.49,0.49,0.0,0.0,0.27909941861334264,74734.24227780022,False,0.0,38112.70595838947
1779906435.8374445,BUY_YES,79.27,0.7169383120978933,0.71,97.72270560413108,97.72270560413108,0.022672560671306963,74734.24227780022,False,0.0,37085.19868870602
1779906436.200053,BUY_YES,89.0,0.7111235955056179,0.71,15.825288811519911,15.825288811519911,0.028392735149278536,74734.24227780022,False,0.0,37083.30731359591
1779906436.4488575,BUY_YES,80.16762871305971,0.7156316532542898,0.71,79.31905991957501,79.31905991957501,0.024437558496457346,74734.24227780022,False,0.0,37081.25036581016
1779906436.9325614,SELL_NO,178.98000000000002,0.29000000000000004,0.29000000000000004,0.0,0.0,0.030811617066822006,74734.24227780022,False,-41.648155474540076,37077.67212310616
1779906437.0923443,SELL_NO,181.47999999999996,0.29000000000000004,0.29000000000000004,0.0,0.0,0.03108948067332251,74734.24227780022,False,-42.229479581626606,37074.044318402164
1779906439.2581928,BUY_YES,76.61235014949827,0.71,0.71,0.0,0.0,0.03290640555964697,74734.24227780022,False,0.0,37072.49549388292
1779906439.3644712,SELL_NO,173.7876498505017,0.29000000000000004,0.29000000000000004,0.0,0.0,0.03302796652273543,74734.24227780022,False,-40.44078014880495,37069.020188482165
1779906439.3813148,SELL_NO,710.79,0.29000000000000004,0.29000000000000004,0.0,0.0,0.03308405523752944,74734.24227780022,False,-165.30974483041868,37054.89891889017
1779906439.3863063,SELL_NO,197.0,0.28,0.28,0.0,0.0,0.023103987036456997,74734.24227780022,False,-47.7473484384199,37049.05442449016
1779906441.2981505,SELL_NO,202.93000000000006,0.29000000000000004,0.29000000000000004,0.0,0.0,0.03294448003167272,74734.24227780022,False,-47.217240420429206,37045.001377826164
1779906441.7600346,SELL_NO,772.93,0.29000000000000004,0.29000000000000004,0.0,0.0,0.034824267409594656,74734.24227780022,False,-179.75913683616184,37029.64819516217
1779906441.8427644,SELL_NO,261.51,0.28,0.28,0.0,0.0,0.025141408318079095,74734.24227780022,False,-63.37296340168115,37021.89967521017
1779906442.8399894,BUY_YES,85.73000000000002,0.71,0.71,0.0,0.0,0.03829126718876008,74734.24227780022,False,0.0,37020.170095106165
1779906443.0265167,BUY_YES,70.47450859821936,0.71,0.71,0.0,0.0,0.03871684453321311,74734.24227780022,False,0.0,37018.74295206811
1779906443.3552225,SELL_NO,368.2,0.27,0.27,0.0,0.0,0.01991779216631273,74734.24227780022,False,-92.77812297170664,37004.282752228115
1779906443.5464942,SELL_NO,802.59,0.29000000000000004,0.29000000000000004,0.0,0.0,0.04045619321298488,74734.24227780022,False,-186.6559660426367,36988.34156599611
1779906443.5517197,SELL_NO,261.56,0.28,0.28,0.0,0.0,0.030480078509961706,74734.24227780022,False,-63.385074403822884,36980.59157028411
1779906443.5562944,SELL_NO,368.2,0.27,0.27,0.0,0.0,0.020506730626254077,74734.24227780022,False,-92.77812297170664,36966.13137044411
1779906443.9424336,BUY_YES,76.82,0.712517573548555,0.71,35.45878237401529,35.45878237401529,0.039588496745186275,74734.24227780022,False,0.0,36964.39091278082
1779906444.6032996,SELL_NO,647.07,0.29000000000000004,0.29000000000000004,0.0,0.0,0.04335962962456741,74734.24227780022,False,-150.49295598899675,36951.53287944483
1779906444.6074734,SELL_NO,266.0,0.28,0.28,0.0,0.0,0.03337490428494194,74734.24227780022,False,-64.4605313940086,36943.651836244826
1779906444.9286084,BUY_YES,71.45863460387022,0.71,0.71,0.0,0.0,0.04426895577777634,74734.24227780022,False,0.0,36942.20518310553
1779906446.3948917,BUY_YES,156.41327777411607,0.71,0.71,0.0,0.0,0.05008101733332937,74734.24227780022,False,0.0,36939.07432115632
1779906454.9423475,SELL_YES,680.45,0.9151796605187743,0.92,52.39499436114927,52.39499436114927,0.11251437710675471,74734.24227780022,True,134.66035633525263,37100.65967384135
1779906454.9477909,SELL_YES,105.49639983876364,0.9,0.9,0.0,0.0,0.09730751750476352,74734.24227780022,True,19.1568900073986,37097.30864717443
1779906513.1104677,BUY_NO,570.66,0.08999999999999997,0.08999999999999997,0.0,0.0,0.14414177219650848,74734.24227780022,False,0.0,37091.096985132375
1779906514.2649739,BUY_NO,618.4,0.08999999999999997,0.08999999999999997,0.0,0.0,0.1569525494482108,74734.24227780022,False,0.0,37084.32840401238
1779906524.0122225,BUY_YES,103.23,0.55,0.55,0.0,0.0,0.08830181407273208,74734.24227780022,False,0.0,37523.25301171246
1779906524.0215003,BUY_YES,123.67,0.56,0.56,0.0,0.0,0.07823240400981224,74734.24227780022,False,0.0,37519.17395697646
1779906524.1264033,BUY_YES,212.96,0.57,0.57,0.0,0.0,0.06786791920127899,74734.24227780022,False,0.0,37510.06180926446
1779906524.2133071,BUY_YES,119.0,0.58,0.58,0.0,0.0,0.05796312378618296,74734.24227780022,False,0.0,37503.77964446446
1779906525.857217,BUY_YES,103.23,0.55,0.55,0.0,0.0,0.08034666091424103,74734.24227780022,False,0.0,37501.39393586446
1779906525.8614433,BUY_YES,123.67,0.56,0.56,0.0,0.0,0.07033709982006531,74734.24227780022,False,0.0,37497.314881128455
1779906525.8653731,SELL_NO,212.96,0.43000000000000005,0.43000000000000005,0.0,0.0,0.06035099465575,74734.24227780022,True,68.34449831528079,37488.20273341645
1779906527.3089683,BUY_YES,100.35,0.55,0.55,0.0,0.0,0.07301245295774805,74734.24227780022,False,0.0,37485.88274641646
1779906540.6586964,SELL_YES,101.03,0.62,0.62,0.0,0.0,0.025986220453701803,74734.24227780022,True,4.153655007632715,37476.14095755287
1779906540.7448277,SELL_YES,92.0,0.62,0.62,0.0,0.0,0.026124534003656996,74734.24227780022,True,3.7797224656261506,37474.090343152864
1779906541.6464498,SELL_YES,87.49999999999997,0.62,0.62,0.0,0.0,0.024320237386288968,74734.24227780022,True,3.5933773450248623,37472.13856315286
1779906541.7155104,SELL_YES,208.03,0.62,0.62,0.0,0.0,0.024628125705364545,74734.24227780022,True,8.584527875263134,37467.53955865686
1779906542.1081998,SELL_YES,111.35999999999999,0.62,0.62,0.0,0.0,0.025182269572242122,74734.24227780022,True,4.581420584479652,37465.06373670486
1779906544.010135,SELL_YES,80.82,0.62,0.62,0.0,0.0,0.027645499267684226,74734.24227780022,True,3.3167583659989646,37463.25867088086
1779906544.0984058,SELL_YES,205.37000000000006,0.62,0.62,0.0,0.0,0.027744118169825138,74734.24227780022,True,8.47437720397437,37458.71808849686
1779906563.2393637,SELL_NO,145.0,0.41000000000000003,0.41000000000000003,0.0,0.0,0.03218446963765309,74734.24227780022,True,43.65817065831946,37494.62847588066
1779906563.2543669,SELL_NO,347.41,0.4,0.4,0.0,0.0,0.02231117706654906,74734.24227780022,True,101.21726960804666,37483.38408108066
1779906563.9771972,BUY_YES,143.7,0.59,0.59,0.0,0.0,0.03791436839211815,74734.24227780022,False,0.0,37480.13278692066
1779906563.980598,SELL_NO,211.23,0.4,0.4,0.0,0.0,0.0279407167904705,74734.24227780022,True,61.52971549266773,37473.28428252065
1779906564.4422927,SELL_NO,172.13,0.39,0.39,0.0,0.0,0.022158527914857618,74734.24227780022,True,48.43935147735537,37466.002652176656
1779906567.6934102,SELL_YES,143.7,0.9594961725817676,0.96,5.248202273254223,5.248202273254223,0.2956670059321129,74734.24227780022,True,52.664505090351554,37479.86543512098
1779906585.1446445,SETTLE_NO,104.0005845948217,0.0,0.0,0.0,0.0,0.0,74734.24227780022,False,-9.523742382495044,37476.225414660155
1779906610.2800288,BUY_NO,261.04,0.51,0.51,0.0,0.0,0.3374067479437892,74778.51845350166,False,0.0,37470.193374148155
1779906610.287623,BUY_NO,121.55,0.52,0.52,0.0,0.0,0.32739674861857737,74778.51845350166,False,0.0,37466.15572478816
1779906610.2910979,BUY_NO,119.39,0.53,0.53,0.0,0.0,0.31738800569155146,74778.51845350166,False,0.0,37460.99969126016
1779906610.2949438,BUY_NO,158.0,0.54,0.54,0.0,0.0,0.30737539294314165,74778.51845350166,False,0.0,37452.61389286016
1779906610.298801,BUY_NO,319.84,0.55,0.55,0.0,0.0,0.29736115258924234,74778.51845350166,False,0.0,37432.491544060154
1779906610.3023841,BUY_NO,279.0,0.56,0.56,0.0,0.0,0.28734867756570726,74778.51845350166,False,0.0,37412.16686086016
1779906610.306573,BUY_NO,163.0,0.5700000000000001,0.5700000000000001,0.0,0.0,0.27733349669713003,74778.51845350166,False,0.0,37398.66536726015
1779906610.3106213,BUY_NO,132.0,0.5800000000000001,0.5800000000000001,0.0,0.0,0.26731733162329885,74778.51845350166,False,0.0,37386.420192860154
1779906610.3149974,BUY_NO,222.3,0.59,0.5900000000000001,-1.881733940042638e-12,-1.881733940042638e-12,0.25729830665205156,74778.51845350166,False,0.0,37363.622938220156
1779906610.3194354,BUY_NO,211.5,0.6,0.6,0.0,0.0,0.2472786560458181,74778.51845350166,False,0.0,37339.84571822015
1779906610.3233106,BUY_NO,179.0,0.61,0.61,0.0,0.0,0.23726107448791978,74778.51845350166,False,0.0,37317.95466302016
1779906610.3268852,BUY_NO,186.0,0.62,0.62,0.0,0.0,0.22724419392015016,74778.51845350166,False,0.0,37293.37950782016
1779906610.3300645,BUY_NO,194.0,0.63,0.63,0.0,0.0,0.21722882701425072,74778.51845350166,False,0.0,37265.84356702016
1779906610.3343008,BUY_NO,211.0,0.64,0.64,0.0,0.0,0.2072079636981271,74778.51845350166,False,0.0,37233.82833022016
1779906610.3380454,BUY_NO,222.0,0.65,0.65,0.0,0.0,0.19718935000287263,74778.51845350166,False,0.0,37197.97197022016
1779906610.3415184,BUY_NO,181.4,0.6599999999999999,0.6599999999999999,0.0,0.0,0.1871719982804052,74778.51845350166,False,0.0,37166.89412670016
1779906610.3449655,BUY_NO,761.0976452074342,0.6699999999999999,0.6699999999999999,0.0,0.0,0.17715446177406546,74778.51845350166,False,0.0,37029.166949607345
1779906610.3631842,BUY_NO,100.0,0.5700000000000001,0.5700000000000001,0.0,0.0,0.277049284836411,74778.51845350166,False,0.0,37020.87222960735
1779906611.944438,BUY_NO,259.07,0.51,0.51,0.0,0.0,0.32228770299204523,74778.51845350166,False,0.0,37014.88548491135
1779906611.949168,BUY_NO,121.55,0.52,0.52,0.0,0.0,0.31225187765579543,74778.51845350166,False,0.0,37010.84783555134
1779906611.9535518,BUY_NO,119.39,0.53,0.53,0.0,0.0,0.3022380877311671,74778.51845350166,False,0.0,37005.69180202334
1779906611.9591243,BUY_NO,158.0,0.54,0.54,0.0,0.0,0.29222784580802774,74778.51845350166,False,0.0,36997.306003623344
1779906611.9631543,BUY_NO,234.84,0.55,0.55,0.0,0.0,0.28222262024467126,74778.51845350166,False,0.0,36982.523354823345
1779906611.9674933,BUY_NO,279.0,0.56,0.56,0.0,0.0,0.27221864205030233,74778.51845350166,False,0.0,36962.19867162335
1779906616.8183873,BUY_NO,130.1,0.51,0.51,0.0,0.0,0.27996760935351306,74778.51845350166,False,0.0,36959.17730834335
1779906878.9707322,SELL_NO,87.35,0.82,0.8200000000000001,1.3539305178355566e-12,1.3539305178355566e-12,0.05263944250002017,74778.51845350166,True,19.594503460847008,38582.93315421161
1779906879.4624977,SELL_NO,65.49,0.79,0.79,0.0,0.0,0.019210805038056167,74778.51845350166,True,12.632333005088384,38684.23564216376
1779906879.6275058,SELL_NO,90.70000000000002,0.8211025358324145,0.83,107.1983634648845,107.1983634648845,0.04922066969066352,74778.51845350166,True,20.45174775163892,38707.842009288055
1779906879.9476385,SELL_NO,97.80000000000001,0.8200000000000001,0.8200000000000001,0.0,0.0,0.045963886721067326,74778.51845350166,True,21.942254590393105,38705.30566912806
1779906880.0066056,SELL_NO,275.85,0.820362515860069,0.83,116.11426674615578,116.11426674615578,0.04611483107336489,74778.51845350166,True,62.04850047473525,38698.31101661817
1779906880.0484467,SELL_NO,100.0,0.7959999999999999,0.8,50.000000000001435,50.000000000001435,0.02166098982529574,74778.51845350166,True,19.930073186087,38693.211851818174
1779906880.0552785,SELL_NO,225.0,0.82,0.8200000000000001,1.3539305178355566e-12,1.3539305178355566e-12,0.04563324841926819,74778.51845350166,True,50.51966546869576,38687.415731818175
1779906880.5892153,SELL_NO,65.37999999999994,0.8239476904252065,0.83,72.91939246739052,72.91939246739052,0.04707616916805213,74778.51845350166,True,14.928676068024387,38685.9802920909
1779906881.3239117,SELL_NO,564.38,0.8206017222438782,0.83,113.23226212194923,113.23226212194923,0.041572112940288286,74778.51845350166,True,127.12179769070877,38671.84207643573
1779906881.4016016,SELL_NO,82.53999999999999,0.8027307971892417,0.81,89.74324457726394,89.74324457726394,0.023574117316765508,74778.51845350166,True,17.02455383127765,38668.207497233285
1779906882.5793395,SELL_NO,470.17,0.821409277495374,0.83,103.50268077862656,103.50268077862656,0.03909834183746963,74778.51845350166,True,106.29402745586862,38656.82155644997
1779906882.6338243,SELL_NO,82.53999999999999,0.8027307971892417,0.81,89.74324457726394,89.74324457726394,0.020381401295030965,74778.51845350166,True,17.02455383127765,38653.18697724753
1779906884.4301589,SELL_NO,61.0,0.83,0.83,0.0,0.0,0.04266522520043092,74778.51845350166,True,14.313123971513072,38652.23226604753
1779906884.5482824,SELL_NO,77.26,0.8293528345845198,0.83,7.797173680483801,7.797173680483801,0.04150159505284512,74778.51845350166,True,18.08401580584632,38650.978692585326
1779906884.610384,SELL_NO,68.55999999999997,0.83,0.83,0.0,0.0,0.04199797926647264,74778.51845350166,True,16.09073081126124,38649.909377833326
1779906884.6375535,SELL_NO,220.00000000000003,0.8209090909090909,0.83,109.52902519167517,109.52902519167517,0.03284109959587522,74778.51845350166,True,49.60556866030052,38644.45062292424
1779906884.6969044,SELL_NO,646.34,0.8246712256706996,0.83,64.2021003530162,64.2021003530162,0.036396316764331305,74778.51845350166,True,148.33943252952207,38631.01607865448
1779906884.9841037,SELL_NO,61.5,0.83,0.83,0.0,0.0,0.04055140925668377,74778.51845350166,True,14.430690561443505,38630.053787854486
1779906885.0180533,SELL_NO,68.0,0.8255882352941176,0.83,53.15379163713659,53.15379163713659,0.03604526099732641,74778.51845350166,True,15.644895524656818,38628.678801548594
1779906885.0444999,SELL_NO,60.5,0.8291735537190082,0.83,9.957184108333863,9.957184108333863,0.03951071608931789,74778.51845350166,True,14.143184356789249,38627.67929692381
1779906885.5516417,SELL_NO,62.53999999999999,0.8076015350175888,0.81,29.61067879520065,29.61067879520065,0.01759441079991808,74778.51845350166,True,13.210122107920625,38625.23613359523
1779906885.5928571,SELL_NO,61.000000000000014,0.83,0.83,0.0,0.0,0.04016677061028029,74778.51845350166,True,14.313123971513079,38624.28142239522
1779906885.6250007,SELL_NO,74.0,0.83,0.83,0.0,0.0,0.040460799597112906,74778.51845350166,True,17.369855309704384,38623.129641595224
1779906885.6811547,SELL_NO,100.0,0.83,0.83,0.0,0.0,0.040895159684776194,74778.51845350166,True,23.483317986087016,38621.58372159523
1779906886.743429,SELL_NO,74.99999999999997,0.83,0.83,0.0,0.0,0.04931134472970755,74778.51845350166,True,17.604988489565244,38620.416781595224
1779906886.7906623,SELL_NO,473.91999999999996,0.8262141289669143,0.83,45.612904013080694,45.612904013080694,0.04591317523665828,74778.51845350166,True,109.52534528356978,38611.32356221513
1779906886.7949133,SELL_NO,62.54,0.8068020466901183,0.81,39.48090506026798,39.48090506026798,0.02654229515581208,74778.51845350166,True,13.157910255026472,38608.828187033665
1779906886.8332531,SELL_NO,253.11,0.8294073722887283,0.83,7.14009290688753,7.14009290688753,0.049445161070145516,74778.51845350166,True,59.32743755496412,38604.80412032204
1779906887.2131295,SELL_NO,83.94000000000005,0.8299999999999998,0.83,1.3376181019580201e-12,1.3376181019580201e-12,0.05192328834310855,74778.51845350166,True,19.707079117521438,38603.50165707404
1779906887.7231743,SELL_NO,77.38999999999999,0.83,0.83,0.0,0.0,0.05544814925694941,74778.51845350166,True,18.16695678943273,38602.298486586034
1779906887.731652,SELL_NO,96.0,0.83,0.83,0.0,0.0,0.055542559877279296,74778.51845350166,True,22.542785266643513,38600.81320338604
1779906887.749297,SELL_NO,96.0,0.83,0.83,0.0,0.0,0.055678590182812404,74778.51845350166,True,22.542785266643513,38609.47594954226
1779906887.80949,SELL_NO,338.26764520743393,0.83,0.83,0.0,0.0,0.05604813977602763,74778.51845350166,True,79.50794706167258,38594.17005329881
1779906891.0250008,BUY_YES,758.59,0.17,0.17,0.0,0.0,0.08134617515137241,74778.51845350166,False,0.0,38567.46863577081
1779906897.228071,BUY_YES,352.15,0.15,0.15,0.0,0.0,0.15380732575594033,74778.51845350166,False,0.0,38562.445148770814
1779906899.9035964,BUY_YES,360.35,0.14,0.14,0.0,0.0,0.17623864679024048,74778.51845350166,False,0.0,38546.382196690814
1779906885.5081801,SETTLE_YES,1471.0900000000001,1.0,1.0,0.0,0.0,0.0,74779.68681994753,True,1238.8282000000002,39818.87504669081
1779906909.983217,BUY_YES,132.77,0.48,0.48,0.0,0.0,0.32095946932014074,74781.7918867838,False,0.0,39815.13131046681
1779906909.987015,BUY_YES,174.78,0.49,0.49,0.0,0.0,0.3109565244887684,74781.7918867838,False,0.0,39808.46092888281
1779906909.9914055,BUY_YES,280.24,0.5,0.5,0.0,0.0,0.30095592890423095,74781.7918867838,False,0.0,39794.979408882806
1779906909.9951978,BUY_YES,198.31,0.51,0.51,0.0,0.0,0.2909544671206572,74781.7918867838,False,0.0,39783.44885671481
1779906909.998907,BUY_YES,196.99,0.52,0.52,0.0,0.0,0.280949119727689,74781.7918867838,False,0.0,39770.02921002681
1779906910.0025904,BUY_YES,145.0,0.53,0.53,0.0,0.0,0.2709412203593706,74781.7918867838,False,0.0,39758.69860602681
1779906910.0071309,BUY_YES,161.0,0.54,0.54,0.0,0.0,0.26092800699320473,74781.7918867838,False,0.0,39744.519153226815
1779906910.0107734,BUY_YES,381.0,0.55,0.55,0.0,0.0,0.25091577765939754,74781.7918867838,False,0.0,39707.21973322681
1779906910.0142753,BUY_YES,161.0,0.56,0.56,0.0,0.0,0.24090570757076224,74781.7918867838,False,0.0,39689.84346442681
1779906910.0187979,BUY_YES,186.0,0.57,0.57,0.0,0.0,0.23088963107474725,74781.7918867838,False,0.0,39667.93108522681
1779906910.023051,BUY_YES,169.0,0.58,0.58,0.0,0.0,0.22087286354246782,74781.7918867838,False,0.0,39646.34696042681
1779906910.026443,BUY_YES,469.0,0.59,0.59,0.0,0.0,0.21085828473044554,74781.7918867838,False,0.0,39581.86848122681
1779906910.030446,BUY_YES,525.91,0.6,0.6,0.0,0.0,0.20084335335817005,74781.7918867838,False,0.0,39504.382456426814
1779906910.0362213,BUY_YES,469.0,0.61,0.61,0.0,0.0,0.19082350043034235,74781.7918867838,False,0.0,39430.659049226815
1779906910.0404298,BUY_YES,176.0,0.62,0.62,0.0,0.0,0.18080861987888863,74781.7918867838,False,0.0,39401.24352602682
1779906910.7582483,BUY_YES,108.75,0.47,0.47,0.0,0.0,0.3232082030321326,74781.7918867838,False,0.0,39379.58932302682
1779906910.7988496,BUY_YES,121.75,0.47,0.47,0.0,0.0,0.3229950190080979,74781.7918867838,False,0.0,39376.76696242682
1779906910.8028631,BUY_YES,194.95,0.48,0.48,0.0,0.0,0.31297562564416903,74781.7918867838,False,0.0,39370.309226986814
1779906910.8071878,BUY_YES,215.71,0.49,0.49,0.0,0.0,0.30296998194109737,74781.7918867838,False,0.0,39361.00525009882
1779906910.811069,BUY_YES,345.19,0.5,0.5,0.0,0.0,0.2929662962438241,74781.7918867838,False,0.0,39342.68018009882
1779906910.8156686,BUY_YES,258.31,0.51,0.51,0.0,0.0,0.2829625098839216,74781.7918867838,False,0.0,39326.37850993082
1779906910.819949,BUY_YES,271.99,0.52,0.52,0.0,0.0,0.27295566486735323,74781.7918867838,False,0.0,39306.50107324282
1779906910.82443,BUY_YES,127.99767380646881,0.53,0.53,0.0,0.0,0.2629461222071109,74781.7918867838,False,0.0,39295.855560566146
1779906911.2832599,BUY_YES,117.0,0.47,0.47,0.0,0.0,0.31811897819770274,74781.7918867838,False,0.0,39293.14214216615
1779906911.5408294,BUY_YES,150.0,0.47,0.47,0.0,0.0,0.3137788719056661,74781.7918867838,False,0.0,39289.67186216615
1779906911.6814492,BUY_YES,108.93,0.47,0.47,0.0,0.0,0.3123667384635971,74781.7918867838,False,0.0,39287.143530830144
1779906912.6244283,BUY_YES,171.73,0.47000000000000003,0.47,1.1810883240693154e-12,1.1810883240693154e-12,0.3062529775068608,74781.7918867838,False,0.0,39283.17486893415
1779906912.6281836,BUY_YES,105.20597313358758,0.48,0.48,0.0,0.0,0.2962318214439974,74781.7918867838,False,0.0,39279.67610175276
1779907027.428619,SELL_YES,143.12,0.5,0.5,0.0,0.0,0.023140740712303542,74781.7918867838,False,-7.641198743510344,39521.29488763037
1779907029.5711086,SELL_YES,126.12,0.5,0.5,0.0,0.0,0.03367606483165281,74781.7918867838,False,-6.7371295802929225,39518.36412763037
1779907041.1397645,SELL_YES,121.0,0.45,0.45,0.0,0.0,0.027430403693532834,74781.7918867838,False,-12.493065220547443,39222.85922528336
1779907049.03706,BUY_NO,187.0,0.55,0.55,0.0,0.0,0.06010245379322732,74781.7918867838,False,0.0,39218.561885283365
1779907049.11507,BUY_NO,100.0,0.56,0.56,0.0,0.0,0.05061139743045018,74781.7918867838,False,0.0,39215.25780528336
1779907050.765966,BUY_NO,182.2,0.55,0.55,0.0,0.0,0.05817920289549516,74781.7918867838,False,0.0,39211.07000128336
1779907051.2014127,BUY_NO,110.34219835912023,0.55,0.55,0.0,0.0,0.05676783599525104,74781.7918867838,False,0.0,39208.521992316804
1779907051.2268443,SELL_YES,127.97,0.44,0.44,0.0,0.0,0.04665711280902579,74781.7918867838,False,-14.480543753466584,39204.30215214081
1779907051.2305288,SELL_YES,133.68,0.43,0.43,0.0,0.0,0.03668160451523389,74781.7918867838,False,-16.44961215122961,39198.57107444481
1779907051.2346594,SELL_YES,160.0,0.42000000000000004,0.42,-1.3216940769347101e-12,-1.3216940769347101e-12,0.02670777570823496,74781.7918867838,False,-21.265158242046198,39190.1348024448
1779907051.3004484,SELL_YES,179.99999999999997,0.45,0.45,0.0,0.0,0.05669122307738611,74781.7918867838,False,-18.570097022301994,39185.9972024448
1779907051.792703,SELL_YES,365.35,0.45000000000000007,0.45,-1.2335811384723962e-12,-1.2335811384723962e-12,0.05447229398458503,74781.7918867838,False,-37.661246928322385,39177.629915444806
1779907051.797134,SELL_YES,151.0,0.44,0.44,0.0,0.0,0.04446156398633383,74781.7918867838,False,-17.08112219093112,39172.6560546448
1779907052.0933537,SELL_YES,146.68,0.43,0.43,0.0,0.0,0.03494356619657041,74781.7918867838,False,-18.046372758395876,39166.370563348806
1779907052.0970016,SELL_YES,121.69,0.42,0.42,0.0,0.0,0.024966915374756316,74781.7918867838,False,-16.180665040466273,39159.9470681008
1779907053.4743853,SELL_YES,111.50999999999999,0.45,0.45,0.0,0.0,0.0502737657074514,74781.7918867838,False,-11.515590105316086,39157.372409900796
1779907053.5152562,SELL_YES,112.56,0.45,0.45,0.0,0.0,0.0501849797250522,74781.7918867838,False,-11.623740671279513,39154.773790700805
1779907053.816878,SELL_YES,493.39,0.45,0.45,0.0,0.0,0.04833912649517419,74781.7918867838,False,-50.849435943519865,39143.4846309008
1779907053.8200781,SELL_YES,259.0,0.44,0.44,0.0,0.0,0.03833441264300358,74781.7918867838,False,-29.276626804312315,39134.974763700804
1779907053.8235257,SELL_YES,215.68,0.43,0.43,0.0,0.0,0.028347956984509814,74781.7918867838,False,-26.5214867502783,39125.7466156048
1779907053.8608286,SELL_YES,125.99000000000001,0.45,0.45,0.0,0.0,0.0483267327556019,74781.7918867838,False,-13.007037910221264,39122.841523804804
1779907054.266929,SELL_YES,111.88,0.45,0.45,0.0,0.0,0.0465487514134757,74781.7918867838,False,-11.55370030475082,39120.2584222048
1779907054.4078538,SELL_YES,149.80999999999995,0.45,0.45,0.0,0.0,0.04613511951231042,74781.7918867838,False,-15.460510749505886,39116.809758004805
1779907054.6761868,SELL_YES,134.33000000000004,0.45,0.45,0.0,0.0,0.046745446310615446,74781.7918867838,False,-13.866062405587925,39113.714347404806
1779907056.0208337,BUY_NO,643.32,0.49,0.49,0.0,0.0,0.08955687330239348,74781.7918867838,False,0.0,39222.085306223664
1779907056.0247397,SELL_YES,369.66,0.5,0.5,0.0,0.0,0.07954796022791277,74781.7918867838,False,-19.688718051467504,39209.85652622366
1779907056.027272,SELL_YES,219.0,0.49,0.49,0.0,0.0,0.06955783009007899,74781.7918867838,False,-13.86496124380075,39200.41110302366
1779907056.032009,SELL_YES,178.0,0.48,0.48,0.0,0.0,0.05958173704030317,74781.7918867838,False,-13.051009544276411,39190.95222942366
1779907056.036455,SELL_YES,183.0,0.47,0.47,0.0,0.0,0.04960410238056684,74781.7918867838,False,-15.240180239340376,39179.40508782366
1779907056.0408242,SELL_YES,242.0,0.46,0.46,0.0,0.0,0.039625326980014364,74781.7918867838,False,-22.55181204109489,39161.73696622366
1779907056.0460653,SELL_YES,252.0,0.45,0.45,0.0,0.0,0.029650855448912383,74781.7918867838,False,-25.986135831222768,39140.83632622365
1779907057.7534049,SELL_YES,100.0,0.5,0.5,0.0,0.0,0.07846488873037444,74781.7918867838,False,-5.348053901278881,39137.50632622365
1779907057.8079605,SELL_YES,174.0,0.51,0.51,0.0,0.0,0.08839896227781197,74781.7918867838,False,-7.5421609882252625,39133.47557902365
1779907057.8112388,SELL_YES,112.0,0.5,0.5,0.0,0.0,0.07839920630379643,74781.7918867838,False,-5.986220369432353,39129.74957902366
1779907057.868369,SELL_YES,131.0,0.49,0.49,0.0,0.0,0.0684311661266328,74781.7918867838,False,-8.305707410675346,39129.59520773784
1779907064.2017214,SELL_YES,150.0,0.47,0.47,0.0,0.0,0.04401300016090787,74781.7918867838,False,-12.49736085191833,39139.14414152331
1779907065.5130458,SELL_YES,156.6,0.46,0.46,0.0,0.0,0.0352586024517354,74781.7918867838,False,-14.604032089402722,39137.46822460041
1779907066.354509,SELL_YES,148.03,0.46,0.46,0.0,0.0,0.035519890586037495,74781.7918867838,False,-13.806462134063125,39137.5972804135
1779907067.7380176,SELL_YES,165.19,0.47,0.47,0.0,0.0,0.0395950745492738,74781.7918867838,False,-13.759888927522596,39128.75162196841
1779907096.4733062,BUY_NO,90.32239369100239,0.56,0.56,0.0,0.0,0.086749754399019,74781.7918867838,False,0.0,39155.48072029498
1779907097.5621493,BUY_NO,93.01299250586612,0.56,0.56,0.0,0.0,0.09065359512013194,74781.7918867838,False,0.0,39159.64008516056
1779907101.5156732,BUY_NO,103.59,0.56,0.56,0.0,0.0,0.11796313574343942,74781.7918867838,False,0.0,39157.254365688554
1779907138.695091,BUY_NO,598.4,0.36,0.36,0.0,0.0,0.21232306210206808,74781.7918867838,False,0.0,38852.80284024537
1779907138.8068411,BUY_NO,146.58,0.37,0.37,0.0,0.0,0.2008386243584842,74781.7918867838,False,0.0,38848.11405878937
1779907140.2351222,BUY_NO,149.98000000000002,0.36,0.36,0.0,0.0,0.1941519539902853,74781.7918867838,False,0.0,38844.846170565375
1779907140.2640204,BUY_NO,767.01,0.36000000000000004,0.36,1.5419764230904952e-12,1.5419764230904952e-12,0.193881992124797,74781.7918867838,False,0.0,38828.25734507737
1779907140.6719131,BUY_NO,145.87,0.36,0.36,0.0,0.0,0.1892175867831012,74781.7918867838,False,0.0,38825.07818682137
1779907195.258586,BUY_YES,346.38,0.7367267163231133,0.73,92.14679894675726,92.14679894675726,0.0541003309795447,74781.7918867838,False,0.0,38554.92072203002
1779907195.2633646,BUY_YES,306.4171737390103,0.7541370779644024,0.75,55.161039525365815,55.161039525365815,0.03670648935007659,74781.7918867838,False,0.0,38541.87200288712
1779907196.5373864,BUY_YES,345.330643363783,0.73,0.73,0.0,0.0,0.055079131074216026,74781.7918867838,False,0.0,38591.89534645702
1779907196.542162,SELL_NO,449.83,0.27,0.27,0.0,0.0,0.055070737650535606,74781.7918867838,False,-81.2827960886532,38571.98681896102
1779907197.7531571,SELL_NO,502.83,0.27,0.27,0.0,0.0,0.05159406250278609,74781.7918867838,False,-90.85618646434762,38549.73615786502
1779907198.7899234,SELL_NO,559.72,0.27,0.27,0.0,0.0,0.04727332188572453,74781.7918867838,False,-101.13222756761658,38524.97145940102
1779907200.6384838,BUY_YES,85.0,0.6805882352941177,0.68,8.650519031142164,8.650519031142164,0.08587165756591852,74805.52185659735,False,0.0,38542.00719853149
1779907200.6438694,BUY_YES,75.05,0.7093337774816788,0.7,133.3396783096979,133.3396783096979,0.05712830183838402,74805.52185659735,False,0.0,38538.2863376899
1779907201.0097837,BUY_YES,163.0,0.6969325153374233,0.69,100.4712367742513,100.4712367742513,0.06714949335711617,74805.52185659735,False,0.0,38532.20248811934
1779907203.4740627,SELL_NO,171.89,0.30000000000000004,0.30000000000000004,0.0,0.0,0.042523643875869155,74805.52185659735,False,-26.08144335045497,38520.07813890908
1779907203.4772584,SELL_NO,173.0,0.29000000000000004,0.29000000000000004,0.0,0.0,0.032530959679286875,74805.52185659735,False,-27.92860402632327,38514.888448509075
1779907203.4818785,SELL_NO,203.0,0.28,0.28,0.0,0.0,0.022540529603889303,74805.52185659735,False,-34.73366343898051,38506.83686290908
1779907219.6821625,SELL_YES,474.53,0.6676277579921185,0.67,35.40659713256049,35.40659713256049,0.02110768090870374,74805.52185659735,False,-33.20155867651931,38493.4051324785
1779907220.2303529,SELL_YES,76.0,0.67,0.67,0.0,0.0,0.029335541597188652,74805.52185659735,False,-5.158033063637504,38491.78527327851
1779907220.2645319,SELL_YES,92.68,0.6732369443245577,0.68,99.45670110944604,99.45670110944604,0.03272012853853379,74805.52185659735,False,-5.976087454869997,38484.85273453537
1779907220.5629444,SELL_YES,75.92,0.6852687038988409,0.69,68.5695087124504,68.5695087124504,0.044859637507540406,74805.52185659735,False,-3.9637835554245484,38477.63383924492
1779907220.5665605,SELL_YES,160.0,0.6615625,0.67,125.93283582089532,125.93283582089532,0.02118646143579117,74805.52185659735,False,-12.208086956342115,38469.674539369924
1779907195.2552347,SETTLE_YES,494.32146404284856,0.0,0.0,0.0,0.0,0.0,74805.52185659735,False,-356.7100840751258,37742.627058570564
1779907195.2552347,SETTLE_NO,1257.3575845559885,1.0,1.0,0.0,0.0,0.0,74805.52185659735,True,708.5679402686022,38999.984643126554
1779907223.0412672,BUY_NO,98.17,0.54,0.54,0.0,0.0,0.05904814392318092,74802.28852519052,False,0.0,38997.70804231055
1779907223.084932,BUY_NO,103.0,0.55,0.55,0.0,0.0,0.04896750470689781,74802.28852519052,False,0.0,38994.29758231055
1779907292.367724,SELL_NO,130.28,0.53,0.53,0.0,0.0,0.026761291175635527,74802.28852519052,False,-4.336437673070137,38991.27958445455
1779907310.5308182,BUY_YES,123.0,0.5,0.5,0.0,0.0,0.04757811243879595,74802.28852519052,False,0.0,38986.29388445455
1779907340.9502466,BUY_YES,210.58,0.54,0.54,0.0,0.0,0.08670421840448816,74802.28852519052,False,0.0,38978.27540327055
1779907340.9995985,BUY_YES,263.0,0.55,0.55,0.0,0.0,0.0772504711658496,74802.28852519052,False,0.0,38964.35374327055
1779907341.0848055,BUY_YES,253.0,0.56,0.56,0.0,0.0,0.06820622763536766,74802.28852519052,False,0.0,38948.45032087056
1779907342.905817,BUY_YES,138.0,0.57,0.57,0.0,0.0,0.07481229140455325,74802.28852519052,False,0.0,38942.978457270554
1779907342.9525502,BUY_YES,210.58,0.54,0.54,0.0,0.0,0.1050037933603355,74802.28852519052,False,0.0,38934.97067608655
1779907343.1621668,BUY_YES,263.0,0.55,0.55,0.0,0.0,0.09604744034758905,74802.28852519052,False,0.0,38922.364016086554
1779907344.478213,BUY_YES,175.65,0.54,0.54,0.0,0.0,0.1139400926313584,74802.28852519052,False,0.0,38923.50915096656
1779907344.6505349,BUY_YES,93.64520023888622,0.55,0.55,0.0,0.0,0.10567640121587674,74802.28852519052,False,0.0,38919.46926349233
1779907345.080405,BUY_YES,91.92594931284293,0.55,0.55,0.0,0.0,0.10957238463128371,74802.28852519052,False,0.0,38915.50299434275
1779907345.993892,BUY_YES,106.99999999999997,0.54,0.54,0.0,0.0,0.12683165016370546,74802.28852519052,False,0.0,38930.53923223827
1779907346.0611095,BUY_YES,266.11,0.54,0.54,0.0,0.0,0.1272684832841946,74802.28852519052,False,0.0,38924.419358110266
1779907346.5866852,BUY_YES,96.82575458067822,0.54,0.54,0.0,0.0,0.13061591750569257,74802.28852519052,False,0.0,38922.17352008184
1779907347.2952874,BUY_YES,137.02625998763324,0.54,0.54,0.0,0.0,0.13644853955644054,74802.28852519052,False,0.0,38919.00770152727
1779907348.06462,BUY_YES,95.99374001236677,0.54,0.54,0.0,0.0,0.14135434463635455,74802.28852519052,False,0.0,38916.78090398584
1779907352.435314,BUY_YES,94.9532566743469,0.57,0.57,0.0,0.0,0.1407338818336109,74802.28852519052,False,0.0,38988.23388571525
1779907353.269955,BUY_YES,121.89,0.57,0.57,0.0,0.0,0.1467965916771622,74802.28852519052,False,0.0,38985.44341850725
1779907354.3602893,BUY_YES,151.18,0.57,0.57,0.0,0.0,0.1541132795623925,74802.28852519052,False,0.0,38981.98961481125
1779907360.4510012,SELL_YES,322.47,0.9056854901231122,0.91,47.412196449317165,47.412196449317165,0.13559363581159378,74802.28852519052,True,113.40877209673346,39964.83726984561
1779907360.459283,SELL_YES,661.45,0.8844464434197596,0.89,62.399512137532255,62.399512137532255,0.11430070537558834,74802.28852519052,True,217.80766269010974,39939.730361772905
1779907360.4636385,SELL_YES,243.0,0.8706172839506172,0.88,106.62177328844079,106.62177328844079,0.10045004453729411,74802.28852519052,True,76.45487034682753,39926.94456283957
1779907360.4687707,SELL_YES,431.18,0.8544482582680087,0.86,64.55513641850284,64.55513641850284,0.08425611976582836,74802.28852519052,True,128.34928645383334,39896.94491192624
1779907360.4728308,BUY_NO,343.9934900092999,0.16000000000000003,0.16000000000000003,0.0,0.0,0.06979471202645138,74802.28852519052,False,0.0,39867.78664397142
1779907360.487592,SELL_YES,60.0,0.9049999999999999,0.91,54.945054945056214,54.945054945056214,0.13473223014613878,74802.28852519052,True,21.03332115559528,39866.785231971415
1779907360.4910517,SELL_YES,521.7665099907001,0.8360829222250457,0.84,46.63187827326564,46.63187827326564,0.0657989584764751,74802.28852519052,True,145.26162383710414,39820.430425522325
1779907360.4951954,SELL_YES,653.4936508160542,0.82,0.82,0.0,0.0,0.049707449436414475,74802.28852519052,True,170.93593235664775,39751.373720968855
1779907365.010226,BUY_NO,572.73,0.08999999999999997,0.08999999999999997,0.0,0.0,0.11693735202850364,74802.28852519052,False,0.0,39745.10279670485
1779907365.0163884,BUY_NO,572.73,0.08999999999999997,0.08999999999999997,0.0,0.0,0.11693047614086727,74802.28852519052,False,0.0,39738.83187244085
1779907427.4885328,BUY_YES,426.3427327294277,0.93,0.93,0.0,0.0,0.00969713436784192,74802.28852519052,False,0.0,39719.06837022026
1779907427.925916,BUY_YES,64.71094787839894,0.93,0.93,0.0,0.0,0.01040427515721376,74802.28852519052,False,0.0,39718.41150232597
1779907428.5307465,BUY_YES,56.65896823907758,0.93,0.93,0.0,0.0,0.011023268471992309,74802.28852519052,False,0.0,39717.83263556885
1779907428.9509423,BUY_YES,53.85445158909806,0.93,0.93,0.0,0.0,0.01161162884922351,74802.28852519052,False,0.0,39717.280936725416
1779907432.7380202,SELL_YES,601.5671004360023,0.9800000000000001,0.98,-1.1328806373726088e-12,-1.1328806373726088e-12,0.03264984284924621,74802.28852519052,True,29.19942352966484,39655.867586356704
1779907452.4039602,BUY_YES,498.34,0.96,0.96,0.0,0.0,0.007767144492946132,74802.28852519052,False,0.0,39698.778380624986
1779907452.4514747,BUY_YES,64.03000000000003,0.96,0.96,0.0,0.0,0.007802329344061887,74802.28852519052,False,0.0,39698.25120048098
1779907452.705341,BUY_YES,68.0,0.96,0.96,0.0,0.0,0.007989378253660084,74802.28852519052,False,0.0,39697.69319408099
1779907452.8642244,BUY_YES,59.0,0.96,0.96,0.0,0.0,0.008103729991620012,74802.28852519052,False,0.0,39697.20507088099
1779907453.1537282,BUY_YES,63.0,0.96,0.96,0.0,0.0,0.008313195138056173,74802.28852519052,False,0.0,39696.68588848099
1779907453.5332904,BUY_YES,132.31674833295983,0.96,0.96,0.0,0.0,0.008583595869281258,74802.28852519052,False,0.0,39695.62847539353
1779907454.0083883,BUY_YES,52.1179533634687,0.9600000000000001,0.96,1.1564823173178715e-12,1.1564823173178715e-12,0.00891966172257963,74802.28852519052,False,0.0,39695.19378990926
1779907454.5193083,BUY_YES,55.21010661028606,0.96,0.96,0.0,0.0,0.009275634142486222,74802.28852519052,False,0.0,39694.73509447345
1779907455.167648,BUY_YES,68.71981231247912,0.9600000000000001,0.96,1.1564823173178715e-12,1.1564823173178715e-12,0.009718710172498701,74802.28852519052,False,0.0,39694.171498874806
1779907455.6721997,BUY_YES,52.3179703859696,0.96,0.96,0.0,0.0,0.01005605148524269,74802.28852519052,False,0.0,39693.73526029835
1779907456.3741837,BUY_YES,71.30627804611254,0.96,0.96,0.0,0.0,0.010515809549615618,74802.28852519052,False,0.0,39693.15158131059
1779907456.896276,BUY_YES,52.13197648041228,0.9599999999999999,0.96,-1.1564823173178715e-12,-1.1564823173178715e-12,0.010851960918956238,74802.28852519052,False,0.0,39692.71678693961
1779907457.4294295,BUY_YES,52.17133902423211,0.96,0.96,0.0,0.0,0.011188358823114974,74802.28852519052,False,0.0,39692.281686926355
1779907458.1491983,BUY_YES,69.16484523217741,0.96,0.96,0.0,0.0,0.011634321981323525,74802.28852519052,False,0.0,39691.7146357361
1779907458.705944,BUY_YES,52.203731180427894,0.96,0.96,0.0,0.0,0.011970945893064466,74802.28852519052,False,0.0,39691.279284204225
1779907459.271033,BUY_YES,52.17359695151163,0.96,0.96,0.0,0.0,0.01230736813521216,74802.28852519052,False,0.0,39690.844166658615
1779907460.0154033,BUY_YES,67.24463607500024,0.9600000000000001,0.96,1.1564823173178715e-12,1.1564823173178715e-12,0.012740962257896449,74802.28852519052,False,0.0,39690.29202550842
1779907460.6071217,BUY_YES,52.268259824557845,0.96,0.96,0.0,0.0,0.013078011846723192,74802.28852519052,False,0.0,39689.856172924534
1779907461.3306386,BUY_YES,62.52454314891065,0.96,0.96,0.0,0.0,0.013481181078011883,74802.28852519052,False,0.0,39689.340682351896
1779907461.9489198,BUY_YES,52.19113442876824,0.96,0.96,0.0,0.0,0.013817737145960685,74802.28852519052,False,0.0,39688.90542863128
1779907462.7350788,BUY_YES,64.90704632754046,0.96,0.96,0.0,0.0,0.014236274636262869,74802.28852519052,False,0.0,39688.37143839796
1779907463.381998,BUY_YES,52.14842281894312,0.96,0.96,0.0,0.0,0.014572564313746317,74802.28852519052,False,0.0,39687.93651632445
1779907464.044338,BUY_YES,52.240225891372575,0.96,0.96,0.0,0.0,0.014909438760325688,74802.28852519052,False,0.0,39687.50088141845
1779907464.720051,BUY_YES,52.11917880422311,0.9599999999999999,0.96,-1.1564823173178715e-12,-1.1564823173178715e-12,0.01524553577714427,74802.28852519052,False,0.0,39687.066186418866
1779907465.4890528,BUY_YES,57.893401116042696,0.96,0.96,0.0,0.0,0.015618865740102184,74802.28852519052,False,0.0,39686.58665573788
1779907466.4093964,BUY_YES,67.375558000193,0.96,0.96,0.0,0.0,0.016053342065008858,74802.28852519052,False,0.0,39686.03349800513
1779907466.449736,BUY_YES,677.85,0.9595574242088958,0.95,100.60446535679817,100.60446535679817,0.01651465872370883,74802.28852519052,False,0.0,39663.61091676957
1779907466.5097234,BUY_YES,80.0,0.94625,0.94,66.4893617021286,66.4893617021286,0.02984990504814522,74802.28852519052,False,0.0,39656.58484139784
1779907466.548811,BUY_YES,75.0,0.9453333333333334,0.94,56.73758865248311,56.73758865248311,0.03078467060267842,74802.28852519052,False,0.0,39655.50077899784
1779907466.5591962,BUY_YES,66.83,0.9474816699087236,0.94,79.59223307152848,79.59223307152848,0.028641138807093514,74802.28852519052,False,0.0,39654.39719507396
1779907466.576058,BUY_YES,63.72,0.945291902071563,0.94,56.29683054854307,56.29683054854307,0.030838704210028767,74802.28852519052,False,0.0,39646.243267997146
1779907466.5836062,BUY_YES,101.03999999999999,0.9491092636579571,0.94,96.90706019103371,96.90706019103371,0.027024831877694666,74802.28852519052,False,0.0,39643.93108496912
1779907466.8690584,BUY_YES,62.0,0.9351612903225807,0.93,55.49774540409262,55.49774540409262,0.041104114577682704,74802.28852519052,False,0.0,39635.26434551351
1779907466.8891342,BUY_YES,74.00000000000001,0.935945945945946,0.93,63.9349026445806,63.9349026445806,0.04032864697826799,74802.28852519052,False,0.0,39634.10492588108
1779907466.914132,BUY_YES,55.25,0.93,0.93,0.0,0.0,0.0462860250616951,74802.28852519052,False,0.0,39633.53970808108
1779907466.9464252,BUY_YES,135.46,0.93,0.93,0.0,0.0,0.046300779336165054,74802.28852519052,False,0.0,39632.19747996908
1779907466.989907,BUY_YES,64.99999999999997,0.9338461538461539,0.93,41.35649296939605,41.35649296939605,0.042474466679014,74802.28852519052,False,0.0,39631.30336119985
1779907467.017353,BUY_YES,62.0,0.93,0.93,0.0,0.0,0.04633312962490521,74802.28852519052,False,0.0,39630.67275479985
1779907467.3726816,BUY_YES,64.07,0.93,0.93,0.0,0.0,0.046494049068018684,74802.28852519052,False,0.0,39630.022095895845
1779907467.402602,BUY_YES,59.0,0.93,0.93,0.0,0.0,0.04650751244103224,74802.28852519052,False,0.0,39629.42055109585
1779907486.039083,SETTLE_YES,3684.336764355589,1.0,1.0,0.0,0.0,0.0,74802.28852519052,True,169.01107057422334,39788.72004667182
1779907486.039083,SETTLE_NO,1560.3434900092998,0.0,0.0,0.0,0.0,0.0,74802.28852519052,False,-196.80391858441783,39788.72004667182
1779907487.4369411,BUY_NO,143.2,0.55,0.55,0.0,0.0,0.06345910121391785,74852.27365403574,False,0.0,39785.42222267182
1779907487.4419937,BUY_NO,384.3672314094237,0.56,0.56,0.0,0.0,0.05346110150008765,74852.27365403574,False,0.0,39772.80773202168
1779907488.6439798,BUY_NO,103.99490527249657,0.55,0.55,0.0,0.0,0.058599015765617324,74852.27365403574,False,0.0,39770.40456828337
1779907532.9033537,SELL_NO,631.5621366819203,0.54,0.54,0.0,0.0,0.022885698638364982,74852.27365403574,False,-21.484656183042205,39755.92139509783
1779907592.42039,BUY_NO,83.43968305789822,0.6,0.6,0.0,0.0,0.03215807819836114,74852.27365403574,False,0.0,39754.032358959295
1779907593.1590948,BUY_NO,89.69051538030475,0.6,0.6,0.0,0.0,0.035767982718546754,74852.27365403574,False,0.0,39752.00405427662
1779907593.8489408,BUY_NO,83.55608948440516,0.6,0.6,0.0,0.0,0.03913128082880868,74852.27365403574,False,0.0,39750.11242460291
1779907594.4829159,BUY_NO,90.1870475333186,0.6,0.6,0.0,0.0,0.04276170687286995,74852.27365403574,False,0.0,39748.073057183865
1779907598.9522867,BUY_NO,133.0,0.61,0.61,0.0,0.0,0.05610124234346714,74852.27365403574,False,0.0,39743.76992678386
1779907599.0689232,BUY_NO,85.75,0.6,0.6,0.0,0.0,0.06660197094078613,74852.27365403574,False,0.0,39741.82941678387
1779907599.1204536,BUY_NO,94.90999999999997,0.6,0.6,0.0,0.0,0.0668234049153843,74852.27365403574,False,0.0,39739.684821983865
1779907599.5744326,BUY_NO,341.34400276596136,0.6,0.6,0.0,0.0,0.06913425372494619,74852.27365403574,False,0.0,39732.04967760224
1779907600.4429033,BUY_NO,103.15092934675272,0.6,0.6,0.0,0.0,0.0732936104921399,74852.27365403574,False,0.0,39729.721474896396
1779907601.359979,BUY_NO,90.92508902281202,0.6,0.6,0.0,0.0,0.0769568766648735,74852.27365403574,False,0.0,39727.665663912965
1779907601.8979182,BUY_NO,86.5277776599412,0.6,0.6,0.0,0.0,0.08044312996101277,74852.27365403574,False,0.0,39725.7078250267
1779907602.8940883,BUY_NO,93.2739628072984,0.6,0.6,0.0,0.0,0.08420122557046938,74852.27365403574,False,0.0,39723.59968113535
1779907603.3497481,BUY_NO,85.04496459208212,0.6,0.6,0.0,0.0,0.08762839043061554,74852.27365403574,False,0.0,39721.67487932424
1779907604.3124073,BUY_NO,84.00769198181342,0.6,0.6,0.0,0.0,0.09101384177279426,74852.27365403574,False,0.0,39719.77318794688
1779907605.2684512,BUY_NO,87.3862681859041,0.6,0.6,0.0,0.0,0.09453558913128457,74852.27365403574,False,0.0,39717.796221891695
1779907605.8976417,BUY_NO,91.37339028578708,0.6,0.6,0.0,0.0,0.09821828603495897,74852.27365403574,False,0.0,39715.730422756125
1779907606.4625144,BUY_NO,100.30507048010463,0.6,0.6,0.0,0.0,0.10226114159126254,74852.27365403574,False,0.0,39713.46562578583
1779907607.363276,BUY_NO,89.19209071633918,0.6,0.6,0.0,0.0,0.10585700216112637,74852.27365403574,False,0.0,39711.448426004674
1779907607.884387,BUY_NO,87.22177830217515,0.6,0.6,0.0,0.0,0.1093734260157343,74852.27365403574,False,0.0,39709.4751247841
1779907608.4001284,BUY_NO,87.26599168382904,0.6,0.6,0.0,0.0,0.11289183702368366,74852.27365403574,False,0.0,39707.50083848939
1779907608.9682689,BUY_NO,89.57143023503386,0.6,0.6,0.0,0.0,0.11650339449632885,74852.27365403574,False,0.0,39705.475187023745
1779907609.5830858,BUY_NO,91.66009097588585,0.6,0.6,0.0,0.0,0.12019946635437373,74852.27365403574,False,0.0,39703.4030001968
1779907677.380062,BUY_NO,120.0,0.7887500000000001,0.78,112.17948717948764,112.17948717948764,0.07620270056749678,74852.27365403574,False,0.0,40096.72054998388
1779907677.5681775,BUY_NO,80.0,0.77375,0.77,48.70129870129911,48.70129870129911,0.09129493470869743,74852.27365403574,False,0.0,40083.0382796614
1779907678.8678844,BUY_NO,102.87,0.7738271604938272,0.77,49.703383036716126,49.703383036716126,0.091376261720712,74852.27365403574,False,0.0,40080.80392925962
1779907679.5366194,BUY_NO,98.81,0.7742404614917519,0.77,55.07092846430954,55.07092846430954,0.09221834130516993,74852.27365403574,False,0.0,40078.61735183386
1779907680.163223,BUY_NO,64.74844920968417,0.7729867046154353,0.77,38.78837162902941,38.78837162902941,0.09412244354412214,74852.27365403574,False,0.0,40077.25216504514
1779907737.799063,BUY_NO,335.53,0.41,0.41000000000000003,-1.3539305178355566e-12,-1.3539305178355566e-12,0.353660439545426,74852.27365403574,False,0.0,39085.0242232065
1779907737.8368068,BUY_NO,157.0,0.41000000000000003,0.41000000000000003,0.0,0.0,0.35362468807242275,74852.27365403574,False,0.0,39081.4747856065
1779907738.045755,BUY_NO,138.99999999999997,0.41000000000000003,0.41000000000000003,0.0,0.0,0.3536931511089264,74852.27365403574,False,0.0,39078.3288504065
1779907739.2641468,BUY_NO,320.2,0.41000000000000003,0.41000000000000003,0.0,0.0,0.35711153848795785,74852.27365403574,False,0.0,39071.120991046504
1779907739.3229692,BUY_NO,132.99999999999997,0.41000000000000003,0.41000000000000003,0.0,0.0,0.3572038852296352,74852.27365403574,False,0.0,39068.1095566465
1779907740.1357708,BUY_NO,138.28,0.39,0.39,0.0,0.0,0.37765021498407736,74852.27365403574,False,0.0,38988.62073990836
1779907740.1705787,BUY_NO,177.99999999999997,0.39,0.39,0.0,0.0,0.3777026704507802,74852.27365403574,False,0.0,38984.65181350835
1779907740.250687,BUY_NO,135.0,0.39,0.39,0.0,0.0,0.37784093707537025,74852.27365403574,False,0.0,38960.278313939816
1779907740.9526353,BUY_NO,420.11,0.39,0.39,0.0,0.0,0.3780127152777043,74852.27365403574,False,0.0,38948.85123377181
1779907741.3862965,BUY_NO,136.61,0.38,0.38,0.0,0.0,0.38897388584478254,74852.27365403574,False,0.0,38922.36417945128
1779907741.431298,BUY_NO,136.61,0.38,0.38,0.0,0.0,0.38911058424685996,74852.27365403574,False,0.0,38919.33378669927
1779907741.473739,BUY_NO,136.0,0.38,0.38,0.0,0.0,0.3891181388784969,74852.27365403574,False,0.0,38916.316791499274
1779907741.5260634,BUY_NO,146.72999999999996,0.38,0.38,0.0,0.0,0.3891508844534929,74852.27365403574,False,0.0,38913.06413116327
1779907743.088314,BUY_NO,157.83,0.4,0.4,0.0,0.0,0.374389010561174,74852.27365403574,False,0.0,39014.463325037425
1779907743.1196465,BUY_NO,153.50999999999996,0.4,0.4,0.0,0.0,0.3744481827308884,74852.27365403574,False,0.0,39011.013122237426
1779907743.2143178,BUY_NO,134.18,0.4,0.4,0.0,0.0,0.37453441605970117,74852.27365403574,False,0.0,39007.993591837425
1779907743.8362737,BUY_NO,127.64999999999998,0.4,0.4,0.0,0.0,0.37702483173259427,74852.27365403574,False,0.0,39005.11954983743
1779907743.858206,BUY_NO,613.49,0.4,0.4,0.0,0.0,0.37705691174551215,74852.27365403574,False,0.0,38991.420992637424
1779907744.2231624,BUY_NO,150.73000000000002,0.4,0.4,0.0,0.0,0.3778917715017701,74852.27365403574,False,0.0,38988.03272823742
1779907744.3596973,BUY_NO,126.63,0.4,0.4,0.0,0.0,0.3781651562385039,74852.27365403574,False,0.0,38985.181411837424
1779907744.8965359,BUY_NO,669.09,0.4,0.4,0.0,0.0,0.37884290188420433,74852.27365403574,False,0.0,38933.34212506889
1779907744.9708831,BUY_NO,129.28,0.39,0.39,0.0,0.0,0.3889622297309271,74852.27365403574,False,0.0,38893.549352236354
1779907745.0181112,BUY_NO,130.64999999999998,0.39,0.39,0.0,0.0,0.3890863898680126,74852.27365403574,False,0.0,38890.62822451635
1779907745.0549242,BUY_NO,143.92000000000002,0.39,0.39,0.0,0.0,0.3891287224570329,74852.27365403574,False,0.0,38887.413447620354
1779907745.3985674,BUY_NO,146.00000000000003,0.39,0.39,0.0,0.0,0.3900311537559499,74852.27365403574,False,0.0,38884.15264282035
1779907745.5066874,BUY_NO,152.00000000000003,0.39,0.39,0.0,0.0,0.39021590934312067,74852.27365403574,False,0.0,38880.75906522036
1779907745.8722,BUY_NO,134.00000000000003,0.39,0.39,0.0,0.0,0.39068810976199153,74852.27365403574,False,0.0,38877.76380602035
1779907745.9267948,BUY_NO,296.2579033907077,0.39,0.39,0.0,0.0,0.39081686547008154,74852.27365403574,False,0.0,38871.1779741278
1779907748.1736484,BUY_NO,145.1,0.37,0.37,0.0,0.0,0.412835248568746,74852.27365403574,False,0.0,38611.16122529486
1779907748.5648837,BUY_NO,172.42,0.35,0.35,0.0,0.0,0.43327216000960034,74852.27365403574,False,0.0,38520.86888352388
1779907748.6663675,BUY_NO,182.5,0.35,0.35,0.0,0.0,0.43353459281247075,74852.27365403574,False,0.0,38516.93703352388
1779907748.695151,BUY_NO,152.82,0.35,0.35,0.0,0.0,0.4335556770892547,74852.27365403574,False,0.0,38467.81304083839
1779907749.394411,BUY_NO,147.47,0.33999999999999997,0.33999999999999997,0.0,0.0,0.443653479986411,74852.27365403574,False,0.0,38418.8363464569
1779907749.4262424,BUY_NO,159.20000000000002,0.33999999999999997,0.33999999999999997,0.0,0.0,0.4437163643466049,74852.27365403574,False,0.0,38415.43818389689
1779907749.84633,BUY_NO,164.72,0.32999999999999996,0.32999999999999996,0.0,0.0,0.4540077227757938,74852.27365403574,False,0.0,38317.24227110192
1779907749.9022255,BUY_NO,152.00000000000003,0.32999999999999996,0.32999999999999996,0.0,0.0,0.45410203415853756,74852.27365403574,False,0.0,38314.032552701916
1779907753.1916351,BUY_NO,168.86,0.31000000000000005,0.31000000000000005,0.0,0.0,0.48342413950295426,74852.27365403574,False,0.0,38114.78306927196
1779907753.5894518,BUY_NO,309.94,0.31000000000000005,0.31000000000000005,0.0,0.0,0.4835840327264431,74852.27365403574,False,0.0,37954.41709206349
1779907753.9648793,BUY_NO,161.49,0.31000000000000005,0.31000000000000005,0.0,0.0,0.4831624876827384,74852.27365403574,False,0.0,37948.67021687149
1779907754.9099967,BUY_NO,185.5,0.28,0.28,0.0,0.0,0.5129789400600084,74852.27365403574,False,0.0,37788.58484401502
1779907756.1123753,BUY_NO,179.36,0.28,0.28,0.0,0.0,0.5148877821826925,74852.27365403574,False,0.0,37785.05459774302
1779907758.4787846,BUY_NO,185.34,0.27,0.27,0.0,0.0,0.518986472763836,74852.27365403574,False,0.0,37673.528898564036
1779907758.562994,BUY_NO,203.99999999999997,0.27,0.27,0.0,0.0,0.5189862596739839,74852.27365403574,False,0.0,37669.583893764044
1779907758.583313,BUY_NO,477.22,0.27,0.27,0.0,0.0,0.5189922963593513,74852.27365403574,False,0.0,37660.39546930004
1779907759.0028741,BUY_NO,199.68,0.27,0.27,0.0,0.0,0.519650515147183,74852.27365403574,False,0.0,37656.533370484045
1779907759.4176655,BUY_NO,214.08000000000004,0.27,0.27,0.0,0.0,0.5184116656184261,74852.27365403574,False,0.0,37652.39491838805
1779907759.5806172,BUY_NO,197.68,0.27,0.27,0.0,0.0,0.518383018476372,74852.27365403574,False,0.0,37648.571201972045
1779907759.6047893,BUY_NO,486.29,0.27,0.27,0.0,0.0,0.5184154344944849,74852.27365403574,False,0.0,37575.41786223855
1779907760.1229432,BUY_NO,193.62,0.26,0.26,0.0,0.0,0.5285228427983495,74852.27365403574,False,0.0,37507.946732017066
1779907785.3272145,SETTLE_NO,12951.79021709804,1.0,1.0,0.0,0.0,0.0,74852.27365403574,True,7614.3138256935235,47157.0304437551
1779907786.057941,BUY_NO,499.05,0.5,0.5,0.0,0.0,0.11394261623665702,74850.61193596967,False,0.0,47145.5222937551
1779907788.6486468,BUY_NO,499.15,0.5,0.5,0.0,0.0,0.11078776338283924,74850.61193596967,False,0.0,47134.0118437551
1779907793.3516982,BUY_NO,506.04,0.5,0.5,0.0,0.0,0.10425713644474954,74850.61193596967,False,0.0,47122.3429237551
1779907793.5008926,BUY_NO,381.31358985907764,0.5,0.5,0.0,0.0,0.10267936296569591,74850.61193596967,False,0.0,47113.54271118834
1779907833.407187,SELL_NO,215.08,0.51,0.51,0.0,0.0,0.022996639154144072,74850.61193596967,False,-1.7490914239999995,47154.63085951081
1779907833.4256399,SELL_NO,210.99,0.51,0.51,0.0,0.0,0.02312090884922513,74850.61193596967,False,-1.7164008720000083,47148.694658638815
1779907893.88824,BUY_YES,285.66,0.35,0.35,0.0,0.0,0.16735353616498228,74850.61193596967,False,0.0,47345.45665041909
1779907894.0437634,BUY_YES,285.66,0.35,0.35,0.0,0.0,0.16751116165378022,74850.61193596967,False,0.0,47337.89093961909
1779907894.1893709,SELL_NO,138.21,0.64,0.64,0.0,0.0,0.1587390318949149,74850.61193596967,True,17.026661951999998,47332.80400157109
1779907904.3077626,BUY_YES,311.68,0.35,0.35,0.0,0.0,0.19247662131326637,74850.61193596967,False,0.0,47322.36051522179
1779907904.3564832,SELL_NO,130.21,0.64,0.64,0.0,0.0,0.18272752750777888,74850.61193596967,True,16.039372352,47318.21733757379
1779907908.411506,BUY_YES,273.04,0.35,0.35,0.0,0.0,0.20291897535513748,74850.61193596967,False,0.0,47312.349742373786
1779907908.4143639,SELL_NO,130.21,0.64,0.64,0.0,0.0,0.19292764404759744,74850.61193596967,True,16.039372352,47308.206564725784
1779907912.232668,BUY_YES,321.65,0.35,0.35,0.0,0.0,0.22999420472608356,74850.61193596967,False,0.0,47301.29968772578
1779907912.3173177,BUY_YES,160.21,0.36,0.36,0.0,0.0,0.22073378369746233,74850.61193596967,False,0.0,47296.20884607778
1779907921.725559,BUY_YES,196.65,0.35,0.35,0.0,0.0,0.3053219035262872,74850.61193596967,False,0.0,47291.97446907778
1779907921.7272158,SELL_NO,130.21,0.64,0.64,0.0,0.0,0.29533686665864756,74850.61193596967,True,16.039372352,47287.83129142978
1779907922.9592588,BUY_YES,158.66,0.35,0.35,0.0,0.0,0.3142752955625888,74850.61193596967,False,0.0,47284.409140629774
1779907922.9622982,SELL_NO,130.21,0.64,0.64,0.0,0.0,0.3042985919175045,74850.61193596967,True,16.039372352,47280.26596298178
1779907924.0996008,BUY_YES,146.91,0.35,0.35,0.0,0.0,0.3217295778785928,74850.61193596967,False,0.0,47277.09502718178
1779907924.103512,SELL_NO,130.21,0.64,0.64,0.0,0.0,0.311756888455349,74850.61193596967,True,16.039372352,47272.951849533776
1779907924.9269974,SELL_NO,100.0,0.65,0.65,0.0,0.0,0.32531313063060263,74850.61193596967,True,13.332,47270.78384953378
1779907925.395045,BUY_YES,208.0,0.38,0.38,0.0,0.0,0.2980920331510373,74850.61193596967,False,0.0,47259.94550393378
1779907925.3977928,BUY_YES,213.0,0.39,0.39,0.0,0.0,0.2881187442170541,74850.61193596967,False,0.0,47246.682069533774
1779907925.8000283,SELL_NO,136.05,0.65,0.65,0.0,0.0,0.33101751309191574,74850.61193596967,True,18.149001,47243.74332053377
1779907925.804487,SELL_NO,80.21,0.64,0.64,0.0,0.0,0.3210529880319112,74850.61193596967,True,9.868812351999999,47241.17958288578
1779907925.8086271,BUY_YES,200.0,0.38,0.38,0.0,0.0,0.3010907272979091,74850.61193596967,False,0.0,47230.75694288578
1779907925.8122544,BUY_YES,208.0,0.39,0.39,0.0,0.0,0.2911252532025992,74850.61193596967,False,0.0,47217.804152485776
1779907926.5940626,BUY_YES,263.0,0.41,0.41,0.0,0.0,0.2765952129967603,74850.61193596967,False,0.0,47239.27088023789
1779907926.598168,BUY_YES,313.0,0.42000000000000004,0.42,1.3216940769347101e-12,1.3216940769347101e-12,0.26663378529182513,74850.61193596967,False,0.0,47214.97111063789
1779907926.856521,BUY_YES,165.0,0.38,0.38,0.0,0.0,0.30869909142364227,74850.61193596967,False,0.0,47208.84218263788
1779907926.8593855,BUY_YES,200.0,0.39,0.39,0.0,0.0,0.29872152081316095,74850.61193596967,False,0.0,47252.72876879
1779907926.862379,BUY_YES,263.0,0.41,0.41,0.0,0.0,0.2787465950967552,74850.61193596967,False,0.0,47238.91315039
1779907926.865792,BUY_YES,313.0,0.42000000000000004,0.42,1.3216940769347101e-12,1.3216940769347101e-12,0.2687763019115301,74850.61193596967,False,0.0,47219.30838079
1779907928.0057323,SELL_NO,97.98,0.5800000000000001,0.5800000000000001,0.0,0.0,0.27546169424394984,74850.61193596967,True,6.089909184000007,47361.205564328935
1779907929.8254716,SELL_NO,107.98,0.5800000000000001,0.5800000000000001,0.0,0.0,0.28587282827230376,74850.61193596967,True,6.714517184000009,47379.892463563636
1779907931.4592283,BUY_YES,159.56,0.41999999999999993,0.42,-1.3216940769347101e-12,-1.3216940769347101e-12,0.2942774162482107,74850.61193596967,False,0.0,47353.777726760934
1779907932.7591524,SELL_NO,148.00358985907747,0.43000000000000005,0.43000000000000005,0.0,0.0,0.15483547656552665,74850.61193596967,False,-13.002100241096528,48047.53570343252
1779907954.864188,BUY_YES,80.15372197487522,0.63,0.63,0.0,0.0,0.17853288119116983,74850.61193596967,False,0.0,48324.500498876
1779907955.584415,BUY_YES,79.77922643887177,0.63,0.63,0.0,0.0,0.18110145638302,74850.61193596967,False,0.0,48322.73265203064
1779907961.2411005,BUY_YES,99.0,0.59,0.59,0.0,0.0,0.23382009351890287,74850.61193596967,False,0.0,48152.78193563615
1779907963.0392406,BUY_YES,97.3,0.59,0.59,0.0,0.0,0.2374407603554396,74850.61193596967,False,0.0,48101.03815151202
1779907963.5541265,BUY_YES,194.46,0.61,0.61,0.0,0.0,0.21884865738644776,74850.61193596967,False,0.0,48091.84348506402
1779907963.741675,BUY_YES,91.50000000000001,0.59,0.59,0.0,0.0,0.2391931793893084,74850.61193596967,False,0.0,48115.74421260609
1779907964.0703459,BUY_YES,235.1,0.5900000000000001,0.59,1.8817339400426382e-12,1.8817339400426382e-12,0.24028556211572705,74850.61193596967,False,0.0,48110.44402292609
1779907964.1479943,BUY_YES,91.53,0.59,0.59,0.0,0.0,0.24044991934414284,74850.61193596967,False,0.0,48108.362213222084
1779907964.194644,BUY_YES,105.0,0.59,0.59,0.0,0.0,0.24053272521345903,74850.61193596967,False,0.0,48105.97844922208
1779907964.579637,BUY_YES,94.75,0.59,0.59,0.0,0.0,0.24141608337234144,74850.61193596967,False,0.0,48103.82445742208
1779907965.0574286,BUY_YES,93.16,0.59,0.59,0.0,0.0,0.2422701654302054,74850.61193596967,False,0.0,48101.70610833409
1779907965.1119702,BUY_YES,347.51,0.59,0.59,0.0,0.0,0.24236584352429547,74850.61193596967,False,0.0,48093.88604616609
1779907965.2492948,BUY_YES,86.66000000000003,0.59,0.59,0.0,0.0,0.24272305821973372,74850.61193596967,False,0.0,48091.91340627808
1779907966.4236534,BUY_YES,90.14,0.59,0.59,0.0,0.0,0.24610862047749182,74850.61193596967,False,0.0,48089.862755926086
1779907975.9238768,BUY_YES,103.50838516969816,0.62,0.62,0.0,0.0,0.23981318717356448,74850.61193596967,False,0.0,48280.51106901334
1779908031.5239172,BUY_YES,332.67,0.28,0.28,0.0,0.0,0.429408563073434,74850.61193596967,False,0.0,46052.010294010965
1779908032.327101,BUY_YES,183.55,0.28,0.28,0.0,0.0,0.42098766548237554,74850.61193596967,False,0.0,46048.39827905096
1779908032.672753,BUY_YES,348.73,0.28,0.28,0.0,0.0,0.41885617226738303,74850.61193596967,False,0.0,46041.56274335496
1779908032.934025,BUY_YES,181.24,0.28,0.28,0.0,0.0,0.41660784595866074,74850.61193596967,False,0.0,46000.08870183904
1779908035.01116,BUY_YES,196.46,0.28,0.28,0.0,0.0,0.39433068000689064,74850.61193596967,False,0.0,45995.24244564704
1779908035.4054852,BUY_YES,184.03,0.28,0.28,0.0,0.0,0.39368976513711185,74850.61193596967,False,0.0,45990.70091339105
1779908039.4299295,BUY_YES,271.49,0.28,0.28,0.0,0.0,0.36241637014465855,74850.61193596967,False,0.0,45942.84827507513
1779908096.2779648,SETTLE_YES,8233.401333583446,0.0,0.0,0.0,0.0,0.0,74850.61193596967,False,-3359.9139563058743,43760.99692167551
1779908097.1644206,BUY_YES,917.41,0.51,0.51,0.0,0.0,0.3064638829782884,74833.7206662629,False,0.0,43739.87309702751
1779908097.242841,BUY_YES,326.21,0.52,0.52,0.0,0.0,0.2964514550069768,74833.7206662629,False,0.0,43729.087561875516
1779908097.2447565,BUY_YES,329.0,0.53,0.53,0.0,0.0,0.2864479509469007,74833.7206662629,False,0.0,43714.931881075514
1779908097.2483172,BUY_YES,106.0,0.54,0.54,0.0,0.0,0.2764383011412126,74833.7206662629,False,0.0,43709.296092275516
1779908097.2534134,BUY_YES,330.0,0.55,0.55,0.0,0.0,0.2664190003526681,74833.7206662629,False,0.0,43688.535492275514
1779908097.2593317,BUY_YES,201.0,0.56,0.56,0.0,0.0,0.2563955607584074,74833.7206662629,False,0.0,43673.884591475515
1779908097.2630453,BUY_YES,203.0,0.57,0.57,0.0,0.0,0.24637913701397307,74833.7206662629,False,0.0,43657.07720987551
1779908097.2664077,BUY_YES,217.0,0.58,0.58,0.0,0.0,0.2363631323507912,74833.7206662629,False,0.0,43636.96620347552
1779908097.2709398,BUY_YES,175.0,0.59,0.59,0.0,0.0,0.2263405174578189,74833.7206662629,False,0.0,43619.013263475514
1779908097.275027,BUY_YES,629.6,0.6,0.6,0.0,0.0,0.2163189976959332,74833.7206662629,False,0.0,43548.29177547551
1779908097.2783885,BUY_YES,225.0,0.61,0.61,0.0,0.0,0.20630355114784038,74833.7206662629,False,0.0,43520.78279547551
1779908097.283002,BUY_YES,235.16,0.62,0.62,0.0,0.0,0.1962807772198737,74833.7206662629,False,0.0,43489.72032936351
1779908097.2864466,BUY_YES,260.0,0.63,0.63,0.0,0.0,0.1862629302370865,74833.7206662629,False,0.0,43452.82669736351
1779908097.2898998,BUY_YES,153.12860661383093,0.64,0.64,0.0,0.0,0.17624451328880775,74833.7206662629,False,0.0,43429.58411564124
1779908098.6995625,BUY_YES,892.19,0.51,0.51,0.0,0.0,0.29150769508725616,74833.7206662629,False,0.0,43409.04016940924
1779908098.7038002,BUY_YES,283.21,0.52,0.52,0.0,0.0,0.28147162552060534,74833.7206662629,False,0.0,43399.67239585724
1779908098.7069783,BUY_YES,336.0,0.53,0.53,0.0,0.0,0.27145679169054115,74833.7206662629,False,0.0,43385.21616865724
1779908098.7101767,BUY_YES,113.0,0.54,0.54,0.0,0.0,0.2614491822888848,74833.7206662629,False,0.0,43379.210186257245
1779908100.294878,BUY_YES,392.39809240539034,0.51,0.51,0.0,0.0,0.2780021677568033,74833.7206662629,False,0.0,43338.53632190309
1779908160.0386326,BUY_NO,243.63877144606968,0.24,0.24,0.0,0.0,0.061296923458327046,74833.7206662629,False,0.0,45010.0297440283
1779908160.0432296,SELL_YES,1107.4012285539304,0.7550394673056546,0.76,65.27016703086022,65.27016703086022,0.05630097070555562,74833.7206662629,True,213.37831798277807,44984.22245185717
1779908160.0607095,SELL_YES,444.37,0.7357107815559107,0.74,57.96241140661147,57.96241140661147,0.03689333155595309,74833.7206662629,True,76.7123798197581,44964.95615037919
1779908160.0719259,SELL_YES,236.73000000000002,0.7224217462932455,0.73,103.81169461307489,103.81169461307489,0.02358775025661941,74833.7206662629,True,37.60341798893944,44951.42867919107
1779908160.1193604,SELL_YES,87.0,0.76,0.76,0.0,0.0,0.06098706223444006,74833.7206662629,True,17.183420752235143,44949.82112559107
1779908161.058916,SELL_YES,85.54000000000008,0.7581868131868131,0.76,23.85772122614307,23.85772122614307,0.05469207892390937,74833.7206662629,True,16.733665156474892,44948.07915918329
1779908163.7968209,SELL_YES,72.12,0.7566555740432613,0.76,44.005604693929904,44.005604693929904,0.040836170796563764,74833.7206662629,True,13.989159790009033,44946.491249199935
1779908165.675311,SELL_YES,69.10000000000002,0.76,0.76,0.0,0.0,0.03766770750347159,74833.7206662629,True,13.641808896315503,44945.20827271993
1779908166.7977412,SELL_YES,68.0,0.76,0.76,0.0,0.0,0.03516882801507515,74833.7206662629,True,13.424167944275737,44943.94524231993
1779908167.3553493,SELL_YES,72.18,0.7596979772790247,0.76,3.9739831707282613,3.9739831707282613,0.03247689872304582,74833.7206662629,True,14.228587844081673,44942.583801097986
1779908167.366642,SELL_YES,1306.71,0.7564669283926808,0.76,46.4877843068315,46.4877843068315,0.029222968470877242,74833.7206662629,True,253.72126918972504,44914.07111516347
1779908167.471203,SELL_YES,81.05000000000001,0.7564157927205429,0.76,47.160622098119404,47.160622098119404,0.028840293757174007,74833.7206662629,True,15.704879704390471,44912.27015037075
1779908167.4994657,SELL_YES,117.14999999999992,0.7593623559539052,0.76,8.390053238089308,8.390053238089308,0.03164909439419039,74833.7206662629,True,23.071268053738592,44910.03839951225
1779908167.8427238,SELL_YES,66.38999999999999,0.7690375056484411,0.77,12.499926643622455,12.499926643622455,0.040077213938694345,74833.7206662629,True,13.728475152897936,44932.09668433068
1779908167.869921,SELL_YES,99.68,0.759430176565008,0.76,7.49767677621068,7.49767677621068,0.030346625348501632,74833.7206662629,True,19.633303101370586,44929.20348256503
1779908167.9105794,SELL_YES,88.13999999999999,0.77,0.77,0.0,0.0,0.04071626257462624,74833.7206662629,True,18.3240101447127,44927.608891797034
1779908167.9259276,SELL_YES,67.17000000000002,0.77,0.77,0.0,0.0,0.04064957162327565,74833.7206662629,True,13.957280025191196,44926.386543693035
1779908168.2087495,SELL_YES,137.27000000000004,0.7694456181248633,0.77,7.19976461216465,7.19976461216465,0.038555145428206705,74833.7206662629,True,28.47563876202109,44923.8407807386
1779908168.2235057,SELL_YES,69.0,0.77,0.77,0.0,0.0,0.03903833319980643,74833.7206662629,True,14.338353755220972,44922.585947938605
1779908168.2721949,SELL_YES,69.53999999999996,0.77,0.77,0.0,0.0,0.03881930560377678,74833.7206662629,True,14.450801741131386,44921.3215294906
1779908168.2909987,SELL_YES,203.68999999999994,0.77,0.77,0.0,0.0,0.03874875982982939,74833.7206662629,True,42.385796759434186,44917.6757875626
1779908168.3193896,SELL_YES,66.2700000000001,0.7692455107891957,0.77,9.798561179277185,9.798561179277185,0.037880878751526015,74833.7206662629,True,13.717925431501662,44916.41747425476
1779908168.3487885,SELL_YES,81.10000000000002,0.77,0.77,0.0,0.0,0.03850206725632521,74833.7206662629,True,16.85802158765827,44914.94785193476
1779908168.8301082,SELL_YES,75.0,0.77,0.77,0.0,0.0,0.035494549890328964,74833.7206662629,True,15.587775820892361,44913.58651193476
1779908169.7489417,SELL_YES,71.0,0.767887323943662,0.77,27.43735138101332,27.43735138101332,0.02961590397157865,74833.7206662629,True,14.59901859401284,44912.140367551656
1779908169.7593865,SELL_YES,65.0,0.7692307692307693,0.77,9.990009990009668,9.990009990009668,0.030892902263080724,74833.7206662629,True,13.453464480670817,44910.904598320885
1779908169.7938013,SELL_YES,68.38000000000002,0.7678560982743493,0.77,27.842879553905323,27.842879553905323,0.029328408836724162,74833.7206662629,True,14.056969629746426,44909.5084940862
1779908169.900409,SELL_YES,81.52999999999997,0.7612486201398259,0.77,113.65428389836568,113.65428389836568,0.022186004006155113,74833.7206662629,True,16.206772198250896,44907.29044744608
1779908172.0094323,SELL_YES,1267.7954704652914,0.7684374808470282,0.77,20.29245653210112,20.29245653210112,0.01797917228263346,74833.7206662629,True,261.91418789616193,44882.697805127325
1779908184.8294284,BUY_YES,76.93199874184117,0.79,0.79,0.0,0.0,0.01701581072962466,74833.7206662629,False,0.0,44878.927820080586
1779908187.037149,BUY_YES,251.07118747799288,0.7964603664445651,0.79,81.77679043753224,81.77679043753224,0.01674268245240018,74833.7206662629,False,0.0,44873.08994683708
1779908188.8903425,BUY_YES,226.97,0.7987280257302728,0.79,110.48133835788303,110.48133835788303,0.020834344825628626,74833.7206662629,False,0.0,44867.31695703685
1779908195.6184454,BUY_YES,177.49,0.797611696433602,0.79,96.35058776711308,96.35058776711308,0.04008098244776437,74833.7206662629,False,0.0,44862.98558264978
1779908195.8678823,BUY_YES,94.53,0.8068264043160901,0.8,85.33005395112563,85.33005395112563,0.03137912982110458,74833.7206662629,False,0.0,44859.831541175445
1779908197.02835,BUY_YES,219.51999999999998,0.798219752186589,0.79,104.04749603277205,104.04749603277205,0.03872753073831792,74833.7206662629,False,0.0,44854.35383830735
1779908200.3167868,BUY_YES,200.34,0.7985025456723571,0.79,107.62716040958338,107.62716040958338,0.038385191720125555,74833.7206662629,False,0.0,44849.29789385236
1779908202.5041723,BUY_YES,70.62470673414259,0.7964587463571144,0.79,81.75628300144821,81.75628300144821,0.041145339942481596,74833.7206662629,False,0.0,44847.634286077824
1779908210.2383835,BUY_YES,62.74027635827838,0.8175008079482373,0.81,92.60256726218846,92.60256726218846,0.03773276280993754,74833.7206662629,False,0.0,44861.93991677924
1779908214.602244,BUY_YES,64.21479683347798,0.829282139963212,0.82,113.19682881965893,113.19682881965893,0.03534051247577508,74833.7206662629,False,0.0,44865.378981962065
1779908215.6007333,BUY_YES,65.35,0.8179066564651875,0.81,97.61304278009135,97.61304278009135,0.0484769301850172,74833.7206662629,False,0.0,44863.804761316664
1779908222.285742,BUY_YES,162.0,0.8348148148148149,0.83,58.00981704596311,58.00981704596311,0.04311972878895809,74833.7206662629,False,0.0,44857.336306916666
1779908225.7402208,BUY_YES,65.49000000000001,0.8219850358833408,0.82,24.207754674888644,24.207754674888644,0.06336795560742359,74833.7206662629,False,0.0,44862.9721615421
1779908225.8387058,BUY_YES,65.49000000000001,0.8219850358833408,0.82,24.207754674888644,24.207754674888644,0.06353007791438292,74833.7206662629,False,0.0,44861.46729519404
1779908227.7037857,BUY_YES,60.52239814699237,0.8399999999999999,0.84,-1.3216940769347101e-12,-1.3216940769347101e-12,0.04868782104055769,74833.7206662629,False,0.0,44859.03596010724
1779908241.804575,BUY_YES,170.53,0.8388547469653432,0.83,106.68369837762981,106.68369837762981,0.06841092550985073,74833.7206662629,False,0.0,44870.3273955478
1779908243.2460732,BUY_YES,269.78,0.8244480687967974,0.82,54.24474142435962,54.24474142435962,0.08141537618232231,74833.7206662629,False,0.0,44855.98628688071
1779908243.2922764,BUY_YES,334.9,0.8470794266945357,0.84,84.27888922066383,84.27888922066383,0.05888939541710536,74833.7206662629,False,0.0,44842.089414316826
1779908245.5771532,BUY_YES,269.78,0.8244480687967974,0.82,54.24474142435962,54.24474142435962,0.08213088722770256,74833.7206662629,False,0.0,44836.69918861397
1779908266.915631,BUY_YES,162.23,0.8392603094372189,0.83,111.56999321950475,111.56999321950475,0.06789511354806266,74833.7206662629,False,0.0,44831.157702540906
1779908267.9900303,BUY_YES,281.78,0.8246845056427,0.82,57.12811759390324,57.12811759390324,0.08259065385178865,74833.7206662629,False,0.0,44825.46554094032
1779908304.8315222,SELL_YES,326.5,0.9008232771822359,0.91,100.84310788751823,100.84310788751823,0.017495946059563394,74833.7206662629,True,24.815108655043787,45129.57127903836
1779908307.7044046,SELL_YES,60.0,0.905,0.91,54.94505494505499,54.94505494505499,0.01458844863096187,74833.7206662629,True,4.800859946401189,45128.56986703836
1779908308.6810353,SELL_YES,60.0,0.905,0.91,54.94505494505499,54.94505494505499,0.01267704402934755,74833.7206662629,True,4.800859946401189,45127.56845503835
1779908310.748794,SELL_YES,56.88,0.91,0.91,0.0,0.0,0.012068471302747685,74833.7206662629,True,4.850743821188317,45126.91864505435
1779908366.5819318,BUY_YES,65.91978909732461,0.95,0.95,0.0,0.0,0.02401169738866127,74833.7206662629,False,0.0,45204.49159821555
1779908367.5261235,BUY_YES,70.72203537278028,0.95,0.95,0.0,0.0,0.02450706193174934,74833.7206662629,False,0.0,45203.86611867771
1779908368.4704652,BUY_YES,68.5391696714778,0.9499999999999998,0.95,-1.1686558153949015e-12,-1.1686558153949015e-12,0.02498715367436688,74833.7206662629,False,0.0,45203.259018869074
1779908369.3296375,BUY_YES,60.50839745602707,0.95,0.95,0.0,0.0,0.025411009365171267,74833.7206662629,False,0.0,45202.71953816249
1779908370.2624414,BUY_YES,63.7635273865576,0.95,0.95,0.0,0.0,0.025857651781902358,74833.7206662629,False,0.0,45202.1526492619
1779908370.3366175,BUY_YES,616.017032882351,0.946096861171598,0.94,64.8602252297662,64.8602252297662,0.02979571487858368,74833.7206662629,False,0.0,45181.43137370037
1779908370.928466,BUY_YES,399.92,0.9392498499699939,0.93,99.46075236552575,99.46075236552575,0.03691831401229828,74833.7206662629,False,0.0,45120.79853859691
1779908371.2253077,BUY_YES,97.86164764681325,0.9348907461500697,0.93,52.58866828031914,52.58866828031914,0.041413605107896156,74833.7206662629,False,0.0,45119.37172123658
1779908372.5369408,BUY_YES,60.85135396154692,0.93,0.93,0.0,0.0,0.04689023898160627,74833.7206662629,False,0.0,45118.75224200048
1779908400.406404,SELL_YES,60.0,0.9649999999999999,0.97,51.546391752578515,51.546391752578515,0.018196743494313217,74887.31536623606,True,6.025432559665838,45323.444811316556
1779908400.428349,SELL_YES,299.0,0.9699999999999999,0.97,1.1445598192011925e-12,1.1445598192011925e-12,0.023463147802350592,74887.31536623606,True,31.74188232233479,45321.293346516555
1779908400.4712887,SELL_YES,105.0,0.97,0.97,0.0,0.0,0.024090309112924313,74887.31536623606,True,11.127349979415229,45320.51835051656
1779908400.822871,SELL_YES,359.48,0.9500000000000001,0.95,-1.1686558153949015e-12,-1.1686558153949015e-12,0.010609640717732405,74887.31536623606,True,30.502676806478007,45310.27192891656
1779908400.8344593,SELL_YES,404.0,0.97,0.97,0.0,0.0,0.030849584509015537,74887.31536623606,True,42.89923230175009,45307.37546811656
1779908400.8393683,SELL_YES,359.48,0.9500000000000001,0.95,-1.1686558153949015e-12,-1.1686558153949015e-12,0.010955726766498475,74887.31536623606,True,30.502676806478007,45297.12904651656
1779908390.7596986,SETTLE_YES,2766.048317767604,1.0,1.0,0.0,0.0,0.0,74887.31536623606,True,382.6684848379948,45360.1892851746
1779908390.7596986,SETTLE_NO,243.63877144606968,0.0,0.0,0.0,0.0,0.0,74887.31536623606,False,-58.50330514705672,45360.1892851746
1779908401.841967,BUY_NO,669.04,0.5,0.5,0.0,0.0,0.12799152578348638,74888.56497551908,False,0.0,45344.7713651746
1779908401.8474462,BUY_NO,109.59,0.51,0.51,0.0,0.0,0.11802639706611573,74888.56497551908,False,0.0,45341.1256842226
1779908401.8534188,BUY_NO,231.21,0.52,0.52,0.0,0.0,0.10805345129818156,74888.56497551908,False,0.0,45331.1603130706
1779908401.8585253,BUY_NO,333.0,0.53,0.53,0.0,0.0,0.09807378032201153,74888.56497551908,False,0.0,45313.502891470605
1779908402.9476295,BUY_NO,652.04,0.5,0.5,0.0,0.0,0.12416656362064393,74888.56497551908,False,0.0,45298.47597147061
1779908402.9523046,BUY_NO,149.59,0.51,0.51,0.0,0.0,0.11415492748835443,74888.56497551908,False,0.0,45293.5105785186
1779908440.737509,SELL_NO,102.54,0.54,0.54,0.0,0.0,0.03422102261660154,74888.56497551908,True,1.4149703316333557,45408.56712112661
1779908440.832604,SELL_NO,98.25,0.53,0.53,0.0,0.0,0.024133057739074815,74888.56497551908,True,0.3670648284667166,45404.80998772661
1779908440.9098575,SELL_NO,102.99999999999999,0.54,0.54,0.0,0.0,0.033781091250319584,74888.56497551908,True,1.4214525468913166,45401.907853326615
1779908441.100079,SELL_NO,202.67,0.54,0.54,0.0,0.0,0.032646343115631415,74888.56497551908,True,2.8259794920239187,45396.226440910614
1779908442.2814848,SELL_NO,137.67,0.55,0.55,0.0,0.0,0.037913050867837805,74888.56497551908,True,3.2956353085293983,45401.24486151061
1779908442.2862754,SELL_NO,614.51,0.54,0.54,0.0,0.0,0.02794282869006892,74888.56497551908,True,8.62953499602122,45381.006823062606
1779908442.7222276,SELL_NO,190.00000000000003,0.55,0.55,0.0,0.0,0.03715352204801148,74888.56497551908,True,4.559748736983977,45376.641023062606
1779908442.9714012,SELL_NO,135.99,0.55,0.55,0.0,0.0,0.036314518431760145,74888.56497551908,True,3.255052267065537,45376.3069312626
1779908443.3604562,SELL_NO,91.66,0.56,0.56,0.0,0.0,0.04682139194038326,74888.56497551908,True,3.108050889010272,45376.9917095346
1779908443.411332,BUY_YES,150.0,0.44,0.44,0.0,0.0,0.04694639562136005,74888.56497551908,False,0.0,45373.5505895346
1779908443.4721756,SELL_NO,110.00000000000003,0.56,0.56,0.0,0.0,0.04681740905437781,74888.56497551908,True,3.735934952990732,45371.019101534606
1779908443.5129547,SELL_NO,105.26999999999998,0.56,0.56,0.0,0.0,0.046645947307556224,74888.56497551908,True,3.5739997500121206,45368.595177518604
1779908443.93047,SELL_NO,252.9100000000002,0.56,0.56,0.0,0.0,0.046208501317153816,74888.56497551908,True,8.62856917237167,45362.8138017906
1779908444.4471202,BUY_YES,136.0,0.43,0.43,0.0,0.0,0.054241884007375174,74888.56497551908,False,0.0,45358.20378259061
1779908475.8889856,SELL_YES,128.4445907221964,0.39,0.39,0.0,0.0,0.027641393665228164,74888.56497551908,False,-8.04154577530089,45346.75145793144
1779908476.3539696,BUY_NO,82.28915962059138,0.61,0.61,0.0,0.0,0.030958008583486518,74888.56497551908,False,0.0,45344.900497576025
1779908476.590859,SELL_YES,136.2300577210362,0.39,0.39,0.0,0.0,0.03244755243116393,74888.56497551908,False,-8.527153031259239,45341.85588987473
1779908476.8194761,BUY_NO,101.87162109171261,0.61,0.61,0.0,0.0,0.03452163445107048,74888.56497551908,False,0.0,45339.57159314592
1779908477.1855254,BUY_NO,84.96134220856678,0.61,0.61,0.0,0.0,0.0374938078486432,74888.56497551908,False,0.0,45337.66150059645
1779908477.6104712,BUY_NO,90.73899616581798,0.61,0.61,0.0,0.0,0.04066824197954111,74888.56497551908,False,0.0,45335.623555498096
1779908478.0259745,BUY_NO,84.9469272346999,0.61,0.61,0.0,0.0,0.043640300030348134,74888.56497551908,False,0.0,45333.713781934704
1779908478.493574,BUY_NO,95.25870781886209,0.61,0.61,0.0,0.0,0.046973264343593724,74888.56497551908,False,0.0,45331.57582104112
1779908478.9198668,BUY_NO,84.54225639139054,0.61,0.61,0.0,0.0,0.049931624085768234,74888.56497551908,False,0.0,45329.675002357886
1779908479.4197428,BUY_NO,92.41900085036298,0.61,0.61,0.0,0.0,0.05316567307181319,74888.56497551908,False,0.0,45327.59988077187
1779908479.9161096,BUY_NO,89.19425910889265,0.61,0.61,0.0,0.0,0.05628719362993573,74888.56497551908,False,0.0,45325.59611885091
1779908480.4128778,BUY_NO,87.30909422493232,0.61,0.61,0.0,0.0,0.05934293988204564,74888.56497551908,False,0.0,45323.63407336662
1779908482.0485306,BUY_NO,85.96026505608211,0.61,0.61,0.0,0.0,0.062351677198998146,74888.56497551908,False,0.0,45321.70187585324
1779908482.6859639,BUY_NO,89.50068939658092,0.61,0.61,0.0,0.0,0.06548447893277276,74888.56497551908,False,0.0,45319.691332997725
1779908483.2583566,BUY_NO,87.24112530806838,0.61,0.61,0.0,0.0,0.06853847679116709,74888.56497551908,False,0.0,45317.73079158401
1779908483.7637446,BUY_NO,89.65562306801235,0.61,0.61,0.0,0.0,0.07167713815425703,74888.56497551908,False,0.0,45315.716820232265
1779908484.1531725,BUY_NO,82.26031170557485,0.61,0.61,0.0,0.0,0.0745572617536775,74888.56497551908,False,0.0,45313.86649824659
1779908484.619836,BUY_NO,92.91950244943223,0.61,0.61,0.0,0.0,0.0778104659805795,74888.56497551908,False,0.0,45311.78030116079
1779908485.0855737,BUY_NO,83.22830805514673,0.61,0.61,0.0,0.0,0.08072493368727962,74888.56497551908,False,0.0,45309.9085585775
1779908485.5856059,BUY_NO,88.07969269156229,0.61,0.61,0.0,0.0,0.08380919273787735,74888.56497551908,False,0.0,45307.92946067387
1779908486.6031835,BUY_NO,85.67974532072526,0.61,0.61,0.0,0.0,0.08680976279353014,74888.56497551908,False,0.0,45306.00347072562
1779908487.4195144,BUY_NO,83.1740733069953,0.61,0.61,0.0,0.0,0.08972278251863675,74888.56497551908,False,0.0,45304.13292829222
1779908488.0279396,BUY_NO,84.83050521604696,0.61,0.61,0.0,0.0,0.09269391035172092,74888.56497551908,False,0.0,45302.2257310084
1779908488.4968874,BUY_NO,85.67504355106439,0.61,0.61,0.0,0.0,0.0956948318913714,74888.56497551908,False,0.0,45300.299845104666
1779908489.5402496,BUY_NO,83.4751137241401,0.61,0.61,0.0,0.0,0.09861896770649448,74888.56497551908,False,0.0,45298.42264100809
1779908490.3129625,BUY_NO,86.00909411623456,0.61,0.61,0.0,0.0,0.1016319361500777,74888.56497551908,False,0.0,45296.48936296621
1779908490.841919,BUY_NO,85.23551463346939,0.61,0.61,0.0,0.0,0.10461809252794585,74888.56497551908,False,0.0,45294.57320331
1779908491.2947667,BUY_NO,82.92619902392698,0.61,0.61,0.0,0.0,0.10752358228756076,74888.56497551908,False,0.0,45292.70814603703
1779908491.8130794,BUY_NO,90.25623794747344,0.61,0.61,0.0,0.0,0.11068579995410566,74888.56497551908,False,0.0,45290.68088379874
1779908492.364042,BUY_NO,90.09972202923427,0.61,0.61,0.0,0.0,0.11384297833797385,74888.56497551908,False,0.0,45288.6570850699
1779908492.8913822,BUY_NO,84.63442027321298,0.61,0.61,0.0,0.0,0.1168090295216323,74888.56497551908,False,0.0,45286.754226910554
1779908493.4689734,BUY_NO,88.56433414091134,0.61,0.61,0.0,0.0,0.11991268902151109,74888.56497551908,False,0.0,45284.764404473215
1779908494.0353472,BUY_NO,87.5257348210821,0.61,0.61,0.0,0.0,0.12298032830990702,74888.56497551908,False,0.0,45282.79756499251
1779908494.6071134,BUY_NO,85.55293423934563,0.61,0.61,0.0,0.0,0.12597906346034093,74888.56497551908,False,0.0,45280.87438122131
1779908495.3156593,BUY_NO,95.20647133543389,0.61,0.61,0.0,0.0,0.12931594376764977,74888.56497551908,False,0.0,45278.73757625842
1779908685.0354414,SETTLE_YES,21.3253515567674,0.0,0.0,0.0,0.0,0.0,74906.49131676751,False,-9.311747418833587,43521.12473658752
1779908685.0354414,SETTLE_NO,2891.2220261255857,1.0,1.0,0.0,0.0,0.0,74906.49131676751,True,1127.5465901889781,46412.3467627131
1779909254.664103,BUY_NO,335.3809721615903,0.16000000000000003,0.16000000000000003,0.0,0.0,0.06695459936885162,74906.49131676751,False,0.0,46407.39444326088
1779909255.3065286,BUY_NO,330.5771499915985,0.16000000000000003,0.16000000000000003,0.0,0.0,0.07333736732315388,74906.49131676751,False,0.0,46402.512628545875
1779909255.8695168,BUY_NO,313.2700928130904,0.16000000000000003,0.16000000000000003,0.0,0.0,0.07938685385441024,74906.49131676751,False,0.0,46397.88482604768
1779909269.8879838,BUY_NO,2340.31,0.16000000000000003,0.16000000000000003,0.0,0.0,0.18000857585600327,74906.49131676751,False,0.0,46346.908873164844
1779909269.8915114,BUY_NO,2340.31,0.16000000000000003,0.16000000000000003,0.0,0.0,0.18003751460873707,74906.49131676751,False,0.0,46300.829061356846
1779909271.049982,BUY_NO,1090.6915598942041,0.16000000000000003,0.16000000000000003,0.0,0.0,0.19095496288698255,74906.49131676751,False,0.0,46313.09044054542
1779909272.556803,BUY_NO,316.20228686022074,0.16000000000000003,0.16000000000000003,0.0,0.0,0.19709773830538024,74906.49131676751,False,0.0,46308.41960282163
1779909273.1767097,BUY_NO,314.1457805903992,0.16000000000000003,0.16000000000000003,0.0,0.0,0.20318047274822382,74906.49131676751,False,0.0,46303.77894802906
1779909273.8847713,BUY_NO,323.41951905930273,0.16000000000000003,0.16000000000000003,0.0,0.0,0.20944326275776426,74906.49131676751,False,0.0,46299.00218443173
1779909276.751474,BUY_NO,323.6859176781945,0.16000000000000003,0.16000000000000003,0.0,0.0,0.21571233441002013,74906.49131676751,False,0.0,46294.221510955154
1779909278.1808655,BUY_NO,313.76164698149387,0.16000000000000003,0.16000000000000003,0.0,0.0,0.22179035748440346,74906.49131676751,False,0.0,46289.58649401474
1779909278.9758093,BUY_NO,315.1090683934726,0.16000000000000003,0.16000000000000003,0.0,0.0,0.22789492103832532,74906.49131676751,False,0.0,46284.93170123974
1779909279.7787797,BUY_NO,325.9422443757503,0.16000000000000003,0.16000000000000003,0.0,0.0,0.23420985798285554,74906.49131676751,False,0.0,46280.11791210748
1779909280.6537244,BUY_NO,319.67352966592443,0.16000000000000003,0.16000000000000003,0.0,0.0,0.24040479493044553,74906.49131676751,False,0.0,46275.396127647284
1779909281.5499296,BUY_NO,318.82707912261503,0.16000000000000003,0.16000000000000003,0.0,0.0,0.24658396699239837,74906.49131676751,False,0.0,46270.68676637242
1779909282.4933312,BUY_NO,323.669803185152,0.16000000000000003,0.16000000000000003,0.0,0.0,0.2528576170346648,74906.49131676751,False,0.0,46265.90632940503
1779909286.629248,BUY_NO,312.8046261503787,0.16000000000000003,0.16000000000000003,0.0,0.0,0.2589221195065414,74906.49131676751,False,0.0,46261.28535846795
1779909289.5241275,BUY_NO,316.31410507819055,0.16000000000000003,0.16000000000000003,0.0,0.0,0.265054883013223,74906.49131676751,False,0.0,46256.61287961054
1779909291.2441006,BUY_NO,314.7590833407976,0.16000000000000003,0.16000000000000003,0.0,0.0,0.27115852400415585,74906.49131676751,False,0.0,46251.96322349616
1779909292.1958241,BUY_NO,322.31167422303224,0.16000000000000003,0.16000000000000003,0.0,0.0,0.27740904728048155,74906.49131676751,False,0.0,46247.20271951593
1779909300.4340584,BUY_NO,360.02,0.14,0.14,0.0,0.0,0.3009200170265408,74906.49131676751,False,0.0,46018.02835534862
1779909302.4827623,BUY_NO,493.06,0.13,0.13,0.0,0.0,0.31525397437058666,74906.49131676751,False,0.0,45895.80610776097
1779909286.6268418,SETTLE_NO,12064.246139565408,1.0,1.0,0.0,0.0,0.0,74906.49131676751,True,10155.928957234943,56452.0214798807
1779909322.687023,BUY_NO,341.99,0.48,0.48,0.0,0.0,0.3924654551148874,74904.30475938001,False,0.0,56444.1355591927
1779909322.7304685,BUY_NO,150.23,0.49,0.49,0.0,0.0,0.38245434404854173,74904.30475938001,False,0.0,56439.1490508487
1779909322.7728605,BUY_NO,212.19,0.5,0.5,0.0,0.0,0.3723911613769304,74904.30475938001,False,0.0,56429.994880848695
1779909324.1328967,BUY_NO,394.06,0.48,0.48,0.0,0.0,0.38320698885595217,74904.30475938001,False,0.0,56420.912849776694
1779909324.1750586,BUY_NO,144.5,0.48999999999999994,0.49,-1.1328806373726088e-12,-1.1328806373726088e-12,0.37294870960292476,74904.30475938001,False,0.0,56416.115390176696
1779909324.2180703,BUY_NO,212.19,0.5,0.5,0.0,0.0,0.3627745170140575,74904.30475938001,False,0.0,56406.961220176694
1779909324.6557093,BUY_NO,222.0,0.51,0.51,0.0,0.0,0.35027329665000284,74904.30475938001,False,0.0,56395.16681857669
1779909324.6970356,BUY_NO,214.0,0.52,0.52,0.0,0.0,0.34016335356950234,74904.30475938001,False,0.0,56381.660981776695
1779909324.9854362,BUY_NO,179.0,0.53,0.53,0.0,0.0,0.3286548886976224,74904.30475938001,False,0.0,56368.5755809767
1779909325.026244,BUY_NO,216.13,0.54,0.54,0.0,0.0,0.3185214503707181,74904.30475938001,False,0.0,56350.6316891527
1779909325.0681112,BUY_NO,187.0,0.55,0.55,0.0,0.0,0.3084487054416979,74904.30475938001,False,0.0,56333.2443491527
1779909325.2717714,BUY_NO,287.02,0.48000000000000004,0.48,1.1564823173178715e-12,1.1564823173178715e-12,0.3774986387113664,74904.30475938001,False,0.0,56326.62115532871
1779909325.3127222,BUY_NO,143.0,0.48999999999999994,0.49,-1.1328806373726088e-12,-1.1328806373726088e-12,0.3673092027871547,74904.30475938001,False,0.0,56321.8731849287
1779909325.3550274,BUY_NO,212.19,0.5,0.5,0.0,0.0,0.3571628006920473,74904.30475938001,False,0.0,56312.719014928705
1779909325.3953614,BUY_NO,222.0,0.51,0.51,0.0,0.0,0.34706750867234404,74904.30475938001,False,0.0,56300.9246133287
1779909325.4732718,BUY_NO,214.0,0.52,0.52,0.0,0.0,0.3369167961927725,74904.30475938001,False,0.0,56287.418776528706
1779909325.5187457,BUY_NO,179.0,0.53,0.53,0.0,0.0,0.32682950523446963,74904.30475938001,False,0.0,56274.33337572871
1779909325.6106231,BUY_NO,216.13,0.54,0.54,0.0,0.0,0.31653550613460313,74904.30475938001,False,0.0,56256.38948390471
1779909325.652844,BUY_NO,187.0,0.55,0.55,0.0,0.0,0.3064075270758754,74904.30475938001,False,0.0,56239.00214390471
1779909325.6981828,BUY_NO,189.0,0.56,0.56,0.0,0.0,0.29627587226865093,74904.30475938001,False,0.0,56219.55413270471
1779909325.8407075,BUY_NO,192.0,0.5700000000000001,0.5700000000000001,0.0,0.0,0.28586715791891437,74904.30475938001,False,0.0,56197.89587030471
1779909325.8819764,BUY_NO,263.0,0.5800000000000001,0.5800000000000001,0.0,0.0,0.27574804299942257,74904.30475938001,False,0.0,56165.63806070471
1779909327.3488262,BUY_NO,119.38,0.48,0.48,0.0,0.0,0.366357629848729,74904.30475938001,False,0.0,56162.865758848704
1779909327.6262324,BUY_NO,359.89,0.48,0.48,0.0,0.0,0.36420289254997296,74904.30475938001,False,0.0,56154.568653680704
1779909327.697236,BUY_NO,150.45,0.48999999999999994,0.49,-1.1328806373726088e-12,-1.1328806373726088e-12,0.3537443978154589,74904.30475938001,False,0.0,56149.57488692071
1779909327.7390354,BUY_NO,212.19,0.5,0.5,0.0,0.0,0.34357486833243633,74904.30475938001,False,0.0,56140.42071692071
1779909328.6587236,BUY_NO,222.0,0.51,0.51,0.0,0.0,0.32807196841334674,74904.30475938001,False,0.0,56128.62631532071
1779909328.6624098,BUY_NO,209.0,0.52,0.52,0.0,0.0,0.3180749048167011,74904.30475938001,False,0.0,56115.43533452071
1779909328.6660388,BUY_NO,186.35,0.53,0.53,0.0,0.0,0.3080767113498887,74904.30475938001,False,0.0,56101.81386000071
1779909328.6693819,BUY_NO,229.0,0.54,0.54,0.0,0.0,0.29807634116175485,74904.30475938001,False,0.0,56082.803240800706
1779909328.6728923,BUY_NO,187.0,0.55,0.55,0.0,0.0,0.28807480447641776,74904.30475938001,False,0.0,56065.41590080071
1779909328.7364821,BUY_NO,111.82,0.48,0.48,0.0,0.0,0.35768581762875573,74904.30475938001,False,0.0,56062.81726121671
1779909328.7397497,BUY_NO,204.0,0.56,0.56,0.0,0.0,0.2776684411868515,74904.30475938001,False,0.0,56041.82813801671
1779909330.8946126,BUY_NO,111.91,0.47,0.47,0.0,0.0,0.33632452919460376,74904.30475938001,False,0.0,55827.931959784706
1779909330.8993428,BUY_NO,975.08,0.48,0.48,0.0,0.0,0.32631535132059053,74904.30475938001,False,0.0,55776.25080208871
1779909330.902661,BUY_NO,157.0,0.48999999999999994,0.49,-1.1328806373726088e-12,-1.1328806373726088e-12,0.3163132733684512,74904.30475938001,False,0.0,55766.33093248871
1779909330.9063594,BUY_NO,212.19,0.5,0.5,0.0,0.0,0.30630353623627504,74904.30475938001,False,0.0,55750.81106248871
1779909331.1674116,BUY_NO,175.0,0.51,0.51,0.0,0.0,0.2953623761277896,74904.30475938001,False,0.0,55736.25732248871
1779909332.4057064,BUY_NO,120.29,0.43999999999999995,0.43999999999999995,0.0,0.0,0.34689857607739116,74904.30475938001,False,0.0,55647.49293165671
1779909332.794773,BUY_NO,120.62999999999998,0.43999999999999995,0.43999999999999995,0.0,0.0,0.3419768358185882,74904.30475938001,False,0.0,55644.71970895271
1779909333.1418176,BUY_NO,124.25999999999999,0.43999999999999995,0.43999999999999995,0.0,0.0,0.33604314978234684,74904.30475938001,False,0.0,55641.863937144706
1779909333.1876557,BUY_NO,232.82000000000005,0.43999999999999995,0.43999999999999995,0.0,0.0,0.33537872097075483,74904.30475938001,False,0.0,55636.53942408871
1779909333.991054,BUY_NO,125.88999999999999,0.43999999999999995,0.43999999999999995,0.0,0.0,0.32381490726335604,74904.30475938001,False,0.0,55633.64658477671
1779909337.6066382,BUY_NO,248.0,0.38,0.38,0.0,0.0,0.3316589705752996,74904.30475938001,False,0.0,55212.31961117671
1779909337.7047026,BUY_NO,135.62,0.38,0.38,0.0,0.0,0.3304622737179782,74904.30475938001,False,0.0,54628.90126199271
1779909341.0286229,BUY_NO,157.35,0.35,0.35,0.0,0.0,0.3199089412025925,74904.30475938001,False,0.0,54771.11811899271
1779909371.0262332,BUY_YES,571.85,0.34,0.34,0.0,0.0,0.06503370341274761,74904.30475938001,False,0.0,57915.709602912706
1779909371.0329826,SELL_NO,88.0,0.65,0.65,0.0,0.0,0.05506995430209838,74904.30475938001,True,11.957136537672028,57912.91816291271
1779909372.033649,SELL_NO,81.88999999999999,0.6599999999999999,0.6599999999999999,0.0,0.0,0.06856012971779923,74904.30475938001,True,11.962025701067745,57911.15563256071
1779909373.2786264,BUY_YES,528.9719957053416,0.34,0.34,0.0,0.0,0.07593199073401208,74904.30475938001,False,0.0,57899.93427784197
1779909373.331153,SELL_NO,158.38800429465846,0.6599999999999999,0.6599999999999999,0.0,0.0,0.07609250161007419,74904.30475938001,True,23.164443988794403,57896.553294512705
1779909373.4121444,SELL_NO,88.0,0.65,0.65,0.0,0.0,0.06661835000369032,74904.30475938001,True,11.957136537672028,57893.761854512704
1779909374.544979,BUY_YES,255.2386276928869,0.34,0.34,0.0,0.0,0.08252929997790875,74904.30475938001,False,0.0,57888.33182191433
1779909374.626527,SELL_NO,506.33137230711316,0.6599999999999999,0.6599999999999999,0.0,0.0,0.08237645577569408,74904.30475938001,True,74.11750067119067,57877.58947033671
1779909377.0827243,SELL_NO,108.96000000000001,0.6736178414096916,0.6799999999999999,93.8552733868872,93.8552733868872,0.10141213239866598,74904.30475938001,True,17.44561598003048,58026.31606700373
1779909377.0874155,BUY_YES,209.29872047406093,0.34,0.34,0.0,0.0,0.08782294167064086,74904.30475938001,False,0.0,58017.67200142493
1779909377.137771,SELL_NO,95.35,0.6756192973256424,0.6799999999999999,64.4220981523166,64.4220981523166,0.10365381292737019,74904.30475938001,True,15.458405316493462,58015.24298886793
1779909377.1411808,SELL_NO,560.861279525939,0.6599999999999999,0.6599999999999999,0.0,0.0,0.08806358745830756,74904.30475938001,True,82.10289630979116,57992.12973335874
1779909377.1448867,SELL_NO,88.0,0.65,0.65,0.0,0.0,0.07811559139394852,74904.30475938001,True,11.957136537672028,57987.57829335875
1779909377.1807501,SELL_NO,144.31,0.6722867438153973,0.6799999999999999,113.43023800886196,113.43023800886196,0.10071445089544084,74904.30475938001,True,22.918372528208607,57983.42447633978
1779909377.18573,SELL_NO,771.16,0.6599999999999999,0.6599999999999999,0.0,0.0,0.08845971633021676,74904.30475938001,True,112.89917987099045,57951.65599845178
1779909377.190043,SELL_NO,88.0,0.65,0.65,0.0,0.0,0.07851302968585128,74904.30475938001,True,11.957136537672028,57947.104558451785
1779909377.2854753,SELL_NO,81.03999999999999,0.67517152023692,0.6799999999999999,71.00705533941155,71.00705533941155,0.1042772998606949,74904.30475938001,True,13.096721863168135,57944.99838210344
1779909377.5955107,SELL_NO,75.0,0.6733333333333333,0.6799999999999999,98.03921568627352,98.03921568627352,0.10380353330569658,74904.30475938001,True,11.977049549152298,57942.90562210344
1779909377.6204982,BUY_YES,193.67999999999998,0.32,0.32,0.0,0.0,0.11049200543159682,74904.30475938001,False,0.0,57938.87279880744
1779909377.677574,SELL_NO,75.90000000000003,0.6799999999999999,0.6799999999999999,0.0,0.0,0.11067475392441595,74904.30475938001,True,12.640006783742123,57937.27415832743
1779909377.7316618,SELL_NO,118.93,0.6799999999999999,0.6799999999999999,0.0,0.0,0.11078828067366575,74904.30475938001,True,19.823015899742423,57934.78620823143
1779909377.7506678,SELL_NO,93.70999999999998,0.6799999999999999,0.6799999999999999,0.0,0.0,0.1108187403101657,74904.30475938001,True,15.613034726014142,57932.81948491943
1779909377.7719135,SELL_NO,110.35000000000002,0.6799999999999999,0.6799999999999999,0.0,0.0,0.11084303802621798,74904.30475938001,True,18.39075426331941,57930.50885939944
1779909378.0622766,SELL_NO,84.99000000000001,0.6799999999999999,0.6799999999999999,0.0,0.0,0.1098791611944071,74904.30475938001,True,14.15740285309937,57928.72235407143
1779909378.1274803,SELL_NO,80.86000000000001,0.6799999999999999,0.6799999999999999,0.0,0.0,0.11005865628863343,74904.30475938001,True,13.467980876592726,57927.02120427943
1779909378.5630262,BUY_YES,737.99,0.32,0.32,0.0,0.0,0.11240183912377388,74904.30475938001,False,0.0,57911.73901735143
1779909378.5681052,SELL_NO,481.16999999999996,0.6617698526508301,0.6699999999999999,122.83802013686307,122.83802013686307,0.09419042354364937,74904.30475938001,True,71.30418207041066,57892.776929278305
1779909378.5720105,SELL_NO,88.0,0.65,0.65,0.0,0.0,0.08244084286173126,74904.30475938001,True,11.957136537672028,57888.22548927831
1779909378.797106,SELL_NO,79.15999999999997,0.6762102071753411,0.6799999999999999,55.73224742145376,55.73224742145376,0.10865517118573131,74904.30475938001,True,12.876505293003618,57886.25177958584
1779909379.703145,SELL_NO,759.16,0.6786147847621055,0.6799999999999999,20.370812321977606,20.370812321977606,0.10980753125899545,74904.30475938001,True,125.61802408897483,57869.45331544368
1779909379.7083127,SELL_NO,431.01,0.6599999999999999,0.6599999999999999,0.0,0.0,0.09120824592139387,74904.30475938001,True,63.0873891490684,57851.68432307568
1779909379.7120814,SELL_NO,123.0,0.65,0.65,0.0,0.0,0.0812443127821284,74904.30475938001,True,16.724747660609758,57845.33458307568
1779909379.8084238,SELL_NO,107.55999999999995,0.6799999999999999,0.6799999999999999,0.0,0.0,0.11150166724164978,74904.30475938001,True,17.92501883609092,57852.07476904368
1779909379.8132765,SELL_NO,93.0,0.64,0.64,0.0,0.0,0.07152463962701872,74904.30475938001,True,11.688805440948848,57845.85201064368
1779909379.8175702,SELL_NO,88.0,0.63,0.63,0.0,0.0,0.06156469478827287,74904.30475938001,True,10.161654937672026,57839.065089043674
1779909379.8224092,SELL_NO,93.0,0.62,0.62,0.0,0.0,0.05161489984398726,74904.30475938001,True,9.79398624094884,57830.94751144367
1779909379.8267589,SELL_NO,88.0,0.61,0.61,0.0,0.0,0.04165998338525079,74904.30475938001,True,8.371242137672027,57822.37017704367
1779909379.83098,SELL_NO,98.0,0.6,0.6,0.0,0.0,0.03170205799730441,74904.30475938001,True,8.331111144225659,57811.82673704367
1779909379.907366,SELL_NO,79.43000000000006,0.6810071761299257,0.69,130.33078072571413,130.33078072571413,0.11301877353566647,74904.30475938001,True,13.311350005190071,57822.432070749004
1779909379.9292426,SELL_NO,85.0,0.6847058823529412,0.69,76.72634271099686,76.72634271099686,0.11672993914881158,74904.30475938001,True,14.569575685117698,57819.780862278414
1779909380.2534645,SELL_NO,80.37,0.679377877317407,0.6799999999999999,9.148862979308602,9.148862979308602,0.11145227133361046,74904.30475938001,True,13.334891288513248,57811.36384565406
1779909380.3621795,SELL_NO,74.85000000000008,0.6889098196392786,0.69,15.799715372773818,15.799715372773818,0.12126329142347558,74904.30475938001,True,13.149343879081655,57814.81791960308
1779909380.3719637,SELL_NO,80.0,0.69,0.69,0.0,0.0,0.12230312872295568,74904.30475938001,True,14.145732852429106,57812.755855603085
1779909380.3993857,SELL_NO,163.0,0.5900000000000001,0.5900000000000001,0.0,0.0,0.022430525521428324,74904.30475938001,True,12.224447686824334,57791.95691720308
1779909381.037435,SELL_NO,435.89,0.680785748698066,0.69,133.53987394107224,133.53987394107224,0.1153687838531432,74904.30475938001,True,73.08462829362944,57775.03088837165
1779909381.0878365,SELL_NO,461.16999999999996,0.6616297677645987,0.6699999999999999,124.92883933434675,124.92883933434675,0.09652834797871745,74904.30475938001,True,68.27304453364275,57752.17791197486
1779909381.2694814,SELL_NO,93.0,0.65,0.65,0.0,0.0,0.08580452258687032,74904.30475938001,True,12.638223840948847,57746.43957197486
1779909383.0872536,SELL_NO,352.21999999999997,0.6824402362160014,0.69,109.561793970994,109.561793970994,0.12451243928835698,74904.30475938001,True,59.64810565961025,57736.489900042434
1779909383.6764312,SELL_NO,97.17,0.69,0.69,0.0,0.0,0.1308849937637353,74904.30475938001,True,17.188199515881706,57734.47755430643
1779909383.8595326,SELL_NO,101.0,0.69,0.69,0.0,0.0,0.13101648732776605,74904.30475938001,True,17.866862726191755,57732.387073506434
1779909383.9441628,SELL_NO,416.84,0.6615113712695517,0.6699999999999999,126.69595120071942,126.69595120071942,0.10314998040563195,74904.30475938001,True,61.65690874338267,57711.677456750236
1779909383.9956453,SELL_NO,93.0,0.65,0.65,0.0,0.0,0.09215734207810888,74904.30475938001,True,12.638223840948847,57705.93911675023
1779909384.495949,SELL_NO,89.0,0.69,0.69,0.0,0.0,0.1342526788157261,74904.30475938001,True,15.740502798327391,57704.09344555023
1779909385.3200593,SELL_NO,128.76,0.69,0.69,0.0,0.0,0.1373867482272052,74904.30475938001,True,22.78584202598465,57701.436638542225
1779909386.0934498,SELL_NO,80.01999999999998,0.69,0.69,0.0,0.0,0.13846864575514872,74904.30475938001,True,14.149276785642215,57691.91371652623
1779909386.1978052,SELL_NO,75.0,0.69,0.69,0.0,0.0,0.13865911160941735,74904.30475938001,True,13.25974954915229,57689.978656526226
1779909386.6645312,SELL_NO,81.42000000000007,0.69,0.69,0.0,0.0,0.13968476442217947,74904.30475938001,True,14.397352110559737,57687.880523390224
1779909388.426326,SELL_NO,76.0,0.6913157894736842,0.7,124.06015037593913,124.06015037593913,0.1426981491634397,74904.30475938001,True,13.539691683491867,57677.00025806391
1779909388.5699937,SELL_NO,76.31,0.6934477787970121,0.7,93.60316004268311,93.60316004268311,0.1442645278082585,74904.30475938001,True,13.76224090257412,57674.92073674388
1779909388.7947323,SELL_NO,616.209343872292,0.690535045440772,0.7,135.21363656039875,135.21363656039875,0.1404265176974434,74904.30475938001,True,109.49897129192573,57656.4962130158
1779909388.8441043,BUY_YES,291.08065612770804,0.31,0.31,0.0,0.0,0.1398086747230095,74904.30475938001,False,0.0,57647.617128205
1779909388.8932958,BUY_YES,170.98,0.32,0.32,0.0,0.0,0.13038433153830653,74904.30475938001,False,0.0,57640.633850349004
1779909394.3488002,BUY_YES,171.71,0.3,0.3,0.0,0.0,0.14996334146312118,74904.30475938001,False,0.0,57637.149045148995
1779909394.355682,BUY_YES,308.33,0.31,0.31,0.0,0.0,0.14002226316751976,74904.30475938001,False,0.0,57627.745566485
1779909394.3758285,BUY_YES,222.64,0.3,0.3,0.0,0.0,0.1501454549242393,74904.30475938001,False,0.0,57623.236049685
1779909394.4416766,BUY_YES,178.11,0.3,0.3,0.0,0.0,0.15021802204320578,74904.30475938001,False,0.0,57619.622476485005
1779909394.9988475,BUY_YES,200.9177119677479,0.3,0.3,0.0,0.0,0.14854768263094537,74904.30475938001,False,0.0,57615.550012120206
1779909399.6351533,BUY_YES,183.24,0.28,0.28,0.0,0.0,0.16383091013804502,74904.30475938001,False,0.0,57510.00790407301
1779909399.984807,BUY_YES,192.24,0.28,0.28,0.0,0.0,0.16461479973908577,74904.30475938001,False,0.0,57527.34649058486
1779909400.0040145,BUY_YES,410.48,0.28,0.28,0.0,0.0,0.16467818340544738,74904.30475938001,False,0.0,57495.17210272902
1779909401.3630986,BUY_YES,221.19,0.23,0.23,0.0,0.0,0.2142418497590877,74904.30475938001,False,0.0,57274.011617762466
1779909401.366997,BUY_YES,294.66,0.24,0.24,0.0,0.0,0.20428358288038778,74904.30475938001,False,0.0,57265.69200691447
1779909403.3824267,BUY_YES,257.03,0.23,0.23,0.0,0.0,0.21192139079085118,74904.30475938001,False,0.0,57261.09941597847
1779909403.400415,BUY_YES,296.66,0.24,0.24,0.0,0.0,0.202032423678273,74904.30475938001,False,0.0,57252.72353953047
1779909403.4659715,BUY_YES,246.83,0.23,0.23,0.0,0.0,0.21217675636377484,74904.30475938001,False,0.0,57248.31201083447
1779909403.4749258,BUY_YES,296.66,0.24,0.24,0.0,0.0,0.20218975012918905,74904.30475938001,False,0.0,57239.936134386466
1779909499.2885404,BUY_NO,78.43,0.6599999999999999,0.6599999999999999,0.0,0.0,0.03261489033179854,74904.30475938001,False,0.0,58011.02133199859
1779909507.0884073,BUY_NO,95.4,0.6599999999999999,0.6599999999999999,0.0,0.0,0.04185386696932336,74904.30475938001,False,0.0,58008.972973278585
1779909507.1517277,BUY_NO,143.29,0.6736555237629981,0.6699999999999999,54.560056164151625,54.560056164151625,0.028660838939788547,74904.30475938001,False,0.0,58004.001721597546
1779909508.2519438,BUY_NO,166.25,0.6599999999999999,0.6599999999999999,0.0,0.0,0.04663609519442102,74904.30475938001,False,0.0,58000.45440359755
1779909509.2536407,BUY_NO,166.25,0.6599999999999999,0.6599999999999999,0.0,0.0,0.04682853790338759,74904.30475938001,False,0.0,57996.907085597544
1779909510.5419307,BUY_NO,165.75,0.6599999999999999,0.6599999999999999,0.0,0.0,0.04691271568366939,74904.30475938001,False,0.0,57993.37034599755
1779909512.1139345,BUY_NO,177.05322111001692,0.6599999999999999,0.6599999999999999,0.0,0.0,0.050064597488979845,74904.30475938001,False,0.0,57989.59446640917
1779909515.0593383,BUY_NO,144.41,0.6599999999999999,0.6599999999999999,0.0,0.0,0.056755053208237705,74904.30475938001,False,0.0,57986.50921292118
1779909517.2274148,SELL_YES,238.72,0.34,0.34,0.0,0.0,0.0501040479641266,74904.30475938001,True,6.740202496007541,57981.42866162517
1779909520.6658792,SELL_YES,243.62,0.34,0.34,0.0,0.0,0.037772056975063084,74904.30475938001,True,6.8791686162758054,57976.24444200918
1779909530.0394032,SELL_NO,123.76000000000002,0.62,0.62,0.0,0.0,0.03747597028703653,74904.30475938001,False,-7.29277945628246,58118.114711102906
1779909531.843124,SELL_NO,113.76,0.62,0.62,0.0,0.0,0.04887570612483916,74904.30475938001,False,-6.705935608812965,58115.586177470905
1779909532.426413,SELL_NO,94.57999999999998,0.62,0.62,0.0,0.0,0.052037125721842714,74904.30475938001,False,-5.5803691093664725,58113.4788980149
1779909532.4975517,SELL_NO,89.01000000000002,0.62,0.62,0.0,0.0,0.052427286952367536,74904.30475938001,False,-5.253497086325972,58111.4939535829
1779909532.8304737,SELL_NO,88.56000000000003,0.62,0.62,0.0,0.0,0.054992559031546207,74904.30475938001,False,-5.227089113189848,58109.5188925909
1779909532.8889403,SELL_NO,308.63,0.62,0.62,0.0,0.0,0.05547239754192057,74904.30475938001,False,-18.141761664451025,58102.7103901749
1779909532.9220827,SELL_NO,83.86000000000001,0.62,0.62,0.0,0.0,0.05569455943655721,74904.30475938001,False,-4.951272504879178,58100.8385562229
1779909532.9484224,SELL_NO,115.42000000000002,0.62,0.62,0.0,0.0,0.05587625744730129,74904.30475938001,False,-6.803351687492906,58098.2735636789
1779909534.5554235,SELL_NO,86.57,0.63,0.63,0.0,0.0,0.074726724405484,74904.30475938001,False,-4.229024587543407,58037.97584714633
1779909564.837957,BUY_NO,84.64,0.63,0.63,0.0,0.0,0.02978267201550988,74904.30475938001,False,0.0,58095.3497620069
1779909566.661045,SELL_YES,157.22,0.35,0.35,0.0,0.0,0.028622454994975677,74904.30475938001,True,5.9659357263213195,57975.155908589746
1779909566.9722672,BUY_NO,120.85999999999999,0.65,0.65,0.0,0.0,0.031651749023396625,74904.30475938001,False,0.0,57972.54192178975
1779909566.9999025,SELL_YES,149.21000000000004,0.35,0.35,0.0,0.0,0.031929423770428345,74904.30475938001,True,5.660456492331797,57969.32181198975
1779909567.0387187,SELL_YES,157.75,0.34,0.34,0.0,0.0,0.022325281505915784,74904.30475938001,True,4.443858259656466,57964.37682678975
1779909567.0964293,SELL_YES,166.20999999999998,0.35,0.35,0.0,0.0,0.032909140716515406,74904.30475938001,True,6.3087894483645,57960.793256989746
1779909568.5022538,BUY_NO,100.0,0.64,0.64,0.0,0.0,0.056831844089487604,74904.30475938001,False,0.0,58009.49312189832
1779909569.6563067,BUY_NO,115.64,0.6745693531649947,0.6699999999999999,68.19930097007072,68.19930097007072,0.033316579297905324,74904.30475938001,False,0.0,58003.05953468245
1779909570.3625844,BUY_NO,87.19000000000001,0.64,0.64,0.0,0.0,0.07443427379894818,74904.30475938001,False,0.0,58001.14720721045
1779909572.3238528,BUY_NO,84.41,0.64,0.64,0.0,0.0,0.09179349384350233,74904.30475938001,False,0.0,57999.29489660245
1779909573.889685,BUY_NO,217.84,0.64,0.64,0.0,0.0,0.10489544767157366,74904.30475938001,False,0.0,57994.56199241045
1779909576.2932065,BUY_NO,83.0,0.64,0.64,0.0,0.0,0.12375795597744399,74904.30475938001,False,0.0,57992.74012201045
1779909577.9960861,BUY_NO,78.2,0.65,0.65,0.0,0.0,0.12624237881368516,74904.30475938001,False,0.0,57990.256206010454
1779909578.098483,BUY_NO,194.17,0.64,0.64,0.0,0.0,0.13697073946313165,74904.30475938001,False,0.0,57986.03430871446
1779909578.152165,BUY_NO,78.2,0.65,0.65,0.0,0.0,0.1273515921102667,74904.30475938001,False,0.0,57983.55039271446
1779909580.4434793,BUY_NO,86.41000000000001,0.64,0.64,0.0,0.0,0.1529883253358687,74904.30475938001,False,0.0,57981.65490450647
1779909583.1620615,BUY_NO,118.98,0.64,0.64,0.0,0.0,0.17005637918350824,74904.30475938001,False,0.0,57979.056269082466
1779909583.1726353,BUY_NO,78.05,0.65,0.65,0.0,0.0,0.1601197913200243,74904.30475938001,False,0.0,57976.57706008247
1779909586.3498762,BUY_NO,83.61000000000001,0.65,0.65,0.0,0.0,0.17819642594135965,74904.30475938001,False,0.0,57937.09163337389
1779909588.42059,BUY_NO,119.64,0.6751529588766297,0.6699999999999999,76.9098339795494,76.9098339795494,0.16383504143320093,74904.30475938001,False,0.0,57895.92953602685
1779909588.4242892,BUY_NO,119.64,0.6751529588766297,0.6699999999999999,76.9098339795494,76.9098339795494,0.1638536615882864,74904.30475938001,False,0.0,57891.59918358838
1779909588.4281473,BUY_NO,238.3,0.6931137221989089,0.69,45.12640867983957,45.12640867983957,0.14591231521624348,74904.30475938001,False,0.0,57878.83714041588
1779909588.4323514,BUY_NO,128.7,0.7150038850038851,0.71,70.47725357584727,70.47725357584727,0.12404330758872406,74904.30475938001,False,0.0,57869.19639523602
1779909588.4356236,BUY_NO,253.63,0.7372558451287308,0.73,99.3951387497368,99.3951387497368,0.10180781196980193,74904.30475938001,False,0.0,57830.650120872815
1779909588.4391668,BUY_NO,155.0,0.7558129032258065,0.75,77.50537634408694,77.50537634408694,0.08326857909902141,74904.30475938001,False,0.0,57813.709433967466
1779909588.442542,SELL_YES,666.31,0.23,0.23,0.0,0.0,0.06909846117095947,74904.30475938001,False,-52.15807474646152,57721.87930944118
1779909588.5384328,BUY_NO,100.0,0.6599999999999998,0.6599999999999999,-1.682156097916904e-12,-1.682156097916904e-12,0.17958002657656602,74904.30475938001,False,0.0,57749.26294680404
1779909588.5418983,BUY_NO,153.90999999999997,0.6707894223897082,0.6699999999999999,11.782423726988803,11.782423726988803,0.16880797876629638,74904.30475938001,False,0.0,57743.5861039579
1779909588.5542269,BUY_NO,80.0,0.6599999999999999,0.6599999999999999,0.0,0.0,0.17965919703078415,74904.30475938001,False,0.0,57733.12333750362
1779909588.976341,SETTLE_YES,4660.747711967742,0.0,0.0,0.0,0.0,0.0,74904.30475938001,False,-1377.200631582988,54164.94476704769
1779909588.976341,SETTLE_NO,2992.7032211100172,1.0,1.0,0.0,0.0,0.0,74904.30475938001,True,987.4146413157503,57157.6479881577
1779909590.4165964,BUY_YES,1004.9,0.51,0.51,0.0,0.0,0.3022956262460955,74861.70225990454,False,0.0,57134.5125234377
1779909590.5267248,BUY_YES,679.12,0.52,0.52,0.0,0.0,0.29229562370412854,74861.70225990454,False,0.0,57112.0911220937
1779909591.6744843,BUY_YES,964.03,0.51,0.51,0.0,0.0,0.2917822569284777,74861.70225990454,False,0.0,57089.8953731097
1779909591.9385731,BUY_YES,710.12,0.52,0.52,0.0,0.0,0.27941848424829274,74861.70225990454,False,0.0,57066.4518645657
1779909592.034434,BUY_YES,689.0,0.53,0.53,0.0,0.0,0.2691853350405976,74861.70225990454,False,0.0,57036.839511765706
1779909592.0389156,BUY_YES,471.0,0.54,0.54,0.0,0.0,0.25917944455434205,74861.70225990454,False,0.0,57011.9007709657
1779909592.15173,BUY_YES,726.0,0.55,0.55,0.0,0.0,0.24887354035342257,74861.70225990454,False,0.0,56966.2634509657
1779909592.1572435,BUY_YES,561.0,0.56,0.56,0.0,0.0,0.238860142512189,74861.70225990454,False,0.0,56925.4258621657
1779909592.1618266,BUY_YES,203.0,0.57,0.57,0.0,0.0,0.22884719808964094,74861.70225990454,False,0.0,56908.618480565696
1779909592.244341,BUY_YES,212.0,0.58,0.58,0.0,0.0,0.21853923482063298,74861.70225990454,False,0.0,56888.9701701657
1779909592.3971415,BUY_YES,129.64022077531536,0.59,0.59,0.0,0.0,0.20786448307076488,74861.70225990454,False,0.0,56875.6628336026
1779909594.2071342,BUY_YES,922.84,0.51,0.51,0.0,0.0,0.2691508861859935,74861.70225990454,False,0.0,56854.4141580506
1779909595.040333,BUY_YES,163.6054161160455,0.52,0.52,0.0,0.0,0.2517855660227927,74861.70225990454,False,0.0,56848.98989115475
1779909595.2906723,BUY_YES,229.01939947798746,0.51,0.51,0.0,0.0,0.25976950154469813,74861.70225990454,False,0.0,56843.69409390643
1779909715.0372918,SELL_YES,306.04,0.51,0.51,0.0,0.0,0.02366144024466038,74861.70225990454,False,-11.043029476570638,56913.280127758124
1779909715.3587124,SELL_YES,307.99,0.51,0.51,0.0,0.0,0.02745184555147423,74861.70225990454,False,-11.113201373967428,56906.16857528612
1779909715.8974788,SELL_YES,153.58,0.5,0.5,0.0,0.0,0.023369953510740782,74861.70225990454,False,-7.0935724437941445,56901.07043528612
1779909717.113508,BUY_NO,177.75,0.49,0.49,0.0,0.0,0.04437561982902283,74861.70225990454,False,0.0,56896.95346508612
1779909717.173141,SELL_YES,108.44999999999999,0.51,0.51,0.0,0.0,0.04474474541003853,74861.70225990454,False,-3.932637062913628,56894.42989592612
1779909717.5583465,BUY_NO,106.63,0.49,0.49,0.0,0.0,0.04728055336281711,74861.70225990454,False,0.0,56891.948173662124
1779909717.5703423,SELL_YES,118.0,0.51,0.51,0.0,0.0,0.04739447967096905,74861.70225990454,False,-4.276299432215843,56889.20502326212
1779909717.625038,SELL_YES,198.0,0.51,0.51,0.0,0.0,0.04784418666847767,74861.70225990454,False,-7.15514650490455,56884.622448862116
1779909717.6855562,BUY_NO,105.60212749400137,0.49,0.49,0.0,0.0,0.04813476403793859,74861.70225990454,False,0.0,56882.16436026508
1779909721.0717897,BUY_NO,240.6,0.45999999999999996,0.45999999999999996,0.0,0.0,0.06711143159499178,74861.70225990454,False,0.0,57059.12526465134
1779909722.1115308,BUY_NO,205.02,0.46,0.45999999999999996,1.2067641572012573e-12,1.2067641572012573e-12,0.07574441060336795,74861.70225990454,False,0.0,57054.403422955336
1779909722.2135606,SELL_YES,105.0,0.53,0.53,0.0,0.0,0.06662305565529986,74861.70225990454,False,-1.7024387829039256,57050.91522695534
1779909722.262191,SELL_YES,216.78,0.52,0.52,0.0,0.0,0.057193821778088405,74861.70225990454,False,-5.658473407218224,57041.56993021934
1779909725.0750818,BUY_NO,180.63,0.48,0.48,0.0,0.0,0.07929287815218122,74861.70225990454,False,0.0,56982.42601327459
1779909725.8162646,BUY_NO,118.45,0.48,0.48,0.0,0.0,0.08662494217371286,74861.70225990454,False,0.0,56978.49057463458
1779909727.5772126,BUY_NO,131.67,0.47,0.47,0.0,0.0,0.10324128960598433,74861.70225990454,False,0.0,56975.44069685058
1779909728.353051,BUY_NO,106.68,0.47,0.47,0.0,0.0,0.1076943926625884,74861.70225990454,False,0.0,56972.96396971458
1779909731.652188,BUY_NO,203.04,0.48,0.48,0.0,0.0,0.11130952871911948,74861.70225990454,False,0.0,56920.485868177835
1779909731.6642425,SELL_YES,100.00000000000003,0.52,0.52,0.0,0.0,0.11126685244333961,74861.70225990454,False,-2.6263988408608867,56918.15874817783
1779909732.060331,BUY_NO,121.45999999999998,0.48,0.48,0.0,0.0,0.11074522759952043,74861.70225990454,False,0.0,56915.33866622583
1779909732.2540877,SELL_YES,101.0,0.52,0.52,0.0,0.0,0.11020555333029891,74861.70225990454,False,-2.6523628292694923,56912.98857502583
1779909734.51649,BUY_NO,577.5,0.48,0.48,0.0,0.0,0.10893265659960649,74861.70225990454,False,0.0,56899.69270702583
1779909734.5403805,SELL_YES,98.0,0.52,0.52,0.0,0.0,0.10892744493712403,74861.70225990454,False,-2.5744708640436684,56897.41152942583
1779909735.1328278,SELL_YES,103.12,0.52,0.52,0.0,0.0,0.10976544506948083,74861.70225990454,False,-2.7074064846957455,56895.01273928183
1779909735.7885215,BUY_NO,202.49686347171746,0.48,0.48,0.0,0.0,0.10984886104817848,74861.70225990454,False,0.0,56890.331143331656
1779909735.7936995,SELL_YES,398.3231365282826,0.52,0.52,0.0,0.0,0.10981636027587194,74861.70225990454,False,-10.372057299701055,56881.15118289784
1779909747.4745216,SELL_YES,126.3,0.49,0.49,0.0,0.0,0.0919308388172475,74861.70225990454,False,-7.100979816007296,56792.013304991575
1779909747.5973601,SELL_YES,131.34999999999997,0.48999999999999994,0.49,1.1328806373726088e-12,1.1328806373726088e-12,0.09158750269609328,74861.70225990454,False,-7.383707037470771,56788.96320071158
1779909747.9207158,SELL_YES,102.73000000000002,0.49,0.49,0.0,0.0,0.08970673482355174,74861.70225990454,False,-5.781399497216391,56786.57115036758
1779909747.9756706,SELL_YES,110.75999999999999,0.49,0.49,0.0,0.0,0.08946351868985891,74861.70225990454,False,-6.230963772137521,56783.994467839584
1779909748.0242085,SELL_YES,112.87,0.49,0.49,0.0,0.0,0.08940008526272847,74861.70225990454,False,-6.349093363679685,56781.36927050358
1779909748.0756016,SELL_YES,107.0,0.49,0.49,0.0,0.0,0.08921600859961337,74861.70225990454,False,-6.020457959721149,56778.87904090358
1779909748.3871758,SELL_YES,107.79999999999995,0.49,0.49,0.0,0.0,0.0872610884600935,74861.70225990454,False,-6.065246430448035,56776.370417063576
1779909748.4056602,SELL_YES,118.0,0.48,0.48,0.0,0.0,0.07730781241369733,74861.70225990454,False,-7.813750632215843,56772.44981546358
1779909748.4088411,SELL_YES,124.4,0.47,0.47,0.0,0.0,0.06733078266482767,74861.70225990454,False,-9.47544175803094,56767.07867658358
1779909748.4128113,SELL_YES,177.78,0.46,0.46,0.0,0.0,0.05736080006068034,74861.70225990454,False,-15.297317667282485,56757.64681683958
1779909748.5205104,SELL_YES,108.5,0.49,0.49,0.0,0.0,0.08721446530858651,74861.70225990454,False,-6.104436342334061,56755.12209803958
1779909748.5315163,SELL_YES,123.0,0.45,0.45,0.0,0.0,0.047260294251614376,74861.70225990454,False,-11.814972974258893,56747.36523803958
1779909748.5350766,SELL_YES,143.0,0.44,0.44,0.0,0.0,0.03728506552255789,74861.70225990454,False,-15.149903142431064,56736.933303639584
1779909748.5384352,SELL_YES,118.0,0.43,0.43,0.0,0.0,0.027310440711150352,74861.70225990454,False,-13.67551863221584,56727.15093403958
1779909748.8584094,SELL_YES,136.97000000000003,0.49000000000000005,0.49,-1.1328806373726088e-12,-1.1328806373726088e-12,0.08596648024522452,74861.70225990454,False,-7.6983460443271525,56723.971610223576
1779909748.9002962,SELL_YES,121.0,0.49,0.49,0.0,0.0,0.08581467826516487,74861.70225990454,False,-6.804256197441674,56721.15948142358
1779909748.9306345,SELL_YES,104.0,0.49,0.49,0.0,0.0,0.08574223415084975,74861.70225990454,False,-5.852501194495318,56718.73823022358
1779909749.0272355,SELL_YES,1069.74,0.49,0.49,0.0,0.0,0.08544668729200366,74861.70225990454,False,-59.92002334422523,56694.111912351575
1779909749.0326467,SELL_YES,118.0,0.48,0.48,0.0,0.0,0.07544943332877146,74861.70225990454,False,-7.813750632215843,56690.19131075158
1779909749.352617,SELL_YES,128.0,0.47,0.47,0.0,0.0,0.06534513677595655,74861.70225990454,False,-9.748782516301937,56679.50823424033
1779909749.3577068,SELL_YES,177.78,0.46,0.46,0.0,0.0,0.05533663299385477,74861.70225990454,False,-15.297317667282485,56668.29857449634
1779909749.3603823,SELL_YES,164.0,0.44999999999999996,0.45,1.2335811384723962e-12,1.2335811384723962e-12,0.045350099858727067,74861.70225990454,False,-15.743297299011857,56652.038509040714
1779909749.3645337,SELL_YES,143.0,0.44,0.44,0.0,0.0,0.03537844203112783,74861.70225990454,False,-15.149903142431064,56639.461574640714
1779909749.3679693,SELL_YES,143.0,0.43,0.43,0.0,0.0,0.025401662595141428,74861.70225990454,False,-16.566518342431067,56625.46802504071
1779909749.806706,SELL_YES,118.0,0.51,0.51,0.0,0.0,0.10411958856874892,74861.70225990454,False,-4.276299432215843,56617.00728918509
1779909749.8113327,SELL_YES,247.28,0.5,0.5,0.0,0.0,0.09415703574650058,74861.70225990454,False,-11.40309671768081,56608.81704918509
1779909749.8733835,SELL_YES,146.06,0.51,0.51,0.0,0.0,0.10420400110554384,74861.70225990454,False,-5.286055042961408,56605.42872081709
1779909749.888431,SELL_YES,111.0,0.51,0.51,0.0,0.0,0.10424299341978488,74861.70225990454,False,-4.024400313355585,56602.84652001709
1779909749.8917325,SELL_YES,186.97,0.5,0.5,0.0,0.0,0.09425595997502512,74861.70225990454,False,-8.629271648757594,56596.64651001709
1779909749.9396431,SELL_YES,108.88,0.51,0.51,0.0,0.0,0.1041824301990042,74861.70225990454,False,-3.948110865929337,56594.11305395309
1779909749.9603956,SELL_YES,101.79000000000002,0.51,0.51,0.0,0.0,0.1042249289008631,74861.70225990454,False,-3.6929730441122928,56591.7426168411
1779909749.9850068,SELL_YES,190.28999999999996,0.51,0.51,0.0,0.0,0.10416686862286273,74861.70225990454,False,-6.877697618274169,56587.3373169291
1779909750.3468235,SELL_YES,118.75,0.51,0.51,0.0,0.0,0.10335260424774378,74861.70225990454,False,-4.303288623522306,56584.5769219291
1779909755.919774,BUY_NO,122.39,0.41000000000000003,0.41000000000000003,0.0,0.0,0.162653001618294,74861.70225990454,False,0.0,56384.00036248713
1779909756.0511203,BUY_NO,128.16000000000003,0.41000000000000003,0.41000000000000003,0.0,0.0,0.16244620611598493,74861.70225990454,False,0.0,56367.48198994351
1779909756.054642,BUY_NO,154.54,0.42000000000000004,0.42000000000000004,0.0,0.0,0.1524700687710564,74861.70225990454,False,0.0,56361.65068197551
1779909756.0580885,BUY_NO,150.56,0.43000000000000005,0.43000000000000005,0.0,0.0,0.14249934270790088,74861.70225990454,False,0.0,56354.44691954351
1779909756.0624802,BUY_NO,135.39,0.43999999999999995,0.43999999999999995,0.0,0.0,0.13253485164757894,74861.70225990454,False,0.0,56346.59939263151
1779909756.43649,BUY_NO,151.01,0.41000000000000003,0.41000000000000003,0.0,0.0,0.16288915135237836,74861.70225990454,False,0.0,56342.42918166351
1779909760.7544365,BUY_NO,237.31153095208356,0.41000000000000003,0.41000000000000003,0.0,0.0,0.14422731768070718,74861.70225990454,False,0.0,56318.13336577132
1779909789.405697,BUY_NO,238.45,0.20999999999999996,0.20999999999999996,0.0,0.0,0.1810723902768041,74861.70225990454,False,0.0,55639.202140016736
1779909789.7335827,BUY_NO,238.45,0.20999999999999996,0.20999999999999996,0.0,0.0,0.1814338735461739,74861.70225990454,False,0.0,55635.13165245674
1779909789.8424797,BUY_NO,248.27000000000004,0.20999999999999996,0.20999999999999996,0.0,0.0,0.18053708771800614,74861.70225990454,False,0.0,55630.89476696074
1779909791.531227,BUY_NO,323.61,0.20999999999999996,0.20999999999999996,0.0,0.0,0.17050328437130347,74861.70225990454,False,0.0,55625.38126023274
1779909835.4468565,BUY_YES,216.00733496815653,0.85,0.85,0.0,0.0,0.014189656637764059,74861.70225990454,False,0.0,55392.25434511906
1779909842.0673618,SELL_YES,220.9992348092226,0.95,0.95,0.0,0.0,0.06192821957792338,74861.70225990454,True,22.921533846239925,54908.04968998002
1779909903.1909199,SETTLE_NO,4605.670521917802,1.0,1.0,0.0,0.0,0.0,74919.87747104689,True,2752.4223572889628,59306.46503841152
1779909951.3414981,BUY_NO,118.68,0.5900000000000001,0.5900000000000001,0.0,0.0,0.11946723690897909,74933.2748736607,False,0.0,59303.77461258752
1779909951.3458946,BUY_NO,138.0,0.6,0.6,0.0,0.0,0.1094931361926531,74933.2748736607,False,0.0,59299.289972587525
1779909951.3506331,BUY_NO,153.0,0.61,0.61,0.0,0.0,0.099526631063385,74933.2748736607,False,0.0,59292.814266187524
1779909951.3555458,BUY_NO,169.79,0.62,0.62,0.0,0.0,0.0895618422915393,74933.2748736607,False,0.0,59283.96143445953
1779909951.3619056,BUY_NO,172.93,0.63,0.63,0.0,0.0,0.07960670769277678,74933.2748736607,False,0.0,59273.24726568353
1779909951.3663652,BUY_NO,328.99,0.64,0.64,0.0,0.0,0.06963737285028493,74933.2748736607,False,0.0,59249.66526637153
1779909951.3716357,BUY_NO,250.46,0.65,0.65,0.0,0.0,0.05967415519095709,74933.2748736607,False,0.0,59229.25283157153
1779909951.4838986,BUY_NO,115.8,0.5900000000000001,0.5900000000000001,0.0,0.0,0.12006795710671869,74933.2748736607,False,0.0,59226.626966131524
1779909951.4884684,BUY_NO,144.97,0.6,0.6,0.0,0.0,0.11008148060334022,74933.2748736607,False,0.0,59221.91733453152
1779909951.5696828,BUY_NO,153.0,0.61,0.61,0.0,0.0,0.1006194596278629,74933.2748736607,False,0.0,59215.44162813153
1779909951.6327937,BUY_NO,199.79,0.62,0.62,0.0,0.0,0.09107231915910663,74933.2748736607,False,0.0,59205.029900403526
1779909951.6978571,BUY_NO,149.28889259520406,0.63,0.63,0.0,0.0,0.08153999666325484,74933.2748736607,False,0.0,59195.77635489454
1779909955.748348,BUY_NO,97.0,0.5900000000000001,0.5900000000000001,0.0,0.0,0.13374397908334235,74933.2748736607,False,0.0,59193.571925294535
1779909955.7524107,BUY_NO,144.97,0.6,0.6,0.0,0.0,0.12375145904698426,74933.2748736607,False,0.0,59188.86229369453
1779909955.756881,BUY_NO,153.0,0.61,0.61,0.0,0.0,0.11377859434487092,74933.2748736607,False,0.0,59182.38658729454
1779909955.761268,BUY_NO,199.79,0.62,0.62,0.0,0.0,0.10380750617383783,74933.2748736607,False,0.0,59171.97485956654
1779909955.7854385,BUY_NO,100.0,0.6,0.6,0.0,0.0,0.12390912463401171,74933.2748736607,False,0.0,59168.716859566535
1779909956.7519867,BUY_NO,85.73000000000002,0.6,0.6,0.0,0.0,0.12325350994129258,74933.2748736607,False,0.0,59194.671384092486
1779909956.7677314,BUY_NO,251.42,0.6,0.6,0.0,0.0,0.12327711066408997,74933.2748736607,False,0.0,59189.03974649249
1779909958.9879737,BUY_NO,153.0,0.61,0.61,0.0,0.0,0.1174765101229941,74933.2748736607,False,0.0,59184.09404009249
1779909962.0007374,BUY_NO,205.82,0.6,0.6,0.0,0.0,0.13082727833066565,74933.2748736607,False,0.0,59179.478370492485
1779909962.444378,BUY_NO,90.29999999999998,0.6,0.6,0.0,0.0,0.1305006102983438,74933.2748736607,False,0.0,59177.43648649249
1779909963.2879057,BUY_NO,166.9220909789433,0.6,0.6,0.0,0.0,0.1299607347721874,74933.2748736607,False,0.0,59173.68746230547
1779910072.6147485,SELL_NO,564.48,0.8550143494897959,0.86,57.97268035120993,57.97268035120993,0.09230389482092594,74933.2748736607,True,131.41018634458823,60173.49828057486
1779910072.6185987,BUY_YES,349.11,0.16,0.16,0.0,0.0,0.07726567536743242,74933.2748736607,False,0.0,60161.362262926865
1779910072.6215994,SELL_NO,597.99,0.8260902356226693,0.83,47.10559490759886,47.10559490759886,0.063341126326942,74933.2748736607,True,121.06851550867788,60131.87906931296
1779910072.6259193,SELL_NO,501.43,0.8050521508485732,0.81,61.08455742502314,61.08455742502314,0.0422907718852662,74933.2748736607,True,90.48571793201381,60096.123305773144
1779910072.6509902,SELL_NO,64.40999999999997,0.8574522589659991,0.86,29.62489574419658,29.62489574419658,0.09460554982098657,74933.2748736607,True,15.133065491011152,60095.04032152322
1779910072.6542,SELL_NO,604.4,0.7858702845797486,0.79,52.27487873735978,52.27487873735978,0.023012844519384124,74933.2748736607,True,96.98658152554276,60039.86139360264
1779910072.7534916,SELL_NO,65.20999999999995,0.8578270203956447,0.86,25.26720470180525,25.26720470180525,0.09462710505074601,74933.2748736607,True,15.347094071340088,60038.79102759625
1779910073.6378288,SELL_NO,59.0,0.86,0.86,0.0,0.0,0.09352195336066793,74933.2748736607,True,14.017553138387463,60037.95456839624
1779910073.6773353,SELL_NO,63.799999999999955,0.8555109717868338,0.86,52.19800247867689,52.19800247867689,0.08890522979911375,74933.2748736607,True,14.85925051049059,60036.7513445476
1779910073.7001743,SELL_NO,530.09,0.8548172951762907,0.86,60.264009578015184,60.264009578015184,0.08815204295568846,74933.2748736607,True,123.29261773142383,60026.586955491635
1779910073.7037573,BUY_YES,349.11,0.16,0.16,0.0,0.0,0.07332485002569741,74933.2748736607,False,0.0,60014.450937843634
1779910073.7071946,SELL_NO,587.99,0.8260237419003725,0.83,47.90672409189672,47.90672409189672,0.059361590744715254,74933.2748736607,True,119.00248949206895,59985.41934742302
1779910073.7108505,SELL_NO,103.85098357414802,0.81,0.81,0.0,0.0,0.04335127773894132,74933.2748736607,True,19.253270896905782,59978.52679134766
1779910133.9668393,BUY_NO,119.0,0.84,0.84,0.0,0.0,0.014744274711659622,74933.2748736607,False,0.0,59997.69685214766
1779910143.7136297,BUY_NO,318.19,0.8342883183003865,0.83,51.66648554682606,51.66648554682606,0.015208887655108416,74933.2748736607,False,0.0,59997.3363086412
1779910144.1441703,BUY_NO,73.63,0.83,0.83,0.0,0.0,0.020794454179877353,74933.2748736607,False,0.0,59996.190136745194
1779910145.2449565,BUY_NO,218.2184205412978,0.8300000000000001,0.83,1.3376181019580201e-12,1.3376181019580201e-12,0.023669276544011297,74933.2748736607,False,0.0,59992.85212006453
1779910145.5386252,BUY_NO,65.68457163519577,0.8368924849549045,0.83,83.04198740848888,83.04198740848888,0.017807007917637785,74933.2748736607,False,0.0,59991.39540298157
1779910146.5031915,BUY_NO,203.8045637036472,0.83,0.83,0.0,0.0,0.027894990540123565,74933.2748736607,False,0.0,59988.27588883948
1779910146.7897582,BUY_NO,61.9874184662948,0.8393360852253283,0.83,112.48295452202845,112.48295452202845,0.01953133085642189,74933.2748736607,False,0.0,59986.755379124086
1779910148.1309428,BUY_NO,256.14972827633574,0.8343482274615641,0.83,52.38828266944769,52.38828266944769,0.0285356805693322,74933.2748736607,False,0.0,59981.78183322647
1779910149.0472832,BUY_NO,171.15027172366428,0.8395904184124626,0.83,115.5472097887068,115.5472097887068,0.02708429308021032,74933.2748736607,False,0.0,59977.59506217244
1779910149.2142575,BUY_NO,112.87253482152573,0.833684911913008,0.83,44.39652907238573,44.39652907238573,0.03365219031925504,74933.2748736607,False,0.0,59970.94561707174
1779910149.6538587,BUY_NO,90.0,0.8288888888888888,0.8200000000000001,108.40108401083809,108.40108401083809,0.04018977330025786,74933.2748736607,False,0.0,59959.27186998006
1779910149.6830719,BUY_NO,63.0,0.822063492063492,0.8200000000000001,25.164537359658407,25.164537359658407,0.047132139349071456,74933.2748736607,False,0.0,59957.81836609435
1779910149.7053013,BUY_NO,66.0,0.8224242424242424,0.8200000000000001,29.563932002955227,29.563932002955227,0.046859391903038894,74933.2748736607,False,0.0,59950.66703407578
1779910149.7162979,BUY_NO,93.0,0.8246236559139785,0.8200000000000001,56.38604773144387,56.38604773144387,0.04470409370589501,74933.2748736607,False,0.0,59959.98833711585
1779910150.1197915,BUY_NO,87.96000000000001,0.8200000000000001,0.8200000000000001,0.0,0.0,0.05093701724384303,74933.2748736607,False,0.0,59958.58376860384
1779910150.1576629,BUY_NO,76.13999999999999,0.8200000000000001,0.8200000000000001,0.0,0.0,0.051086201928349895,74933.2748736607,False,0.0,59957.363913595844
1779910150.4789321,BUY_NO,323.9885729508346,0.8233905076327339,0.8200000000000001,41.347654057729905,41.347654057729905,0.04896110251441521,74933.2748736607,False,0.0,59951.22328002008
1779910150.8770704,BUY_NO,94.13402263393209,0.8203977332030622,0.8200000000000001,4.850404915391876,4.850404915391876,0.05350150133058118,74933.2748736607,False,0.0,59949.68651491304
1779910151.3504586,BUY_NO,63.677404415233255,0.8208915885418652,0.8200000000000001,10.873030998354963,10.873030998354963,0.05482274503869944,74933.2748736607,False,0.0,59948.60726112714
1779910151.4134653,BUY_NO,61.29658428643279,0.8200000000000001,0.8200000000000001,0.0,0.0,0.05595125525165712,74933.2748736607,False,0.0,59947.61936714518
1779910151.7703395,BUY_NO,82.05617818083829,0.8200000000000001,0.8200000000000001,0.0,0.0,0.0572982683149188,74933.2748736607,False,0.0,59946.30705883751
1779910151.8986948,SELL_YES,282.2238218191617,0.18,0.18,0.0,0.0,0.05777621621824014,74933.2748736607,True,2.615227437146636,59941.86669072918
1779910152.1927195,BUY_NO,95.50947896316848,0.8273824587599685,0.8200000000000001,90.0299848776641,90.0299848776641,0.051488270632304656,74933.2748736607,False,0.0,59939.67191576179
1779910153.190771,BUY_NO,96.76052103683153,0.8284497809809962,0.8200000000000001,103.04610952434311,103.04610952434311,0.054057218321795664,74933.2748736607,False,0.0,59937.35038720329
1779910153.242955,SELL_YES,331.36,0.16,0.16,0.0,0.0,0.042693816787948924,74933.2748736607,False,-3.236504447999998,59925.829882755286
1779910154.2991056,BUY_NO,361.4510867657732,0.822437704297812,0.8200000000000001,29.72810119282905,29.72810119282905,0.06396794261362848,74933.2748736607,False,0.0,59919.31105970122
1779910154.6291592,BUY_NO,68.74099515531498,0.8200000000000001,0.8200000000000001,0.0,0.0,0.06753840414914603,74933.2748736607,False,0.0,59918.20683042173
1779910154.949136,BUY_NO,66.16903644705098,0.8200000000000001,0.8200000000000001,0.0,0.0,0.06862544120776426,74933.2748736607,False,0.0,59917.14279365537
1779910155.2922416,BUY_NO,70.17455472425945,0.8200000000000001,0.8200000000000001,0.0,0.0,0.06977824224177176,74933.2748736607,False,0.0,59916.01616185378
1779910155.6316915,BUY_NO,68.63642954368015,0.8200000000000001,0.8200000000000001,0.0,0.0,0.0709058595149602,74933.2748736607,False,0.0,59914.91356664201
1779910155.9830127,BUY_NO,70.22390168425909,0.8200000000000001,0.8200000000000001,0.0,0.0,0.07205955352246995,74933.2748736607,False,0.0,59913.78616368561
1779910156.4494932,BUY_NO,90.45951130233198,0.8200000000000001,0.8200000000000001,0.0,0.0,0.0735455331155127,74933.2748736607,False,0.0,59912.34253481059
1779910156.9030943,BUY_NO,88.08099646746723,0.82,0.8200000000000001,-1.3539305178355566e-12,-1.3539305178355566e-12,0.07499272151889536,74933.2748736607,False,0.0,59910.93607546259
1779910157.3410678,BUY_NO,83.80080310184621,0.8200000000000001,0.8200000000000001,0.0,0.0,0.07636965415720476,74933.2748736607,False,0.0,59909.59650355236
1779910157.7968848,BUY_NO,85.9002492690779,0.8200000000000001,0.8200000000000001,0.0,0.0,0.0777810535335679,74933.2748736607,False,0.0,59908.22412317698
1779910158.2642555,BUY_NO,86.7578046631429,0.8200000000000001,0.8200000000000001,0.0,0.0,0.07920660164415116,74933.2748736607,False,0.0,59906.83834161195
1779910158.7519588,BUY_NO,89.08952594244647,0.8200000000000001,0.8200000000000001,0.0,0.0,0.08067049143779514,74933.2748736607,False,0.0,59905.41612177214
1779910158.7640493,BUY_NO,372.2762651035464,0.8197313822841429,0.81,120.14052202645469,120.14052202645469,0.08097490635821258,74933.2748736607,False,0.0,59833.49385125179
1779910159.1846585,BUY_NO,71.91407310364593,0.81,0.81,0.0,0.0,0.0919493982386268,74933.2748736607,False,0.0,59854.36409169315
1779910160.9640386,BUY_NO,295.8322332091848,0.8198205063747653,0.81,121.24081944154668,121.24081944154668,0.08719904254059418,74933.2748736607,False,0.0,59846.80339372449
1779910160.991244,BUY_NO,95.74,0.8057123459369125,0.8,71.40432421140625,71.40432421140625,0.10138241959963168,74933.2748736607,False,0.0,59796.87790433902
1779910161.0018413,BUY_NO,63.0,0.8,0.8,0.0,0.0,0.10712404588989899,74933.2748736607,False,0.0,59795.807144339014
1779910161.0241816,BUY_NO,76.00000000000001,0.8065789473684211,0.8,82.23684210526272,82.23684210526272,0.10060679133091799,74933.2748736607,False,0.0,59794.04346118112
1779910161.0322745,BUY_NO,63.0,0.8,0.8,0.0,0.0,0.10720807588298453,74933.2748736607,False,0.0,59792.97270118112
1779910165.5250447,BUY_NO,60.705864610440585,0.8270299409924065,0.8200000000000001,85.73098771227305,85.73098771227305,0.09168682735223599,74933.2748736607,False,0.0,59893.123592091084
1779910179.6695964,BUY_NO,57.56363397199766,0.87,0.87,0.0,0.0,0.07551393201229273,74933.2748736607,False,0.0,60149.213392964455
1779910180.2814193,BUY_NO,71.62991759183387,0.87,0.87,0.0,0.0,0.07641199636787377,74933.2748736607,False,0.0,60148.24194663156
1779910180.8132827,BUY_NO,61.07478554354475,0.87,0.87,0.0,0.0,0.0771779488050226,74933.2748736607,False,0.0,60147.4092285102
1779910181.3276088,BUY_NO,58.043891226468986,0.87,0.87,0.0,0.0,0.07790584135389922,74933.2748736607,False,0.0,60146.61634603904
1779910181.8887384,BUY_NO,62.20566226174287,0.87,0.87,0.0,0.0,0.07868586626678731,74933.2748736607,False,0.0,60145.768764578796
1779910182.4431055,BUY_NO,60.31839713539284,0.87,0.87,0.0,0.0,0.07944229558621452,74933.2748736607,False,0.0,60144.94598782157
1779910183.0485451,BUY_NO,64.61826655249024,0.8784714312580649,0.87,97.37277308120612,97.37277308120612,0.07178116841848847,74933.2748736607,False,0.0,60143.54878766829
1779910183.7312763,BUY_NO,71.27132295477077,0.87,0.87,0.0,0.0,0.08114694407746914,74933.2748736607,False,0.0,60142.58205441643
1779910184.2956464,BUY_NO,57.726192574638844,0.87,0.87,0.0,0.0,0.08187102870045249,74933.2748736607,False,0.0,60141.79334752219
1779910184.8989978,BUY_NO,60.536363459106724,0.87,0.87,0.0,0.0,0.0826302077981913,74933.2748736607,False,0.0,60140.96770598997
1779910185.5258458,BUY_NO,61.61513776209267,0.87,0.87,0.0,0.0,0.0834029458238783,74933.2748736607,False,0.0,60140.12788591134
1779910186.1610513,BUY_NO,61.134734847029904,0.87,0.87,0.0,0.0,0.08416968820762116,74933.2748736607,False,0.0,60139.294379864295
1779910186.7973173,BUY_NO,59.95108781204908,0.87,0.87,0.0,0.0,0.08492160665058857,74933.2748736607,False,0.0,60138.476430726965
1779910187.463652,BUY_NO,61.4372153309605,0.87,0.87,0.0,0.0,0.08569214925968027,74933.2748736607,False,0.0,60137.63894911842
1779910188.131658,BUY_NO,60.23342875878279,0.87,0.87,0.0,0.0,0.08644763543341027,74933.2748736607,False,0.0,60136.81728911756
1779910188.8080764,BUY_NO,59.63994506660765,0.8699999999999999,0.87,-1.2761184191093752e-12,-1.2761184191093752e-12,0.08719568495431762,74933.2748736607,False,0.0,60136.00342939157
1779910189.5304563,BUY_NO,62.22662601810043,0.87,0.87,0.0,0.0,0.08797615657905322,74933.2748736607,False,0.0,60135.15557240049
1779910190.2794993,BUY_NO,62.957753804036656,0.87,0.87,0.0,0.0,0.08876583172342245,74933.2748736607,False,0.0,60134.298106050686
1779910190.4504814,SETTLE_YES,84.63617818083833,0.0,0.0,0.0,0.0,0.0,74933.2748736607,False,-13.571788508934132,54641.93123192497
1779910190.4504814,SETTLE_NO,6336.347965400348,1.0,1.0,0.0,0.0,0.0,74933.2748736607,True,1061.7289274692819,60978.27919732532
1779910194.0060549,BUY_YES,132.34,0.5,0.5,0.0,0.0,0.3125113526120178,74894.90499403662,False,0.0,60975.20537732532
1779910194.4817321,BUY_YES,338.67,0.51,0.51,0.0,0.0,0.3019767566192645,74894.90499403662,False,0.0,60964.00170574932
1779910194.4856238,BUY_YES,462.21,0.52,0.52,0.0,0.0,0.2919750675005732,74894.90499403662,False,0.0,60944.109987397314
1779910194.5125172,BUY_YES,534.0,0.53,0.53,0.0,0.0,0.28195529335928693,74894.90499403662,False,0.0,60915.812590597314
1779910194.5181692,BUY_YES,461.0,0.54,0.54,0.0,0.0,0.27194833059755563,74894.90499403662,False,0.0,60886.79269779731
1779910194.5683281,BUY_YES,805.0,0.55,0.55,0.0,0.0,0.26185064121706214,74894.90499403662,False,0.0,60828.14259779731
1779910194.5725808,BUY_YES,556.0,0.56,0.56,0.0,0.0,0.25184245805939565,74894.90499403662,False,0.0,60782.10871299732
1779910194.574445,BUY_YES,563.0,0.57,0.57,0.0,0.0,0.24183764379926698,74894.90499403662,False,0.0,60729.918339397314
1779910194.5781102,BUY_YES,572.0,0.58,0.58,0.0,0.0,0.23182645179271189,74894.90499403662,False,0.0,60671.23591699732
1779910194.58249,BUY_YES,175.0,0.59,0.59,0.0,0.0,0.2218114895688813,74894.90499403662,False,0.0,60651.53297699732
1779910194.58629,BUY_YES,455.0,0.6,0.6,0.0,0.0,0.21179540547933395,74894.90499403662,False,0.0,60595.86557699732
1779910194.5904145,BUY_YES,225.0,0.61,0.61,0.0,0.0,0.20177716663362233,74894.90499403662,False,0.0,60566.10659699732
1779910194.5959616,BUY_YES,225.16,0.62,0.62,0.0,0.0,0.19175005466146255,74894.90499403662,False,0.0,60534.11216288532
1779910194.6004188,BUY_YES,273.51,0.63,0.63,0.0,0.0,0.18172671429177056,74894.90499403662,False,0.0,60492.56793985332
1779910196.4430306,BUY_YES,132.34,0.5,0.5,0.0,0.0,0.29451203252881364,74894.90499403662,False,0.0,60489.49411985332
1779910196.4470396,BUY_YES,338.67,0.51,0.51,0.0,0.0,0.2844739423920136,74894.90499403662,False,0.0,60478.290448277316
1779910196.4506335,BUY_YES,462.21,0.52,0.52,0.0,0.0,0.27445888550830055,74894.90499403662,False,0.0,60458.39872992532
1779910196.4540236,BUY_YES,434.0,0.53,0.53,0.0,0.0,0.2644545071329619,74894.90499403662,False,0.0,60435.39485312531
1779910196.4574203,BUY_YES,461.0,0.54,0.54,0.0,0.0,0.25445078877935556,74894.90499403662,False,0.0,60406.37496032531
1779910196.4609418,BUY_YES,210.63955331761827,0.55,0.55,0.0,0.0,0.2444460015138359,74894.90499403662,False,0.0,60391.00618805272
1779910197.5508468,BUY_YES,128.34,0.5,0.5,0.0,0.0,0.2866679498097544,74894.90499403662,False,0.0,60388.02436805272
1779910197.5606356,BUY_YES,333.67,0.51,0.51,0.0,0.0,0.27658556453589256,74894.90499403662,False,0.0,60376.98566047672
1779910197.566992,BUY_YES,167.709795292958,0.52,0.52,0.0,0.0,0.2665508807116498,74894.90499403662,False,0.0,60369.748969321234
1779910198.7326522,BUY_YES,121.34,0.5,0.5,0.0,0.0,0.2796816750166299,74894.90499403662,False,0.0,60366.92814932123
1779910379.2308824,SELL_YES,702.3299999999999,0.8851215240698819,0.89,54.81433629346227,54.81433629346227,0.014079742988981736,74894.90499403662,True,231.22944327675617,63781.94213754225
1779910381.1955426,SELL_YES,561.4,0.89,0.89,0.0,0.0,0.012210689184920853,74894.90499403662,True,187.71639527124785,63775.147941222254
1779910442.6366436,BUY_YES,452.45,0.7431055365233727,0.74,41.966709775307486,41.966709775307486,0.17807752552127487,74894.90499403662,False,0.0,62596.579070518994
1779910490.2516704,SELL_YES,572.0,0.7280304195804196,0.73,26.98055369288215,26.98055369288215,0.03857272747823537,74894.90499403662,True,87.99982618860372,62584.40795088991
1779910493.7674716,SELL_YES,367.86,0.7103569292665689,0.72,133.93153796432043,133.93153796432043,0.08250368552825604,74894.90499403662,True,49.87644905703746,62569.863273848176
1779910493.8600223,SELL_YES,124.84,0.693523710349247,0.7,92.51842358218536,92.51842358218536,0.06730123070554384,74894.90499403662,True,14.744095446516027,62562.74488524595
1779910501.002005,SELL_YES,218.09,0.6702292631482416,0.68,143.6873066435065,143.6873066435065,0.1507506245104029,74886.50354702346,True,20.566356450810474,62545.118441743296
1779910501.0058007,BUY_NO,561.23,0.33999999999999997,0.33999999999999997,0.0,0.0,0.14054248049961215,74886.50354702346,False,0.0,62493.9285108793
1779910501.0094404,BUY_NO,451.68,0.35,0.35,0.0,0.0,0.13058527049831958,74886.50354702346,False,0.0,62448.1071924793
1779910501.0126677,SELL_YES,138.6,0.64,0.64,0.0,0.0,0.12062119404283866,74886.50354702346,True,8.775983037364327,62432.6109847993
1779910501.0315816,BUY_NO,287.59,0.27,0.27,0.0,0.0,0.21073084636072414,74886.50354702346,False,0.0,62427.061787591294
1779910501.0349998,SELL_YES,460.71000000000004,0.7123003624839921,0.72,106.93940994455396,106.93940994455396,0.19304479079579395,74886.50354702346,True,63.39573266557073,62409.776127865836
1779910501.0381749,SELL_YES,117.99,0.6931477243834222,0.7,97.88965166539647,97.88965166539647,0.17390753732796027,74886.50354702346,True,13.887839720034819,62403.0010831505
1779910501.0420482,SELL_YES,218.09,0.6702292631482416,0.68,143.6873066435065,143.6873066435065,0.15100813981140748,74886.50354702346,True,20.566356450810474,62385.374639647845
1779910501.0452757,BUY_NO,561.23,0.33999999999999997,0.33999999999999997,0.0,0.0,0.14079406824624352,74886.50354702346,False,0.0,62334.18470878385
1779910501.0485601,BUY_NO,451.68,0.35,0.35,0.0,0.0,0.13082150584362695,74886.50354702346,False,0.0,62288.36339038385
1779910501.0518613,SELL_YES,138.6,0.64,0.64,0.0,0.0,0.12085205933263654,74886.50354702346,True,8.775983037364327,62272.86718270385
1779910501.055208,SELL_YES,91.83,0.63,0.63,0.0,0.0,0.11088040744092154,74886.50354702346,True,4.86828852448749,62261.65383144785
1779910501.0595539,SELL_YES,135.46,0.62,0.62,0.0,0.0,0.10091403686833256,74886.50354702346,True,5.816566187553917,62243.74809637586
1779910501.0629983,SELL_YES,384.78,0.61,0.61,0.0,0.0,0.09093962730255745,74886.50354702346,True,12.66590504182571,62189.02977671185
1779910501.0662239,SELL_YES,124.39,0.6,0.6,0.0,0.0,0.08096502763667202,74886.50354702346,True,2.8115690347254656,62170.05766751185
1779910501.1300483,SELL_YES,122.53000000000003,0.73,0.73,0.0,0.0,0.2111780445225827,74886.50354702346,True,19.076449800786804,62167.67616977585
1779910501.9914985,SELL_YES,72.0,0.73,0.73,0.0,0.0,0.2101836237221213,74886.50354702346,True,11.197163842786672,62166.26440337584
1779910502.096909,SELL_YES,72.64999999999999,0.729084652443221,0.73,12.5390076271099,12.5390076271099,0.20920648350584736,74886.50354702346,True,11.229822085718148,62164.771464598525
1779910503.469165,BUY_NO,567.12,0.27,0.27,0.0,0.0,0.20562396576515907,74886.50354702346,False,0.0,62153.85775125452
1779910503.5678492,SELL_YES,455.71000000000004,0.7122158829079897,0.72,108.11273738903226,108.11273738903226,0.18783929739682248,74886.50354702346,True,62.66771008637846,62136.71968910562
1779910503.6604607,SELL_YES,117.99,0.6931477243834222,0.7,97.88965166539647,97.88965166539647,0.16898656536621648,74886.50354702346,True,13.887839720034819,62129.944644390285
1779910503.7552812,SELL_YES,213.09,0.6702346426392604,0.68,143.60819648146602,143.60819648146602,0.14634226249166415,74886.50354702346,True,20.095332314427537,62112.722796907
1779910503.809192,BUY_NO,561.23,0.33999999999999997,0.33999999999999997,0.0,0.0,0.13624492775446928,74886.50354702346,False,0.0,62061.532866043
1779910504.5876253,BUY_NO,539.12,0.27,0.27,0.0,0.0,0.20598766674850932,74886.50354702346,False,0.0,62051.156506299005
1779910504.6406913,SELL_YES,455.71000000000004,0.7122158829079897,0.72,108.11273738903226,108.11273738903226,0.1882154092539734,74886.50354702346,True,62.66771008637846,62034.018444150104
1779910504.697044,SELL_YES,117.99,0.6931477243834222,0.7,97.88965166539647,97.88965166539647,0.16927901009841273,74886.50354702346,True,13.887839720034819,62027.24339943477
1779910504.7871094,SELL_YES,213.09,0.6702346426392604,0.68,143.60819648146602,143.60819648146602,0.1466162669498281,74886.50354702346,True,20.095332314427537,62010.02155195148
1779910504.8489497,SELL_YES,561.23,0.66,0.66,0.0,0.0,0.13652037389779448,74886.50354702346,True,47.0949291382106,61958.831621087484
1779910504.9033818,SELL_YES,456.68,0.6500000000000001,0.65,-1.7080354225002406e-12,-1.7080354225002406e-12,0.12697524214889055,74886.50354702346,True,33.64742414549747,61912.503402687486
1779910504.996796,SELL_YES,138.6,0.64,0.64,0.0,0.0,0.11775405064078126,74886.50354702346,True,8.775983037364327,61897.007195007485
1779910506.0890772,BUY_NO,542.25,0.27,0.27,0.0,0.0,0.21025430033071413,74886.50354702346,False,0.0,61886.570766807476
1779910506.1501775,SELL_YES,128.3,0.7210911925175368,0.73,122.03845866387869,122.03845866387869,0.20141167805028282,74886.50354702346,True,18.796059235741794,61882.8984128467
1779910506.7688906,BUY_NO,354.73,0.29000000000000004,0.29000000000000004,0.0,0.0,0.1906072993550051,74886.50354702346,False,0.0,61868.7413615427
1779910506.8674383,SELL_YES,117.99,0.6931477243834222,0.7,97.88965166539647,97.88965166539647,0.17410843178710145,74886.50354702346,True,13.887839720034819,61861.96631682736
1779910506.966087,SELL_YES,213.09,0.6702346426392604,0.68,143.60819648146602,143.60819648146602,0.1515229144221507,74886.50354702346,True,20.095332314427537,61844.74446934408
1779910507.0653975,SELL_YES,561.23,0.66,0.66,0.0,0.0,0.14157018600020765,74886.50354702346,True,47.0949291382106,61793.55453848007
1779910507.1204805,SELL_YES,456.68,0.6500000000000001,0.65,-1.7080354225002406e-12,-1.7080354225002406e-12,0.13190828721352077,74886.50354702346,True,33.64742414549747,61747.22632008008
1779910507.1810584,SELL_YES,138.6,0.64,0.64,0.0,0.0,0.1223163409430994,74886.50354702346,True,8.775983037364327,61731.73011240007
1779910507.7570689,BUY_NO,559.25,0.27,0.27,0.0,0.0,0.21407438085934283,74886.50354702346,False,0.0,61694.032530543125
1779910515.6479707,BUY_NO,192.65,0.26,0.26,0.0,0.0,0.20743650706219952,74886.50354702346,False,0.0,61663.43563536618
1779910515.8879137,BUY_NO,193.3,0.26,0.26,0.0,0.0,0.20804649260167019,74886.50354702346,False,0.0,61659.76138912618
1779910515.94341,BUY_NO,381.25,0.27,0.27,0.0,0.0,0.1983552627308155,74886.50354702346,False,0.0,61648.60224412618
1779910520.9565473,BUY_NO,194.65,0.26,0.26,0.0,0.0,0.2017576917072511,74886.50354702346,False,0.0,61644.90254660618
1779910521.112817,BUY_NO,188.97824539366957,0.27,0.27,0.0,0.0,0.19276718101215817,74886.50354702346,False,0.0,61639.35604484925
1779910521.6685474,BUY_NO,217.65,0.26,0.26,0.0,0.0,0.20504871061167151,74886.50354702346,False,0.0,61635.22273292925
1779910500.9994297,SETTLE_YES,50.12934861057758,1.0,1.0,0.0,0.0,0.0,74886.50354702346,True,22.03313098940177,59912.58071424956
1779910500.9994297,SETTLE_NO,6805.588245393667,0.0,0.0,0.0,0.0,0.0,74886.50354702346,False,-2026.778026256291,59912.58071424956
1779910531.1092021,BUY_YES,248.2,0.47,0.47,0.0,0.0,0.308572682734104,74896.39002724994,False,0.0,59972.63119760956
1779910531.11336,BUY_YES,286.0,0.48,0.48,0.0,0.0,0.2985617487708627,74896.39002724994,False,0.0,60038.96143440956
1779910531.117257,BUY_YES,220.15,0.49000000000000005,0.49,1.1328806373726088e-12,1.1328806373726088e-12,0.2885451396008048,74896.39002724994,False,0.0,60087.80631948956
1779910531.1208768,BUY_YES,296.98,0.5,0.5,0.0,0.0,0.2785259029745394,74896.39002724994,False,0.0,60150.73607948956
1779910531.1239548,BUY_YES,217.0,0.51,0.51,0.0,0.0,0.26850722533784255,74896.39002724994,False,0.0,60194.541641889555
1779910531.1277604,BUY_YES,203.0,0.52,0.52,0.0,0.0,0.258481937152497,74896.39002724994,False,0.0,60233.493488289554
1779910531.1311736,BUY_YES,233.0,0.53,0.53,0.0,0.0,0.24845768358355558,74896.39002724994,False,0.0,60275.88458668956
1779910531.13407,BUY_YES,223.0,0.54,0.54,0.0,0.0,0.23843600266657516,74896.39002724994,False,0.0,60314.23627628955
1779910531.1386538,BUY_YES,508.0,0.55,0.55,0.0,0.0,0.22840021959014978,74896.39002724994,False,0.0,60396.59371628956
1779910531.1425087,BUY_YES,347.99,0.56,0.56,0.0,0.0,0.2183690729491361,74896.39002724994,False,0.0,60449.54839529756
1779910531.1459954,BUY_YES,222.0,0.57,0.57,0.0,0.0,0.20834006679713957,74896.39002724994,False,0.0,60481.12071689756
1779910531.1494827,BUY_YES,327.0,0.58,0.58,0.0,0.0,0.19831031328938786,74896.39002724994,False,0.0,60524.40539849756
1779910531.153086,BUY_YES,993.0,0.59,0.59,0.0,0.0,0.18827889235861495,74896.39002724994,False,0.0,60646.10051609756
1779910531.1565602,BUY_YES,313.5,0.6,0.6,0.0,0.0,0.17824803095827302,74896.39002724994,False,0.0,60681.408236097566
1779910531.1599338,BUY_YES,312.0,0.61,0.61,0.0,0.0,0.1682175452581952,74896.39002724994,False,0.0,60713.47405049756
1779910531.1635277,BUY_NO,128119.09261601634,0.010000000000000009,0.010000000000000009,0.0,0.0,0.21181543246152734,74896.39002724994,False,0.0,93933.08484144512
1779910531.9067674,BUY_NO,5652.840760063322,0.010000000000000009,0.010000000000000009,0.0,0.0,0.22007853977530445,74896.39002724994,False,0.0,95398.7640941678
1779910532.3781736,BUY_NO,5345.615324682818,0.010000000000000009,0.010000000000000009,0.0,0.0,0.2260352157144846,74896.39002724994,False,0.0,96784.7837239819
1779910532.8016398,BUY_NO,5217.944727812544,0.010000000000000009,0.010000000000000009,0.0,0.0,0.2318500828276957,74896.39002724994,False,0.0,98137.70000221118
1779910533.189122,BUY_NO,5021.989447900298,0.010000000000000009,0.010000000000000009,0.0,0.0,0.23744743781961697,74896.39002724994,False,0.0,99439.8075845868
1779910533.6156971,BUY_NO,5613.966454594774,0.010000000000000009,0.010000000000000009,0.0,0.0,0.24355995421136611,74896.39002724994,False,0.0,100895.4072274926
1779910534.0965147,BUY_NO,6001.758213095716,0.010000000000000009,0.010000000000000009,0.0,0.0,0.25039356568774973,74896.39002724994,False,0.0,102451.5563096432
1779910534.560038,BUY_NO,5829.284888037131,0.010000000000000009,0.010000000000000009,0.0,0.0,0.2568932440615149,74896.39002724994,False,0.0,103962.98526626467
1779910534.9791465,BUY_NO,5203.228997158585,0.010000000000000009,0.010000000000000009,0.0,0.0,0.2626967614644472,74896.39002724994,False,0.0,105312.08594389673
1779910535.475348,BUY_NO,5889.450388268044,0.010000000000000009,0.010000000000000009,0.0,0.0,0.26926332432218525,74896.39002724994,False,0.0,106839.11504460964
1779910535.9490206,BUY_NO,5537.791510132811,0.010000000000000009,0.010000000000000009,0.0,0.0,0.27544100593995513,74896.39002724994,False,0.0,108274.96349945577
1779910536.4619722,BUY_NO,5800.111185168382,0.010000000000000009,0.010000000000000009,0.0,0.0,0.28191066091996175,74896.39002724994,False,0.0,109778.82808834675
1779910536.7620542,BUY_YES,296.28,0.4699999999999999,0.47,-1.1810883240693154e-12,-1.1810883240693154e-12,0.23386122946401305,74896.39002724994,False,0.0,158606.8002932174
1779910536.8615994,BUY_YES,328.0,0.48,0.48,0.0,0.0,0.22222230461516623,74896.39002724994,False,0.0,158595.9557396174
1779910536.9190078,BUY_YES,255.15,0.49,0.49,0.0,0.0,0.21135495505737534,74896.39002724994,False,0.0,158584.95612669742
1779910537.0097134,BUY_YES,296.98,0.5,0.5,0.0,0.0,0.20006745490497901,74896.39002724994,False,0.0,158569.1861866974
1779910537.1104977,BUY_YES,247.0,0.51,0.51,0.0,0.0,0.18870642740861865,74896.39002724994,False,0.0,158553.59696509741
1779910539.1275845,BUY_YES,228.0,0.52,0.52,0.0,0.0,0.15799633461093066,74896.39002724994,False,0.0,158536.92953149742
1779910539.2242382,BUY_YES,270.49,0.53,0.53,0.0,0.0,0.14713185963328201,74896.39002724994,False,0.0,158514.4663892494
1779910539.2846847,BUY_YES,243.0,0.54,0.54,0.0,0.0,0.13659576637001403,74896.39002724994,False,0.0,158491.8653828494
1779910539.3893323,BUY_YES,538.0,0.55,0.55,0.0,0.0,0.12567525858699513,74896.39002724994,False,0.0,158436.5182228494
1779910539.4888883,BUY_YES,322.99,0.56,0.56,0.0,0.0,0.1148079895522337,74896.39002724994,False,0.0,158400.0740718574
1779910539.547749,SELL_NO,217.0,0.43000000000000005,0.43000000000000005,0.0,0.0,0.10429929960204387,74896.39002724994,True,87.28055760000001,158373.42962945742
1779910539.6071997,SELL_NO,327.0,0.42,0.42000000000000004,1.3216940769347101e-12,1.3216940769347101e-12,0.09378893749684653,74896.39002724994,True,128.30468159999998,158330.0593110574
1779910539.6708016,SELL_NO,993.0,0.41000000000000003,0.41000000000000003,0.0,0.0,0.08324677354243293,74896.39002724994,True,379.87511760000007,158188.60942865742
1779910539.7294502,SELL_NO,313.5,0.4,0.4,0.0,0.0,0.07275173804579715,74896.39002724994,True,116.81772,158140.83964865742
1779910539.8317182,SELL_NO,312.0,0.39,0.39,0.0,0.0,0.06189469697386896,74896.39002724994,True,113.1858144,158090.22546305743
1779910539.894131,SELL_NO,219.0,0.38,0.38,0.0,0.0,0.05137535631259904,74896.39002724994,True,77.2850592,158052.5355222574
1779910539.9937565,SELL_NO,667.0,0.37,0.37,0.0,0.0,0.04055166999399362,74896.39002724994,True,228.89560559999998,157931.25612785743
1779910540.0950239,SELL_NO,197.0,0.36,0.36,0.0,0.0,0.02972233624920051,74896.39002724994,True,65.6520064,157893.48313425743
1779910541.0534387,BUY_YES,179.85000000000002,0.47000000000000003,0.47,1.1810883240693154e-12,1.1810883240693154e-12,0.1920924720396066,74896.39002724994,False,0.0,157889.32823853742
1779910554.9299834,SELL_NO,345.13,0.53,0.53,0.0,0.0,0.11954879529215123,74896.39002724994,True,173.247624424,157881.3826129614
1779910555.029116,SELL_NO,255.99,0.52,0.52,0.0,0.0,0.10930221594163725,74896.39002724994,True,125.92445251200002,157872.91231547343
1779910555.122009,SELL_NO,240.15,0.51,0.51,0.0,0.0,0.09966968328185133,74896.39002724994,True,115.72402908000001,157862.55759455342
1779910555.1808844,SELL_NO,221.98,0.5,0.5,0.0,0.0,0.0899464507540284,74896.39002724994,True,104.74455999999999,157850.7626545534
1779910555.2391925,SELL_NO,212.0,0.49,0.49,0.0,0.0,0.08019320681476072,74896.39002724994,True,97.91552639999999,157837.3781809534
1779910555.3410885,SELL_NO,203.0,0.48,0.48,0.0,0.0,0.07056416817794409,74896.39002724994,True,91.7318464,157822.5350273534
1779910555.3975382,SELL_NO,235.49,0.47,0.47,0.0,0.0,0.06073867566154911,74896.39002724994,True,104.071839752,157802.9746171054
1779910555.4956326,SELL_NO,208.0,0.45999999999999996,0.45999999999999996,0.0,0.0,0.05101476666642768,74896.39002724994,True,89.84996159999999,157783.6245787054
1779910555.5929966,SELL_NO,514.0,0.44999999999999996,0.44999999999999996,0.0,0.0,0.04124516227258446,74896.39002724994,True,216.97051999999996,157730.74509870543
1779910555.6480138,SELL_NO,317.99,0.43999999999999995,0.43999999999999995,0.0,0.0,0.03140825406945558,74896.39002724994,True,131.06430300799997,157694.86465171343
1779910599.5326445,SELL_YES,821.08,0.46,0.46,0.0,0.0,0.023025879770652957,74896.39002724994,False,-77.50997198279538,157676.04440012944
1779910600.7573893,SELL_YES,793.53,0.46,0.46,0.0,0.0,0.03163719241577573,74896.39002724994,False,-74.91025791336727,157657.85462478542
1779910607.0394228,SELL_YES,153.0,0.47,0.47,0.0,0.0,0.059557985469194885,74896.39002724994,False,-12.94532472531752,155887.39659405613
1779910607.9651084,SELL_YES,110.49000000000001,0.47,0.47,0.0,0.0,0.06429588532692304,74896.39002724994,False,-9.356890384969489,155884.83248380813
1779910608.0237765,SELL_YES,207.02,0.45,0.45,0.0,0.0,0.04474734648825096,74896.39002724994,False,-21.62191420211262,155875.93788740813
1779910608.1191568,SELL_YES,252.14,0.44,0.44,0.0,0.0,0.035724018675460656,74896.39002724994,False,-28.829301475774898,155862.60982209613
1779910608.2125087,SELL_YES,307.17,0.43,0.43,0.0,0.0,0.026666262821735176,74896.39002724994,False,-38.15774873853452,155843.33648167213
1779910609.140096,SELL_YES,167.09999999999997,0.47,0.47,0.0,0.0,0.07287364566963994,74896.39002724994,False,-14.135560533336957,155839.47400975213
1779910612.3074667,SELL_YES,110.02000000000004,0.47,0.47,0.0,0.0,0.08357246733535767,74896.39002724994,False,-9.31721585803551,155836.92067904814
1779910612.3646524,SELL_YES,173.0,0.42,0.42,0.0,0.0,0.034029054596848574,74896.39002724994,False,-23.21509446718909,155824.34139744815
1779910612.4571395,SELL_YES,254.0,0.41,0.41,0.0,0.0,0.024908677635483323,74896.39002724994,False,-36.57945372176894,155803.37753024814
1779910613.7631314,SELL_YES,164.0,0.4000000000000001,0.4,-1.3877787807814457e-12,-1.3877787807814457e-12,0.02228876440040284,74896.39002724994,False,-25.246424683346866,155788.21361024815
1779910614.0981417,SELL_YES,507.97,0.47,0.47,0.0,0.0,0.0924768817637715,74896.39002724994,False,-42.90972222692508,155776.53321670415
1779910614.19993,SELL_YES,150.49,0.46,0.46,0.0,0.0,0.08282239004216863,74896.39002724994,False,-14.230761172712619,155771.55438315214
1779910616.196684,SELL_YES,137.89,0.47,0.47,0.0,0.0,0.09564326451940103,74896.39002724994,False,-11.66983089133354,155768.36184842413
1779910620.968806,SELL_YES,176.68,0.52,0.52,0.0,0.0,0.10585903202104041,74896.39002724994,False,-6.116606051693438,146794.96407116158
1779910622.335259,SELL_YES,99.05,0.51,0.51,0.0,0.0,0.09748113156333427,74896.39002724994,False,-4.4349007966189475,146791.6661343216
1779910622.3884249,SELL_YES,213.27,0.5,0.5,0.0,0.0,0.0879220513092509,74896.39002724994,False,-11.648669596447476,146782.4655243216
1779910622.4378226,SELL_YES,228.37,0.49,0.49,0.0,0.0,0.07841109389636991,74896.39002724994,False,-14.753353507560519,146770.33355858558
1779910624.3552954,SELL_YES,166.18,0.48,0.48,0.0,0.0,0.07588794303885105,74896.39002724994,False,-12.402082237210877,146759.83900456957
1779910624.407302,SELL_YES,186.5,0.47000000000000003,0.47,-1.1810883240693154e-12,-1.1810883240693154e-12,0.06625900883405883,74896.39002724994,False,-15.773189942952385,146746.20658976957
1779910624.4924107,SELL_YES,243.0,0.46,0.46,0.0,0.0,0.05697389872303199,74896.39002724994,False,-22.960327363739566,146726.03558336958
1779910624.5780373,SELL_YES,288.48,0.44999999999999996,0.45,1.2335811384723962e-12,1.2335811384723962e-12,0.04771366978285069,74896.39002724994,False,-30.11808525275552,146699.22886976958
1779910624.6653934,SELL_YES,176.0,0.44,0.44,0.0,0.0,0.03845678477894854,74896.39002724994,False,-20.132629728469823,146681.11648896956
1779910624.7526007,SELL_YES,149.43,0.43000000000000005,0.43,-1.2909570053780891e-12,-1.2909570053780891e-12,0.029194483782665814,74896.39002724994,False,-18.578131308393424,146664.25361787356
1779910625.3543808,SELL_YES,183.0,0.42,0.42,0.0,0.0,0.022890799581798293,74896.39002724994,False,-24.555273338124863,146641.79894427356
1779910628.1870818,SELL_YES,543.0,0.41,0.41,0.0,0.0,0.022527566535450183,74896.39002724994,False,-78.16524949181311,146569.86662187357
1779910629.4113708,SELL_YES,176.68,0.52,0.52,0.0,0.0,0.1385244740731632,74896.39002724994,False,-6.116606051693438,146565.77807025757
1779910631.0803509,SELL_YES,111.05,0.51,0.51,0.0,0.0,0.13292396995630207,74896.39002724994,False,-4.968558641741893,146562.08421981757
1779910631.1732926,SELL_YES,218.27,0.5,0.5,0.0,0.0,0.12338500960118104,74896.39002724994,False,-11.92106303191538,146552.66860981757
1779910631.2975523,SELL_YES,233.37,0.49,0.49,0.0,0.0,0.11444118511680357,74896.39002724994,False,-15.075710943028412,146540.27168008158
1779910631.394183,SELL_YES,171.18,0.48,0.48,0.0,0.0,0.10527135442407826,74896.39002724994,False,-12.77433167267877,146529.4622700656
1779910631.4877012,SELL_YES,191.5,0.47,0.47,0.0,0.0,0.09602662408897411,74896.39002724994,False,-16.195259378420275,146515.4651792656
1779910692.7474756,SELL_NO,149.0,0.47000000000000003,0.47,-1.1810883240693154e-12,-1.1810883240693154e-12,0.02325726396445632,74896.39002724994,True,65.8376552,146512.0178344656
1779910693.656752,SELL_NO,1330.35,0.45999999999999996,0.45999999999999996,0.0,0.0,0.023200190668780762,74896.39002724994,True,574.83445632,146468.23954078558
1779910694.1761975,BUY_YES,139.0,0.53,0.53,0.0,0.0,0.03928611870277632,74896.39002724994,False,0.0,146465.02154798558
1779910694.2739093,SELL_NO,1330.35,0.45999999999999996,0.45999999999999996,0.0,0.0,0.030336936351727184,74896.39002724994,True,574.83445632,146421.2432543056
1779910694.5714276,SELL_NO,147.81,0.44999999999999996,0.44999999999999996,0.0,0.0,0.02384078641927878,74896.39002724994,True,62.3724258,146414.8840301056
1779910697.0197766,BUY_YES,127.3,0.53,0.53,0.0,0.0,0.06713616722018534,74896.39002724994,False,0.0,146411.93437914556
1779910697.1146736,BUY_YES,1330.35,0.54,0.54,0.0,0.0,0.05795838605137649,74896.39002724994,False,0.0,146368.15608546557
1779910697.2133684,SELL_NO,147.81,0.44999999999999996,0.44999999999999996,0.0,0.0,0.04909600301787531,74896.39002724994,True,62.3724258,146361.79686126558
1779910698.1124814,BUY_YES,115.41,0.53,0.53,0.0,0.0,0.07795595367235086,74896.39002724994,False,0.0,146359.1199098336
1779910698.216736,BUY_YES,1330.35,0.54,0.54,0.0,0.0,0.06889241575730687,74896.39002724994,False,0.0,146315.34161615357
1779910698.2740521,SELL_NO,147.81,0.44999999999999996,0.44999999999999996,0.0,0.0,0.059512203654879636,74896.39002724994,True,62.3724258,146308.98239195358
1779910733.697286,SELL_YES,411.0,0.66,0.66,0.0,0.0,0.021425783599680615,74896.39002724994,True,43.1927399244903,121541.86531534328
1779910733.9350307,SELL_YES,427.97,0.66,0.66,0.0,0.0,0.02437253999386546,74896.39002724994,True,44.9773868746573,121532.78083964728
1779910736.820659,SELL_YES,389.06,0.66,0.66,0.0,0.0,0.046837523000568204,74896.39002724994,True,40.88542383217083,121524.51957503927
1779910739.3620715,SELL_YES,432.87,0.66,0.66,0.0,0.0,0.057797518953873195,74896.39002724994,True,45.49269447959645,121515.33143102327
1779910740.3643165,SELL_YES,426.31,0.66,0.66,0.0,0.0,0.06235178432366584,74896.39002724994,True,44.80281327788188,121506.28207561527
1779910742.6756508,SELL_YES,494.36,0.66,0.66,0.0,0.0,0.07061217466760905,74896.39002724994,True,51.95927909749645,121495.79299996726
1779910745.5183308,SELL_YES,384.78,0.66,0.66,0.0,0.0,0.07816210104297028,74896.39002724994,True,40.43531841397905,121487.62228646327
1779910746.0699317,SELL_YES,84.0,0.66,0.66,0.0,0.0,0.0800848453628602,74896.39002724994,True,8.803844656100203,121485.81511526328
1779910746.660817,SELL_YES,84.0,0.66,0.66,0.0,0.0,0.0817266780471142,74896.39002724994,True,8.803844656100203,121484.00794406327
1779910780.1396935,SELL_NO,494.37,0.31,0.31000000000000005,1.7906822977825102e-12,1.7906822977825102e-12,0.022045262791733078,74896.39002724994,True,140.667306504,117874.29231030864
1779910782.7503731,BUY_YES,124.44,0.6971472195435551,0.69,103.58289193558157,103.58289193558157,0.033703587572031624,74896.39002724994,False,0.0,117870.8590264257
1779910783.8701742,BUY_YES,568.03,0.6913217611745858,0.69,19.155959051968445,19.155959051968445,0.04769273688251119,74896.39002724994,False,0.0,117858.51057334094
1779910784.9667993,BUY_YES,617.9300000000001,0.6913266874888742,0.69,19.227354911220466,19.227354911220466,0.05570522220229246,74896.39002724994,False,0.0,117845.07701503347
1779910785.067626,BUY_YES,152.3649433278233,0.71,0.71,0.0,0.0,0.03779314188004712,74896.39002724994,False,0.0,117838.97911163841
1779910786.6661367,BUY_YES,78.03505667217668,0.7186884027373525,0.71,122.37186954017602,122.37186954017602,0.04083403182705947,74896.39002724994,False,0.0,117835.18430796653
1779910786.7774546,BUY_YES,579.8100000000001,0.6912949069522774,0.69,18.766767424310263,18.766767424310263,0.06889853140215207,74896.39002724994,False,0.0,117822.59553200609
1779910786.8721814,BUY_YES,230.39999999999998,0.7129427083333333,0.71,41.44659624413129,41.44659624413129,0.047945326802363186,74896.39002724994,False,0.0,117812.73254445735
1779910789.0204816,BUY_YES,593.8100000000001,0.6912643774944847,0.69,18.324311514271223,18.324311514271223,0.0849300327171254,74896.39002724994,False,0.0,117799.85815564657
1779910789.2649128,BUY_YES,230.39999999999998,0.7129427083333333,0.71,41.44659624413129,41.44659624413129,0.06496921670634259,74896.39002724994,False,0.0,117789.99516809781
1779910790.4512045,BUY_YES,142.53701732361924,0.7352152780182598,0.73,71.44216463369628,71.44216463369628,0.05091960582622013,74896.39002724994,False,0.0,117780.80976038042
1779910790.5464795,SELL_NO,294.2629826763808,0.26,0.26,0.0,0.0,0.04678129797340558,74896.39002724994,True,69.45937942267582,117760.51893008681
1779910791.6626332,BUY_YES,559.03,0.6913430406239378,0.69,19.46435686866469,19.46435686866469,0.1028597370746015,74896.39002724994,False,0.0,117748.35408535236
1779910791.6663616,BUY_YES,230.39999999999998,0.7129427083333333,0.71,41.44659624413129,41.44659624413129,0.08128440146500293,74896.39002724994,False,0.0,117738.4910978036
1779910791.714276,BUY_YES,90.13999999999996,0.6929431994674949,0.69,42.65506474630428,42.65506474630428,0.10159633947049407,74896.39002724994,False,0.0,117736.36418451942
1779910792.2120445,BUY_YES,79.92999999999995,0.69,0.69,0.0,0.0,0.10774953196299797,74896.39002724994,False,0.0,117734.70354857543
1779910792.215723,BUY_YES,92.72762083384168,0.7326451256500792,0.73,36.23459794629094,36.23459794629094,0.06512797836540163,74896.39002724994,False,0.0,117728.94778347743
1779910792.2674115,SELL_NO,352.0723791661583,0.26,0.26,0.0,0.0,0.0581040157609054,74896.39002724994,True,83.11090653742663,117704.67661436918
1779910792.333024,BUY_YES,96.57999999999998,0.6905249534065023,0.69,7.608020384092493,7.608020384092493,0.10799829659452487,74896.39002724994,False,0.0,117702.62699417348
1779910792.6699042,SETTLE_YES,4467.27463815746,1.0,1.0,0.0,0.0,0.0,74896.39002724994,True,1348.360944269247,62775.215622600284
1779910792.6699042,SETTLE_NO,178840.00915108825,0.0,0.0,0.0,0.0,0.0,74896.39002724994,False,-1788.430091510884,62775.215622600284
1779910793.5059009,BUY_NO,508.62,0.51,0.51,0.0,0.0,0.06771263051742027,74918.38081378254,False,0.0,62763.49102466428
1779910793.7806284,BUY_NO,142.86,0.51,0.51,0.0,0.0,0.06940153914154057,74918.38081378254,False,0.0,62760.176273256286
1779910794.114093,BUY_NO,279.21,0.52,0.52,0.0,0.0,0.0612632627449774,74918.38081378254,False,0.0,62750.94038450428
1779910794.2507071,BUY_NO,450.4862728482494,0.51,0.51,0.0,0.0,0.07194668626598233,74918.38081378254,False,0.0,62740.55244372994
1779910826.2571054,BUY_NO,93.61967849462599,0.55,0.55,0.0,0.0,0.0711469505516773,74918.38081378254,False,0.0,62793.633093580625
1779910826.6950388,BUY_NO,93.03506257200661,0.55,0.55,0.0,0.0,0.07359235173949707,74918.38081378254,False,0.0,62791.480033452724
1779910827.1331959,BUY_NO,93.32949947421594,0.55,0.55,0.0,0.0,0.07604561403705412,74918.38081378254,False,0.0,62789.320254274724
1779910828.8090823,BUY_NO,113.99590819047671,0.55,0.55,0.0,0.0,0.0790420194444148,74918.38081378254,False,0.0,62786.68886764981
1779910841.7465172,BUY_NO,100.98838793615596,0.55,0.55,0.0,0.0,0.08169709531185654,74918.38081378254,False,0.0,62784.354312637115
1779910842.1403813,BUY_NO,112.4031641205786,0.55,0.55,0.0,0.0,0.08465209417122677,74918.38081378254,False,0.0,62781.75927243188
1779910842.5200567,BUY_NO,94.35053432285008,0.55,0.55,0.0,0.0,0.08713306866979642,74918.38081378254,False,0.0,62779.57619323864
1779910846.7465851,BUY_NO,266.14055197641346,0.55,0.55,0.0,0.0,0.09412822143405042,74918.38081378254,False,0.0,62773.47286584254
1779910850.921897,BUY_NO,289.19699104732854,0.55,0.55,0.0,0.0,0.10173303122213595,74918.38081378254,False,0.0,62766.84339050684
1779910865.3120625,BUY_NO,94.8702933205841,0.55,0.55,0.0,0.0,0.10423215968155897,74918.38081378254,False,0.0,62764.64845041326
1779910865.6725023,BUY_NO,94.74672071342275,0.55,0.55,0.0,0.0,0.10672435281084036,74918.38081378254,False,0.0,62762.45633024658
1779910866.1155453,BUY_NO,94.63298596599316,0.55,0.55,0.0,0.0,0.10926573578557641,74918.38081378254,False,0.0,62760.266805506835
1779910880.0602374,BUY_NO,88.24,0.5700000000000001,0.5700000000000001,0.0,0.0,0.11478520757852706,74918.38081378254,False,0.0,62816.688137598496
1779910952.8692434,SELL_NO,790.0799999999999,0.9151025212636696,0.92,53.23346452533039,53.23346452533039,0.15185910642702383,74918.38081378254,True,297.31294930016765,63888.28026712625
1779910952.9590714,SELL_NO,745.56,0.895120178121144,0.9,54.22024309840056,54.22024309840056,0.13139859032466084,74918.38081378254,True,264.7909253843544,63860.933556277545
1779910953.0392694,SELL_NO,562.0799999999999,0.8762193993737547,0.88,42.9613707527875,42.9613707527875,0.11236166563912697,74918.38081378254,True,188.4055632253822,63829.09564805344
1779910953.1254501,SELL_NO,913.0060509829013,0.8535120249165358,0.86,75.44157073795598,75.44157073795598,0.0897532900951914,74918.38081378254,True,284.2311832661341,63755.57771709587
1779910957.4234164,BUY_YES,639.15,0.08,0.08,0.0,0.0,0.13974565225359808,74918.38081378254,False,0.0,63748.96498341587
1779911025.153837,BUY_NO,80.0,0.9299999999999999,0.9299999999999999,0.0,0.0,0.009813819338591934,74918.38081378254,False,0.0,63748.16000741587
1779911031.9266284,BUY_NO,375.03,0.94,0.94,0.0,0.0,0.00906535628170757,74918.38081378254,False,0.0,63740.981635591874
1779911032.9383266,BUY_NO,450.03,0.9383334444370375,0.9299999999999999,89.60692943051119,89.60692943051119,0.01203185663819839,74918.38081378254,False,0.0,63733.07627376188
1779911034.379544,BUY_NO,380.27,0.9398622031714308,0.9299999999999999,106.04519539172934,106.04519539172934,0.012194103582531146,74918.38081378254,False,0.0,63725.84710380175
1779911036.4298742,BUY_NO,367.25763545465884,0.9403348503684459,0.94,3.562237962190831,3.562237962190831,0.013733410128548007,74918.38081378254,False,0.0,63728.83607421057
1779911040.5401733,BUY_NO,731.7470057954458,0.9498633407459026,0.94,104.92915687130503,104.92915687130503,0.008521699719505671,74918.38081378254,False,0.0,63715.42081534777
1779911042.1591547,BUY_NO,277.70245999736926,0.9490997559042063,0.94,96.8059138745352,96.8059138745352,0.01092583795603097,74918.38081378254,False,0.0,63710.509352239
1779911042.7622552,BUY_NO,97.51227716787798,0.9494872440532394,0.94,100.92812822595127,100.92812822595127,0.011114556712090051,74918.38081378254,False,0.0,63708.7299379395
1779911044.1820762,BUY_NO,54.380621584648225,0.9454027741369074,0.94,57.476320605398776,57.476320605398776,0.01633658603938326,74918.38081378254,False,0.0,63707.93212963997
1779940178.6958048,SELL_NO,455.77,0.9224134980362904,0.9299999999999999,81.57528993236109,81.57528993236109,0.5723424344072635,74860.96563470353,False,-11.930013158237045,63699.81708240502
1779940178.796293,SETTLE_YES,639.15,0.0,0.0,0.0,0.0,0.0,74860.96563470353,False,-51.162,61453.39273240502
1779940178.796293,SETTLE_NO,2358.1600000000003,1.0,1.0,0.0,0.0,0.0,74860.96563470353,True,133.51171592328203,63811.55273240502
1779940179.0664117,BUY_NO,562.24,0.09999999999999998,0.09999999999999998,0.0,0.0,0.2780063177418982,74859.11113251021,False,0.0,63805.068217205015
1779940188.712712,SETTLE_NO,562.24,1.0,1.0,0.0,0.0,0.0,74859.11113251021,True,505.98600000000005,64313.895417205014
1779964609.6101649,BUY_NO,125.0,0.4,0.4,0.0,0.0,0.20774631740702254,74859.11113251021,False,0.0,64311.08041720501
1779964609.6860516,BUY_NO,199.75,0.41000000000000003,0.41000000000000003,0.0,0.0,0.19816980442872545,74859.11113251021,False,0.0,64304.57516140502
1779964609.6983004,BUY_NO,142.19,0.42000000000000004,0.42000000000000004,0.0,0.0,0.1882552525936757,74859.11113251021,False,0.0,64298.496512557016
1779964610.0782435,BUY_NO,135.69,0.4,0.4,0.0,0.0,0.20595471124644926,74859.11113251021,False,0.0,64295.443339357014
1779964610.6306822,BUY_NO,129.75,0.4,0.4,0.0,0.0,0.20796421736454285,74859.11113251021,False,0.0,64292.52250935702
1779964610.6442945,BUY_NO,417.44,0.4,0.4,0.0,0.0,0.20796815340783892,74859.11113251021,False,0.0,64283.19194615702
1779964610.648287,BUY_NO,142.75,0.41000000000000003,0.41000000000000003,0.0,0.0,0.1979661443756685,74859.11113251021,False,0.0,64278.53444795703
1779964611.2259607,BUY_NO,304.07,0.4,0.4,0.0,0.0,0.20476275997519733,74859.11113251021,False,0.0,64263.74656835702
1779964611.4498682,BUY_NO,137.0,0.39,0.39,0.0,0.0,0.21362845601692415,74859.11113251021,False,0.0,64244.03352275702
1779964612.2575517,BUY_NO,133.31,0.39,0.39,0.0,0.0,0.21152153777546168,74859.11113251021,False,0.0,64240.386982429016
1779964612.2621477,BUY_NO,127.44000000000001,0.41000000000000003,0.41000000000000003,0.0,0.0,0.19155473389379196,74859.11113251021,False,0.0,64234.31418543701
1779964612.2653563,BUY_NO,213.21,0.42000000000000004,0.42000000000000004,0.0,0.0,0.18157576815811616,74859.11113251021,False,0.0,64222.01625260501
1779964612.3205988,BUY_NO,148.0,0.39,0.39,0.0,0.0,0.21153566714468786,74859.11113251021,False,0.0,64229.74919020502
1779964612.9545038,BUY_NO,153.73,0.4300000000000001,0.43000000000000005,1.290957005378089e-12,1.290957005378089e-12,0.170697838360036,74859.11113251021,False,0.0,64220.08843614902
1779964612.9619298,BUY_NO,405.3,0.43999999999999995,0.43999999999999995,0.0,0.0,0.16074895257584176,74859.11113251021,False,0.0,64190.57658990902
1779964612.9707596,BUY_NO,389.3,0.4499999999999999,0.44999999999999996,-1.2335811384723962e-12,-1.2335811384723962e-12,0.1508125157827646,74859.11113251021,False,0.0,64158.304763909015
1779964612.9798713,BUY_NO,254.63,0.45999999999999996,0.45999999999999996,0.0,0.0,0.14087047400637576,74859.11113251021,False,0.0,64134.62350728501
1779964613.0407414,BUY_NO,476.61,0.39,0.39,0.0,0.0,0.2109052027335564,74859.11113251021,False,0.0,64124.04669991702
1779964613.0462284,BUY_NO,446.77,0.4,0.4,0.0,0.0,0.20090000606252179,74859.11113251021,False,0.0,64109.59496431702
1779964613.053119,BUY_NO,230.21,0.41000000000000003,0.41000000000000003,0.0,0.0,0.19092055221168736,74859.11113251021,False,0.0,64099.80019278902
1779964613.0568774,BUY_NO,213.21,0.42000000000000004,0.42000000000000004,0.0,0.0,0.18093348874980786,74859.11113251021,False,0.0,64088.568309957016
1779964613.0616753,BUY_NO,153.73,0.4300000000000001,0.43000000000000005,1.290957005378089e-12,1.290957005378089e-12,0.1709507379760778,74859.11113251021,False,0.0,64078.90755590102
1779964613.630093,BUY_NO,135.74000000000007,0.39,0.39,0.0,0.0,0.20907650930028854,74859.11113251021,False,0.0,64049.79964258902
1779964613.7718213,BUY_NO,129.53999999999996,0.39,0.39,0.0,0.0,0.20851239797301224,74859.11113251021,False,0.0,64046.25537783703
1779964613.8086057,BUY_NO,140.69,0.39,0.39,0.0,0.0,0.20839253692929083,74859.11113251021,False,0.0,64042.40862696503
1779964614.3889773,BUY_NO,142.98,0.38,0.38,0.0,0.0,0.21753917013402024,74859.11113251021,False,0.0,64011.813028629025
1779964614.4726062,BUY_NO,137.77,0.38,0.38,0.0,0.0,0.21723646881288627,74859.11113251021,False,0.0,64008.75715856502
1779964615.5235317,BUY_NO,133.0,0.38,0.38,0.0,0.0,0.2157494767283601,74859.11113251021,False,0.0,64005.806052965025
1779964616.6074927,BUY_NO,160.00000000000006,0.38,0.38,0.0,0.0,0.21162289147101354,74859.11113251021,False,0.0,64002.26194096502
1779964616.612989,BUY_NO,215.0,0.39,0.39,0.0,0.0,0.20164542302295785,74859.11113251021,False,0.0,63995.32424896502
1779964616.746724,BUY_NO,134.41000000000003,0.38,0.38,0.0,0.0,0.21114965489165705,74859.11113251021,False,0.0,63992.34217525302
1779964669.1250415,BUY_NO,902.87,0.16000000000000003,0.16000000000000003,0.0,0.0,0.32584785632556235,74859.11113251021,False,0.0,62569.252532837025
1779964671.5813813,BUY_NO,342.37,0.15000000000000002,0.15000000000000002,0.0,0.0,0.328359288147684,74859.11113251021,False,0.0,62491.256826237026
1779964671.596294,BUY_NO,645.66,0.16000000000000003,0.16000000000000003,0.0,0.0,0.31850749045973903,74859.11113251021,False,0.0,62475.294003549025
1779964678.4666293,BUY_NO,463.78,0.15000000000000002,0.15000000000000002,0.0,0.0,0.3223377747653814,74859.11113251021,False,0.0,62468.687603149025
1779964678.4710631,BUY_NO,431.45,0.16000000000000003,0.16000000000000003,0.0,0.0,0.31236820875357274,74859.11113251021,False,0.0,62458.01079778903
1779964682.9796002,BUY_NO,493.78,0.15000000000000002,0.15000000000000002,0.0,0.0,0.3319064758535306,74859.11113251021,False,0.0,62450.97899738903
1779964682.9869986,BUY_NO,438.45,0.16000000000000003,0.16000000000000003,0.0,0.0,0.32192801393959014,74859.11113251021,False,0.0,62440.12945442903
1779964683.026781,BUY_NO,410.0,0.15000000000000002,0.15000000000000002,0.0,0.0,0.3321101033633084,74859.11113251021,False,0.0,62434.285654429026
1779964697.7446313,BUY_NO,908.97,0.15000000000000002,0.15000000000000002,0.0,0.0,0.3481390910904544,74859.11113251021,False,0.0,62421.36645982903
1779964697.8398573,BUY_NO,438.45,0.16000000000000003,0.16000000000000003,0.0,0.0,0.3383282147071903,74859.11113251021,False,0.0,62410.516916869026
1779964701.3432703,BUY_NO,908.97,0.15000000000000002,0.15000000000000002,0.0,0.0,0.3557533683655688,74859.11113251021,False,0.0,62397.59772226903
1779964701.4229968,BUY_NO,438.45,0.16000000000000003,0.16000000000000003,0.0,0.0,0.34586489774063134,74859.11113251021,False,0.0,62386.74817930903
1779964703.9692926,BUY_NO,903.97,0.15000000000000002,0.15000000000000002,0.0,0.0,0.3601831043528111,74859.11113251021,False,0.0,62373.899884709026
1779964704.325995,BUY_NO,438.45,0.16000000000000003,0.16000000000000003,0.0,0.0,0.3505137324584312,74859.11113251021,False,0.0,62363.050341749025
1779964714.8462608,BUY_NO,1009.16,0.15000000000000002,0.15000000000000002,0.0,0.0,0.3572268907576198,74859.11113251021,False,0.0,62348.71045294903
1779964714.9251125,BUY_NO,412.45,0.16,0.16000000000000003,-1.7347234759768069e-12,-1.7347234759768069e-12,0.3474522644449397,74859.11113251021,False,0.0,62338.50250678903
1779964722.5857794,BUY_NO,1061.16,0.15000000000000002,0.15000000000000002,0.0,0.0,0.3480906685145042,74859.11113251021,False,0.0,62323.42525798903
1779964722.6623557,BUY_NO,412.45,0.16,0.16000000000000003,-1.7347234759768069e-12,-1.7347234759768069e-12,0.33834117314094525,74859.11113251021,False,0.0,62313.21731182904
1779964726.2833095,BUY_NO,980.93,0.15000000000000002,0.15000000000000002,0.0,0.0,0.35289267640568567,74859.11113251021,False,0.0,62299.27772442904
1779964726.2927551,BUY_NO,443.45,0.16000000000000003,0.16000000000000003,0.0,0.0,0.34290849054164074,74859.11113251021,False,0.0,62288.30479746904
1779964738.093926,BUY_NO,917.39,0.15000000000000002,0.15000000000000002,0.0,0.0,0.3578576121183463,74859.11113251021,False,0.0,62275.26620726904
1779964739.3544748,BUY_NO,900.54,0.15000000000000002,0.15000000000000002,0.0,0.0,0.3537898093658186,74859.11113251021,False,0.0,62158.90970006904
1779964811.3855848,SETTLE_NO,20711.370000000006,1.0,1.0,0.0,0.0,0.0,74859.11113251021,True,15903.328000000005,79970.68790006904
1779964861.9438508,BUY_NO,124153.19831227008,0.010000000000000009,0.010000000000000009,0.0,0.0,0.17374393152012335,74859.11113251021,False,0.0,91676.7153399777
1779964862.7819595,BUY_NO,5608.233662752595,0.010000000000000009,0.010000000000000009,0.0,0.0,0.1784911013210133,74859.11113251021,False,0.0,92205.46998898439
1779964863.334732,BUY_NO,5117.942997431543,0.010000000000000009,0.010000000000000009,0.0,0.0,0.1827252517581719,74859.11113251021,False,0.0,92687.99650397182
1779964863.9235694,BUY_NO,5810.065912571707,0.010000000000000009,0.010000000000000009,0.0,0.0,0.18753122194481275,74859.11113251021,False,0.0,93235.78135068364
1779964864.5821342,BUY_NO,6837.852065215382,0.010000000000000009,0.010000000000000009,0.0,0.0,0.1931876831858148,74859.11113251021,False,0.0,93880.47327592703
1779964865.0722408,BUY_NO,5230.201302915026,0.010000000000000009,0.010000000000000009,0.0,0.0,0.19751735796975023,74859.11113251021,False,0.0,94373.58431221524
1779964865.5917807,BUY_NO,5637.097116944962,0.010000000000000009,0.010000000000000009,0.0,0.0,0.20218196168996094,74859.11113251021,False,0.0,94905.06041550005
1779964866.1170607,BUY_NO,5765.762474132003,0.010000000000000009,0.010000000000000009,0.0,0.0,0.20695383504274578,74859.11113251021,False,0.0,95448.66801505104
1779964866.5683942,BUY_NO,5010.26422014687,0.010000000000000009,0.010000000000000009,0.0,0.0,0.21110192345468148,74859.11113251021,False,0.0,95921.04179962887
1779964867.0847423,BUY_NO,5773.540475423011,0.010000000000000009,0.010000000000000009,0.0,0.0,0.21588035816920303,74859.11113251021,False,0.0,96465.38276514316
1779964867.569506,BUY_NO,5472.954808913957,0.010000000000000009,0.010000000000000009,0.0,0.0,0.22041177935393264,74859.11113251021,False,0.0,96981.3823498022
1779964868.0186682,BUY_NO,5114.71922944978,0.010000000000000009,0.010000000000000009,0.0,0.0,0.22464712861061498,74859.11113251021,False,0.0,97463.60490473316
1779964868.5065866,BUY_NO,5609.661073171039,0.010000000000000009,0.010000000000000009,0.0,0.0,0.2292915460320365,74859.11113251021,False,0.0,97992.49414027146
1779964868.9729714,BUY_NO,5455.397650815459,0.010000000000000009,0.010000000000000009,0.0,0.0,0.23380957806004077,74859.11113251021,False,0.0,98506.83830965342
1779964869.4392529,BUY_NO,5563.728479221347,0.010000000000000009,0.010000000000000009,0.0,0.0,0.2384173990981564,74859.11113251021,False,0.0,99031.39668951948
1779964869.8540905,BUY_NO,5058.678957286669,0.010000000000000009,0.010000000000000009,0.0,0.0,0.24260826530145485,74859.11113251021,False,0.0,99508.33536410095
1779964870.274018,BUY_NO,5249.977622997074,0.010000000000000009,0.010000000000000009,0.0,0.0,0.2469569318342456,74859.11113251021,False,0.0,100003.311054236
1779964870.7384832,BUY_NO,5909.969901546137,0.010000000000000009,0.010000000000000009,0.0,0.0,0.25185203227247377,74859.11113251021,False,0.0,100560.51556833705
1779964871.1671803,BUY_NO,5604.576103248197,0.010000000000000009,0.010000000000000009,0.0,0.0,0.2564961531036577,74859.11113251021,False,0.0,101088.92535629924
1779964871.6693516,BUY_NO,6666.548410939402,0.010000000000000007,0.010000000000000009,-1.7347234759768057e-12,-1.7347234759768057e-12,0.2620184576617859,74859.11113251021,False,0.0,101717.46553963117
1779964872.0480907,BUY_NO,5191.734488914924,0.010000000000000009,0.010000000000000009,0.0,0.0,0.26632349672837397,74859.11113251021,False,0.0,102206.9496477344
1779964872.5231354,BUY_NO,6453.272372034495,0.010000000000000009,0.010000000000000009,0.0,0.0,0.2716697773773816,74859.11113251021,False,0.0,102815.38063053088
1779964873.0033975,BUY_NO,6503.118038956047,0.01000000000000001,0.010000000000000009,1.7347234759768057e-12,1.7347234759768057e-12,0.277060103456366,74859.11113251021,False,0.0,103428.51142169355
1779964873.485044,BUY_NO,6339.605157200422,0.010000000000000009,0.010000000000000009,0.0,0.0,0.2823159004343815,74859.11113251021,False,0.0,104026.22504107154
1779964873.8849704,BUY_NO,5271.243553600565,0.010000000000000009,0.010000000000000009,0.0,0.0,0.28668825703455725,74859.11113251021,False,0.0,104523.20583625857
1779964874.3277714,BUY_NO,5620.334696550388,0.010000000000000009,0.010000000000000009,0.0,0.0,0.2913477931885453,74859.11113251021,False,0.0,105053.10145785916
1779964874.8524795,BUY_NO,6547.262544447964,0.010000000000000009,0.010000000000000009,0.0,0.0,0.2967752941876517,74859.11113251021,False,0.0,105670.39451084004
1779964875.2565997,BUY_NO,5105.944590230822,0.010000000000000009,0.010000000000000009,0.0,0.0,0.3010128246178727,74859.11113251021,False,0.0,106151.78972960805
1779964875.731474,BUY_NO,5881.4471531917225,0.010000000000000009,0.010000000000000009,0.0,0.0,0.3058894596849696,74859.11113251021,False,0.0,106706.30491363045
1779964876.2147236,BUY_NO,6032.038698457996,0.010000000000000009,0.010000000000000009,0.0,0.0,0.3108928028724719,74859.11113251021,False,0.0,107275.01895279971
1779964876.615306,BUY_NO,5053.144012316596,0.010000000000000009,0.010000000000000009,0.0,0.0,0.3150870209469041,74859.11113251021,False,0.0,107751.43575291781
1779964877.0603583,BUY_NO,5425.5766926069045,0.010000000000000009,0.010000000000000009,0.0,0.0,0.3195877073465204,74859.11113251021,False,0.0,108262.96818764896
1779964877.5300276,BUY_NO,5408.046004852862,0.010000000000000009,0.010000000000000009,0.0,0.0,0.32407513803341303,74859.11113251021,False,0.0,108772.84770291773
1779964878.0115867,BUY_NO,5487.645053689426,0.010000000000000009,0.010000000000000009,0.0,0.0,0.32862884045999385,74859.11113251021,False,0.0,109290.23238962395
1779964878.489797,BUY_NO,5394.389221050078,0.010000000000000009,0.010000000000000009,0.0,0.0,0.33310599371268834,74859.11113251021,False,0.0,109798.82424498694
1779964879.009713,BUY_NO,5772.601031063299,0.010000000000000009,0.010000000000000009,0.0,0.0,0.3378963934816236,74859.11113251021,False,0.0,110343.07663292301
1779964879.494503,BUY_NO,5312.43161922798,0.010000000000000009,0.010000000000000009,0.0,0.0,0.34230729876151333,74859.11113251021,False,0.0,110843.9409354915
1779964880.037263,BUY_NO,5776.373349737434,0.010000000000000009,0.010000000000000009,0.0,0.0,0.34710154790383296,74859.11113251021,False,0.0,111388.54900479285
1779964880.523878,BUY_NO,5136.642642209365,0.010000000000000009,0.010000000000000009,0.0,0.0,0.351367868252105,74859.11113251021,False,0.0,111872.83865692737
1779964881.0300555,BUY_NO,5158.4996325050015,0.010000000000000009,0.010000000000000009,0.0,0.0,0.35565109957865426,74859.11113251021,False,0.0,112359.1891434773
1779964881.5598052,BUY_NO,5182.129102016741,0.010000000000000009,0.010000000000000009,0.0,0.0,0.3599543456038382,74859.11113251021,False,0.0,112847.76758654497
1779964882.0920076,BUY_NO,5054.934038785228,0.010000000000000009,0.010000000000000009,0.0,0.0,0.3641527504235542,74859.11113251021,False,0.0,113324.35316324672
1779964882.7218409,BUY_NO,5771.086841453565,0.010000000000000009,0.010000000000000009,0.0,0.0,0.36894413114617175,74859.11113251021,False,0.0,113868.46278248422
1779964883.3753297,BUY_NO,6095.7488436177955,0.010000000000000009,0.010000000000000009,0.0,0.0,0.3740066956093211,74859.11113251021,False,0.0,114443.18387285218
1779964883.939429,BUY_NO,5386.577685060038,0.010000000000000009,0.010000000000000009,0.0,0.0,0.378483476035104,74859.11113251021,False,0.0,114951.03920035897
1779964884.5459864,BUY_NO,5668.191605254833,0.010000000000000009,0.010000000000000009,0.0,0.0,0.3831919629438,74859.11113251021,False,0.0,115485.44711588195
1779964885.2301314,BUY_NO,6077.670588779147,0.010000000000000009,0.010000000000000009,0.0,0.0,0.38824079280464807,74859.11113251021,False,0.0,116058.46365822028
1779964885.9101167,BUY_NO,5962.848837703117,0.010000000000000009,0.010000000000000009,0.0,0.0,0.39319622894081874,74859.11113251021,False,0.0,116620.65397915056
1779964886.5289662,BUY_NO,5264.41798579559,0.010000000000000009,0.010000000000000009,0.0,0.0,0.39757344067251355,74859.11113251021,False,0.0,117116.99121066087
1779964887.172517,BUY_NO,5558.19852279406,0.010000000000000009,0.010000000000000009,0.0,0.0,0.40219237352263937,74859.11113251021,False,0.0,117641.02818641927
1779965087.9417534,SETTLE_NO,399543.52538149664,1.0,1.0,0.0,0.0,0.0,74859.11113251021,True,395548.06012768165,475232.4834028588
1779965173.1681843,BUY_NO,880.76,0.18000000000000002,0.18000000000000005,-1.541976423090495e-12,-1.541976423090495e-12,0.4444970514865846,74859.11113251021,False,0.0,475218.68959018675
1779965173.2090957,BUY_NO,518.29,0.18999999999999995,0.18999999999999995,0.0,0.0,0.43472790242208814,74859.11113251021,False,0.0,475205.1421723548
1779965173.223736,BUY_NO,862.23,0.19999999999999996,0.19999999999999996,0.0,0.0,0.4248011389621219,74859.11113251021,False,0.0,475173.6235327548
1779965173.2430089,BUY_NO,399.2,0.20999999999999996,0.20999999999999996,0.0,0.0,0.4148964766304065,74859.11113251021,False,0.0,475154.85316859477
1779965173.254587,BUY_NO,347.0,0.21999999999999997,0.21999999999999997,0.0,0.0,0.4049413151103227,74859.11113251021,False,0.0,475134.9209141948
1779965173.2656503,BUY_NO,372.0,0.22999999999999995,0.22999999999999998,-1.2067641572012573e-12,-1.2067641572012573e-12,0.3949758210158092,74859.11113251021,False,0.0,475109.68746779475
1779965173.2757967,BUY_NO,363.1,0.24,0.24,0.0,0.0,0.3850027961992518,74859.11113251021,False,0.0,475081.2874481148
1779965176.247347,BUY_NO,332.14,0.16000000000000003,0.16000000000000003,0.0,0.0,0.45639395056558374,74859.11113251021,False,0.0,475001.53109576274
1779965176.2765114,BUY_NO,340.62,0.17000000000000004,0.17000000000000004,0.0,0.0,0.44654166983074106,74859.11113251021,False,0.0,474992.9313690588
1779965176.7376964,BUY_NO,412.14,0.16000000000000003,0.16000000000000003,0.0,0.0,0.45462162333056166,74859.11113251021,False,0.0,474986.85247270676
1779965176.748164,BUY_NO,545.62,0.17000000000000004,0.17000000000000004,0.0,0.0,0.4446489775192324,74859.11113251021,False,0.0,474973.09511000273
1779965176.7599056,BUY_NO,481.85,0.18000000000000005,0.18000000000000005,0.0,0.0,0.43472281655264544,74859.11113251021,False,0.0,474955.89814368275
1779965176.7702987,BUY_NO,470.5,0.18999999999999997,0.18999999999999995,1.4608197692436274e-12,1.4608197692436274e-12,0.42478272951879836,74859.11113251021,False,0.0,474934.1871272828
1779965177.7787712,BUY_NO,682.42,0.16000000000000003,0.16000000000000003,0.0,0.0,0.44939659996922876,74859.11113251021,False,0.0,474924.14138542674
1779965177.7867262,BUY_NO,545.62,0.17000000000000004,0.17000000000000004,0.0,0.0,0.4394146724922553,74859.11113251021,False,0.0,474910.3840227227
1779965177.7959805,BUY_NO,502.3,0.18000000000000005,0.18000000000000005,0.0,0.0,0.429469408842471,74859.11113251021,False,0.0,474892.4584801627
1779965177.803379,BUY_NO,470.5,0.18999999999999997,0.18999999999999995,1.4608197692436274e-12,1.4608197692436274e-12,0.41951175560593823,74859.11113251021,False,0.0,474870.7474637627
1779965177.813118,BUY_NO,690.0,0.19999999999999996,0.19999999999999996,0.0,0.0,0.4095617241186793,74859.11113251021,False,0.0,474831.71866376273
1779965177.8204644,BUY_NO,336.98,0.21,0.20999999999999996,1.3216940769347103e-12,1.3216940769347103e-12,0.39959838606025044,74859.11113251021,False,0.0,474809.12960505876
1779965177.829946,BUY_NO,348.6,0.21999999999999997,0.21999999999999997,0.0,0.0,0.3896368414282253,74859.11113251021,False,0.0,474782.13358233875
1779965177.8379912,BUY_NO,328.3,0.22999999999999998,0.22999999999999998,0.0,0.0,0.3796648198932143,74859.11113251021,False,0.0,474753.29486337875
1779965177.891961,BUY_NO,372.1,0.24,0.24,0.0,0.0,0.3697105596986616,74859.11113251021,False,0.0,474716.7496484987
1779965179.172175,BUY_NO,460.17,0.16000000000000003,0.16000000000000003,0.0,0.0,0.4449457149769558,74859.11113251021,False,0.0,474709.96582544275
1779965179.1828344,BUY_NO,545.62,0.17000000000000004,0.17000000000000004,0.0,0.0,0.4349525383303886,74859.11113251021,False,0.0,474696.2084627387
1779965179.193397,BUY_NO,502.3,0.18000000000000005,0.18000000000000005,0.0,0.0,0.42502145612672015,74859.11113251021,False,0.0,474678.2829201787
1779965179.2019446,BUY_NO,464.5,0.18999999999999995,0.18999999999999995,0.0,0.0,0.4150745731610419,74859.11113251021,False,0.0,474656.84838857874
1779965179.2117736,BUY_NO,720.1,0.19999999999999996,0.19999999999999996,0.0,0.0,0.4051287599375484,74859.11113251021,False,0.0,474616.1183365787
1779965179.2210047,BUY_NO,336.98,0.21,0.20999999999999996,1.3216940769347103e-12,1.3216940769347103e-12,0.3951783865194025,74859.11113251021,False,0.0,474593.52927787474
1779965179.2310827,BUY_NO,396.6,0.21999999999999997,0.21999999999999997,0.0,0.0,0.3852222936377786,74859.11113251021,False,0.0,474562.8202055547
1779965179.240795,BUY_NO,328.3,0.22999999999999998,0.22999999999999998,0.0,0.0,0.3752594427708712,74859.11113251021,False,0.0,474533.9814865947
1779965179.2496636,BUY_NO,387.1,0.23999999999999996,0.24,-1.1564823173178715e-12,-1.1564823173178715e-12,0.36528881610475417,74859.11113251021,False,0.0,474495.9642797147
1779965181.278927,BUY_NO,336.57,0.16000000000000003,0.16000000000000003,0.0,0.0,0.440398952870512,74859.11113251021,False,0.0,474490.99450913875
1779965181.9167385,BUY_NO,324.76,0.16000000000000003,0.16000000000000003,0.0,0.0,0.4400629428461048,74859.11113251021,False,0.0,474486.1980715707
1779965193.0958989,BUY_NO,393.29,0.18999999999999995,0.18999999999999995,0.0,0.0,0.3956072740007226,74859.11113251021,False,0.0,474863.00895373867
1779965193.133093,BUY_NO,426.21,0.19999999999999996,0.19999999999999996,0.0,0.0,0.38589624311582305,74859.11113251021,False,0.0,474849.54481453873
1779965193.149728,BUY_NO,393.29,0.18999999999999995,0.18999999999999995,0.0,0.0,0.39585793640880107,74859.11113251021,False,0.0,474841.2239467067
1779965193.161445,BUY_NO,426.21,0.19999999999999996,0.19999999999999996,0.0,0.0,0.38592286915844287,74859.11113251021,False,0.0,474827.75980750675
1779965193.1761217,BUY_NO,301.18,0.20999999999999996,0.20999999999999996,0.0,0.0,0.37602245198061324,74859.11113251021,False,0.0,474815.0968726427
1779965193.1940854,BUY_NO,358.6,0.21999999999999997,0.21999999999999997,0.0,0.0,0.3661302367512699,74859.11113251021,False,0.0,474796.2922979227
1779965193.2196763,BUY_NO,368.32,0.22999999999999995,0.22999999999999998,-1.2067641572012573e-12,-1.2067641572012573e-12,0.3562719418873136,74859.11113251021,False,0.0,474773.1497759387
1779965193.2470007,BUY_NO,382.12,0.24,0.24,0.0,0.0,0.3464117205441479,74859.11113251021,False,0.0,474745.1742704027
1779965196.7570434,BUY_NO,296.28,0.18999999999999995,0.18999999999999995,0.0,0.0,0.386965046670938,74859.11113251021,False,0.0,474738.89845097874
1779965196.7714689,BUY_NO,433.21,0.19999999999999996,0.19999999999999996,0.0,0.0,0.377068868032036,74859.11113251021,False,0.0,474725.21367177874
1779965196.7851017,BUY_NO,281.18,0.20999999999999996,0.20999999999999996,0.0,0.0,0.3671730940522163,74859.11113251021,False,0.0,474713.38963291474
1779965196.7982898,BUY_NO,587.28,0.21999999999999997,0.21999999999999997,0.0,0.0,0.3572604071560982,74859.11113251021,False,0.0,474682.6124710588
1779965196.8124304,BUY_NO,348.3,0.22999999999999998,0.22999999999999998,0.0,0.0,0.34735419673312984,74859.11113251021,False,0.0,474660.72622809873
1779965196.8272164,BUY_NO,377.1,0.24,0.24,0.0,0.0,0.337438677964353,74859.11113251021,False,0.0,474633.1178492188
1779965208.4859564,BUY_NO,267.51,0.18999999999999995,0.18999999999999995,0.0,0.0,0.36304455899097243,74859.11113251021,False,0.0,474732.67527441075
1779965208.7134206,BUY_NO,498.23,0.19999999999999996,0.19999999999999996,0.0,0.0,0.35362617784218076,74859.11113251021,False,0.0,474719.43221481075
1779965208.7297368,BUY_NO,323.2,0.20999999999999996,0.20999999999999996,0.0,0.0,0.34376625754768364,74859.11113251021,False,0.0,474707.46165545075
1779965208.7497146,BUY_NO,689.1,0.21999999999999995,0.21999999999999997,-1.261617073437678e-12,-1.261617073437678e-12,0.33392133684840997,74859.11113251021,False,0.0,474674.7991871307
1779965208.7636817,BUY_NO,353.3,0.22999999999999998,0.22999999999999998,0.0,0.0,0.32403121201228213,74859.11113251021,False,0.0,474654.3656881707
1779965208.7804918,BUY_NO,437.1,0.24,0.24,0.0,0.0,0.3141442785206947,74859.11113251021,False,0.0,474624.55484129075
1779965209.157136,BUY_NO,299.51,0.18999999999999995,0.18999999999999995,0.0,0.0,0.36449568669789634,74859.11113251021,False,0.0,474619.70848088275
1779965209.454291,BUY_NO,488.23,0.19999999999999996,0.19999999999999996,0.0,0.0,0.3542183311092828,74859.11113251021,False,0.0,474606.7306212827
1779965209.4733238,BUY_NO,323.2,0.20999999999999996,0.20999999999999996,0.0,0.0,0.34434894995459775,74859.11113251021,False,0.0,474594.7600619227
1779965209.491096,BUY_NO,704.1,0.21999999999999997,0.21999999999999997,0.0,0.0,0.3344757277287471,74859.11113251021,False,0.0,474561.3872656027
1779965209.5069754,BUY_NO,358.3,0.22999999999999998,0.22999999999999998,0.0,0.0,0.3245978871834363,74859.11113251021,False,0.0,474540.6650106427
1779965209.5266354,BUY_NO,407.1,0.24000000000000002,0.24,1.1564823173178715e-12,1.1564823173178715e-12,0.3147284728928905,74859.11113251021,False,0.0,474512.8981477627
1779965214.2732882,BUY_NO,265.69,0.18999999999999995,0.18999999999999995,0.0,0.0,0.3581895203675015,74859.11113251021,False,0.0,474508.5956400107
1779965214.3767955,BUY_NO,776.55,0.19999999999999993,0.19999999999999996,-1.3877787807814459e-12,-1.3877787807814459e-12,0.3487071484576232,74859.11113251021,False,0.0,474487.9715340108
1779965214.3944423,BUY_NO,323.2,0.20999999999999996,0.20999999999999996,0.0,0.0,0.3388623577896772,74859.11113251021,False,0.0,474476.0009746507
1779965214.4133954,BUY_NO,683.1,0.21999999999999997,0.21999999999999997,0.0,0.0,0.3290048456931165,74859.11113251021,False,0.0,474443.6226375308
1779965214.4286065,BUY_NO,353.3,0.22999999999999998,0.22999999999999998,0.0,0.0,0.3191192451414021,74859.11113251021,False,0.0,474423.1891385708
1779965214.4443066,BUY_NO,407.1,0.24000000000000002,0.24,1.1564823173178715e-12,1.1564823173178715e-12,0.30922150548048044,74859.11113251021,False,0.0,474395.42227569077
1779965217.3526118,BUY_NO,430.97,0.18999999999999995,0.18999999999999995,0.0,0.0,0.35373715075563783,74859.11113251021,False,0.0,474388.46193331474
1779965217.3729744,BUY_NO,826.55,0.19999999999999996,0.19999999999999996,0.0,0.0,0.34389666886248826,74859.11113251021,False,0.0,474366.51182731474
1779965217.3909948,BUY_NO,338.2,0.21,0.20999999999999996,1.3216940769347103e-12,1.3216940769347103e-12,0.33406173368702397,74859.11113251021,False,0.0,474353.98709595477
1779965217.4079561,BUY_NO,733.1,0.21999999999999997,0.21999999999999997,0.0,0.0,0.32419233155781446,74859.11113251021,False,0.0,474319.2409988348
1779965217.4244518,BUY_NO,353.3,0.22999999999999998,0.22999999999999998,0.0,0.0,0.3143180319354637,74859.11113251021,False,0.0,474298.8074998748
1779965217.4487839,BUY_NO,407.1,0.24000000000000002,0.24,1.1564823173178715e-12,1.1564823173178715e-12,0.3044778535381931,74859.11113251021,False,0.0,474271.04063699476
1779965220.373796,BUY_NO,293.82,0.18999999999999995,0.18999999999999995,0.0,0.0,0.3510706181411245,74859.11113251021,False,0.0,474266.2857763388
1779965220.3935661,BUY_NO,841.55,0.19999999999999996,0.19999999999999996,0.0,0.0,0.3411857387898646,74859.11113251021,False,0.0,474243.9378703388
1779965220.410699,BUY_NO,338.2,0.21,0.20999999999999996,1.3216940769347103e-12,1.3216940769347103e-12,0.33134421915554113,74859.11113251021,False,0.0,474231.41313897877
1779965220.4261796,BUY_NO,743.1,0.22,0.21999999999999997,1.261617073437678e-12,1.261617073437678e-12,0.32146667329542256,74859.11113251021,False,0.0,474196.19348985876
1779965223.469883,BUY_NO,892.29,0.12,0.12,0.0,0.0,0.3947330431139323,74859.11113251021,False,0.0,471802.00928053074
1779965223.4960415,BUY_NO,485.39,0.13,0.13,0.0,0.0,0.38464948003580623,74859.11113251021,False,0.0,471790.74580268277
1779965223.5095613,BUY_NO,574.32,0.14,0.14,0.0,0.0,0.3746795227258515,74859.11113251021,False,0.0,471771.3791374668
1779965223.5219867,BUY_NO,581.09,0.15000000000000002,0.15000000000000002,0.0,0.0,0.3647613467600527,74859.11113251021,False,0.0,471745.6765812668
1779965223.537358,BUY_NO,476.46,0.16000000000000003,0.16000000000000003,0.0,0.0,0.354883575738392,74859.11113251021,False,0.0,471719.5952731388
1779965223.5513442,BUY_NO,887.5,0.17000000000000004,0.17000000000000004,0.0,0.0,0.3449927231546902,74859.11113251021,False,0.0,471661.73648313875
1779965223.5670714,BUY_NO,373.6,0.18000000000000005,0.18000000000000005,0.0,0.0,0.33512074720279195,74859.11113251021,False,0.0,471633.45216121874
1779965223.5826254,BUY_NO,768.8,0.18999999999999995,0.18999999999999995,0.0,0.0,0.32523243879146857,74859.11113251021,False,0.0,471567.24324217875
1779965223.599557,BUY_NO,647.2,0.19999999999999993,0.19999999999999996,-1.3877787807814459e-12,-1.3877787807814459e-12,0.3153526641556932,74859.11113251021,False,0.0,471504.74549817876
1779965223.6136975,BUY_NO,247.78,0.20999999999999996,0.20999999999999996,0.0,0.0,0.30544863003483147,74859.11113251021,False,0.0,471478.21671563474
1779965223.631274,BUY_NO,679.45,0.21999999999999997,0.21999999999999997,0.0,0.0,0.29555445334717056,74859.11113251021,False,0.0,471398.4497249948
1779965223.648607,BUY_NO,988.28,0.22999999999999998,0.22999999999999998,0.0,0.0,0.28565793218791447,74859.11113251021,False,0.0,471272.1657690588
1779965223.6706707,BUY_NO,350.2,0.23999999999999996,0.24,-1.1564823173178715e-12,-1.1564823173178715e-12,0.2757949034710001,74859.11113251021,False,0.0,471223.7616624988
1779965224.5494046,BUY_NO,892.29,0.12,0.12,0.0,0.0,0.39622696173359484,74859.11113251021,False,0.0,471212.4859531708
1779965224.5654175,BUY_NO,485.39,0.13,0.13,0.0,0.0,0.3862333762551665,74859.11113251021,False,0.0,471201.2224753228
1779965224.5815573,BUY_NO,574.32,0.14,0.14,0.0,0.0,0.37632149448256846,74859.11113251021,False,0.0,471181.8558101068
1779965224.5962052,BUY_NO,586.09,0.15000000000000002,0.15000000000000002,0.0,0.0,0.3664366942912677,74859.11113251021,False,0.0,471155.9323539068
1779965224.6125515,BUY_NO,476.46,0.16000000000000003,0.16000000000000003,0.0,0.0,0.3565712191507314,74859.11113251021,False,0.0,471129.8510457788
1779965224.6294315,BUY_NO,887.5,0.17000000000000004,0.17000000000000004,0.0,0.0,0.3467020818185397,74859.11113251021,False,0.0,471071.99225577875
1779965224.6466136,BUY_NO,373.6,0.18000000000000005,0.18000000000000005,0.0,0.0,0.33683863441368755,74859.11113251021,False,0.0,471043.70793385874
1779965224.6630924,BUY_NO,763.8,0.18999999999999995,0.18999999999999995,0.0,0.0,0.3269540627778872,74859.11113251021,False,0.0,470977.92941881873
1779965224.679213,BUY_NO,652.2,0.19999999999999993,0.19999999999999996,-1.3877787807814459e-12,-1.3877787807814459e-12,0.3170661309853705,74859.11113251021,False,0.0,470914.94907481875
1779965224.6959944,BUY_NO,247.78,0.20999999999999996,0.20999999999999996,0.0,0.0,0.30717716172244147,74859.11113251021,False,0.0,470888.42029227474
1779965224.7123017,BUY_NO,679.45,0.21999999999999997,0.21999999999999997,0.0,0.0,0.2972724590006842,74859.11113251021,False,0.0,470808.65330163477
1779965224.7280846,BUY_NO,988.28,0.22999999999999998,0.22999999999999998,0.0,0.0,0.2873644365895134,74859.11113251021,False,0.0,470682.3693456988
1779965224.7432036,BUY_NO,350.2,0.23999999999999996,0.24,-1.1564823173178715e-12,-1.1564823173178715e-12,0.27745618153888807,74859.11113251021,False,0.0,470633.9652391388
1779965225.6611147,BUY_NO,893.21,0.12,0.12,0.0,0.0,0.39779087687513426,74859.11113251021,False,0.0,470622.6779348668
1779965225.6767824,BUY_NO,485.39,0.13,0.13,0.0,0.0,0.38779913544106603,74859.11113251021,False,0.0,470611.4144570188
1779965227.8584213,BUY_NO,929.18,0.12,0.12,0.0,0.0,0.3964383397959287,74859.11113251021,False,0.0,470599.6738156428
1779965227.8736463,BUY_NO,552.14,0.13,0.13,0.0,0.0,0.38646086762254195,74859.11113251021,False,0.0,470586.86552919477
1779965227.887975,BUY_NO,542.32,0.14,0.14,0.0,0.0,0.3765642473296661,74859.11113251021,False,0.0,470568.5762655788
1779965227.90368,BUY_NO,581.09,0.15000000000000002,0.15000000000000002,0.0,0.0,0.36669559348147096,74859.11113251021,False,0.0,470542.8737093788
1779965227.9187307,BUY_NO,476.46,0.16000000000000003,0.16000000000000003,0.0,0.0,0.3568206292288124,74859.11113251021,False,0.0,470516.7924012508
1779965227.9346037,BUY_NO,887.5,0.17000000000000004,0.17000000000000004,0.0,0.0,0.3469430283863487,74859.11113251021,False,0.0,470458.9336112508
1779965227.952165,BUY_NO,368.6,0.18000000000000008,0.18000000000000005,1.541976423090495e-12,1.541976423090495e-12,0.3370813545439656,74859.11113251021,False,0.0,470431.0274253308
1779965227.967991,BUY_NO,773.8,0.18999999999999997,0.18999999999999995,1.4608197692436274e-12,1.4608197692436274e-12,0.3271911704199937,74859.11113251021,False,0.0,470364.38810229074
1779965228.044597,BUY_NO,647.2,0.19999999999999993,0.19999999999999996,-1.3877787807814459e-12,-1.3877787807814459e-12,0.3177196976324682,74859.11113251021,False,0.0,470301.89035829075
1779965228.0682383,BUY_NO,247.78,0.20999999999999996,0.20999999999999996,0.0,0.0,0.3078747807333506,74859.11113251021,False,0.0,470275.36157574673
1779965228.0834146,BUY_NO,679.45,0.21999999999999997,0.21999999999999997,0.0,0.0,0.29796296568105285,74859.11113251021,False,0.0,470195.59458510677
1779965228.098243,BUY_NO,988.28,0.22999999999999998,0.22999999999999998,0.0,0.0,0.2880489491482855,74859.11113251021,False,0.0,470069.3106291708
1779965228.113459,BUY_NO,350.2,0.23999999999999996,0.24,-1.1564823173178715e-12,-1.1564823173178715e-12,0.2781409641371553,74859.11113251021,False,0.0,470020.9065226108
1779965229.190344,BUY_NO,929.18,0.12,0.12,0.0,0.0,0.3986868914962781,74859.11113251021,False,0.0,470009.1658812348
1779965229.2069786,BUY_NO,533.39,0.13,0.13,0.0,0.0,0.38870006821257286,74859.11113251021,False,0.0,469996.7915297868
1779965229.2939684,BUY_NO,542.32,0.14,0.14,0.0,0.0,0.37925636447072564,74859.11113251021,False,0.0,469978.5022661708
1779965229.3099868,BUY_NO,581.09,0.15000000000000002,0.15000000000000002,0.0,0.0,0.36938397781339616,74859.11113251021,False,0.0,469952.79970997083
1779965229.3245835,BUY_NO,486.46,0.16000000000000003,0.16000000000000003,0.0,0.0,0.35950242687018463,74859.11113251021,False,0.0,469926.1716338428
1779965229.337663,BUY_NO,887.5,0.17000000000000004,0.17000000000000004,0.0,0.0,0.34960205303741576,74859.11113251021,False,0.0,469868.3128438428
1779965229.3503687,BUY_NO,368.6,0.18000000000000008,0.18000000000000005,1.541976423090495e-12,1.541976423090495e-12,0.3397010587678908,74859.11113251021,False,0.0,469840.4066579228
1779965229.3657472,BUY_NO,773.8,0.18999999999999997,0.18999999999999995,1.4608197692436274e-12,1.4608197692436274e-12,0.32980661846943815,74859.11113251021,False,0.0,469773.7673348828
1779965229.3820372,BUY_NO,647.2,0.19999999999999993,0.19999999999999996,-1.3877787807814459e-12,-1.3877787807814459e-12,0.31991773766707743,74859.11113251021,False,0.0,469711.26959088276
1779965229.3992076,BUY_NO,247.78,0.20999999999999996,0.20999999999999996,0.0,0.0,0.3100291949579568,74859.11113251021,False,0.0,469684.7408083388
1779965229.4171193,BUY_NO,679.45,0.21999999999999997,0.21999999999999997,0.0,0.0,0.3001321905957588,74859.11113251021,False,0.0,469604.97381769883
1779965229.4328146,BUY_NO,988.28,0.22999999999999998,0.22999999999999998,0.0,0.0,0.2902218897769413,74859.11113251021,False,0.0,469478.6898617628
1779965230.3596854,BUY_NO,350.2,0.23999999999999996,0.24,-1.1564823173178715e-12,-1.1564823173178715e-12,0.28092445943094835,74859.11113251021,False,0.0,469430.2857552029
1779965234.2013419,BUY_NO,957.51,0.12,0.12,0.0,0.0,0.39603463785263104,74859.11113251021,False,0.0,469418.18806517083
1779965234.2239442,BUY_NO,533.39,0.13,0.13,0.0,0.0,0.386069397794922,74859.11113251021,False,0.0,469405.81371372286
1779965234.2463152,BUY_NO,542.32,0.14,0.14,0.0,0.0,0.37622733089648697,74859.11113251021,False,0.0,469387.52445010684
1779965234.269275,BUY_NO,537.09,0.15000000000000002,0.15000000000000002,0.0,0.0,0.36641893051482455,74859.11113251021,False,0.0,469363.76581390685
1779965234.2931614,BUY_NO,476.46,0.16000000000000003,0.16000000000000003,0.0,0.0,0.3566152298031038,74859.11113251021,False,0.0,469337.68450577883
1779965234.3178911,BUY_NO,877.5,0.17000000000000004,0.17000000000000004,0.0,0.0,0.3468061041198519,74859.11113251021,False,0.0,469280.47730777884
1779965236.634283,BUY_NO,957.51,0.12,0.12,0.0,0.0,0.3966009912853302,74859.11113251021,False,0.0,469268.3796177468
1779965236.6544833,BUY_NO,533.39,0.13,0.13,0.0,0.0,0.38661570896776765,74859.11113251021,False,0.0,469256.00526629883
1779965236.6754146,BUY_NO,517.32,0.14,0.14,0.0,0.0,0.3767533958714935,74859.11113251021,False,0.0,469238.5577226828
1779965236.6967587,BUY_NO,536.09,0.15000000000000002,0.15000000000000002,0.0,0.0,0.36692689992681904,74859.11113251021,False,0.0,469214.84326648276
1779965236.720228,BUY_NO,496.46,0.16000000000000003,0.16000000000000003,0.0,0.0,0.3571184986869109,74859.11113251021,False,0.0,469187.66842235473
1779965236.7424388,BUY_NO,877.5,0.17000000000000004,0.17000000000000004,0.0,0.0,0.34729037212964897,74859.11113251021,False,0.0,469130.46122435475
1779965236.764949,BUY_NO,368.6,0.18000000000000008,0.18000000000000005,1.541976423090495e-12,1.541976423090495e-12,0.33746852131460414,74859.11113251021,False,0.0,469102.5550384347
1779965236.7861562,BUY_NO,773.8,0.18999999999999997,0.18999999999999995,1.4608197692436274e-12,1.4608197692436274e-12,0.32761656012829365,74859.11113251021,False,0.0,469035.9157153947
1779965236.8082619,BUY_NO,647.2,0.19999999999999993,0.19999999999999996,-1.3877787807814459e-12,-1.3877787807814459e-12,0.31777027949448555,74859.11113251021,False,0.0,468973.4179713947
1779965236.8291905,BUY_NO,247.78,0.20999999999999996,0.20999999999999996,0.0,0.0,0.3079088452838358,74859.11113251021,False,0.0,468946.8891888507
1779965236.8489509,BUY_NO,679.45,0.21999999999999997,0.21999999999999997,0.0,0.0,0.29802427935259745,74859.11113251021,False,0.0,468867.12219821074
1779965236.8717504,BUY_NO,988.28,0.22999999999999998,0.22999999999999998,0.0,0.0,0.2881572895446505,74859.11113251021,False,0.0,468740.83824227477
1779965236.8939047,BUY_NO,350.2,0.23999999999999996,0.24,-1.1564823173178715e-12,-1.1564823173178715e-12,0.2782916771598295,74859.11113251021,False,0.0,468692.4341357148
1779965238.0769632,BUY_NO,962.51,0.12,0.12,0.0,0.0,0.3990363027773117,74859.11113251021,False,0.0,468680.27342968277
1779965238.0948384,BUY_NO,533.39,0.13,0.13,0.0,0.0,0.3890428573976883,74859.11113251021,False,0.0,468667.8990782348
1779965238.1222155,BUY_NO,517.32,0.14,0.14,0.0,0.0,0.37920263563078527,74859.11113251021,False,0.0,468650.45153461874
1779965238.1459177,BUY_NO,531.09,0.15000000000000002,0.15000000000000002,0.0,0.0,0.36938427003399443,74859.11113251021,False,0.0,468626.95797841874
1779965238.165042,BUY_NO,496.46,0.16000000000000003,0.16000000000000003,0.0,0.0,0.3595353720143971,74859.11113251021,False,0.0,468599.7831342908
1779965238.186742,BUY_NO,877.5,0.17000000000000004,0.17000000000000004,0.0,0.0,0.3497004769235027,74859.11113251021,False,0.0,468542.5759362907
1779965238.2122834,BUY_NO,368.6,0.18000000000000008,0.18000000000000005,1.541976423090495e-12,1.541976423090495e-12,0.33989991014132415,74859.11113251021,False,0.0,468514.6697503707
1779965238.2340126,BUY_NO,773.8,0.18999999999999997,0.18999999999999995,1.4608197692436274e-12,1.4608197692436274e-12,0.33004952668820087,74859.11113251021,False,0.0,468448.0304273307
1779965238.2596254,BUY_NO,647.2,0.19999999999999993,0.19999999999999996,-1.3877787807814459e-12,-1.3877787807814459e-12,0.3202249219439717,74859.11113251021,False,0.0,468385.5326833307
1779965238.279629,BUY_NO,247.78,0.20999999999999996,0.20999999999999996,0.0,0.0,0.310355203881707,74859.11113251021,False,0.0,468359.0039007867
1779965238.3055196,BUY_NO,679.45,0.21999999999999997,0.21999999999999997,0.0,0.0,0.30050440471118756,74859.11113251021,False,0.0,468279.2369101467
1779965238.3286667,BUY_NO,988.28,0.22999999999999998,0.22999999999999998,0.0,0.0,0.29063746833174164,74859.11113251021,False,0.0,468152.95295421075
1779965238.3530114,BUY_NO,350.2,0.23999999999999996,0.24,-1.1564823173178715e-12,-1.1564823173178715e-12,0.28078320911839727,74859.11113251021,False,0.0,468104.54884765076
1779965240.4708188,BUY_NO,942.28,0.12,0.12,0.0,0.0,0.39944625311729753,74859.11113251021,False,0.0,468092.6431043548
1779965240.5427382,BUY_NO,533.39,0.13,0.13,0.0,0.0,0.389514116001518,74859.11113251021,False,0.0,468080.26875290676
1779965240.5678198,BUY_NO,517.32,0.14,0.14,0.0,0.0,0.3796837446513176,74859.11113251021,False,0.0,468062.8212092907
1779965240.5842662,BUY_NO,531.09,0.15000000000000002,0.15000000000000002,0.0,0.0,0.3698173319195094,74859.11113251021,False,0.0,468039.3276530907
1779965240.6038814,BUY_NO,496.46,0.16000000000000003,0.16000000000000003,0.0,0.0,0.3599755674907923,74859.11113251021,False,0.0,468012.15280896274
1779965240.6242356,BUY_NO,877.5,0.17000000000000004,0.17000000000000004,0.0,0.0,0.3501304947054892,74859.11113251021,False,0.0,467954.9456109627
1779965240.6420765,BUY_NO,378.6,0.18000000000000005,0.18000000000000005,0.0,0.0,0.34026926229912025,74859.11113251021,False,0.0,467926.28315304266
1779965240.6604602,BUY_NO,773.8,0.18999999999999997,0.18999999999999995,1.4608197692436274e-12,1.4608197692436274e-12,0.3303956200567356,74859.11113251021,False,0.0,467859.6438300027
1779965240.6823452,BUY_NO,647.2,0.19999999999999993,0.19999999999999996,-1.3877787807814459e-12,-1.3877787807814459e-12,0.32054514846599025,74859.11113251021,False,0.0,467797.1460860027
1779965240.702977,BUY_NO,247.78,0.20999999999999996,0.20999999999999996,0.0,0.0,0.31067894692031284,74859.11113251021,False,0.0,467770.6173034587
1779965240.724078,BUY_NO,1279.45,0.21999999999999997,0.21999999999999997,0.0,0.0,0.3007997926279796,74859.11113251021,False,0.0,467620.4371928187
1779965240.7441175,BUY_NO,388.28,0.22999999999999998,0.22999999999999998,0.0,0.0,0.29092661675272713,74859.11113251021,False,0.0,467570.8039568827
1779965244.5425303,BUY_NO,962.51,0.12,0.12,0.0,0.0,0.3984998665845373,74859.11113251021,False,0.0,467558.64325085067
1779965244.5659173,BUY_NO,539.39,0.13,0.13,0.0,0.0,0.38851950800012924,74859.11113251021,False,0.0,467546.13004020264
1779965244.5939782,BUY_NO,517.32,0.14,0.14,0.0,0.0,0.37870539026846706,74859.11113251021,False,0.0,467528.68249658664
1779965244.616267,BUY_NO,531.09,0.15000000000000002,0.15000000000000002,0.0,0.0,0.36888543652651207,74859.11113251021,False,0.0,467505.18894038664
1779965244.638984,BUY_NO,496.46,0.16000000000000003,0.16000000000000003,0.0,0.0,0.3590695695231473,74859.11113251021,False,0.0,467478.0140962586
1779965244.7850368,BUY_NO,877.5,0.17000000000000004,0.17000000000000004,0.0,0.0,0.3501877838874736,74859.11113251021,False,0.0,467420.8068982586
1779965244.8025577,BUY_NO,378.6,0.18000000000000005,0.18000000000000005,0.0,0.0,0.3403247775965855,74859.11113251021,False,0.0,467392.1444403386
1779965244.8201616,BUY_NO,773.8,0.18999999999999997,0.18999999999999995,1.4608197692436274e-12,1.4608197692436274e-12,0.33044612221064606,74859.11113251021,False,0.0,467325.50511729857
1779965244.837578,BUY_NO,664.6,0.19999999999999998,0.19999999999999996,1.3877787807814459e-12,1.3877787807814459e-12,0.32056525000622127,74859.11113251021,False,0.0,467261.3279252986
1779965244.854435,BUY_NO,247.78,0.20999999999999996,0.20999999999999996,0.0,0.0,0.3106749737721348,74859.11113251021,False,0.0,467234.79914275464
1779965244.8748567,BUY_NO,1279.45,0.21999999999999997,0.21999999999999997,0.0,0.0,0.30079204002595417,74859.11113251021,False,0.0,467084.6190321146
1779965249.3465059,BUY_NO,975.21,0.12,0.12,0.0,0.0,0.4008656380866187,74859.11113251021,False,0.0,467072.2982654426
1779965249.3613257,BUY_NO,539.39,0.13,0.13,0.0,0.0,0.390774644236184,74859.11113251021,False,0.0,467059.78505479463
1779965249.3763108,BUY_NO,517.32,0.14,0.14,0.0,0.0,0.38071681929849455,74859.11113251021,False,0.0,467042.3375111786
1779965249.3919377,BUY_NO,531.09,0.15000000000000002,0.15000000000000002,0.0,0.0,0.3706899764512045,74859.11113251021,False,0.0,467018.84395497857
1779965249.4082778,BUY_NO,476.46,0.16000000000000003,0.16000000000000003,0.0,0.0,0.3606980540638959,74859.11113251021,False,0.0,466992.76264685055
1779965249.4275532,BUY_NO,877.5,0.17000000000000004,0.17000000000000004,0.0,0.0,0.35074300152787485,74859.11113251021,False,0.0,466935.55544885056
1779965249.4442787,BUY_NO,378.6,0.18000000000000005,0.18000000000000005,0.0,0.0,0.34082809007135795,74859.11113251021,False,0.0,466906.89299093053
1779965249.4640691,BUY_NO,773.8,0.18999999999999997,0.18999999999999995,1.4608197692436274e-12,1.4608197692436274e-12,0.33093498931545406,74859.11113251021,False,0.0,466840.25366789056
1779965249.482382,BUY_NO,664.6,0.19999999999999998,0.19999999999999996,1.3877787807814459e-12,1.3877787807814459e-12,0.32105050848259475,74859.11113251021,False,0.0,466776.0764758905
1779965250.037287,BUY_NO,247.78,0.20999999999999996,0.20999999999999996,0.0,0.0,0.311762924477902,74859.11113251021,False,0.0,466749.54769334657
1779965251.4951563,BUY_NO,925.21,0.12,0.12,0.0,0.0,0.4002009604561476,74859.11113251021,False,0.0,466737.8570866746
1779965251.5107515,BUY_NO,539.39,0.13,0.13,0.0,0.0,0.39021478482979843,74859.11113251021,False,0.0,466725.34387602657
1779965251.5281296,BUY_NO,517.32,0.14,0.14,0.0,0.0,0.3803317283418539,74859.11113251021,False,0.0,466707.8963324105
1779965251.5447326,BUY_NO,546.09,0.15000000000000002,0.15000000000000002,0.0,0.0,0.37046618611556015,74859.11113251021,False,0.0,466683.7400762105
1779965251.570825,BUY_NO,476.46,0.16000000000000003,0.16000000000000003,0.0,0.0,0.36067714485233904,74859.11113251021,False,0.0,466657.6587680825
1779965251.5945816,BUY_NO,877.5,0.17000000000000004,0.17000000000000004,0.0,0.0,0.35085753816613574,74859.11113251021,False,0.0,466600.45157008246
1779965251.6193268,BUY_NO,378.6,0.18000000000000005,0.18000000000000005,0.0,0.0,0.3410509334333941,74859.11113251021,False,0.0,466571.7891121624
1779965251.6385832,BUY_NO,773.8,0.18999999999999997,0.18999999999999995,1.4608197692436274e-12,1.4608197692436274e-12,0.33118366476723504,74859.11113251021,False,0.0,466505.14978912246
1779965251.6584978,BUY_NO,664.6,0.19999999999999998,0.19999999999999996,1.3877787807814459e-12,1.3877787807814459e-12,0.3213198292485324,74859.11113251021,False,0.0,466440.9725971225
1779965253.6172793,BUY_NO,896.64,0.11999999999999998,0.12,-1.1564823173178715e-12,-1.1564823173178715e-12,0.4007238188998614,74859.11113251021,False,0.0,466429.64206387446
1779965253.6330822,BUY_NO,531.39,0.13,0.13,0.0,0.0,0.39073501445888914,74859.11113251021,False,0.0,466417.3139988265
1779965253.648852,BUY_NO,517.32,0.14,0.14,0.0,0.0,0.3808422878887292,74859.11113251021,False,0.0,466399.8664552105
1779965253.6636143,BUY_NO,541.09,0.15000000000000002,0.15000000000000002,0.0,0.0,0.37096278441627006,74859.11113251021,False,0.0,466375.93109901046
1779965253.6784308,BUY_NO,476.46,0.16000000000000003,0.16000000000000003,0.0,0.0,0.3610831573679877,74859.11113251021,False,0.0,466349.84979088244
1779965253.6941993,BUY_NO,877.5,0.17000000000000004,0.17000000000000004,0.0,0.0,0.3512034620900438,74859.11113251021,False,0.0,466292.64259288245
1779965253.7114718,BUY_NO,378.6,0.18000000000000005,0.18000000000000005,0.0,0.0,0.34133786942862987,74859.11113251021,False,0.0,466263.9801349624
1779965253.7272587,BUY_NO,773.8,0.18999999999999997,0.18999999999999995,1.4608197692436274e-12,1.4608197692436274e-12,0.3314461277505929,74859.11113251021,False,0.0,466197.34081192245
1779965255.9144576,BUY_NO,882.26,0.12000000000000001,0.12,1.1564823173178715e-12,1.1564823173178715e-12,0.40134798749178147,74859.11113251021,False,0.0,466186.1915126904
1779965255.9364524,BUY_NO,531.39,0.13,0.13,0.0,0.0,0.39119734383422167,74859.11113251021,False,0.0,466173.8634476424
1779965255.959886,BUY_NO,517.32,0.14,0.14,0.0,0.0,0.3810750195863747,74859.11113251021,False,0.0,466156.4159040264
1779965255.9783595,BUY_NO,531.09,0.15000000000000002,0.15000000000000002,0.0,0.0,0.37100426709064493,74859.11113251021,False,0.0,466132.9223478264
1779965256.000849,BUY_NO,476.46,0.16000000000000003,0.16000000000000003,0.0,0.0,0.36094718494761746,74859.11113251021,False,0.0,466106.8410396984
1779965256.0190995,BUY_NO,877.5,0.17000000000000004,0.17000000000000004,0.0,0.0,0.3509218845170038,74859.11113251021,False,0.0,466049.63384169835
1779965256.0371134,BUY_NO,378.6,0.18000000000000005,0.18000000000000005,0.0,0.0,0.34093491433953016,74859.11113251021,False,0.0,466020.9713837784
1779965256.059503,BUY_NO,773.8,0.18999999999999997,0.18999999999999995,1.4608197692436274e-12,1.4608197692436274e-12,0.33096980429702694,74859.11113251021,False,0.0,465954.33206073835
1779965257.8402565,BUY_NO,1127.3,0.12,0.12,0.0,0.0,0.39945491069363304,74859.11113251021,False,0.0,465940.0944733783
1779965257.9233522,BUY_NO,550.14,0.13,0.13,0.0,0.0,0.3896956389505749,74859.11113251021,False,0.0,465927.3324733303
1779965257.9573011,BUY_NO,517.32,0.14,0.14,0.0,0.0,0.37976598018394825,74859.11113251021,False,0.0,465909.8849297143
1779965257.9745893,BUY_NO,547.09,0.15000000000000002,0.15000000000000002,0.0,0.0,0.36989295400983524,74859.11113251021,False,0.0,465885.6844935143
1779965257.9930358,BUY_NO,476.46,0.16000000000000003,0.16000000000000003,0.0,0.0,0.3600478308653564,74859.11113251021,False,0.0,465859.6031853863
1779965258.0098073,BUY_NO,877.5,0.17000000000000004,0.17000000000000004,0.0,0.0,0.3501825462964284,74859.11113251021,False,0.0,465802.3959873863
1779965258.02869,BUY_NO,383.6,0.18000000000000002,0.18000000000000005,-1.541976423090495e-12,-1.541976423090495e-12,0.3403382150835511,74859.11113251021,False,0.0,465773.3553934663
1779965260.5090613,BUY_NO,1070.11,0.12,0.12,0.0,0.0,0.3996342481500833,74859.11113251021,False,0.0,465759.83858311427
1779965260.7453067,BUY_NO,558.14,0.13,0.13,0.0,0.0,0.3899322733603928,74859.11113251021,False,0.0,465746.89143746626
1779965260.7703373,BUY_NO,517.32,0.14,0.14,0.0,0.0,0.3801372188676668,74859.11113251021,False,0.0,465729.44389385026
1779965260.7948384,BUY_NO,557.09,0.15000000000000002,0.15000000000000002,0.0,0.0,0.3703515287502307,74859.11113251021,False,0.0,465704.80165765027
1779965260.8187282,BUY_NO,481.46,0.16000000000000003,0.16000000000000003,0.0,0.0,0.360552411094477,74859.11113251021,False,0.0,465678.4469655223
1779965260.8429747,BUY_NO,877.5,0.17000000000000004,0.17000000000000004,0.0,0.0,0.35074060221657477,74859.11113251021,False,0.0,465621.23976752226
1779965260.8624756,BUY_NO,383.6,0.18000000000000002,0.18000000000000005,-1.541976423090495e-12,-1.541976423090495e-12,0.34089389136384607,74859.11113251021,False,0.0,465592.1991736023
1779965262.0369186,BUY_NO,969.37,0.12,0.12,0.0,0.0,0.40160271582190676,74859.11113251021,False,0.0,465579.9520096183
1779965262.0583906,BUY_NO,552.14,0.13,0.13,0.0,0.0,0.391626015966697,74859.11113251021,False,0.0,465567.1437231703
1779965262.078188,BUY_NO,517.32,0.14,0.14,0.0,0.0,0.3817562094334429,74859.11113251021,False,0.0,465549.6961795543
1779965262.416958,BUY_NO,552.09,0.15000000000000002,0.15000000000000002,0.0,0.0,0.3726351153648012,74859.11113251021,False,0.0,465525.2748433543
1779965262.4424603,BUY_NO,476.46,0.16000000000000003,0.16000000000000003,0.0,0.0,0.36280649766486517,74859.11113251021,False,0.0,465499.1935352263
1779965262.4693453,BUY_NO,877.5,0.17000000000000004,0.17000000000000004,0.0,0.0,0.3530162913312539,74859.11113251021,False,0.0,465441.98633722623
1779965262.4924586,BUY_NO,347.72893668638426,0.18000000000000005,0.18000000000000005,0.0,0.0,0.3432126577563307,74859.11113251021,False,0.0,465415.65857138566
1779965265.79456,BUY_NO,1056.8,0.12,0.12,0.0,0.0,0.40203725566050563,74859.11113251021,False,0.0,465402.30950962566
1779965265.8549535,BUY_NO,507.39,0.13,0.13,0.0,0.0,0.3921762031544215,74859.11113251021,False,0.0,465390.53688137763
1779965265.8756707,BUY_NO,537.32,0.14,0.14,0.0,0.0,0.38232195228083377,74859.11113251021,False,0.0,465372.4159617616
1779965265.8982038,BUY_NO,541.09,0.15000000000000002,0.15000000000000002,0.0,0.0,0.3725060546009279,74859.11113251021,False,0.0,465348.4806055616
1779965265.9197063,BUY_NO,476.46,0.16000000000000003,0.16000000000000003,0.0,0.0,0.362678793367916,74859.11113251021,False,0.0,465322.39929743356
1779965265.940345,BUY_NO,877.5,0.17000000000000004,0.17000000000000004,0.0,0.0,0.35283394257645384,74859.11113251021,False,0.0,465265.19209943357
1779965267.5938075,BUY_NO,1086.88,0.12,0.12,0.0,0.0,0.4031398176012809,74859.11113251021,False,0.0,465251.4639334176
1779965267.611668,BUY_NO,526.14,0.13,0.13,0.0,0.0,0.39316176061777275,74859.11113251021,False,0.0,465239.25737016957
1779965267.627837,BUY_NO,537.32,0.14,0.14,0.0,0.0,0.3832639807532754,74859.11113251021,False,0.0,465221.13645055355
1779965267.6448467,BUY_NO,531.09,0.15000000000000002,0.15000000000000002,0.0,0.0,0.3733971038792646,74859.11113251021,False,0.0,465197.64289435354
1779965267.665541,BUY_NO,476.46,0.16000000000000003,0.16000000000000003,0.0,0.0,0.3635593060708816,74859.11113251021,False,0.0,465171.5615862255
1779965267.6846411,BUY_NO,877.5,0.17000000000000004,0.17000000000000004,0.0,0.0,0.35370062757193643,74859.11113251021,False,0.0,465114.3543882255
1779965269.6819732,BUY_NO,1071.97,0.12000000000000001,0.12,1.1564823173178715e-12,1.1564823173178715e-12,0.40420597996720276,74859.11113251021,False,0.0,465100.8141359215
1779965269.700371,BUY_NO,526.14,0.13,0.13,0.0,0.0,0.39420113888627706,74859.11113251021,False,0.0,465088.60757267347
1779965269.7198749,BUY_NO,537.32,0.14,0.14,0.0,0.0,0.3843034420850858,74859.11113251021,False,0.0,465070.48665305745
1779965269.820011,BUY_NO,536.09,0.15000000000000002,0.15000000000000002,0.0,0.0,0.37464182739837304,74859.11113251021,False,0.0,465046.77219685743
1779965269.8424635,BUY_NO,476.46,0.16000000000000003,0.16000000000000003,0.0,0.0,0.3647856779832238,74859.11113251021,False,0.0,465020.6908887294
1779965269.891125,BUY_NO,354.5429387121112,0.17000000000000004,0.17000000000000004,0.0,0.0,0.3550112635859226,74859.11113251021,False,0.0,464997.55915447726
1779965271.854828,BUY_NO,1062.17,0.12,0.12,0.0,0.0,0.40255438506579055,74859.11113251021,False,0.0,464984.14241353323
1779965272.653892,BUY_NO,526.14,0.13,0.13,0.0,0.0,0.39265251824044645,74859.11113251021,False,0.0,464971.9358502852
1779965272.6752617,BUY_NO,537.32,0.14,0.14,0.0,0.0,0.3828632750876676,74859.11113251021,False,0.0,464953.8149306692
1779965273.368831,BUY_NO,536.09,0.15000000000000002,0.15000000000000002,0.0,0.0,0.37395302339069725,74859.11113251021,False,0.0,464930.1004744692
1779965273.387284,BUY_NO,476.46,0.16000000000000003,0.16000000000000003,0.0,0.0,0.36413356371219197,74859.11113251021,False,0.0,464904.01916634117
1779965288.0179718,BUY_NO,1253.69,0.040000000000000036,0.040000000000000036,0.0,0.0,0.4541457399888562,74859.11113251021,False,0.0,452761.93196419725
1779965289.1617377,BUY_NO,1252.27,0.040000000000000036,0.040000000000000036,0.0,0.0,0.45533566140097836,74859.11113251021,False,0.0,452752.17833810125
1779965291.608192,BUY_NO,1304.1,0.040000000000000036,0.040000000000000036,0.0,0.0,0.4562209270674098,74859.11113251021,False,0.0,452742.02226242126
1779965301.8210356,BUY_NO,1253.91,0.040000000000000036,0.040000000000000036,0.0,0.0,0.4592552569511926,74859.11113251021,False,0.0,452732.25590205326
1779965303.2318196,BUY_NO,1458.91,0.040000000000000036,0.040000000000000036,0.0,0.0,0.4597128533825796,74859.11113251021,False,0.0,452720.8977576853
1779965304.3630807,BUY_NO,1317.91,0.05000000000000005,0.050000000000000044,1.3877787807814445e-12,1.3877787807814445e-12,0.45052136302796175,74859.11113251021,False,0.0,452696.5918554853
1779965304.3868,BUY_NO,1117.54,0.06000000000000006,0.06000000000000005,1.1564823173178705e-12,1.1564823173178705e-12,0.44077268785681034,74859.11113251021,False,0.0,452664.08524905326
1779965306.193789,BUY_NO,1432.72,0.040000000000000036,0.040000000000000036,0.0,0.0,0.4628486737386007,74859.11113251021,False,0.0,452652.93046479725
1779965307.5083945,BUY_NO,1335.32,0.05000000000000005,0.050000000000000044,1.3877787807814445e-12,1.3877787807814445e-12,0.4539908439192226,74859.11113251021,False,0.0,452628.3038703972
1779965307.8815825,BUY_NO,1490.72,0.040000000000000036,0.040000000000000036,0.0,0.0,0.46545924043579834,74859.11113251021,False,0.0,452616.69872774126
1779965308.2563238,BUY_NO,1359.32,0.05000000000000004,0.050000000000000044,-1.3877787807814445e-12,-1.3877787807814445e-12,0.4559233789682038,74859.11113251021,False,0.0,452591.6300533412
1779965308.2767146,BUY_NO,1132.54,0.060000000000000046,0.06000000000000005,-1.1564823173178705e-12,-1.1564823173178705e-12,0.44612433298500154,74859.11113251021,False,0.0,452558.68753490923
1779965308.33579,BUY_NO,1047.16,0.06999999999999995,0.06999999999999995,0.0,0.0,0.43650898225591417,74859.11113251021,False,0.0,452517.0986865572
1779965309.2257347,BUY_NO,1449.72,0.040000000000000036,0.040000000000000036,0.0,0.0,0.46784407685525575,74859.11113251021,False,0.0,452505.8119007012
1779965309.2696328,BUY_NO,1359.32,0.05000000000000004,0.050000000000000044,-1.3877787807814445e-12,-1.3877787807814445e-12,0.45790525874137455,74859.11113251021,False,0.0,452480.7432263012
1779965310.8603985,BUY_NO,1484.08,0.040000000000000036,0.040000000000000036,0.0,0.0,0.46735951242526075,74859.11113251021,False,0.0,452469.18964191724
1779965310.8772194,BUY_NO,1403.54,0.050000000000000044,0.050000000000000044,0.0,0.0,0.45738692788697055,74859.11113251021,False,0.0,452443.30643511727
1779965310.9872355,BUY_NO,1132.54,0.060000000000000046,0.06000000000000005,-1.1564823173178705e-12,-1.1564823173178705e-12,0.4475059921300314,74859.11113251021,False,0.0,452410.3639166852
1779965311.0041575,BUY_NO,1647.16,0.06999999999999995,0.06999999999999995,0.0,0.0,0.4376595175935427,74859.11113251021,False,0.0,452344.96274833323
1779965313.0864186,BUY_NO,1547.25,0.040000000000000036,0.040000000000000036,0.0,0.0,0.4671147949690986,74859.11113251021,False,0.0,452332.9186615332
1779965313.1162229,BUY_NO,1403.54,0.050000000000000044,0.050000000000000044,0.0,0.0,0.4571726210729645,74859.11113251021,False,0.0,452307.03545473324
1779965313.1321156,BUY_NO,1132.54,0.060000000000000046,0.06000000000000005,-1.1564823173178705e-12,-1.1564823173178705e-12,0.44731497001563836,74859.11113251021,False,0.0,452274.09293630125
1779965313.1474268,BUY_NO,1647.16,0.06999999999999995,0.06999999999999995,0.0,0.0,0.4374543402344192,74859.11113251021,False,0.0,452208.69176794926
1779965314.233207,BUY_NO,1522.41,0.040000000000000036,0.040000000000000036,0.0,0.0,0.4678561537695287,74859.11113251021,False,0.0,452196.84055878123
1779965314.2497907,BUY_NO,1483.54,0.050000000000000044,0.050000000000000044,0.0,0.0,0.457896436257056,74859.11113251021,False,0.0,452169.4837519813
1779965314.2654567,BUY_NO,1132.54,0.060000000000000046,0.06000000000000005,-1.1564823173178705e-12,-1.1564823173178705e-12,0.44803832950652556,74859.11113251021,False,0.0,452136.54123354924
1779965314.281525,BUY_NO,1647.16,0.06999999999999995,0.06999999999999995,0.0,0.0,0.4381832533621709,74859.11113251021,False,0.0,452071.14006519725
1779965316.1037817,BUY_NO,1562.91,0.040000000000000036,0.040000000000000036,0.0,0.0,0.4686379039124986,74859.11113251021,False,0.0,452058.97438162926
1779965316.1289315,BUY_NO,1488.54,0.050000000000000044,0.050000000000000044,0.0,0.0,0.45870802664335697,74859.11113251021,False,0.0,452031.52547482925
1779965316.1479354,BUY_NO,1132.54,0.060000000000000046,0.06000000000000005,-1.1564823173178705e-12,-1.1564823173178705e-12,0.4488819446141623,74859.11113251021,False,0.0,451998.58295639727
1779965316.1665897,BUY_NO,1647.16,0.06999999999999995,0.06999999999999995,0.0,0.0,0.4390502678547342,74859.11113251021,False,0.0,451933.1817880453
1779965317.584684,BUY_NO,1451.95,0.040000000000000036,0.040000000000000036,0.0,0.0,0.4701985314616476,74859.11113251021,False,0.0,451921.8776866853
1779965317.6012902,BUY_NO,1483.54,0.050000000000000044,0.050000000000000044,0.0,0.0,0.46022599302247125,74859.11113251021,False,0.0,451894.5208798853
1779965318.9823997,BUY_NO,1468.95,0.040000000000000036,0.040000000000000036,0.0,0.0,0.47064764292431316,74859.11113251021,False,0.0,451883.0847769253
1779965319.000293,BUY_NO,1488.54,0.050000000000000044,0.050000000000000044,0.0,0.0,0.4606704095963988,74859.11113251021,False,0.0,451855.6358701253
1779965319.018624,BUY_NO,1137.54,0.06000000000000006,0.06000000000000005,1.1564823173178705e-12,1.1564823173178705e-12,0.450832160251351,74859.11113251021,False,0.0,451822.54804769333
1779965320.1620247,BUY_NO,1560.74,0.040000000000000036,0.040000000000000036,0.0,0.0,0.47134893310334425,74859.11113251021,False,0.0,451810.3992137413
1779965320.179617,BUY_NO,1488.54,0.050000000000000044,0.050000000000000044,0.0,0.0,0.4613774873897455,74859.11113251021,False,0.0,451782.9503069413
1779965320.278218,BUY_NO,1142.54,0.06000000000000005,0.06000000000000005,0.0,0.0,0.4514950259811996,74859.11113251021,False,0.0,451749.7171805093
1779965320.2960236,BUY_NO,1633.93,0.06999999999999995,0.06999999999999995,0.0,0.0,0.44164979673432336,74859.11113251021,False,0.0,451684.8410738133
1779965321.2149222,BUY_NO,1633.1,0.040000000000000036,0.040000000000000036,0.0,0.0,0.47238446342926954,74859.11113251021,False,0.0,451672.1303789333
1779965321.2341962,BUY_NO,1483.54,0.050000000000000044,0.050000000000000044,0.0,0.0,0.4624251826912824,74859.11113251021,False,0.0,451644.7735721333
1779965321.2576182,BUY_NO,1132.54,0.060000000000000046,0.06000000000000005,-1.1564823173178705e-12,-1.1564823173178705e-12,0.4526293871815079,74859.11113251021,False,0.0,451611.8310537013
1779965321.2799134,BUY_NO,1616.93,0.06999999999999995,0.06999999999999995,0.0,0.0,0.4428256626149034,74859.11113251021,False,0.0,451547.6296294053
1779965322.4497771,BUY_NO,1552.65,0.040000000000000036,0.040000000000000036,0.0,0.0,0.4735725818569796,74859.11113251021,False,0.0,450462.99950330827
1779965322.4665444,BUY_NO,1483.54,0.050000000000000044,0.050000000000000044,0.0,0.0,0.46359508244745107,74859.11113251021,False,0.0,450428.2249965083
1779965324.6566534,BUY_NO,1699.11,0.030000000000000027,0.030000000000000027,0.0,0.0,0.4803819366347091,74859.11113251021,False,0.0,449336.17766185926
1779965325.148789,BUY_NO,1688.11,0.030000000000000027,0.030000000000000027,0.0,0.0,0.48096611272952106,74859.11113251021,False,0.0,449324.17018378724
1779965326.4313803,BUY_NO,1830.18,0.030000000000000027,0.030000000000000027,0.0,0.0,0.47882750286104836,74859.11113251021,False,0.0,449311.1546906513
1779965387.9539177,SETTLE_NO,221209.76187539878,1.0,1.0,0.0,0.0,0.0,74859.11113251021,True,191549.23776721416,664990.6725191651
1779965435.937954,BUY_NO,499999.99999999953,0.010000000000000009,0.010000000000000009,0.0,0.0,0.3696823553818198,74859.11113251021,False,0.0,869634.2425191649
1779965435.974939,BUY_NO,499999.99999999953,0.010000000000000009,0.010000000000000009,0.0,0.0,0.3697657794332063,74859.11113251021,False,0.0,1074277.8125191648
1779965436.0074499,BUY_NO,46372.86000000092,0.010000000000000009,0.010000000000000009,0.0,0.0,0.36991304586761764,74859.11113251021,False,0.0,1093257.600544557
1779965436.0381873,BUY_NO,23246.0,0.020000000000000018,0.020000000000000018,0.0,0.0,0.3600579698277667,74859.11113251021,False,0.0,1102523.165789357
1779965436.865773,SELL_NO,206.14,0.8241719219947609,0.83,70.21780729203736,70.21780729203736,0.4405033611888175,74859.11113251021,True,165.6077957626368,1546410.579785474
1779965436.8884337,BUY_YES,270.46,0.19,0.19,0.0,0.0,0.42623489996453373,74859.11113251021,False,0.0,1546400.7913723062
1779965436.9123895,SELL_NO,189.75,0.7934650856389986,0.8,81.68642951251748,81.68642951251748,0.4095986063444008,74859.11113251021,True,146.35235711699215,1546390.6412177433
1779965436.9365811,BUY_YES,454.0,0.22,0.22,0.0,0.0,0.3960316349038365,74859.11113251021,False,0.0,1546360.0319569432
1779965436.9598482,BUY_YES,359.26,0.23,0.23,0.0,0.0,0.38593443360519875,74859.11113251021,False,0.0,1546332.0690608313
1779965436.9827309,SELL_NO,548.0,0.7535401459854014,0.76,84.9980791394551,84.9980791394551,0.3693796580742109,74859.11113251021,True,399.98323778430387,1546280.071395319
1779965437.0035055,BUY_YES,252.0,0.26,0.26,0.0,0.0,0.35575378879567265,74859.11113251021,False,0.0,1546252.610489719
1779965437.4698899,SELL_NO,232.0,0.7903448275862069,0.8,120.68965517241375,120.68965517241375,0.40422819121501297,74859.11113251021,True,178.19172868408523,1546239.452638905
1779965437.7119834,SELL_NO,67.0,0.83,0.83,0.0,0.0,0.44293875577232733,74859.11113251021,True,54.214772506714866,1546238.4069725052
1779965437.9270074,SELL_NO,268.14,0.8255195047363318,0.83,53.98187064660381,53.98187064660381,0.43762987928169395,74859.11113251021,True,215.8043343511191,1546233.0540816556
1779965437.953544,BUY_YES,270.46,0.19,0.19,0.0,0.0,0.42200902740589336,74859.11113251021,False,0.0,1546223.2656684876
1779965437.9761965,SELL_NO,421.75,0.7917486662714879,0.8,103.14167160640208,103.14167160640208,0.4036741232593227,74859.11113251021,True,324.57401263189536,1546199.9875899418
1779965438.002902,BUY_YES,454.0,0.22,0.22,0.0,0.0,0.391827823022344,74859.11113251021,False,0.0,1546169.3783291418
1779965439.1042895,SELL_NO,62.86,0.8117499204581611,0.8200000000000001,100.6107261199876,100.6107261199876,0.41954547935438813,74859.11113251021,True,49.662723823252065,1546167.195214313
1779965439.5193248,SELL_NO,193.64,0.823227638917579,0.83,81.59471183639717,81.59471183639717,0.4293064002806922,74859.11113251021,True,155.3724105028597,1546162.856708549
1779965439.5426888,BUY_YES,343.32,0.19,0.19,0.0,0.0,0.41599365676028016,74859.11113251021,False,0.0,1546150.4394482928
1779965439.5692189,SELL_NO,441.75,0.7921222410865875,0.8,98.47198641765725,98.47198641765725,0.39819448424284065,74859.11113251021,True,340.13917243397924,1546126.2308761443
1779965439.5917597,BUY_YES,254.0,0.22,0.22,0.0,0.0,0.38614383341788117,74859.11113251021,False,0.0,1546109.0926553444
1779965439.6202366,SELL_NO,381.26,0.7642821171903688,0.77,74.25821830689945,74.25821830689945,0.3705512382561239,74859.11113251021,True,282.5193574262009,1546077.1553719111
1779965439.6428347,BUY_YES,377.0,0.25,0.25,0.0,0.0,0.3563612845827061,74859.11113251021,False,0.0,1546039.990871911
1779965439.6686976,BUY_YES,276.0,0.26,0.26,0.0,0.0,0.34648179062782525,74859.11113251021,False,0.0,1546009.917499111
1779965439.6900642,BUY_YES,195.0,0.27,0.27,0.0,0.0,0.3365737657025619,74859.11113251021,False,0.0,1545986.6452151109
1779965439.7122002,BUY_YES,203.0,0.28,0.28,0.0,0.0,0.32665424558186507,74859.11113251021,False,0.0,1545960.323629511
1779965439.736092,BUY_YES,472.0,0.29,0.29,0.0,0.0,0.3167305552853849,74859.11113251021,False,0.0,1545894.2963239108
1779965439.760776,BUY_YES,471.8,0.3,0.3,0.0,0.0,0.30681896231706834,74859.11113251021,False,0.0,1545823.439707911
1779965439.784901,BUY_YES,490.0,0.31,0.31,0.0,0.0,0.2969059664943929,74859.11113251021,False,0.0,1545744.813315911
1779965439.8073127,BUY_YES,665.0,0.32,0.32,0.0,0.0,0.2869845168808813,74859.11113251021,False,0.0,1545631.289627911
1779965439.8293421,BUY_YES,422.25,0.33,0.33,0.0,0.0,0.2770637843561338,74859.11113251021,False,0.0,1545554.8664957108
1779965439.8531132,BUY_YES,455.93,0.3400000000000001,0.34,1.6326809185664065e-12,1.6326809185664065e-12,0.267138761177265,74859.11113251021,False,0.0,1545467.682375887
1779965439.874759,BUY_YES,539.81,0.35,0.35,0.0,0.0,0.2572007297707133,74859.11113251021,False,0.0,1545358.945438087
1779965441.5780783,SELL_NO,195.75,0.8228919540229884,0.83,85.63910815676549,85.63910815676549,0.42540348469037215,74859.11113251021,True,156.99698706306725,1545354.4912174486
1779965441.601976,BUY_YES,349.87,0.19,0.19,0.0,0.0,0.4124639289832686,74859.11113251021,False,0.0,1545341.8376279525
1779965441.6236827,SELL_NO,300.75,0.794546965918537,0.8,68.16292601828783,68.16292601828783,0.3971600398550451,74859.11113251021,True,232.32229397179412,1545326.1065338468
1779965441.6489973,SELL_NO,359.26,0.7750102989478372,0.78,63.970526309779316,63.970526309779316,0.3777671938795648,74859.11113251021,True,270.21915933657027,1545300.0142710696
1779965441.6691852,BUY_YES,218.0,0.24,0.24,0.0,0.0,0.36286192994372213,74859.11113251021,False,0.0,1545280.7713206694
1779965441.6906648,BUY_YES,377.0,0.25,0.25,0.0,0.0,0.3529671777027945,74859.11113251021,False,0.0,1545243.6068206695
1779965441.7115977,BUY_YES,326.0,0.26,0.26,0.0,0.0,0.3430737897415501,74859.11113251021,False,0.0,1545208.0908078696
1779965441.7331967,BUY_YES,210.0,0.27,0.27,0.0,0.0,0.33317477791912786,74859.11113251021,False,0.0,1545183.0306558697
1779965444.831815,SELL_NO,200.05,0.8222504373906524,0.83,93.36822420900675,93.36822420900675,0.4160105230935106,74859.11113251021,True,160.31206998598535,1545178.3449526723
1779965445.4387429,SELL_NO,364.85,0.8227855282993011,0.83,86.92134579155287,86.92134579155287,0.4146392143977099,74859.11113251021,True,292.60520825165474,1545170.0282036834
1779965445.4610648,SELL_NO,307.23,0.806330110991765,0.81,45.30727170660569,45.30727170660569,0.3981248780033937,74859.11113251021,True,241.10534191833605,1545157.735565821
1779965445.4863675,SELL_NO,405.0,0.7843209876543209,0.79,71.88623222378652,71.88623222378652,0.37629177771942635,74859.11113251021,True,308.54922989548203,1545132.2478142653
1779965445.508119,BUY_YES,290.26,0.23,0.23,0.0,0.0,0.36211683589256694,74859.11113251021,False,0.0,1545109.6497509535
1779965445.5374057,BUY_YES,236.0,0.24,0.24,0.0,0.0,0.35230926109710525,74859.11113251021,False,0.0,1545088.8204101534
1779965445.5606165,BUY_YES,427.0,0.25,0.25,0.0,0.0,0.34244284581231754,74859.11113251021,False,0.0,1545046.7309101534
1779965445.590424,BUY_YES,326.0,0.26,0.26,0.0,0.0,0.3326145672449815,74859.11113251021,False,0.0,1545011.2148973534
1779965445.6159637,BUY_YES,215.0,0.27,0.27,0.0,0.0,0.3227448755525175,74859.11113251021,False,0.0,1544985.5587893534
1779965445.6392577,BUY_YES,227.0,0.28,0.28,0.0,0.0,0.3128449824829984,74859.11113251021,False,0.0,1544956.1288389536
1779965445.6627574,BUY_YES,473.0,0.29,0.29,0.0,0.0,0.3029341481583144,74859.11113251021,False,0.0,1544889.9617085536
1779965446.861082,SELL_NO,273.55,0.8207453847559861,0.83,111.50138848209436,111.50138848209436,0.4114204279802769,74859.11113251021,True,218.7922855415886,1544883.1346946484
1779965446.8843503,SELL_NO,321.05,0.8064880859679178,0.81,43.35696335904056,43.35696335904056,0.39710166377747647,74859.11113251021,True,252.00518894077527,1544870.3434073054
1779965446.9059706,SELL_NO,400.0,0.7845,0.79,69.62025316455772,69.62025316455772,0.37521911003533304,74859.11113251021,True,304.81414729979025,1544845.2444865056
1779965446.9267397,BUY_YES,275.26,0.23,0.23,0.0,0.0,0.36084289165160033,74859.11113251021,False,0.0,1544823.8126911935
1779965446.9514685,BUY_YES,256.0,0.24,0.24,0.0,0.0,0.3509961553910417,74859.11113251021,False,0.0,1544801.2206943934
1779965446.9721892,BUY_YES,397.0,0.25,0.25,0.0,0.0,0.34111435865659034,74859.11113251021,False,0.0,1544762.0861943935
1779965446.9930959,BUY_YES,321.0,0.26,0.26,0.0,0.0,0.33123257349022983,74859.11113251021,False,0.0,1544727.1144455937
1779965447.0155716,BUY_YES,210.0,0.27,0.27,0.0,0.0,0.3213464789515501,74859.11113251021,False,0.0,1544702.0542935934
1779965447.0374732,BUY_YES,227.0,0.28,0.28,0.0,0.0,0.31144043955971934,74859.11113251021,False,0.0,1544672.6243431936
1779965447.0606315,BUY_YES,503.0,0.29,0.29,0.0,0.0,0.30152879336924715,74859.11113251021,False,0.0,1544602.2624687934
1779965447.0852695,BUY_YES,756.8,0.3,0.3,0.0,0.0,0.29163071119133127,74859.11113251021,False,0.0,1544488.6216527936
1779965447.109557,BUY_YES,574.0,0.31,0.31,0.0,0.0,0.28174183805657743,74859.11113251021,False,0.0,1544396.5215935935
1779965447.1330981,BUY_YES,685.72,0.32,0.32,0.0,0.0,0.2718425837578146,74859.11113251021,False,0.0,1544279.4616812095
1779965447.1555848,BUY_YES,422.25,0.33,0.33,0.0,0.0,0.2619355549822992,74859.11113251021,False,0.0,1544203.0385490092
1779965447.1773708,BUY_YES,465.93,0.34,0.34,0.0,0.0,0.2520138478374104,74859.11113251021,False,0.0,1544113.9428611854
1779965447.2012415,SELL_NO,91.0,0.7700000000000001,0.77,-1.4418480839287748e-12,-1.4418480839287748e-12,0.3620735583767992,74859.11113251021,True,67.94986379270229,1544106.8375019853
1779965447.2225204,BUY_YES,539.81,0.35,0.35,0.0,0.0,0.24211553506776096,74859.11113251021,False,0.0,1543998.1005641853
1779965447.2681704,SELL_NO,198.0,0.8300000000000001,0.83,-1.3376181019580201e-12,-1.3376181019580201e-12,0.4221620480947239,74859.11113251021,True,160.27544710939617,1543995.0690425853
1779965447.2900746,BUY_YES,285.0,0.36,0.36,0.0,0.0,0.23217719467645448,74859.11113251021,False,0.0,1543934.7362345853
1779965447.3115983,BUY_YES,425.0,0.37,0.37,0.0,0.0,0.22219584849145346,74859.11113251021,False,0.0,1543840.4483745852
1779965447.33433,BUY_YES,230.0,0.38,0.38,0.0,0.0,0.21222404245229598,74859.11113251021,False,0.0,1543787.0668385853
1779965448.0044088,SELL_NO,363.56,0.8271622290681042,0.83,34.190011227659575,34.190011227659575,0.41832216313825243,74859.11113251021,True,293.23619325633484,1543780.4450442456
1779965448.0263343,SELL_NO,357.23,0.8068437701200908,0.81,38.96580098653416,38.96580098653416,0.39795754376463743,74859.11113251021,True,280.5403937319619,1543766.3483246844
1779965448.0493639,SELL_NO,395.0,0.7845569620253166,0.79,68.8992148694112,68.8992148694112,0.37567231087637565,74859.11113251021,True,301.0270173308214,1543741.5861872667
1779965448.0708525,BUY_YES,281.26,0.23000000000000004,0.23,1.206764157201257e-12,1.206764157201257e-12,0.3611412230885788,74859.11113251021,False,0.0,1543719.6878847547
1779965448.0936582,BUY_YES,256.0,0.24,0.24,0.0,0.0,0.3512012838877573,74859.11113251021,False,0.0,1543697.0958879548
1779965448.1166446,BUY_YES,397.0,0.25,0.25,0.0,0.0,0.3412768419848208,74859.11113251021,False,0.0,1543657.9613879547
1779965448.1371834,BUY_YES,321.0,0.26,0.26,0.0,0.0,0.33136031357209006,74859.11113251021,False,0.0,1543622.9896391546
1779965448.1584144,BUY_YES,225.0,0.27,0.27,0.0,0.0,0.32144608006462294,74859.11113251021,False,0.0,1543596.1416191547
1779965448.5349183,SELL_NO,105.45,0.8247415836889521,0.83,63.35441338611858,63.35441338611858,0.416153235269903,74859.11113251021,True,84.76415503482002,1543593.9324416118
1779965448.5584676,SELL_NO,205.0,0.77,0.77,0.0,0.0,0.3613747185234366,74859.11113251021,True,153.1114514011425,1543577.9634456118
1779965448.5834556,SELL_NO,267.0,0.720187265917603,0.73,134.4210148273565,134.4210148273565,0.3115605778478754,74859.11113251021,True,185.65799923076727,1543543.4044718859
1779965448.6054664,BUY_YES,533.0,0.29,0.29,0.0,0.0,0.3013688729510971,74859.11113251021,False,0.0,1543468.847853486
1779965449.1132057,BUY_YES,310.39,0.17,0.17,0.0,0.0,0.4204529598784553,74859.11113251021,False,0.0,1543464.112589398
1779965449.1367524,SELL_NO,396.39,0.8140016145715079,0.8200000000000001,73.15104181088024,73.15104181088024,0.4044135498298943,74859.11113251021,True,314.26099932618405,1543451.4379860638
1779965449.1590283,SELL_NO,268.75,0.7941953488372093,0.8,72.55813953488399,72.55813953488399,0.3846438165252096,74859.11113251021,True,207.50135260796517,1543437.2789960424
1779965449.1844573,SELL_NO,664.26,0.7728753801222413,0.78,91.34128048408586,91.34128048408586,0.3634011627672393,74859.11113251021,True,498.1777806501911,1543387.5866401526
1779965449.2062843,BUY_YES,256.0,0.24,0.24,0.0,0.0,0.3506165632376055,74859.11113251021,False,0.0,1543364.9946433525
1779965449.2320166,BUY_YES,364.0,0.25,0.25,0.0,0.0,0.3407481829602771,74859.11113251021,False,0.0,1543329.1106433526
1779965449.2564209,BUY_YES,321.0,0.26,0.26,0.0,0.0,0.33088281303909817,74859.11113251021,False,0.0,1543294.1388945526
1779965449.2774575,BUY_YES,255.0,0.27,0.27,0.0,0.0,0.32099166622203124,74859.11113251021,False,0.0,1543263.7151385527
1779965449.3004706,BUY_YES,262.0,0.28,0.28,0.0,0.0,0.31109718624584815,74859.11113251021,False,0.0,1543229.7521561529
1779965449.3226163,BUY_YES,533.0,0.29,0.29,0.0,0.0,0.30119103471753744,74859.11113251021,False,0.0,1543155.1955377527
1779965449.3441012,BUY_YES,756.8,0.3,0.3,0.0,0.0,0.29128788216027196,74859.11113251021,False,0.0,1543041.5547217526
1779965449.5475132,SELL_NO,70.0,0.7971428571428572,0.8,35.71428571428614,35.71428571428614,0.38862012871971297,74859.11113251021,True,54.239788060320436,1543038.0597228955
1779965449.570882,BUY_YES,584.0,0.31,0.31,0.0,0.0,0.28146664076644473,74859.11113251021,False,0.0,1542944.3556556955
1779965449.593244,SELL_NO,200.0,0.76,0.76,0.0,0.0,0.3514328558885579,74859.11113251021,True,147.2999740498951,1542926.6990956955
1779965449.6158004,BUY_YES,685.72,0.32,0.32,0.0,0.0,0.27141745761110064,74859.11113251021,False,0.0,1542809.6391833115
1779965449.6373188,BUY_YES,422.25,0.33,0.33,0.0,0.0,0.2614603124513975,74859.11113251021,False,0.0,1542733.2160511115
1779965449.6604164,BUY_YES,465.93,0.34,0.34,0.0,0.0,0.25152557129562786,74859.11113251021,False,0.0,1542644.1203632874
1779965449.684466,BUY_YES,839.81,0.35,0.35,0.0,0.0,0.24160627423258974,74859.11113251021,False,0.0,1542474.9694254873
1779965449.7075205,BUY_YES,285.0,0.36,0.36,0.0,0.0,0.23170413337323692,74859.11113251021,False,0.0,1542414.6366174875
1779965449.7311845,BUY_YES,425.0,0.37,0.37,0.0,0.0,0.22178932438438748,74859.11113251021,False,0.0,1542320.3487574875
1779965449.7533593,BUY_YES,230.0,0.38,0.38,0.0,0.0,0.21186424924151148,74859.11113251021,False,0.0,1542266.9672214873
1779965449.775779,BUY_YES,375.0,0.39,0.39,0.0,0.0,0.20192856800053083,74859.11113251021,False,0.0,1542176.1389214874
1779965449.7991185,BUY_YES,361.0,0.4,0.4,0.0,0.0,0.19199212131412702,74859.11113251021,False,0.0,1542085.0358414873
1779965449.8244476,BUY_YES,455.0,0.41,0.41,0.0,0.0,0.1820570875405944,74859.11113251021,False,0.0,1541965.6061974876
1779965449.849503,BUY_YES,372.06,0.42,0.42,0.0,0.0,0.1721211492113302,74859.11113251021,False,0.0,1541864.1752627352
1779965449.8717701,BUY_YES,335.0,0.43000000000000005,0.43,1.2909570053780891e-12,1.2909570053780891e-12,0.16217463660300913,74859.11113251021,False,0.0,1541769.4584507353
1779965449.8928502,BUY_YES,355.0,0.43999999999999995,0.44,-1.261617073437678e-12,-1.261617073437678e-12,0.15222138979294408,74859.11113251021,False,0.0,1541665.5054667355
1779965449.9154732,BUY_YES,374.0,0.45,0.45,0.0,0.0,0.14226869735728714,74859.11113251021,False,0.0,1541552.2207867354
1779965449.937991,BUY_YES,465.0,0.46,0.46,0.0,0.0,0.13231383288195514,74859.11113251021,False,0.0,1541406.6993547352
1779965449.9621563,BUY_YES,555.18,0.47000000000000003,0.47,1.1810883240693154e-12,1.1810883240693154e-12,0.1223630029561728,74859.11113251021,False,0.0,1541227.3821903993
1779965449.9876127,BUY_YES,348.86,0.48,0.48,0.0,0.0,0.11241746484466986,74859.11113251021,False,0.0,1541111.1918575673
1779965450.0098317,BUY_YES,335.15,0.48999999999999994,0.49,-1.1328806373726088e-12,-1.1328806373726088e-12,0.10246097283467098,74859.11113251021,False,0.0,1540996.2078206474
1779965450.0335698,BUY_YES,468.76,0.5,0.5,0.0,0.0,0.0925035742704573,74859.11113251021,False,0.0,1540830.7055406473
1779965450.05466,BUY_YES,921.04,0.51,0.51,0.0,0.0,0.08254157653086791,74859.11113251021,False,0.0,1540496.3446521354
1779965451.5777354,BUY_YES,354.03,0.17,0.17,0.0,0.0,0.41895770631830354,74859.11113251021,False,0.0,1540490.9478405593
1779965451.6023347,SELL_NO,401.40999999999997,0.8140766298796742,0.8200000000000001,72.23622097958345,72.23622097958345,0.40301571710794803,74859.11113251021,True,318.27274694463574,1540478.1445758392
1779965451.6245432,SELL_NO,588.75,0.7931889596602972,0.8,85.13800424628515,85.13800424628515,0.3821916369429892,74859.11113251021,True,453.99088159294564,1540446.5446603228
1779965451.6472378,SELL_NO,709.26,0.7730454276287962,0.78,89.16118424620234,89.16118424620234,0.3621559030051682,74859.11113251021,True,532.0539950140479,1540393.6132986357
1779965451.6712275,BUY_YES,481.0,0.24,0.24,0.0,0.0,0.3492380107701156,74859.11113251021,False,0.0,1540351.1914218357
1779965451.6947618,BUY_YES,364.0,0.25,0.25,0.0,0.0,0.33938326022207443,74859.11113251021,False,0.0,1540315.3074218356
1779965451.7197258,BUY_YES,376.0,0.26,0.26,0.0,0.0,0.3295223878912946,74859.11113251021,False,0.0,1540274.3487690357
1779965451.7427049,BUY_YES,275.0,0.27,0.27,0.0,0.0,0.319639206870746,74859.11113251021,False,0.0,1540241.5411890356
1779965451.766116,BUY_YES,257.0,0.28,0.28,0.0,0.0,0.30974247749338424,74859.11113251021,False,0.0,1540208.2257826356
1779965451.788384,BUY_YES,563.0,0.29,0.29,0.0,0.0,0.29982921758166886,74859.11113251021,False,0.0,1540129.4744202355
1779965451.8117466,BUY_YES,756.8,0.3,0.3,0.0,0.0,0.28992660546836463,74859.11113251021,False,0.0,1540015.8336042357
1779965451.836187,BUY_YES,609.0,0.31,0.31,0.0,0.0,0.2800353773981699,74859.11113251021,False,0.0,1539918.1195170355
1779965451.8578765,BUY_YES,685.72,0.32,0.32,0.0,0.0,0.2701262541042035,74859.11113251021,False,0.0,1539801.0596046515
1779965451.8811295,BUY_YES,422.25,0.33,0.33,0.0,0.0,0.2602196878090213,74859.11113251021,False,0.0,1539724.6364724515
1779965451.9049907,BUY_YES,465.93,0.34,0.34,0.0,0.0,0.25030310001680317,74859.11113251021,False,0.0,1539635.5407846277
1779965451.9266632,BUY_YES,539.81,0.35,0.35,0.0,0.0,0.24037175122933618,74859.11113251021,False,0.0,1539526.8038468275
1779965451.9496782,BUY_YES,285.0,0.36,0.36,0.0,0.0,0.23044060058643623,74859.11113251021,False,0.0,1539466.4710388277
1779965451.9712505,BUY_YES,425.0,0.37,0.37,0.0,0.0,0.22049555629661566,74859.11113251021,False,0.0,1539372.1831788276
1779965452.1757505,SELL_NO,84.0,0.7700000000000001,0.77,-1.4418480839287748e-12,-1.4418480839287748e-12,0.3605585194631735,74859.11113251021,True,62.72064350095596,1539365.6220780276
1779965453.0368812,SELL_NO,62.02000000000004,0.8259690422444373,0.83,48.56575609111584,48.56575609111584,0.4145910120757734,74859.11113251021,True,49.92104018211211,1539364.3900970006
1779965453.0593524,SELL_NO,229.99999999999997,0.8097826086956523,0.81,2.6838432635521596,2.6838432635521596,0.39835190346849525,74859.11113251021,True,181.3191989399881,1539356.0092817834
1779965454.2169485,SELL_NO,62.71999999999997,0.828405612244898,0.83,19.20949102532544,19.20949102532544,0.41304482872505033,74859.11113251021,True,50.64484353363893,1539354.923756239
1779965454.845508,SELL_NO,210.0,0.8002380952380953,0.81,120.51734273956481,120.51734273956481,0.3841829596481797,74859.11113251021,True,163.45732160953276,1539345.176717096
1779965454.8712904,SELL_NO,70.0,0.7878571428571429,0.79,27.124773960216622,27.124773960216622,0.3717741900202033,74859.11113251021,True,53.56241006032044,1539341.0043402389
1779965454.8934255,SELL_NO,100.0,0.7689999999999999,0.77,12.98701298701444,12.98701298701444,0.35307587558244646,74859.11113251021,True,74.56926622494754,1539333.0953394389
1779965454.9193633,BUY_YES,230.0,0.25,0.25,0.0,0.0,0.3342691762401755,74859.11113251021,False,0.0,1539310.4103394388
1779965454.9435802,BUY_YES,200.0,0.26,0.26,0.0,0.0,0.3244515365458994,74859.11113251021,False,0.0,1539288.609779439
1779965454.9689088,BUY_YES,245.0,0.27,0.27,0.0,0.0,0.31461914404176583,74859.11113251021,False,0.0,1539259.3779354389
1779965454.9902563,BUY_YES,200.0,0.28,0.28,0.0,0.0,0.30474957688854865,74859.11113251021,False,0.0,1539233.4448954388
1779965455.5190883,BUY_YES,390.58,0.17,0.17,0.0,0.0,0.41469251595868606,74859.11113251021,False,0.0,1539227.4940151027
1779965455.5410988,SELL_NO,208.16,0.8209607993850884,0.83,108.90603150495895,108.90603150495895,0.4056194625565751,74859.11113251021,True,166.53143252264198,1539222.3386869864
1779965455.562505,BUY_YES,472.77,0.19,0.19,0.0,0.0,0.39462922813697593,74859.11113251021,False,0.0,1539205.2507671705
1779965455.5867083,BUY_YES,397.75,0.20000000000000004,0.2,1.3877787807814457e-12,1.3877787807814457e-12,0.3847408636763473,74859.11113251021,False,0.0,1539186.7174371702
1779965455.607876,BUY_YES,461.0,0.21,0.21,0.0,0.0,0.3748621651391735,74859.11113251021,False,0.0,1539160.4358843702
1779965455.6287947,BUY_YES,231.0,0.22,0.22,0.0,0.0,0.36498404155476627,74859.11113251021,False,0.0,1539144.8468331704
1779965455.6528234,SELL_NO,699.26,0.7728601664616881,0.78,91.53632741425557,91.53632741425557,0.3579468147119337,74859.11113251021,True,524.4173977506189,1539092.5267009223
1779965455.673135,BUY_YES,486.0,0.24,0.24,0.0,0.0,0.3451660717247066,74859.11113251021,False,0.0,1539049.6641601222
1779965455.9013274,SELL_NO,218.86000000000004,0.8208617380974139,0.83,110.09954099501257,110.09954099501257,0.4061953803070868,74859.11113251021,True,175.07046860851426,1539044.22269352
1779965455.9239588,BUY_YES,594.0,0.25,0.25,0.0,0.0,0.33532013128679505,74859.11113251021,False,0.0,1538985.6836935198
1779965455.9504974,BUY_YES,571.0,0.26,0.26,0.0,0.0,0.32538660081809667,74859.11113251021,False,0.0,1538923.4987447201
1779965455.9740846,BUY_YES,540.0,0.27,0.27,0.0,0.0,0.31548246895620236,74859.11113251021,False,0.0,1538859.10549672
1779965455.999843,BUY_YES,457.0,0.28,0.28,0.0,0.0,0.3055990310196147,74859.11113251021,False,0.0,1538799.88705032
1779965456.7780185,SELL_NO,229.00000000000006,0.8297816593886462,0.83,2.6306097753461324,2.6306097753461324,0.4146744358656499,74859.11113251021,True,185.32139947315616,1538796.3332183058
1779965457.172604,SELL_NO,65.0,0.83,0.83,0.0,0.0,0.4138840063606535,74859.11113251021,True,52.59552556621591,1538795.3178703059
1779965457.8384755,BUY_YES,709.44,0.17,0.17,0.0,0.0,0.41127384672214984,74859.11113251021,False,0.0,1538784.533327458
1779965457.8605788,BUY_YES,388.16,0.18000000000000002,0.18,1.5419764230904952e-12,1.5419764230904952e-12,0.4012528821446446,74859.11113251021,False,0.0,1538774.555873506
1779965457.8875883,BUY_YES,497.77,0.19,0.19,0.0,0.0,0.3913768843098255,74859.11113251021,False,0.0,1538756.56593369
1779965457.90983,BUY_YES,377.75,0.19999999999999998,0.2,-1.3877787807814457e-12,-1.3877787807814457e-12,0.38151829287773964,74859.11113251021,False,0.0,1538738.96300369
1779965457.9341621,BUY_YES,461.0,0.21,0.21,0.0,0.0,0.3716623142287493,74859.11113251021,False,0.0,1538712.68145089
1779965457.9563038,BUY_YES,485.0,0.22,0.22,0.0,0.0,0.36178708183164643,74859.11113251021,False,0.0,1538679.98417889
1779965457.9787486,BUY_YES,534.26,0.23,0.23,0.0,0.0,0.3519057439921678,74859.11113251021,False,0.0,1538638.4148227777
1779965458.0034256,BUY_YES,531.0,0.24,0.24,0.0,0.0,0.34202909397931947,74859.11113251021,False,0.0,1538591.586305978
1779965458.377697,SELL_NO,72.0,0.83,0.83,0.0,0.0,0.4121756684496237,74859.11113251021,True,58.26288985796224,1538590.4648435782
1779965458.402302,BUY_YES,624.0,0.25,0.25,0.0,0.0,0.33214745063923956,74859.11113251021,False,0.0,1538528.970843578
1779965458.4235203,BUY_YES,586.0,0.26,0.26,0.0,0.0,0.32218352119706184,74859.11113251021,False,0.0,1538465.153102778
1779965458.4881997,BUY_YES,520.0,0.27,0.27,0.0,0.0,0.31224386677881066,74859.11113251021,False,0.0,1538403.1436787779
1779965458.8249712,SELL_NO,71.00999999999999,0.83,0.83,0.0,0.0,0.4119251423536727,74859.11113251021,True,57.46136262241525,1538402.037223986
1779965458.8495471,BUY_YES,462.0,0.28,0.28,0.0,0.0,0.3018946924589597,74859.11113251021,False,0.0,1538342.1712015858
1779965458.8719103,BUY_YES,578.0,0.29,0.29,0.0,0.0,0.29195864422433254,74859.11113251021,False,0.0,1538261.322467186
1779965458.8950796,BUY_YES,801.8,0.3,0.3,0.0,0.0,0.28207914554532226,74859.11113251021,False,0.0,1538140.926251186
1779965458.9197214,BUY_YES,649.0,0.31,0.31,0.0,0.0,0.2722284140883478,74859.11113251021,False,0.0,1538036.796131986
1779965458.9445648,BUY_YES,680.72,0.32,0.32,0.0,0.0,0.2623683384162114,74859.11113251021,False,0.0,1537920.589555602
1779965458.969102,BUY_YES,474.46,0.33,0.33,0.0,0.0,0.25249673397322175,74859.11113251021,False,0.0,1537834.72063197
1779965458.991371,BUY_YES,460.93,0.34,0.34,0.0,0.0,0.24259844055227592,74859.11113251021,False,0.0,1537746.580728146
1779965459.01554,BUY_YES,214.81,0.35,0.35,0.0,0.0,0.23269708561979952,74859.11113251021,False,0.0,1537703.292290346
1779965459.0395443,BUY_YES,880.0,0.36,0.36,0.0,0.0,0.2227782673012314,74859.11113251021,False,0.0,1537517.064146346
1779965459.0663338,BUY_YES,435.0,0.37,0.37,0.0,0.0,0.2128789348329131,74859.11113251021,False,0.0,1537420.558454346
1779965459.0901778,BUY_YES,225.0,0.38,0.38,0.0,0.0,0.20295922762102225,74859.11113251021,False,0.0,1537368.336734346
1779965459.112008,BUY_YES,365.0,0.38999999999999996,0.39,-1.4233628520835338e-12,-1.4233628520835338e-12,0.19302103994385184,74859.11113251021,False,0.0,1537279.929722346
1779965459.1356761,BUY_YES,361.0,0.4,0.4,0.0,0.0,0.1830825731750182,74859.11113251021,False,0.0,1537188.826642346
1779965460.3954594,SELL_NO,61.0,0.83,0.83,0.0,0.0,0.41092741227546214,74859.11113251021,True,49.357031685218004,1537187.871931146
1779965460.688067,BUY_YES,797.45,0.17,0.17,0.0,0.0,0.410057630019956,74859.11113251021,False,0.0,1537175.7532271058
1779965460.7083235,BUY_YES,388.16,0.18000000000000002,0.18,1.5419764230904952e-12,1.5419764230904952e-12,0.40003275816230643,74859.11113251021,False,0.0,1537165.775773154
1779965460.7340026,BUY_YES,492.77,0.19,0.19,0.0,0.0,0.3901210130583292,74859.11113251021,False,0.0,1537147.966237338
1779965460.753855,BUY_YES,372.75,0.19999999999999998,0.2,-1.3877787807814457e-12,-1.3877787807814457e-12,0.38023448586017106,74859.11113251021,False,0.0,1537130.595907338
1779965460.773936,BUY_YES,491.0,0.21,0.21,0.0,0.0,0.3703469131296969,74859.11113251021,False,0.0,1537102.606010538
1779965460.7939236,BUY_YES,485.0,0.22,0.22,0.0,0.0,0.36045820928324435,74859.11113251021,False,0.0,1537069.908738538
1779965460.8143032,BUY_YES,469.26,0.23,0.23,0.0,0.0,0.3505653257409942,74859.11113251021,False,0.0,1537033.393210426
1779965460.8401566,BUY_YES,518.0,0.24,0.24,0.0,0.0,0.34069129528209885,74859.11113251021,False,0.0,1536987.710420026
1779965460.8869267,BUY_YES,624.0,0.25,0.25,0.0,0.0,0.3309065632380136,74859.11113251021,False,0.0,1536926.216420026
1779965460.9189532,BUY_YES,604.0,0.26,0.26,0.0,0.0,0.32105000654266014,74859.11113251021,False,0.0,1536860.439328826
1779965460.9443305,BUY_YES,504.0,0.27,0.27,0.0,0.0,0.31115785790059336,74859.11113251021,False,0.0,1536800.336964026
1779965460.9743967,BUY_YES,432.0,0.28,0.28,0.0,0.0,0.3012619693006211,74859.11113251021,False,0.0,1536744.356397626
1779965460.999905,BUY_YES,543.0,0.29,0.29,0.0,0.0,0.2913435967292906,74859.11113251021,False,0.0,1536668.401531226
1779965461.0240073,BUY_YES,775.0,0.3,0.3,0.0,0.0,0.28141869131094005,74859.11113251021,False,0.0,1536552.0285312259
1779965461.0501637,BUY_YES,649.0,0.31,0.31,0.0,0.0,0.2715040692764272,74859.11113251021,False,0.0,1536447.898412026
1779965461.0832617,BUY_YES,680.72,0.32,0.32,0.0,0.0,0.26160911332571096,74859.11113251021,False,0.0,1536331.6918356419
1779965461.1150131,BUY_YES,457.21,0.33,0.33,0.0,0.0,0.25170743367532006,74859.11113251021,False,0.0,1536248.94376821
1779965461.1457295,BUY_YES,419.0,0.34,0.34,0.0,0.0,0.2417934667465504,74859.11113251021,False,0.0,1536168.8190690097
1779965461.1790984,BUY_YES,195.0,0.35,0.35,0.0,0.0,0.23187803256565676,74859.11113251021,False,0.0,1536129.5199690098
1779965461.210748,BUY_YES,880.0,0.36,0.36,0.0,0.0,0.22194510161801528,74859.11113251021,False,0.0,1535943.29182501
1779965461.2434106,BUY_YES,435.0,0.37,0.37,0.0,0.0,0.21202389407494504,74859.11113251021,False,0.0,1535846.78613301
1779965461.2765553,BUY_YES,225.0,0.38,0.38,0.0,0.0,0.20209751865094394,74859.11113251021,False,0.0,1535794.56441301
1779965461.308839,BUY_YES,365.0,0.38999999999999996,0.39,-1.4233628520835338e-12,-1.4233628520835338e-12,0.19215827513625988,74859.11113251021,False,0.0,1535706.15740101
1779965462.644326,SELL_NO,66.0,0.83,0.83,0.0,0.0,0.4101508718376321,74859.11113251021,True,53.40514903646538,1535705.12689381
1779965464.1571646,BUY_YES,702.55,0.17,0.17,0.0,0.0,0.4065706633198074,74859.11113251021,False,0.0,1535694.44679785
1779965464.1894684,BUY_YES,383.16,0.18,0.18,0.0,0.0,0.396532522064264,74859.11113251021,False,0.0,1535684.597479898
1779965464.22378,BUY_YES,492.77,0.19,0.19,0.0,0.0,0.38668640950153416,74859.11113251021,False,0.0,1535666.7879440822
1779965464.2541003,BUY_YES,372.75,0.19999999999999998,0.2,-1.3877787807814457e-12,-1.3877787807814457e-12,0.3768825087739802,74859.11113251021,False,0.0,1535649.417614082
1779965464.287187,BUY_YES,461.0,0.21,0.21,0.0,0.0,0.3670830267964744,74859.11113251021,False,0.0,1535623.136061282
1779965464.3182423,BUY_YES,485.0,0.22,0.22,0.0,0.0,0.35726316773153277,74859.11113251021,False,0.0,1535590.438789282
1779965464.6526947,BUY_YES,469.26,0.23,0.23,0.0,0.0,0.34785314853450255,74859.11113251021,False,0.0,1535553.92326117
1779965466.5191932,BUY_YES,705.55,0.17,0.17,0.0,0.0,0.40383894592985214,74859.11113251021,False,0.0,1535543.19768761
1779965466.566162,BUY_YES,383.16,0.18,0.18,0.0,0.0,0.39379757701637713,74859.11113251021,False,0.0,1535533.348369658
1779965466.9793537,BUY_YES,492.77,0.19,0.19,0.0,0.0,0.38322149378174214,74859.11113251021,False,0.0,1535515.5388338421
1779965467.0128942,BUY_YES,372.75,0.19999999999999998,0.2,-1.3877787807814457e-12,-1.3877787807814457e-12,0.3734654687432205,74859.11113251021,False,0.0,1535498.168503842
1779965467.068332,BUY_YES,461.0,0.21,0.21,0.0,0.0,0.3637169881395518,74859.11113251021,False,0.0,1535471.8869510419
1779965467.0992396,BUY_YES,485.0,0.22,0.22,0.0,0.0,0.35390837897224725,74859.11113251021,False,0.0,1535439.189679042
1779965467.1841493,BUY_YES,469.26,0.23,0.23,0.0,0.0,0.3442134012386019,74859.11113251021,False,0.0,1535402.67415093
1779965467.2148924,BUY_YES,523.0,0.24,0.24,0.0,0.0,0.3343579883810237,74859.11113251021,False,0.0,1535356.55069653
1779965467.2463102,BUY_YES,619.0,0.25,0.25,0.0,0.0,0.3245290501297321,74859.11113251021,False,0.0,1535295.54919653
1779965467.2758825,BUY_YES,604.0,0.26,0.26,0.0,0.0,0.31469582590075185,74859.11113251021,False,0.0,1535229.77210533
1779965467.308625,BUY_YES,534.0,0.27,0.27,0.0,0.0,0.3048727908989448,74859.11113251021,False,0.0,1535166.09400453
1779965467.3420024,BUY_YES,400.0,0.28,0.28,0.0,0.0,0.2950389052643465,74859.11113251021,False,0.0,1535114.2579245297
1779965467.3701625,BUY_YES,573.0,0.29,0.29,0.0,0.0,0.28516325931033654,74859.11113251021,False,0.0,1535034.10831413
1779965467.4027662,BUY_YES,775.0,0.3,0.3,0.0,0.0,0.27530202164531176,74859.11113251021,False,0.0,1534917.7353141299
1779965467.4354558,BUY_YES,649.0,0.31,0.31,0.0,0.0,0.2654430835934613,74859.11113251021,False,0.0,1534813.60519493
1779965467.4649754,BUY_YES,743.98,0.32,0.32,0.0,0.0,0.25556389891432957,74859.11113251021,False,0.0,1534686.602211474
1779965467.616414,BUY_YES,400.0,0.33,0.33,0.0,0.0,0.24587715913320624,74859.11113251021,False,0.0,1534614.2045314738
1779965467.6467013,BUY_YES,419.0,0.34,0.34,0.0,0.0,0.23591974262057197,74859.11113251021,False,0.0,1534534.0798322738
1779965467.6825104,BUY_YES,195.0,0.35,0.35,0.0,0.0,0.22597922406130277,74859.11113251021,False,0.0,1534494.7807322736
1779965467.7273946,BUY_YES,880.0,0.36,0.36,0.0,0.0,0.21604871353301325,74859.11113251021,False,0.0,1534308.5525882738
1779965467.765913,BUY_YES,430.87,0.37,0.37,0.0,0.0,0.20613981595491027,74859.11113251021,False,0.0,1534212.9628608897
1779965467.795994,BUY_YES,235.0,0.38,0.38,0.0,0.0,0.19621164242594802,74859.11113251021,False,0.0,1534158.4215088896
1779965467.8274312,BUY_YES,365.0,0.38999999999999996,0.39,-1.4233628520835338e-12,-1.4233628520835338e-12,0.18627934306883093,74859.11113251021,False,0.0,1534070.01449689
1779965467.855779,BUY_YES,361.0,0.4,0.4,0.0,0.0,0.17633954517412243,74859.11113251021,False,0.0,1533978.9114168896
1779965467.8893225,BUY_YES,455.0,0.41,0.41,0.0,0.0,0.16640954009405445,74859.11113251021,False,0.0,1533859.4817728898
1779965468.8510716,BUY_YES,675.72,0.17,0.17,0.0,0.0,0.405651878814019,74859.11113251021,False,0.0,1533849.2083982658
1779965468.877708,SELL_NO,388.16,0.820128812860676,0.83,118.9299655340241,118.9299655340241,0.3957384561682,74859.11113251021,True,310.2224917957628,1533839.2832487775
1779965468.9145076,BUY_YES,467.77,0.19,0.19,0.0,0.0,0.3855502478451655,74859.11113251021,False,0.0,1533822.3757329616
1779965469.2860625,BUY_YES,397.75,0.20000000000000004,0.2,1.3877787807814457e-12,1.3877787807814457e-12,0.3748741256345701,74859.11113251021,False,0.0,1533803.8424029616
1779965469.3113067,BUY_YES,461.0,0.21,0.21,0.0,0.0,0.3649241947906964,74859.11113251021,False,0.0,1533777.5608501616
1779965469.3381455,BUY_YES,485.0,0.22,0.22,0.0,0.0,0.35504476823323705,74859.11113251021,False,0.0,1533744.8635781617
1779965469.3614926,BUY_YES,469.26,0.23,0.23,0.0,0.0,0.34517047860692474,74859.11113251021,False,0.0,1533708.3480500495
1779965469.3869452,BUY_YES,518.0,0.24,0.24,0.0,0.0,0.3353079932897406,74859.11113251021,False,0.0,1533662.6652596495
1779965469.4118924,BUY_YES,624.0,0.25,0.25,0.0,0.0,0.32543941203888993,74859.11113251021,False,0.0,1533601.1712596496
1779965469.4382787,BUY_YES,604.0,0.26,0.26,0.0,0.0,0.31557598527097197,74859.11113251021,False,0.0,1533535.3941684496
1779965469.4854643,BUY_YES,549.0,0.27,0.27,0.0,0.0,0.3057385705914769,74859.11113251021,False,0.0,1533469.9281996496
1779965471.22551,BUY_YES,647.85,0.17,0.17,0.0,0.0,0.4027841527951421,74859.11113251021,False,0.0,1533460.0773119298
1779965471.2462165,BUY_YES,394.9,0.18,0.18,0.0,0.0,0.39276395278866133,74859.11113251021,False,0.0,1533449.9271306498
1779965471.268017,BUY_YES,467.77,0.19,0.19,0.0,0.0,0.382870363129778,74859.11113251021,False,0.0,1533433.0196148336
1779965471.2888505,BUY_YES,367.75,0.19999999999999998,0.2,-1.3877787807814457e-12,-1.3877787807814457e-12,0.3730074144040978,74859.11113251021,False,0.0,1533415.8818848336
1779965471.3086603,BUY_YES,491.0,0.21,0.21,0.0,0.0,0.3631300487305992,74859.11113251021,False,0.0,1533387.8919880334
1779965472.3112936,BUY_YES,628.21,0.17,0.17,0.0,0.0,0.4024445335630178,74859.11113251021,False,0.0,1533378.3388270016
1779965472.3393588,SELL_NO,397.16,0.8203525027696646,0.83,116.23490638958208,116.23490638958208,0.3927630610489071,74859.11113251021,True,317.50904131750974,1533368.2771830028
1779965472.3664289,BUY_YES,467.77,0.19,0.19,0.0,0.0,0.3823826971446726,74859.11113251021,False,0.0,1533351.3696671869
1779965472.394645,BUY_YES,402.75,0.20000000000000004,0.2,1.3877787807814457e-12,1.3877787807814457e-12,0.3725269243078905,74859.11113251021,False,0.0,1533332.603737187
1779965472.4256694,BUY_YES,491.0,0.21,0.21,0.0,0.0,0.3627198226881546,74859.11113251021,False,0.0,1533304.6138403867
1779965472.457398,BUY_YES,490.0,0.22,0.22,0.0,0.0,0.35292106744376206,74859.11113251021,False,0.0,1533271.5797923869
1779965472.4849265,BUY_YES,469.26,0.23,0.23,0.0,0.0,0.34308554067452735,74859.11113251021,False,0.0,1533235.0642642751
1779965472.5102935,BUY_YES,466.0,0.23999999999999996,0.24,-1.1564823173178715e-12,-1.1564823173178715e-12,0.33322535536973785,74859.11113251021,False,0.0,1533193.964379475
1779965472.535045,BUY_YES,538.0,0.25,0.25,0.0,0.0,0.3233514146321237,74859.11113251021,False,0.0,1533140.941379475
1779965472.5644605,BUY_YES,520.0,0.26,0.26,0.0,0.0,0.3134940181628296,74859.11113251021,False,0.0,1533084.3079234748
1779965472.5914853,BUY_YES,454.0,0.27,0.27,0.0,0.0,0.3036170548953886,74859.11113251021,False,0.0,1533030.165118675
1779965472.6188936,BUY_YES,390.0,0.28,0.28,0.0,0.0,0.2937318318372486,74859.11113251021,False,0.0,1532979.624190675
1779965472.6440737,BUY_YES,558.0,0.29,0.29,0.0,0.0,0.2838276842845899,74859.11113251021,False,0.0,1532901.571952275
1779965472.6671603,BUY_YES,775.0,0.3,0.3,0.0,0.0,0.2739138780372001,74859.11113251021,False,0.0,1532785.1989522749
1779965472.7659037,BUY_YES,639.0,0.31,0.31,0.0,0.0,0.26429617991596016,74859.11113251021,False,0.0,1532682.6728410749
1779965472.944844,BUY_YES,743.98,0.32,0.32,0.0,0.0,0.25496134264994713,74859.11113251021,False,0.0,1532555.6698576189
1779965472.977785,BUY_YES,400.0,0.33,0.33,0.0,0.0,0.2450819601366751,74859.11113251021,False,0.0,1532483.272177619
1779965473.103477,BUY_YES,1019.0,0.34,0.34,0.0,0.0,0.23548926599753967,74859.11113251021,False,0.0,1532288.4533984186
1779965473.148846,BUY_YES,195.0,0.35,0.35,0.0,0.0,0.22564742564604545,74859.11113251021,False,0.0,1532249.1542984187
1779965473.1828873,BUY_YES,1180.0,0.36,0.36,0.0,0.0,0.21574562335462144,74859.11113251021,False,0.0,1531999.4495144188
1779965473.2163699,BUY_YES,435.0,0.37,0.37,0.0,0.0,0.2058551469320482,74859.11113251021,False,0.0,1531902.9438224188
1779965473.2447147,BUY_YES,225.0,0.38,0.38,0.0,0.0,0.19593738619413903,74859.11113251021,False,0.0,1531850.7221024188
1779965473.2734377,BUY_YES,365.0,0.38999999999999996,0.39,-1.4233628520835338e-12,-1.4233628520835338e-12,0.18600776381972445,74859.11113251021,False,0.0,1531762.3150904188
1779965473.3770971,BUY_YES,629.44,0.17,0.17,0.0,0.0,0.40613150213070415,74859.11113251021,False,0.0,1531752.7432835707
1779965473.4073894,BUY_YES,383.16,0.18,0.18,0.0,0.0,0.3961509567897022,74859.11113251021,False,0.0,1531742.8939656187
1779965473.4377303,SELL_NO,479.77,0.8102501198490943,0.8200000000000001,118.90097745006975,118.90097745006975,0.3864246556084814,74859.11113251021,True,378.49085525062645,1531725.6788391639
1779965473.4677472,BUY_YES,402.75,0.20000000000000004,0.2,1.3877787807814457e-12,1.3877787807814457e-12,0.37619037431399605,74859.11113251021,False,0.0,1531706.9129091639
1779965473.4948337,BUY_YES,491.0,0.21,0.21,0.0,0.0,0.3662100961682535,74859.11113251021,False,0.0,1531678.9230123637
1779965473.5256727,BUY_YES,490.0,0.22,0.22,0.0,0.0,0.35624088234498497,74859.11113251021,False,0.0,1531645.8889643638
1779965473.5536516,BUY_YES,489.26,0.23,0.23,0.0,0.0,0.34627520971972003,74859.11113251021,False,0.0,1531607.8184122518
1779965473.5917385,BUY_YES,456.0,0.24,0.24,0.0,0.0,0.3363291129875672,74859.11113251021,False,0.0,1531567.5998554518
1779965473.6196318,BUY_YES,538.0,0.25,0.25,0.0,0.0,0.3263718921421367,74859.11113251021,False,0.0,1531514.5768554518
1779965473.6459305,BUY_YES,520.0,0.26,0.26,0.0,0.0,0.31641682201131616,74859.11113251021,False,0.0,1531457.9433994517
1779965473.6792176,BUY_YES,454.0,0.27,0.27,0.0,0.0,0.3064775309937934,74859.11113251021,False,0.0,1531403.8005946518
1779965473.7123225,BUY_YES,380.0,0.28,0.28,0.0,0.0,0.29653861489154054,74859.11113251021,False,0.0,1531354.5548186519
1779965473.7573833,BUY_YES,540.0,0.29,0.29,0.0,0.0,0.2866191148426321,74859.11113251021,False,0.0,1531279.0194266518
1779965473.8078513,BUY_YES,775.0,0.3,0.3,0.0,0.0,0.2767142418669361,74859.11113251021,False,0.0,1531162.6464266519
1779965473.8432782,BUY_YES,639.0,0.31,0.31,0.0,0.0,0.2667908830943671,74859.11113251021,False,0.0,1531060.1203154516
1779965473.8760228,BUY_YES,743.98,0.32,0.32,0.0,0.0,0.2568642427977283,74859.11113251021,False,0.0,1530933.1173319956
1779965473.9056036,BUY_YES,400.0,0.33,0.33,0.0,0.0,0.24693433007082893,74859.11113251021,False,0.0,1530860.7196519957
1779965473.9379854,BUY_YES,1019.0,0.34,0.34,0.0,0.0,0.23700468208576914,74859.11113251021,False,0.0,1530665.9008727958
1779965473.967556,BUY_YES,195.0,0.35,0.35,0.0,0.0,0.22707850892873804,74859.11113251021,False,0.0,1530626.601772796
1779965473.994874,BUY_YES,1180.0,0.36,0.36,0.0,0.0,0.21713569696198365,74859.11113251021,False,0.0,1530376.8969887956
1779965474.615451,BUY_YES,634.33,0.17,0.17,0.0,0.0,0.40674900203604225,74859.11113251021,False,0.0,1530367.2510534597
1779965474.6421177,BUY_YES,395.16,0.18,0.18,0.0,0.0,0.3967075392233425,74859.11113251021,False,0.0,1530357.0942091076
1779965474.665141,SELL_NO,472.79999999999995,0.8101063874788496,0.8200000000000001,120.65381123354277,120.65381123354277,0.38680069404478246,74859.11113251021,True,372.920790031245,1530340.0577526446
1779965475.8523648,BUY_YES,625.6,0.17,0.17,0.0,0.0,0.40404703525629737,74859.11113251021,False,0.0,1530330.5441571248
1779965475.8809588,BUY_YES,402.48,0.18,0.18,0.0,0.0,0.3940069556960641,74859.11113251021,False,0.0,1530320.1997216688
1779965475.9102535,BUY_YES,487.77,0.19,0.19,0.0,0.0,0.3841346632286797,74859.11113251021,False,0.0,1530302.570589853
1779965477.3260324,BUY_YES,580.54,0.17,0.17,0.0,0.0,0.40187512282607785,74859.11113251021,False,0.0,1530293.7400678848
1779965477.3516443,BUY_YES,406.27,0.18,0.18,0.0,0.0,0.3918543134413212,74859.11113251021,False,0.0,1530283.298505341
1779965477.3759894,BUY_YES,492.77,0.19,0.19,0.0,0.0,0.3819906924765511,74859.11113251021,False,0.0,1530265.4889695249
1779965477.4081526,BUY_YES,372.75,0.19999999999999998,0.2,-1.3877787807814457e-12,-1.3877787807814457e-12,0.37223347306819343,74859.11113251021,False,0.0,1530248.118639525
1779965477.4335287,BUY_YES,491.0,0.21,0.21,0.0,0.0,0.362394663423528,74859.11113251021,False,0.0,1530220.128742725
1779965477.458208,BUY_YES,485.0,0.22,0.22,0.0,0.0,0.35253964770827384,74859.11113251021,False,0.0,1530187.4314707248
1779965478.8039348,BUY_YES,533.54,0.17,0.17,0.0,0.0,0.401576273251377,74859.11113251021,False,0.0,1530179.3134311568
1779965478.8345277,BUY_YES,407.81,0.18,0.18,0.0,0.0,0.39153590924019505,74859.11113251021,False,0.0,1530168.8324027248
1779965478.8679204,BUY_YES,467.77,0.19,0.19,0.0,0.0,0.38165954095772,74859.11113251021,False,0.0,1530151.9248869088
1779965478.9032462,BUY_YES,402.75,0.20000000000000004,0.2,1.3877787807814457e-12,1.3877787807814457e-12,0.37186811289232635,74859.11113251021,False,0.0,1530133.1589569089
1779965478.9364705,BUY_YES,496.0,0.21,0.21,0.0,0.0,0.36206714943855445,74859.11113251021,False,0.0,1530104.8843361088
1779965478.9671037,BUY_YES,485.0,0.22,0.22,0.0,0.0,0.35224644871841715,74859.11113251021,False,0.0,1530072.187064109
1779965479.001935,BUY_YES,494.26,0.23,0.23,0.0,0.0,0.3424392093412769,74859.11113251021,False,0.0,1530033.7277559969
1779965479.0378497,SELL_NO,466.0,0.7602145922746781,0.77,127.0832172119725,127.0832172119725,0.3328396017005123,74859.11113251021,True,343.35258508132006,1529992.731616742
1779965479.068168,BUY_YES,523.0,0.25,0.25,0.0,0.0,0.3227441820226228,74859.11113251021,False,0.0,1529941.186116742
1779965479.1027293,BUY_YES,464.0,0.26,0.26,0.0,0.0,0.3128874054459395,74859.11113251021,False,0.0,1529890.6484175418
1779965479.1365368,BUY_YES,440.0,0.27,0.27,0.0,0.0,0.30302474885438124,74859.11113251021,False,0.0,1529838.1742895418
1779965479.1759188,SELL_NO,87.0,0.75,0.75,0.0,0.0,0.32314242512478264,74859.11113251021,True,63.15659231170438,1529829.5747895418
1779965479.2180898,BUY_YES,380.0,0.28,0.28,0.0,0.0,0.29324881026798477,74859.11113251021,False,0.0,1529780.3290135418
1779965479.2573051,BUY_YES,540.0,0.29,0.29,0.0,0.0,0.2833553169104382,74859.11113251021,False,0.0,1529704.793621542
1779965480.6000636,BUY_YES,530.44,0.17,0.17,0.0,0.0,0.40206523082638124,74859.11113251021,False,0.0,1529696.7225754939
1779965480.6343606,BUY_YES,406.24,0.18,0.18,0.0,0.0,0.3920811279981908,74859.11113251021,False,0.0,1529686.2817817659
1779965480.6691284,BUY_YES,492.77,0.19,0.19,0.0,0.0,0.38222722289461936,74859.11113251021,False,0.0,1529668.4722459498
1779965480.7028947,BUY_YES,402.75,0.20000000000000004,0.2,1.3877787807814457e-12,1.3877787807814457e-12,0.3724260466983368,74859.11113251021,False,0.0,1529649.7063159498
1779965480.7404342,BUY_YES,491.0,0.21,0.21,0.0,0.0,0.3626426802406675,74859.11113251021,False,0.0,1529621.7164191497
1779965480.7701092,BUY_YES,485.0,0.22,0.22,0.0,0.0,0.35281037137300364,74859.11113251021,False,0.0,1529589.0191471498
1779965480.8075926,BUY_YES,499.26,0.23,0.23,0.0,0.0,0.34301034766028815,74859.11113251021,False,0.0,1529550.1710830377
1779965480.842897,BUY_YES,456.0,0.24,0.24,0.0,0.0,0.3331875707028865,74859.11113251021,False,0.0,1529509.9525262378
1779965480.8830156,BUY_YES,615.0,0.25,0.25,0.0,0.0,0.3233735991317669,74859.11113251021,False,0.0,1529449.3450262377
1779965480.9200695,BUY_YES,458.0,0.26,0.26,0.0,0.0,0.313543351305166,74859.11113251021,False,0.0,1529399.4604438376
1779965480.953588,BUY_YES,440.0,0.27,0.27,0.0,0.0,0.30368364296927897,74859.11113251021,False,0.0,1529346.9863158376
1779965480.9874334,BUY_YES,395.0,0.28,0.28,0.0,0.0,0.2938140469538285,74859.11113251021,False,0.0,1529295.7978118379
1779965481.0281994,BUY_YES,540.0,0.29,0.29,0.0,0.0,0.2839579025211177,74859.11113251021,False,0.0,1529220.2624198378
1779965481.0598006,BUY_YES,775.0,0.3,0.3,0.0,0.0,0.2740669962778826,74859.11113251021,False,0.0,1529103.8894198379
1779965481.092912,BUY_YES,639.0,0.31,0.31,0.0,0.0,0.2641869129410756,74859.11113251021,False,0.0,1529001.3633086376
1779965481.1360235,BUY_YES,686.77,0.32,0.32,0.0,0.0,0.2543384230664278,74859.11113251021,False,0.0,1528884.1241956938
1779965481.1707814,BUY_YES,400.0,0.33,0.33,0.0,0.0,0.24445769131123846,74859.11113251021,False,0.0,1528811.7265156936
1779965481.2091317,BUY_YES,1019.0,0.34,0.34,0.0,0.0,0.23457545478190395,74859.11113251021,False,0.0,1528616.9077364937
1779965481.252965,BUY_YES,490.0,0.35,0.35,0.0,0.0,0.22472243285601656,74859.11113251021,False,0.0,1528518.2015364938
1779965481.2823582,BUY_YES,885.02,0.36,0.36,0.0,0.0,0.2148118878175309,74859.11113251021,False,0.0,1528330.9112167177
1779965486.1652637,BUY_YES,482.64,0.17,0.17,0.0,0.0,0.39526998313607375,74859.11113251021,False,0.0,1528323.5647804297
1779965486.1982245,BUY_YES,370.73,0.18000000000000002,0.18,1.5419764230904952e-12,1.5419764230904952e-12,0.3852501314478797,74859.11113251021,False,0.0,1528314.0340085737
1779965486.228481,BUY_YES,462.77,0.19,0.19,0.0,0.0,0.3754364871134482,74859.11113251021,False,0.0,1528297.3068967576
1779965490.1972404,SELL_NO,386.94,0.9152623145707346,0.92,51.4965807528853,51.4965807528853,0.4567787483334934,74859.11113251021,True,348.007387371327,1610661.8043777025
1779965490.229184,SELL_NO,580.72,0.894921132387381,0.9,56.43186236243331,56.43186236243331,0.4361485167922806,74859.11113251021,True,509.8033197593492,1610640.3751051947
1779965490.2582464,SELL_NO,540.64,0.8771570730985498,0.88,32.30598751647909,32.30598751647909,0.41820178866655056,74859.11113251021,True,464.47791876533904,1610610.2849211164
1779965490.2844114,SELL_NO,383.0,0.8535770234986945,0.86,74.68577327099445,74.68577327099445,0.3945436370250178,74859.11113251021,True,319.5302235431471,1610579.453381954
1779965490.533763,SELL_NO,57.25999999999999,0.92,0.92,0.0,0.0,0.4602569905968086,74859.11113251021,True,51.760723506484965,1610578.833649762
1779965490.8820698,SELL_NO,81.0,0.9200000000000002,0.92,-1.206764157201257e-12,-1.206764157201257e-12,0.4599181952043815,74859.11113251021,True,73.23316109020753,1610577.969414562
1779965490.9105666,BUY_YES,376.0,0.16,0.16,0.0,0.0,0.3799609856587277,74859.11113251021,False,0.0,1610542.340937762
1779965490.938422,BUY_YES,318.0,0.17,0.17,0.0,0.0,0.3701421953939825,74859.11113251021,False,0.0,1610508.870312162
1779965490.969489,SELL_NO,263.0,0.8152091254752852,0.8200000000000001,58.42529908188814,58.42529908188814,0.35557636648402835,74859.11113251021,True,208.83026250374897,1610477.11273239
1779965490.9997299,BUY_YES,381.0,0.2,0.2,0.0,0.0,0.3405589850807191,74859.11113251021,False,0.0,1610425.06861239
1779965491.0313618,BUY_YES,464.97,0.20999999999999996,0.21,-1.3216940769347101e-12,-1.3216940769347101e-12,0.3307715265243416,74859.11113251021,False,0.0,1610356.713688734
1779965491.0594413,BUY_YES,748.5,0.21999999999999997,0.22,-1.261617073437678e-12,-1.261617073437678e-12,0.32096228157450624,74859.11113251021,False,0.0,1610238.903321534
1779965491.1502163,BUY_YES,351.0,0.23,0.23,0.0,0.0,0.3116036457082376,74859.11113251021,False,0.0,1610179.992650334
1779965491.4920475,SELL_NO,61.0,0.92,0.92,0.0,0.0,0.46255326787956685,74859.11113251021,True,55.14349168521801,1610179.334399134
1779965491.5207155,BUY_YES,336.0,0.24,0.24,0.0,0.0,0.3025930438538972,74859.11113251021,False,0.0,1610119.451778334
1779965491.5513518,BUY_YES,962.9,0.25,0.25,0.0,0.0,0.29266680242846554,74859.11113251021,False,0.0,1609937.915128334
1779965491.7284715,BUY_YES,434.6,0.26,0.26,0.0,0.0,0.2829205450661014,74859.11113251021,False,0.0,1609851.463701454
1779965491.7605681,BUY_YES,381.6,0.27,0.27,0.0,0.0,0.2730079685105862,74859.11113251021,False,0.0,1609771.6063395338
1779965491.7937987,BUY_YES,588.82,0.28,0.28,0.0,0.0,0.2631328332540749,74859.11113251021,False,0.0,1609642.3213994699
1779965491.8303986,BUY_YES,1317.57,0.29,0.29,0.0,0.0,0.2533140507856461,74859.11113251021,False,0.0,1609339.481137734
1779965491.890455,BUY_YES,476.76,0.3,0.3,0.0,0.0,0.24353929093139054,74859.11113251021,False,0.0,1609224.9715265338
1779965492.3325548,BUY_YES,798.02,0.31,0.31,0.0,0.0,0.23405266268456787,74859.11113251021,False,0.0,1609025.1166801178
1779965492.3612654,BUY_YES,484.35,0.32,0.32,0.0,0.0,0.224168556419805,74859.11113251021,False,0.0,1608898.832521798
1779965492.393788,BUY_YES,361.8,0.33,0.33,0.0,0.0,0.21433379074304543,74859.11113251021,False,0.0,1608800.7839552378
1779965492.4236395,BUY_YES,381.6,0.3400000000000001,0.34,1.6326809185664065e-12,1.6326809185664065e-12,0.20448868841396328,74859.11113251021,False,0.0,1608693.464520358
1779965492.4549403,BUY_YES,216.4,0.35,0.35,0.0,0.0,0.1946510584948894,74859.11113251021,False,0.0,1608630.3798883578
1779965492.4865537,SELL_NO,421.7,0.9156528337680816,0.92,47.25180686867872,47.25180686867872,0.4604175180416421,74859.11113251021,True,379.44718125241377,1608624.0632175659
1779965492.5210643,SELL_NO,580.72,0.894921132387381,0.9,56.43186236243331,56.43186236243331,0.43981782252186297,74859.11113251021,True,509.8033197593492,1608602.633945058
1779965492.7938552,SELL_NO,540.64,0.8771570730985498,0.88,32.30598751647909,32.30598751647909,0.4225250743796123,74859.11113251021,True,464.47791876533904,1608572.5437609798
1779965493.8205993,SELL_NO,315.19,0.9141838256289858,0.92,63.21928664145898,63.21928664145898,0.4591593550869748,74859.11113251021,True,283.110840731114,1608567.324251875
1779965493.8519378,SELL_NO,580.72,0.8950072324011572,0.9,55.475195542697975,55.475195542697975,0.439970675053841,74859.11113251021,True,509.8561635014625,1608545.947823109
1779965493.8829331,SELL_NO,560.64,0.8769017551369864,0.88,35.20732798879065,35.20732798879065,0.42202985517428704,74859.11113251021,True,481.51063703956163,1608514.5947039002
1779965493.9205635,SELL_NO,423.0,0.8537115839243499,0.86,73.12111715872229,73.12111715872229,0.39912151707384413,74859.11113251021,True,352.96447707297506,1608480.6061114576
1779965493.9542623,BUY_YES,376.0,0.16,0.16,0.0,0.0,0.3856312129641948,74859.11113251021,False,0.0,1608444.9776346576
1779965493.9842017,BUY_YES,318.0,0.17,0.17,0.0,0.0,0.3758356035451399,74859.11113251021,False,0.0,1608411.5070090576
1779965494.0160651,SELL_NO,278.0,0.8149280575539569,0.8200000000000001,61.85295665906271,61.85295665906271,0.36096845395943433,74859.11113251021,True,220.66076283295135,1608377.8581895612
1779965494.0461843,BUY_YES,336.0,0.2,0.2,0.0,0.0,0.3462061131642676,74859.11113251021,False,0.0,1608331.9574695611
1779965494.0788608,BUY_YES,464.97,0.20999999999999996,0.21,-1.3216940769347101e-12,-1.3216940769347101e-12,0.33638572010109213,74859.11113251021,False,0.0,1608263.6025459052
1779965494.1119614,BUY_YES,718.5,0.22,0.22,0.0,0.0,0.3265732693665446,74859.11113251021,False,0.0,1608150.5128347052
1779965494.1436973,BUY_YES,336.0,0.23,0.23,0.0,0.0,0.31676528187356867,74859.11113251021,False,0.0,1608094.1184315053
1779965494.1779532,BUY_YES,336.0,0.24,0.24,0.0,0.0,0.3069503940163194,74859.11113251021,False,0.0,1608034.235810705
1779965494.2105885,BUY_YES,969.8,0.25,0.25,0.0,0.0,0.2971119337731313,74859.11113251021,False,0.0,1607851.3985107052
1779965494.2452106,BUY_YES,434.6,0.26,0.26,0.0,0.0,0.28730312248139356,74859.11113251021,False,0.0,1607764.9470838252
1779965494.2738676,BUY_YES,406.6,0.27,0.27,0.0,0.0,0.2774467575999162,74859.11113251021,False,0.0,1607679.8599419051
1779965494.3044784,BUY_YES,613.82,0.28,0.28,0.0,0.0,0.26758767759281954,74859.11113251021,False,0.0,1607545.087121841
1779965494.333756,BUY_YES,1287.57,0.29,0.29,0.0,0.0,0.2577205196815326,74859.11113251021,False,0.0,1607249.141604105
1779965494.3675597,BUY_YES,456.76,0.3,0.3,0.0,0.0,0.24789303970683246,74859.11113251021,False,0.0,1607139.434392905
1779965495.4060452,SELL_NO,284.5,0.9135564147627417,0.92,70.03896997019888,70.03896997019888,0.46172570590283646,74859.11113251021,True,255.35232584136878,1607134.5310490606
1779965495.4425418,SELL_NO,580.72,0.8950072324011572,0.9,55.475195542697975,55.475195542697975,0.44314082471340965,74859.11113251021,True,509.8561635014625,1607113.1546202947
1779965495.475117,SELL_NO,560.64,0.8769017551369864,0.88,35.20732798879065,35.20732798879065,0.4250575149588186,74859.11113251021,True,481.51063703956163,1607081.8015010855
1779965495.5061274,SELL_NO,423.0,0.8537115839243499,0.86,73.12111715872229,73.12111715872229,0.4019486556351478,74859.11113251021,True,352.96447707297506,1607047.812908643
1779965495.5347073,BUY_YES,376.0,0.16,0.16,0.0,0.0,0.3883224415239195,74859.11113251021,False,0.0,1607012.184431843
1779965495.5648832,BUY_YES,318.0,0.17,0.17,0.0,0.0,0.378447219748387,74859.11113251021,False,0.0,1606978.713806243
1779965495.598554,SELL_NO,268.0,0.8151119402985075,0.8200000000000001,59.61048416454305,59.61048416454305,0.3637145959821023,74859.11113251021,True,212.77376226865053,1606946.3258128848
1779965495.628656,BUY_YES,336.0,0.2,0.2,0.0,0.0,0.3487291779254242,74859.11113251021,False,0.0,1606900.4250928848
1779965495.66181,BUY_YES,474.97,0.21,0.21,0.0,0.0,0.33887975932829173,74859.11113251021,False,0.0,1606830.6007212289
1779965495.6935203,BUY_YES,718.5,0.22,0.22,0.0,0.0,0.32903784808249015,74859.11113251021,False,0.0,1606717.511010029
1779965495.7268922,BUY_YES,336.0,0.23,0.23,0.0,0.0,0.31922384178452823,74859.11113251021,False,0.0,1606661.1166068288
1779965495.762483,BUY_YES,336.0,0.24,0.24,0.0,0.0,0.3094050271185119,74859.11113251021,False,0.0,1606601.233986029
1779965495.7946002,BUY_YES,959.8,0.25,0.25,0.0,0.0,0.2995553427925828,74859.11113251021,False,0.0,1606420.281686029
1779965495.831313,BUY_YES,469.6,0.26,0.26,0.0,0.0,0.2897477517492769,74859.11113251021,False,0.0,1606326.8704111488
1779965495.8667817,BUY_YES,406.6,0.27,0.27,0.0,0.0,0.27991876664464943,74859.11113251021,False,0.0,1606241.7832692289
1779965497.7943056,SELL_NO,243.32,0.9124658885418381,0.92,81.89251584958654,81.89251584958654,0.4616309934261448,74859.11113251021,True,218.1058404754874,1606237.304190379
1779965497.8284092,SELL_NO,580.72,0.8950072324011572,0.9,55.475195542697975,55.475195542697975,0.44417747721587986,74859.11113251021,True,509.8561635014625,1606215.9277616134
1779965497.8614194,SELL_NO,560.64,0.8769017551369864,0.88,35.20732798879065,35.20732798879065,0.4262856316856949,74859.11113251021,True,481.51063703956163,1606184.574642404
1779965497.8934293,SELL_NO,423.0,0.8531205673758865,0.86,79.99340260597094,79.99340260597094,0.40275570050862664,74859.11113251021,True,352.7017540942516,1606150.323326983
1779965497.9258637,BUY_YES,381.0,0.16,0.16,0.0,0.0,0.38982879319132224,74859.11113251021,False,0.0,1606114.2214661827
1779965497.9581926,BUY_YES,318.0,0.17,0.17,0.0,0.0,0.38004536208265405,74859.11113251021,False,0.0,1606080.750840583
1779965497.9895537,SELL_NO,263.0,0.8152091254752852,0.8200000000000001,58.42529908188814,58.42529908188814,0.36545511602492586,74859.11113251021,True,208.83026250374897,1606048.993260811
1779965498.0214067,BUY_YES,341.0,0.2,0.2,0.0,0.0,0.3504200969713543,74859.11113251021,False,0.0,1606002.4099408109
1779965498.0535836,BUY_YES,459.97,0.21,0.21,0.0,0.0,0.3405951497319074,74859.11113251021,False,0.0,1605934.7897411548
1779965499.0951483,SELL_NO,261.32,0.9129848461656208,0.92,76.2516721128177,76.2516721128177,0.4633883168437064,74859.11113251021,True,234.38647444255366,1605930.1252082079
1779965499.1315398,SELL_NO,580.72,0.8950072324011572,0.9,55.475195542697975,55.475195542697975,0.4453669341731912,74859.11113251021,True,509.8561635014625,1605908.7487794422
1779965499.160372,SELL_NO,560.64,0.8769017551369864,0.88,35.20732798879065,35.20732798879065,0.42738932341900593,74859.11113251021,True,481.51063703956163,1605877.395660233
1779965499.191958,SELL_NO,423.0,0.8531205673758865,0.86,79.99340260597094,79.99340260597094,0.40383034448371713,74859.11113251021,True,352.7017540942516,1605843.1443448118
1779965499.2333755,BUY_YES,376.0,0.16,0.16,0.0,0.0,0.39096260523324855,74859.11113251021,False,0.0,1605807.5158680119
1779965499.2660499,BUY_YES,318.0,0.17,0.17,0.0,0.0,0.3811755688873354,74859.11113251021,False,0.0,1605774.0452424116
1779965499.2957113,SELL_NO,263.0,0.8155893536121673,0.8200000000000001,53.78837058332595,53.78837058332595,0.36694673007028733,74859.11113251021,True,208.9348042527984,1605742.392204389
1779965499.328785,BUY_YES,356.0,0.2,0.2,0.0,0.0,0.35153583982244624,74859.11113251021,False,0.0,1605693.761084389
1779965499.361283,BUY_YES,459.97,0.21,0.21,0.0,0.0,0.34171163774916546,74859.11113251021,False,0.0,1605626.1408847328
1779965499.3900177,BUY_YES,758.5,0.22,0.22,0.0,0.0,0.33187007202386476,74859.11113251021,False,0.0,1605506.756965533
1779965499.419049,BUY_YES,336.0,0.23,0.23,0.0,0.0,0.3220424729376711,74859.11113251021,False,0.0,1605450.3625623328
1779965499.4454496,BUY_YES,353.1,0.24,0.24,0.0,0.0,0.3121824646522582,74859.11113251021,False,0.0,1605387.433870653
1779965499.4753776,BUY_YES,959.8,0.25,0.25,0.0,0.0,0.3023260076373032,74859.11113251021,False,0.0,1605206.481570653
1779965499.5088768,BUY_YES,459.6,0.26,0.26,0.0,0.0,0.2925041248876339,74859.11113251021,False,0.0,1605115.058823773
1779965499.5419462,BUY_YES,406.6,0.27,0.27,0.0,0.0,0.28266416237324876,74859.11113251021,False,0.0,1605029.9716818528
1779965499.5705864,BUY_YES,613.82,0.28,0.28,0.0,0.0,0.2727913067344283,74859.11113251021,False,0.0,1604895.198861789
1779965499.6008017,BUY_YES,1297.57,0.29,0.29,0.0,0.0,0.2629222722678371,74859.11113251021,False,0.0,1604596.955096053
1779965499.6338913,BUY_YES,456.76,0.3,0.3,0.0,0.0,0.25308368404575826,74859.11113251021,False,0.0,1604487.2478848528
1779965499.664717,BUY_YES,718.02,0.31,0.31,0.0,0.0,0.24321752264009316,74859.11113251021,False,0.0,1604307.425102437
1779965499.6951046,BUY_YES,934.35,0.32,0.32,0.0,0.0,0.23334465316958913,74859.11113251021,False,0.0,1604063.840704117
1779965499.723554,BUY_YES,361.8,0.33,0.33,0.0,0.0,0.2234648369214059,74859.11113251021,False,0.0,1603965.7921375567
1779965499.7562926,BUY_YES,381.6,0.3400000000000001,0.34,1.6326809185664065e-12,1.6326809185664065e-12,0.2135875347495475,74859.11113251021,False,0.0,1603858.472702677
1779965499.787719,BUY_YES,216.4,0.35,0.35,0.0,0.0,0.2036950766649166,74859.11113251021,False,0.0,1603795.3880706767
1779965499.8201513,SELL_NO,271.2,0.64,0.64,0.0,0.0,0.19379246053786725,74859.11113251021,True,166.26817761165776,1603713.5671881167
1779965499.858756,SELL_NO,361.2,0.63,0.63,0.0,0.0,0.18389742882223326,74859.11113251021,True,217.77340865411057,1603600.921096277
1779965499.8933628,SELL_NO,221.0,0.62,0.62,0.0,0.0,0.17398722978991232,74859.11113251021,True,130.98310292513412,1603529.7372290767
1779965499.9260397,SELL_NO,449.69,0.61,0.61,0.0,0.0,0.16406390120039782,74859.11113251021,True,261.98361891248675,1603380.3522290047
1779965499.9608245,SELL_NO,346.8,0.6,0.6,0.0,0.0,0.1541462941527728,74859.11113251021,True,198.51392604251814,1603261.6195250046
1779965499.9927335,SELL_NO,445.8,0.5900000000000001,0.5900000000000001,0.0,0.0,0.14421957131900287,74859.11113251021,True,250.6727049572163,1603104.4821155646
1779965500.023255,SELL_NO,611.66,0.5800000000000001,0.5800000000000001,0.0,0.0,0.13429054204172952,74859.11113251021,True,337.75524101279433,1602882.7013884927
1779965500.0557437,SELL_NO,615.6,0.5700000000000001,0.5700000000000001,0.0,0.0,0.12437078190570494,74859.11113251021,True,333.70859548557723,1602653.2697721727
1779965500.0874283,SELL_NO,335.6,0.56,0.56,0.0,0.0,0.11445213962494816,74859.11113251021,True,178.52325165572404,1602524.7919596927
1779965500.1204157,SELL_NO,345.6,0.55,0.55,0.0,0.0,0.10453125626911386,74859.11113251021,True,180.3602988382188,1602389.0033676927
1779965500.1564867,SELL_NO,445.4,0.54,0.54,0.0,0.0,0.09461404106600058,74859.11113251021,True,227.96931140911641,1602209.5284777726
1779965500.1875784,SELL_NO,975.01,0.53,0.53,0.0,0.0,0.08468534488025081,74859.11113251021,True,489.27630196794127,1601806.8825284208
1779965500.2177894,SELL_NO,459.26,0.52,0.52,0.0,0.0,0.0747667169096704,74859.11113251021,True,225.83933582677415,1601612.5987751088
1779965500.243894,SELL_NO,340.4,0.51,0.51,0.0,0.0,0.06483522154389587,74859.11113251021,True,163.97127183292147,1601465.1780259886
1779965500.279072,SELL_NO,487.39,0.5,0.5,0.0,0.0,0.05492217824233181,74859.11113251021,True,229.9121556528919,1601249.2342559886
1779965500.3106823,SELL_NO,412.44,0.49,0.49,0.0,0.0,0.04499925694987039,74859.11113251021,True,190.4306140856937,1601062.3719055566
1779965500.3441222,SELL_NO,670.52,0.4799999999999999,0.48,1.1564823173178715e-12,1.1564823173178715e-12,0.035078264738221454,74859.11113251021,True,302.9186270316784,1600751.9104565326
1779965500.3733532,SELL_NO,140.4,0.47,0.47,0.0,0.0,0.025151329153229485,74859.11113251021,True,62.005384823026375,1600685.4803544525
1779965500.5527773,SELL_NO,100.0,0.92,0.92,0.0,0.0,0.47540638946965574,74859.11113251021,True,90.41834702494755,1600684.4204344526
1779965500.8228981,SELL_NO,348.82,0.9147445673986584,0.92,57.12426740588747,57.12426740588747,0.47016884496908073,74859.11113251021,True,313.52854582307333,1600678.8544892394
1779965500.8538387,SELL_NO,580.72,0.8950072324011572,0.9,55.475195542697975,55.475195542697975,0.4504160470218632,74859.11113251021,True,509.8561635014625,1600657.4780604737
1779965500.8890743,SELL_NO,560.64,0.8769017551369864,0.88,35.20732798879065,35.20732798879065,0.43230650008923965,74859.11113251021,True,481.51063703956163,1600626.1249412643
1779965500.9209702,SELL_NO,423.0,0.8531205673758865,0.86,79.99340260597094,79.99340260597094,0.4085376034673568,74859.11113251021,True,352.7017540942516,1600591.873625843
1779965500.9563596,BUY_YES,376.0,0.16,0.16,0.0,0.0,0.3954332833215123,74859.11113251021,False,0.0,1600556.2451490432
1779965500.9868786,BUY_YES,318.0,0.17,0.17,0.0,0.0,0.3854613656219711,74859.11113251021,False,0.0,1600522.774523443
1779965501.0210774,SELL_NO,263.0,0.8155893536121673,0.8200000000000001,53.78837058332595,53.78837058332595,0.37109284647808316,74859.11113251021,True,208.9348042527984,1600491.1214854205
1779965501.053178,BUY_YES,356.0,0.2,0.2,0.0,0.0,0.35554444451480266,74859.11113251021,False,0.0,1600442.4903654205
1779965501.083951,BUY_YES,459.97,0.21,0.21,0.0,0.0,0.345594525293928,74859.11113251021,False,0.0,1600374.8701657644
1779965501.1203268,BUY_YES,758.5,0.22,0.22,0.0,0.0,0.3356716823650403,74859.11113251021,False,0.0,1600255.4862465644
1779965501.1513178,BUY_YES,336.0,0.23,0.23,0.0,0.0,0.3257628874384122,74859.11113251021,False,0.0,1600199.0918433643
1779965501.1794655,BUY_YES,353.1,0.24,0.24,0.0,0.0,0.3158455539323446,74859.11113251021,False,0.0,1600136.1631516844
1779965501.2143319,BUY_YES,959.8,0.25,0.25,0.0,0.0,0.3059474473513527,74859.11113251021,False,0.0,1599955.2108516844
1779965501.2447038,BUY_YES,459.6,0.26,0.26,0.0,0.0,0.296059054423496,74859.11113251021,False,0.0,1599863.7881048045
1779965501.2757838,BUY_YES,406.6,0.27,0.27,0.0,0.0,0.2861703394429943,74859.11113251021,False,0.0,1599778.7009628844
1779965501.3094344,BUY_YES,613.82,0.28,0.28,0.0,0.0,0.2762856510311946,74859.11113251021,False,0.0,1599643.9281428205
1779965501.3505116,BUY_YES,1297.57,0.29,0.29,0.0,0.0,0.26642375165281734,74859.11113251021,False,0.0,1599345.6843770845
1779965501.3824465,BUY_YES,456.76,0.3,0.3,0.0,0.0,0.2565532726063762,74859.11113251021,False,0.0,1599235.9771658843
1779965501.4171607,BUY_YES,698.02,0.31,0.31,0.0,0.0,0.24668195870895976,74859.11113251021,False,0.0,1599061.1623994685
1779965501.4483845,BUY_YES,934.35,0.32,0.32,0.0,0.0,0.23679595773438483,74859.11113251021,False,0.0,1598817.5780011485
1779965501.4789596,BUY_YES,361.8,0.33,0.33,0.0,0.0,0.22691010162202357,74859.11113251021,False,0.0,1598719.5294345883
1779965501.5098362,BUY_YES,381.6,0.3400000000000001,0.34,1.6326809185664065e-12,1.6326809185664065e-12,0.21701349113408763,74859.11113251021,False,0.0,1598612.2099997085
1779965502.2878177,SELL_NO,80.0,0.9200000000000002,0.92,-1.206764157201257e-12,-1.206764157201257e-12,0.4770983718841213,74859.11113251021,True,72.32867761995806,1598611.3560637082
1779965503.359274,SELL_NO,377.57,0.9151447413724608,0.92,52.77455029933931,52.77455029933931,0.47030923777163414,74859.11113251021,True,339.53239277362286,1598605.4939636758
1779965503.394328,SELL_NO,592.72,0.8951083142124444,0.9,54.35206430617345,54.35206430617345,0.45023113764019895,74859.11113251021,True,520.4557744429409,1598583.7397538084
1779965503.4259648,SELL_NO,560.64,0.8769017551369864,0.88,35.20732798879065,35.20732798879065,0.43214797766400026,74859.11113251021,True,481.51063703956163,1598552.3866345994
1779965503.458029,SELL_NO,428.0,0.8530841121495327,0.86,80.41730058682863,80.41730058682863,0.40852034697268025,74859.11113251021,True,356.8547639807943,1598517.7144157134
1779965503.4897163,BUY_YES,376.0,0.16,0.16,0.0,0.0,0.39561081241024976,74859.11113251021,False,0.0,1598482.0859389135
1779965503.5224943,BUY_YES,328.0,0.17,0.17,0.0,0.0,0.38581839472746027,74859.11113251021,False,0.0,1598447.5637213136
1779965503.5550966,SELL_NO,853.0,0.8116060961313014,0.8200000000000001,102.36468132559327,102.36468132559327,0.3676223728004139,74859.11113251021,True,674.1640105481251,1598341.4181141388
1779965503.587624,BUY_YES,371.0,0.2,0.2,0.0,0.0,0.35618567698569087,74859.11113251021,False,0.0,1598290.7391941387
1779965503.6174257,BUY_YES,459.97,0.21,0.21,0.0,0.0,0.3463445859029781,74859.11113251021,False,0.0,1598223.1189944828
1779965503.647739,BUY_YES,773.5,0.21999999999999997,0.22,-1.261617073437678e-12,-1.261617073437678e-12,0.3365096427281211,74859.11113251021,False,0.0,1598101.3747472828
1779965503.6759057,BUY_YES,346.0,0.22999999999999998,0.23,-1.206764157201257e-12,-1.206764157201257e-12,0.3266761306255678,74859.11113251021,False,0.0,1598043.3028320826
1779965503.7074468,BUY_YES,343.1,0.24000000000000002,0.24,1.1564823173178715e-12,1.1564823173178715e-12,0.3168401472842287,74859.11113251021,False,0.0,1597982.1554684027
1779965503.7397556,BUY_YES,959.8,0.25,0.25,0.0,0.0,0.3069922131968793,74859.11113251021,False,0.0,1597801.2031684027
1779965503.7711549,BUY_YES,459.6,0.26,0.26,0.0,0.0,0.29715596975858405,74859.11113251021,False,0.0,1597709.7804215227
1779965504.3503168,SELL_NO,200.0,0.87,0.87,0.0,0.0,0.42766925298395686,74859.11113251021,True,170.29789404989512,1597697.1217815226
1779965506.111107,SELL_NO,376.34000000000003,0.9151288728277621,0.92,52.947034480846966,52.947034480846966,0.46941466402278653,74859.11113251021,True,338.4198801997116,1597691.2723516007
1779965506.143238,SELL_NO,592.72,0.8951083142124444,0.9,54.35206430617345,54.35206430617345,0.44936838254629674,74859.11113251021,True,520.4557744429409,1597669.5181417335
1779965506.173426,SELL_NO,760.64,0.8750870319730752,0.88,55.82918212414498,55.82918212414498,0.4295724528794591,74859.11113251021,True,651.8380255133902,1597625.5358769482
1779965506.20534,SELL_NO,429.0,0.853076923076923,0.86,80.50089445438408,80.50089445438408,0.4078209090021244,74859.11113251021,True,357.6853659677942,1597590.7794773788
1779965506.2355695,BUY_YES,386.0,0.16,0.16,0.0,0.0,0.3949420968739846,74859.11113251021,False,0.0,1597554.204232579
1779965506.262911,BUY_YES,318.0,0.17,0.17,0.0,0.0,0.38512743259823623,74859.11113251021,False,0.0,1597520.7336069788
1779965507.742209,SELL_NO,58.890000000000015,0.9152640516216676,0.92,51.477699764483326,51.477699764483326,0.469527186799752,74859.11113251021,True,52.93935879262383,1597519.8014143205
1779965507.7789884,SELL_NO,878.0,0.8116742596810934,0.8200000000000001,101.53341852325181,101.53341852325181,0.3660857709929908,74859.11113251021,True,693.9860400826842,1597410.608269924
1779965507.9291759,SELL_NO,446.23,0.9152667906684895,0.92,51.4479275164191,51.4479275164191,0.4697911239356015,74859.11113251021,True,401.3385389062465,1597403.743337885
1779965507.968376,SELL_NO,592.72,0.8951083142124444,0.9,54.35206430617345,54.35206430617345,0.4497156112019052,74859.11113251021,True,520.4557744429409,1597381.9891280176
1779965508.0052981,SELL_NO,760.64,0.8750870319730752,0.88,55.82918212414498,55.82918212414498,0.4299542130286238,74859.11113251021,True,651.8380255133902,1597338.0068632325
1779965508.037396,SELL_NO,429.0,0.853076923076923,0.86,80.50089445438408,80.50089445438408,0.40819110241790935,74859.11113251021,True,357.6853659677942,1597303.2504636631
1779965508.074827,BUY_YES,386.0,0.16,0.16,0.0,0.0,0.3953512634143812,74859.11113251021,False,0.0,1597266.675218863
1779965508.1080842,BUY_YES,318.0,0.17,0.17,0.0,0.0,0.3855684138084394,74859.11113251021,False,0.0,1597233.204593263
1779965508.143595,SELL_NO,878.0,0.8116742596810934,0.8200000000000001,101.53341852325181,101.53341852325181,0.36745869985374735,74859.11113251021,True,693.9860400826842,1597124.0114488667
1779965510.0709045,SELL_NO,59.0,0.92,0.92,0.0,0.0,0.47292213626355895,74859.11113251021,True,53.334524744719054,1597123.3737960667
1779965510.5532086,SELL_NO,429.6,0.9150835661080075,0.92,53.4394988260064,53.4394988260064,0.46671131934482957,74859.11113251021,True,386.2970066591764,1597116.6801675868
1779965511.1399043,SELL_NO,592.72,0.8951083142124444,0.9,54.35206430617345,54.35206430617345,0.44599700067094084,74859.11113251021,True,520.4557744429409,1597094.9259577193
1779965511.1728818,BUY_YES,416.94,0.11999999999999998,0.12,-1.1564823173178715e-12,-1.1564823173178715e-12,0.4311803383839595,74859.11113251021,False,0.0,1597072.9635795113
1779965512.522363,SELL_NO,511.21999999999997,0.904077305269747,0.91,65.08455747530864,65.08455747530864,0.4553032250313801,74859.11113251021,True,453.7370644338645,1592891.0461472603
1779965512.5560932,SELL_NO,761.88,0.8845274846432509,0.89,61.48893659268636,61.48893659268636,0.4357737933594299,74859.11113251021,True,660.4865703932686,1592858.387496844
1779965512.5897386,SELL_NO,505.7,0.8673897567727901,0.87,30.002795715056664,30.002795715056664,0.4189159442998611,74859.11113251021,True,429.2539985826761,1592827.5643990817
1779965512.6237984,SELL_NO,683.0,0.8443484626647145,0.85,66.48867453277,66.48867453277,0.39615545139476027,74859.11113251021,True,563.2186504556481,1588611.1550857567
1779965512.6559405,BUY_YES,318.0,0.17,0.17,0.0,0.0,0.3820404418716643,74859.11113251021,False,0.0,1588580.8644601568
1779965512.6888516,SELL_NO,893.0,0.811646136618141,0.8200000000000001,101.8763827055983,101.8763827055983,0.36390591330276856,74859.11113251021,True,705.8165651598814,1588478.7101007837
1779965512.724245,BUY_YES,341.0,0.2,0.2,0.0,0.0,0.35245900916305567,74859.11113251021,False,0.0,1588435.5367807837
1779965513.2059438,SELL_NO,55.329999999999984,0.91,0.91,0.0,0.0,0.4633047114095289,74859.11113251021,True,49.42870520090348,1588434.9038608398
1779965513.6556406,SELL_NO,71.84000000000003,0.9100000000000001,0.91,-1.220025301785886e-12,-1.220025301785886e-12,0.46293264123053635,74859.11113251021,True,64.18676091872237,1588434.0910347276
1779965514.0241768,SELL_NO,67.33999999999997,0.91,0.91,0.0,0.0,0.4623447455471984,74859.11113251021,True,60.16427450259967,1588433.3272442159
1779965514.2409108,SELL_NO,715.73,0.9057696338004554,0.91,46.48754065433675,46.48754065433675,0.45756557563075007,74859.11113251021,True,636.5452948282572,1588422.2924384666
1779965514.2778373,SELL_NO,756.88,0.8845573935101997,0.89,61.15288190786885,61.15288190786885,0.4363448052898071,74859.11113251021,True,656.1756804700916,1588393.6562114782
1779965514.3102746,SELL_NO,505.7,0.8673897567727901,0.87,30.002795715056664,30.002795715056664,0.4193725890865253,74859.11113251021,True,429.2539985826761,1588365.3616137155
1779965514.578073,SELL_NO,296.0,0.850168918918919,0.86,114.31489629163949,114.31489629163949,0.4027960174310945,74859.11113251021,True,245.8809110019529,1588343.4268543238
1779965514.6183922,BUY_YES,386.0,0.16,0.16,0.0,0.0,0.39268384005363777,74859.11113251021,False,0.0,1588310.7116095237
1779965514.6535594,BUY_YES,318.0,0.17,0.17,0.0,0.0,0.3828944355358437,74859.11113251021,False,0.0,1588280.4209839238
1779965514.6900234,SELL_NO,908.0,0.8116189427312775,0.8200000000000001,102.20801547222578,102.20801547222578,0.3647586107444135,74859.11113251021,True,717.6470903354226,1588176.5254096726
1779965514.7221076,BUY_YES,341.0,0.2,0.2,0.0,0.0,0.35332887140712693,74859.11113251021,False,0.0,1588133.3520896726
1779965514.8434346,BUY_YES,504.97,0.21,0.21,0.0,0.0,0.3437501159205213,74859.11113251021,False,0.0,1588064.1690740166
1779965514.8765476,BUY_YES,763.5,0.22,0.22,0.0,0.0,0.3339147699572903,74859.11113251021,False,0.0,1587951.6333788163
1779965514.910012,BUY_YES,326.0,0.23,0.23,0.0,0.0,0.32413089886079494,74859.11113251021,False,0.0,1587900.1764876165
1779965514.949413,SELL_NO,357.5,0.7602041958041958,0.77,127.21823630914507,127.21823630914507,0.3145612365724786,74859.11113251021,True,263.39806280744074,1587840.1147458097
1779965514.9916048,BUY_YES,959.8,0.25,0.25,0.0,0.0,0.30454727993912467,74859.11113251021,False,0.0,1587668.76044581
1779965515.0293806,BUY_YES,459.6,0.26,0.26,0.0,0.0,0.29476380449812,74859.11113251021,False,0.0,1587581.9336989298
1779965515.0669446,BUY_YES,411.6,0.27,0.27,0.0,0.0,0.2849621826835993,74859.11113251021,False,0.0,1587499.91660101
1779965515.388049,SELL_NO,65.0,0.91,0.91,0.0,0.0,0.4656054008503925,74859.11113251021,True,58.072581566215916,1587499.1783090099
1779965515.4211547,BUY_YES,908.82,0.28,0.28,0.0,0.0,0.2756291394820499,74859.11113251021,False,0.0,1587308.7367049456
1779965516.1952763,SELL_NO,642.22,0.9060639656192581,0.91,43.25312506309857,43.25312506309857,0.46110869786886344,74859.11113251021,True,571.3650586441731,1587299.0322371023
1779965516.2355416,SELL_NO,711.88,0.884213350564702,0.89,65.018532980877,65.018532980877,0.4392177189705436,74859.11113251021,True,616.9027583509019,1587271.838308156
1779965516.4570332,SELL_NO,475.7,0.8675404666806812,0.87,28.270497923204683,28.270497923204683,0.4222723410311586,74859.11113251021,True,403.8627655887624,1587245.295957507
1779965516.4889276,SELL_NO,612.0,0.8440196078431372,0.85,70.35755478662055,70.35755478662055,0.398852587418944,74859.11113251021,True,504.4559461456202,1587196.0249094602
1779965516.5228992,BUY_YES,318.0,0.17,0.17,0.0,0.0,0.38499426406909076,74859.11113251021,False,0.0,1587165.7342838603
1779965516.5545552,SELL_NO,913.0,0.8116648411829136,0.8200000000000001,101.64827825715199,101.64827825715199,0.3668562940074761,74859.11113251021,True,721.6428425379903,1587061.3105484603
1779965516.5888302,BUY_YES,341.0,0.2,0.2,0.0,0.0,0.3553783165094609,74859.11113251021,False,0.0,1587018.1372284603
1779965516.6267853,BUY_YES,504.97,0.21,0.21,0.0,0.0,0.3455904726360629,74859.11113251021,False,0.0,1586948.9542128043
1779965516.662873,BUY_YES,753.5,0.22,0.22,0.0,0.0,0.3358070007969197,74859.11113251021,False,0.0,1586837.8920696042
1779965516.7008033,BUY_YES,333.3,0.23,0.23,0.0,0.0,0.3260441773349204,74859.11113251021,False,0.0,1586785.2835946442
1779965516.7380908,BUY_YES,350.2,0.23999999999999996,0.24,-1.1564823173178715e-12,-1.1564823173178715e-12,0.31624637003426015,74859.11113251021,False,0.0,1586726.3734880844
1779965516.7730765,BUY_YES,959.8,0.25,0.25,0.0,0.0,0.30641780400782215,74859.11113251021,False,0.0,1586555.0191880844
1779965516.8105702,BUY_YES,459.6,0.26,0.26,0.0,0.0,0.2966202145376825,74859.11113251021,False,0.0,1586468.1924412046
1779965516.8451574,BUY_YES,411.6,0.27,0.27,0.0,0.0,0.2867885380612303,74859.11113251021,False,0.0,1586386.1753432844
1779965516.8761718,BUY_YES,908.82,0.28,0.28,0.0,0.0,0.27692636072048227,74859.11113251021,False,0.0,1586195.7337392205
1779965516.9073956,BUY_YES,987.57,0.29,0.29,0.0,0.0,0.26707192591677703,74859.11113251021,False,0.0,1585978.6113614845
1779965516.9443192,BUY_YES,682.7,0.3,0.3,0.0,0.0,0.2572474779870236,74859.11113251021,False,0.0,1585821.4784374842
1779965517.4353626,BUY_YES,576.74,0.31,0.31,0.0,0.0,0.24786624294641896,74859.11113251021,False,0.0,1585682.7996800924
1779965517.4703903,BUY_YES,942.16,0.32,0.32,0.0,0.0,0.23789579463240856,74859.11113251021,False,0.0,1585446.6010709405
1779965517.5018373,SELL_NO,743.4000000000001,0.6648668280871669,0.6699999999999999,76.61450616168693,76.61450616168693,0.22283612001968534,74859.11113251021,True,474.7100984527095,1585248.6957323295
1779965517.5307033,SELL_NO,223.6,0.65,0.65,0.0,0.0,0.20804237879334853,74859.11113251021,True,139.36283706778275,1585185.7491643296
1779965517.5598395,SELL_NO,271.2,0.64,0.64,0.0,0.0,0.19811396518906377,74859.11113251021,True,166.26817761165776,1585106.6402817697
1779965517.5920348,SELL_NO,361.2,0.63,0.63,0.0,0.0,0.18819343088534213,74859.11113251021,True,217.77340865411057,1584997.6061899299
1779965517.6259623,SELL_NO,221.0,0.62,0.62,0.0,0.0,0.17828195382119127,74859.11113251021,True,130.98310292513412,1584928.6323227296
1779965517.6583803,SELL_NO,414.69,0.61,0.61,0.0,0.0,0.16836292596523472,74859.11113251021,True,241.590733453755,1584795.0187306579
1779965517.820178,SELL_NO,549.49,0.905727310779086,0.91,46.95262880125342,46.95262880125342,0.464301986886238,74859.11113251021,True,488.66565499360655,1584786.515356176
1779965517.8545485,SELL_NO,661.88,0.8845316371547712,0.89,61.442279159873934,61.442279159873934,0.44313268133614303,74859.11113251021,True,573.7938535745817,1584761.4516559658
1779965517.8892994,SELL_NO,158.7,0.8660932577189667,0.87,44.9050836900376,44.9050836900376,0.4247349100216026,74859.11113251021,True,134.47232472556723,1584752.334970923
1779965517.919968,SELL_NO,612.0,0.8440196078431372,0.85,70.35755478662055,70.35755478662055,0.40269572975243517,74859.11113251021,True,504.4559461456202,1584703.063922876
1779965517.952402,BUY_YES,298.0,0.17,0.17,0.0,0.0,0.3887212008900005,74859.11113251021,False,0.0,1584674.6764812758
1779965517.989868,SELL_NO,868.0,0.8117511520737327,0.8200000000000001,100.59570641789443,100.59570641789443,0.3705369074573621,74859.11113251021,True,686.1512678226279,1584575.476391322
1779965518.0219612,BUY_YES,326.0,0.2,0.2,0.0,0.0,0.358840821470268,74859.11113251021,False,0.0,1584534.2008713218
1779965518.0587046,BUY_YES,449.97,0.21,0.21,0.0,0.0,0.34891623418276774,74859.11113251021,False,0.0,1584472.549819666
1779965518.0962212,BUY_YES,738.5,0.22,0.22,0.0,0.0,0.33901257457264566,74859.11113251021,False,0.0,1584363.698004466
1779965518.13585,BUY_YES,333.3,0.23,0.23,0.0,0.0,0.32914669207552827,74859.11113251021,False,0.0,1584311.089529506
1779965518.1709626,BUY_YES,350.2,0.23999999999999996,0.24,-1.1564823173178715e-12,-1.1564823173178715e-12,0.31926221950215294,74859.11113251021,False,0.0,1584252.179422946
1779965518.2063348,BUY_YES,934.8,0.25,0.25,0.0,0.0,0.30937629145893586,74859.11113251021,False,0.0,1584085.2876229458
1779965518.2426183,BUY_YES,429.6,0.26,0.26,0.0,0.0,0.2995188186016934,74859.11113251021,False,0.0,1584004.126460066
1779965518.2819943,BUY_YES,406.6,0.27,0.27,0.0,0.0,0.28966496087912585,74859.11113251021,False,0.0,1583923.105318146
1779965518.3250053,BUY_YES,908.82,0.28,0.28,0.0,0.0,0.2798156248442931,74859.11113251021,False,0.0,1583732.663714082
1779965518.3583987,BUY_YES,707.6,0.29,0.29,0.0,0.0,0.26994488700301816,74859.11113251021,False,0.0,1583577.085685602
1779965518.3929017,BUY_YES,633.34,0.3,0.3,0.0,0.0,0.260077766579014,74859.11113251021,False,0.0,1583431.311484802
1779965518.4276283,BUY_YES,576.74,0.31,0.31,0.0,0.0,0.2502076339156624,74859.11113251021,False,0.0,1583292.6327274102
1779965518.4690058,BUY_YES,942.16,0.32,0.32,0.0,0.0,0.24035490017222622,74859.11113251021,False,0.0,1583056.434118258
1779965518.5092833,SELL_NO,743.4000000000001,0.6648668280871669,0.6699999999999999,76.61450616168693,76.61450616168693,0.225371009952695,74859.11113251021,True,474.7100984527095,1582858.5287796473
1779965518.541994,SELL_NO,223.6,0.65,0.65,0.0,0.0,0.2106122108552576,74859.11113251021,True,139.36283706778275,1582795.5822116474
1779965518.5746171,SELL_NO,271.2,0.64,0.64,0.0,0.0,0.2007061694457425,74859.11113251021,True,166.26817761165776,1582716.4733290875
1779965518.6098583,SELL_NO,361.2,0.63,0.63,0.0,0.0,0.19079746046457535,74859.11113251021,True,217.77340865411057,1582607.4392372475
1779965518.6433942,SELL_NO,221.0,0.62,0.62,0.0,0.0,0.1808791380354854,74859.11113251021,True,130.98310292513412,1582538.4653700474
1779965518.6755133,SELL_NO,414.69,0.61,0.61,0.0,0.0,0.17094947340161648,74859.11113251021,True,241.590733453755,1582404.8517779754
1779965521.086889,SELL_NO,251.65,0.9026572620703358,0.91,80.68942779850794,80.68942779850794,0.46189536432550404,74859.11113251021,True,222.9604620258831,1582400.123681033
1779965521.1141288,SELL_NO,381.88,0.8866497329003875,0.89,37.64345055744385,37.64345055744385,0.4458813435767377,74859.11113251021,True,331.8986678827541,1582386.5039428012
1779965521.1415937,SELL_NO,134.7,0.8659910913140313,0.87,46.079410183548326,46.079410183548326,0.42540573091192935,74859.11113251021,True,114.11722130897407,1582378.7469384274
1779965521.166861,SELL_NO,489.0,0.8437423312883434,0.85,73.6196319018419,73.6196319018419,0.40331056911142493,74859.11113251021,True,402.92186044156404,1582339.2300731172
1779965521.1895506,BUY_YES,303.0,0.17,0.17,0.0,0.0,0.38971792386286197,74859.11113251021,False,0.0,1582310.366835517
1779965521.216622,SELL_NO,858.0,0.8116550116550117,0.8200000000000001,101.76815054863796,101.76815054863796,0.3715585596960109,74859.11113251021,True,678.1597626824417,1582212.2230671253
1779965521.2413101,BUY_YES,337.0,0.2,0.2,0.0,0.0,0.36004838650528387,74859.11113251021,False,0.0,1582169.5558271254
1779965521.2659466,BUY_YES,444.97,0.21,0.21,0.0,0.0,0.3501968155549454,74859.11113251021,False,0.0,1582108.5894994694
1779965521.2893827,BUY_YES,723.5,0.21999999999999997,0.22,-1.261617073437678e-12,-1.261617073437678e-12,0.34034024864130596,74859.11113251021,False,0.0,1582001.9480122693
1779965521.314721,BUY_YES,321.0,0.22999999999999998,0.23,-1.206764157201257e-12,-1.206764157201257e-12,0.33050306411998664,74859.11113251021,False,0.0,1581951.2798770694
1779965521.3407671,BUY_YES,336.0,0.24,0.24,0.0,0.0,0.3206468894299992,74859.11113251021,False,0.0,1581894.7572562695
1779965521.364327,BUY_YES,331.0,0.25,0.25,0.0,0.0,0.31076384066300977,74859.11113251021,False,0.0,1581835.6437562695
1779965521.3912451,BUY_YES,397.8,0.26,0.26,0.0,0.0,0.30088652991867515,74859.11113251021,False,0.0,1581760.4881124294
1779965521.4162498,BUY_YES,345.0,0.27,0.27,0.0,0.0,0.2909952712810904,74859.11113251021,False,0.0,1581691.7371484293
1779965521.4411225,BUY_YES,608.82,0.28,0.28,0.0,0.0,0.28109705235085214,74859.11113251021,False,0.0,1581564.1501043653
1779965521.4694514,BUY_YES,407.6,0.29,0.29,0.0,0.0,0.2712173765756542,74859.11113251021,False,0.0,1581474.5195158855
1779965521.49769,BUY_YES,402.4,0.3,0.3,0.0,0.0,0.26133062215581176,74859.11113251021,False,0.0,1581381.8892278853
1779965521.5249565,BUY_YES,516.74,0.31,0.31,0.0,0.0,0.2514337741924589,74859.11113251021,False,0.0,1581257.6345184934
1779965521.5537739,BUY_YES,642.16,0.32,0.32,0.0,0.0,0.24154146100400614,74859.11113251021,False,0.0,1581096.6360693416
1779965521.581517,SELL_NO,743.4000000000001,0.6648668280871669,0.6699999999999999,76.61450616168693,76.61450616168693,0.22651393464551972,74859.11113251021,True,474.7100984527095,1580898.7307307306
1779965521.6075716,SELL_NO,216.4,0.65,0.65,0.0,0.0,0.2117392311999149,74859.11113251021,True,134.87433784198652,1580837.8100987305
1779965521.6369421,SELL_NO,266.2,0.64,0.64,0.0,0.0,0.20183071251859896,74859.11113251021,True,163.2022082604104,1580760.1591601707
1779965521.6612306,SELL_NO,361.2,0.63,0.63,0.0,0.0,0.19189989494761484,74859.11113251021,True,217.77340865411057,1580651.1250683307
1779965521.6873925,SELL_NO,231.0,0.62,0.62,0.0,0.0,0.1819717188189076,74859.11113251021,True,136.91129762762887,1580579.0315691307
1779965521.717991,SELL_NO,331.0,0.61,0.61,0.0,0.0,0.1720485206464354,74859.11113251021,True,192.82843105257643,1580472.3769363307
1779965521.7431583,SELL_NO,341.8,0.6,0.6,0.0,0.0,0.16210979302438377,74859.11113251021,True,195.65141269127076,1580358.7736323306
1779965521.7708535,SELL_NO,435.8,0.59,0.5900000000000001,1.881733940042638e-12,1.881733940042638e-12,0.15217561162007465,74859.11113251021,True,245.0490462547215,1580209.5183908907
1779965521.7955244,SELL_NO,347.66,0.5800000000000001,0.5800000000000001,0.0,0.0,0.1422356864888219,74859.11113251021,True,191.96296486693274,1580086.9246126185
1779965521.8239775,SELL_NO,615.6,0.5700000000000001,0.5700000000000001,0.0,0.0,0.132303328305598,74859.11113251021,True,333.70859548557723,1579863.6489962984
1779965521.8542604,SELL_NO,335.6,0.56,0.56,0.0,0.0,0.12238174679854252,74859.11113251021,True,178.52325165572404,1579738.5271838186
1779965521.8860402,SELL_NO,345.6,0.55,0.55,0.0,0.0,0.11246026731956271,74859.11113251021,True,180.3602988382188,1579606.1945918184
1779965521.9149575,SELL_NO,445.4,0.54,0.54,0.0,0.0,0.1025291660080796,74859.11113251021,True,227.96931140911641,1579431.1737018987
1779965521.9413986,SELL_NO,675.01,0.53,0.53,0.0,0.0,0.09259290012248356,74859.11113251021,True,338.72206089309856,1579159.1584125464
1779965522.2997518,SELL_NO,246.65,0.9025084127305899,0.91,82.32513482868272,82.32513482868272,0.4653012910037666,74859.11113251021,True,218.49105247779002,1579154.484819407
1779965522.3250284,SELL_NO,281.88,0.8854611891585071,0.89,50.9978746235155,50.9978746235155,0.44824481802634464,74859.11113251021,True,244.6253903426527,1579144.07007066
1779965522.3531876,SELL_NO,114.0,0.8659649122807017,0.87,46.38031861262391,46.38031861262391,0.4287438782775499,74859.11113251021,True,96.57252445054547,1579137.497370702
1779965522.3815284,SELL_NO,481.0,0.8438045738045739,0.85,72.88736700501322,72.88736700501322,0.40657939777539753,74859.11113251021,True,396.3610216806423,1579098.6579279928
1779965522.4099984,BUY_YES,303.0,0.17,0.17,0.0,0.0,0.39277827208448257,74859.11113251021,False,0.0,1579069.7946903927
1779965522.438034,SELL_NO,858.0,0.8116550116550117,0.8200000000000001,101.76815054863796,101.76815054863796,0.3744509757280945,74859.11113251021,True,678.1597626824417,1578971.650922001
1779965522.4688566,BUY_YES,337.0,0.2,0.2,0.0,0.0,0.36282026722306454,74859.11113251021,False,0.0,1578928.983682001
1779965522.4928617,BUY_YES,444.97,0.21,0.21,0.0,0.0,0.35285177537528833,74859.11113251021,False,0.0,1578868.017354345
1779965522.5225394,BUY_YES,723.5,0.21999999999999997,0.22,-1.261617073437678e-12,-1.261617073437678e-12,0.34291035547452564,74859.11113251021,False,0.0,1578761.3758671451
1779965522.5528028,BUY_YES,321.0,0.22999999999999998,0.23,-1.206764157201257e-12,-1.206764157201257e-12,0.3330007005542739,74859.11113251021,False,0.0,1578710.707731945
1779965522.577451,BUY_YES,336.0,0.24,0.24,0.0,0.0,0.3230743253252838,74859.11113251021,False,0.0,1578654.185111145
1779965522.605945,BUY_YES,331.0,0.25,0.25,0.0,0.0,0.3131584337936455,74859.11113251021,False,0.0,1578595.071611145
1779965522.6353679,BUY_YES,391.0,0.26,0.26,0.0,0.0,0.30324492273734527,74859.11113251021,False,0.0,1578521.200166345
1779965522.6609535,BUY_YES,345.0,0.27,0.27,0.0,0.0,0.29332175018212336,74859.11113251021,False,0.0,1578452.4492023452
1779965522.690987,BUY_YES,577.42,0.28,0.28,0.0,0.0,0.2834112056023045,74859.11113251021,False,0.0,1578331.4409355612
1779965522.7194638,BUY_YES,401.3,0.29,0.29,0.0,0.0,0.2735035217160677,74859.11113251021,False,0.0,1578243.1952433211
1779965522.7442532,BUY_YES,422.4,0.3,0.3,0.0,0.0,0.26358163958926767,74859.11113251021,False,0.0,1578145.962555321
1779965522.7723243,BUY_YES,516.74,0.31,0.31,0.0,0.0,0.25366873581925614,74859.11113251021,False,0.0,1578021.707845929
1779965522.7960975,SELL_NO,1003.96,0.6763962707677595,0.6799999999999999,52.99601812118226,52.99601812118226,0.24014008446825696,74859.11113251021,True,652.9649277087135,1577766.307164014
1779965523.5030785,SELL_NO,217.60000000000002,0.9012702205882352,0.91,95.93164188752507,95.93164188752507,0.46505534145934846,74859.11113251021,True,192.46900696469174,1577761.8954619325
1779965523.5280879,SELL_NO,271.88,0.8854781521259381,0.89,50.80727948384221,50.80727948384221,0.44922968769275406,74859.11113251021,True,235.95084179893135,1577751.853991344
1779965523.5566778,SELL_NO,143.0,0.8644055944055944,0.87,64.30351257937477,64.30351257937477,0.4281372661477747,74859.11113251021,True,120.91214248343724,1577743.3822119818
1779965523.5848749,SELL_NO,481.0,0.8438045738045739,0.85,72.88736700501322,72.88736700501322,0.40752281695015313,74859.11113251021,True,396.3610216806423,1577704.5427692723
1779965523.6151006,BUY_YES,303.0,0.17,0.17,0.0,0.0,0.39372315892245024,74859.11113251021,False,0.0,1577675.6795316725
1779965523.6432939,SELL_NO,258.0,0.8155038759689924,0.8200000000000001,54.830780865946714,54.830780865946714,0.37926834568195555,74859.11113251021,True,204.9390340406438,1577647.1846367887
1779965523.670787,BUY_YES,337.0,0.2,0.2,0.0,0.0,0.3638143181983006,74859.11113251021,False,0.0,1577604.5173967886
1779965523.702298,BUY_YES,444.97,0.21,0.21,0.0,0.0,0.35390505988244125,74859.11113251021,False,0.0,1577543.5510691325
1779965523.7273061,BUY_YES,713.5,0.22,0.22,0.0,0.0,0.34400268371959375,74859.11113251021,False,0.0,1577438.3831339327
1779965523.7561455,BUY_YES,331.0,0.23000000000000004,0.23,1.206764157201257e-12,1.206764157201257e-12,0.33414740317126806,74859.11113251021,False,0.0,1577386.1374867326
1779965523.7850537,BUY_YES,336.0,0.24,0.24,0.0,0.0,0.32428208279131987,74859.11113251021,False,0.0,1577329.6148659326
1779965523.8099742,BUY_YES,331.0,0.25,0.25,0.0,0.0,0.3143904439723535,74859.11113251021,False,0.0,1577270.5013659326
1779965523.8372607,BUY_YES,401.0,0.26,0.26,0.0,0.0,0.3045018088773006,74859.11113251021,False,0.0,1577194.7413931326
1779965523.865477,BUY_YES,345.0,0.27,0.27,0.0,0.0,0.2946140110720662,74859.11113251021,False,0.0,1573293.9685791326
1779965523.8917012,BUY_YES,577.42,0.28,0.28,0.0,0.0,0.28471265483187036,74859.11113251021,False,0.0,1573175.8474123487
1779965523.922744,BUY_YES,401.3,0.29,0.29,0.0,0.0,0.27483412053884,74859.11113251021,False,0.0,1573089.6082201088
1779965523.953004,BUY_YES,422.4,0.3,0.3,0.0,0.0,0.26494647533652255,74859.11113251021,False,0.0,1572994.4875321086
1779965523.9773366,BUY_YES,516.74,0.31,0.31,0.0,0.0,0.25503328228872063,74859.11113251021,False,0.0,1572872.8165227165
1779965524.0050263,SELL_NO,588.96,0.6738569682151587,0.6799999999999999,90.33870271825313,90.33870271825313,0.23898860243414743,74859.11113251021,True,381.50766903333886,1572724.38819028
1779965524.0333548,SELL_NO,381.6,0.6599999999999999,0.6599999999999999,0.0,0.0,0.2252206803347535,74859.11113251021,True,241.76163208719987,1572622.7927553998
1779965524.0606632,SELL_NO,216.4,0.65,0.65,0.0,0.0,0.2153037274611701,74859.11113251021,True,134.87433784198652,1572562.9541234
1779965524.0869753,SELL_NO,266.2,0.64,0.64,0.0,0.0,0.20537552969359385,74859.11113251021,True,163.2022082604104,1572486.63418484
1779965524.111104,SELL_NO,361.2,0.63,0.63,0.0,0.0,0.1954365586335033,74859.11113251021,True,217.77340865411057,1572379.406093
1779965524.138483,SELL_NO,231.0,0.62,0.62,0.0,0.0,0.18550514618667346,74859.11113251021,True,136.91129762762887,1572308.4675937998
1779965524.165213,SELL_NO,331.0,0.61,0.61,0.0,0.0,0.1755670331691983,74859.11113251021,True,192.82843105257643,1572203.4679609998
1779965524.1896517,SELL_NO,341.8,0.6,0.6,0.0,0.0,0.16562285106270702,74859.11113251021,True,195.65141269127076,1572091.573657
1779965524.2180915,SELL_NO,435.8,0.59,0.5900000000000001,1.881733940042638e-12,1.881733940042638e-12,0.15568731342281394,74859.11113251021,True,245.0490462547215,1571944.4974155598
1779965524.2451742,SELL_NO,347.66,0.5800000000000001,0.5800000000000001,0.0,0.0,0.14575116734680327,74859.11113251021,True,191.96296486693274,1571823.6419372878
1779965524.2735617,SELL_NO,403.6,0.5700000000000001,0.5700000000000001,0.0,0.0,0.1358169608855292,74859.11113251021,True,218.7758757926884,1567876.3590773677
1779965524.3069777,SELL_NO,335.6,0.56,0.56,0.0,0.0,0.12589527186403127,74859.11113251021,True,178.52325165572404,1567754.5932648876
1779965524.338336,SELL_NO,345.6,0.55,0.55,0.0,0.0,0.11596674957658126,74859.11113251021,True,180.3602988382188,1567625.7166728878
1779965524.367049,SELL_NO,445.4,0.54,0.54,0.0,0.0,0.10603092130563585,74859.11113251021,True,227.96931140911641,1567455.1497829678
1779965524.3947282,SELL_NO,70.31,0.91,0.91,0.0,0.0,0.4760785612538143,74859.11113251021,True,62.819115537240634,1575048.90052896
1779965524.6011167,SELL_NO,70.31,0.91,0.91,0.0,0.0,0.4761964995029224,74859.11113251021,True,62.819115537240634,1575048.1043749517
1779965524.6292014,SELL_NO,227.51,0.8845962814821328,0.89,60.715938403002816,60.715938403002816,0.45078394459882143,74859.11113251021,True,197.22771803632952,1575039.4849876796
1779965524.6589193,SELL_NO,110.0,0.8627272727272728,0.87,83.59456635318631,83.59456635318631,0.42890766313911977,74859.11113251021,True,92.80813663653322,1575032.7670305888
1779965524.6883607,SELL_NO,481.0,0.8438045738045739,0.85,72.88736700501322,72.88736700501322,0.4099757852805421,74859.11113251021,True,396.3610216806423,1574993.9275878794
1779965524.722647,BUY_YES,303.0,0.17,0.17,0.0,0.0,0.3961686405280338,74859.11113251021,False,0.0,1574965.0643502795
1779965524.7570603,SELL_NO,258.0,0.8155038759689924,0.8200000000000001,54.830780865946714,54.830780865946714,0.3816858098318032,74859.11113251021,True,204.9390340406438,1574936.5694553957
1779965524.787478,BUY_YES,337.0,0.2,0.2,0.0,0.0,0.36619687698857456,74859.11113251021,False,0.0,1574893.9022153956
1779965524.8127623,BUY_YES,444.97,0.21,0.21,0.0,0.0,0.3562217089962706,74859.11113251021,False,0.0,1574832.9358877395
1779965524.8393993,BUY_YES,713.5,0.22,0.22,0.0,0.0,0.3462636747083677,74859.11113251021,False,0.0,1574727.7679525395
1779965524.8672967,BUY_YES,331.0,0.23000000000000004,0.23,1.206764157201257e-12,1.206764157201257e-12,0.3363349916948754,74859.11113251021,False,0.0,1574675.5223053396
1779965524.891756,BUY_YES,336.0,0.24,0.24,0.0,0.0,0.32639916644587774,74859.11113251021,False,0.0,1574618.9996845396
1779965524.9209363,BUY_YES,331.0,0.25,0.25,0.0,0.0,0.31647792210319237,74859.11113251021,False,0.0,1574559.8861845396
1779965525.9714782,SELL_NO,132.84,0.8771394158386029,0.88,32.506638197694514,32.506638197694514,0.44282125440329423,74859.11113251021,True,114.101205493523,1563224.1723101172
1779965526.0039213,SELL_NO,283.0,0.8528268551236748,0.86,83.40866135261795,83.40866135261795,0.41846369177811016,74859.11113251021,True,235.8710385074567,1563208.234852944
1779965526.0338018,BUY_YES,318.0,0.16,0.16,0.0,0.0,0.4056236549808374,74859.11113251021,False,0.0,1563186.0476305438
1779965526.060394,BUY_YES,318.0,0.17,0.17,0.0,0.0,0.39570280905953936,74859.11113251021,False,0.0,1563160.5270049437
1779965526.0870857,SELL_NO,263.0,0.8155893536121673,0.8200000000000001,53.78837058332595,53.78837058332595,0.3814204713850362,74859.11113251021,True,208.9348042527984,1563135.448966921
1779965526.1154463,BUY_YES,326.0,0.2,0.2,0.0,0.0,0.36596183162509816,74859.11113251021,False,0.0,1563099.063446921
1779965527.8097246,SELL_NO,59.0,0.906271186440678,0.91,40.975973179363585,40.975973179363585,0.4698590825953114,74859.11113251021,True,52.47633660912583,1574405.1613559856
1779965527.8684695,SELL_NO,100.0,0.91,0.91,0.0,0.0,0.47313393031757567,74859.11113251021,True,89.35858702494755,1574404.0416759856
1779965527.894346,SELL_NO,102.04,0.8807056056448452,0.89,104.4313972489301,104.4313972489301,0.4438692645233673,74859.11113251021,True,88.02273664211616,1574399.7403889555
1779965527.9217253,SELL_NO,96.15,0.8639521580863234,0.87,69.51542429513307,69.51542429513307,0.42715962994951684,74859.11113251021,True,81.24290595553232,1574393.9884411665
1779965527.9457192,SELL_NO,521.0,0.8438963531669865,0.85,71.80760980015829,71.80760980015829,0.40720732963378303,74859.11113251021,True,429.3751166909556,1574351.9717866573
1779965527.9726086,BUY_YES,346.0,0.17,0.17,0.0,0.0,0.3935249218760434,74859.11113251021,False,0.0,1574319.0167034573
1779965528.9241505,SELL_NO,169.0,0.9081065088757396,0.91,20.807594772092358,20.807594772092358,0.46714370853796405,74859.11113251021,True,150.69786289819686,1574316.8062950834
1779965528.9556174,SELL_NO,102.04,0.8807056056448452,0.89,104.4313972489301,104.4313972489301,0.43965238423450836,74859.11113251021,True,88.02273664211616,1574312.505008053
1779965528.9832747,SELL_NO,162.15,0.8628368794326242,0.87,82.33471916523885,82.33471916523885,0.4217505352150217,74859.11113251021,True,136.8405544183993,1574302.6350524905
1779965529.0071442,SELL_NO,521.0,0.8438963531669865,0.85,71.80760980015829,71.80760980015829,0.4028299352503242,74859.11113251021,True,429.3751166909556,1574260.6183979816
1779965529.0379395,BUY_YES,351.0,0.17,0.17,0.0,0.0,0.38913044083741466,74859.11113251021,False,0.0,1574227.1875187815
1779965529.0616264,SELL_NO,263.0,0.8155893536121673,0.8200000000000001,53.78837058332595,53.78837058332595,0.3749068396068852,74859.11113251021,True,208.9348042527984,1574198.1644807588
1779965529.0898867,BUY_YES,326.0,0.2,0.2,0.0,0.0,0.35950496957469785,74859.11113251021,False,0.0,1574156.888960759
1779965529.116981,BUY_YES,454.97,0.21,0.21,0.0,0.0,0.3496857498063559,74859.11113251021,False,0.0,1574094.553185103
1779965529.1401756,BUY_YES,713.5,0.22,0.22,0.0,0.0,0.3398406944021005,74859.11113251021,False,0.0,1573989.385249903
1779965529.1644192,SELL_NO,177.0,0.8400000000000001,0.84,-1.3216940769347101e-12,-1.3216940769347101e-12,0.39994490645510816,74859.11113251021,True,145.12873903415718,1573974.3674563027
1779965529.1878066,BUY_YES,326.0,0.23,0.23,0.0,0.0,0.33004369152472623,74859.11113251021,False,0.0,1573922.910565103
1779965529.2144744,BUY_YES,346.0,0.23999999999999996,0.24,-1.1564823173178715e-12,-1.1564823173178715e-12,0.3201674985893985,74859.11113251021,False,0.0,1573864.7066163027
1779965529.2410042,BUY_YES,321.0,0.25,0.25,0.0,0.0,0.31029506441127463,74859.11113251021,False,0.0,1573807.3781163027
1779965529.2717717,BUY_YES,397.8,0.26,0.26,0.0,0.0,0.30044007002770035,74859.11113251021,False,0.0,1573732.2224724628
1779965529.301544,SELL_NO,350.0,0.7301428571428571,0.74,133.20463320463375,133.20463320463375,0.2907235451226411,74859.11113251021,True,246.97867110160217,1573662.527208977
1779965529.7328174,SELL_NO,72.0,0.8986111111111111,0.9,15.432098765432043,15.432098765432043,0.45960961556412194,74859.11113251021,True,63.46204225796225,1573660.8448989769
1779965529.8328462,SELL_NO,60.0,0.9016666666666667,0.91,91.57509157509125,91.57509157509125,0.46259945455863694,74859.11113251021,True,53.07393221496853,1573659.631870977
1779965529.9927795,SELL_NO,201.0,0.9028358208955224,0.91,78.72724290634771,78.72724290634771,0.46359525089166753,74859.11113251021,True,178.11678510223413,1573655.8873393591
1779965530.020258,SELL_NO,112.04,0.8815351660121385,0.89,95.11049424563443,95.11049424563443,0.44226271479533497,74859.11113251021,True,96.75001869824715,1573651.2655076827
1779965530.0446231,SELL_NO,177.15,0.8625966694891335,0.87,85.09575299846554,85.09575299846554,0.42329872494824694,74859.11113251021,True,149.45725451638808,1573640.4405121643
1779965530.0715148,SELL_NO,698.0,0.8429083094555875,0.85,83.43165346367645,83.43165346367645,0.40359293958551656,74859.11113251021,True,574.5337113126441,1573583.4359196427
1779965530.0953562,BUY_YES,328.0,0.17,0.17,0.0,0.0,0.39071909415019446,74859.11113251021,False,0.0,1573552.1937020426
1779965530.1222873,SELL_NO,258.0,0.8155038759689924,0.8200000000000001,54.830780865946714,54.830780865946714,0.3763245205969058,74859.11113251021,True,204.9390340406438,1573523.698807159
1779965530.1510575,BUY_YES,926.0,0.2,0.2,0.0,0.0,0.3609344253969698,74859.11113251021,False,0.0,1573406.511287159
1779965530.175258,BUY_YES,454.97,0.21,0.21,0.0,0.0,0.3510940170620942,74859.11113251021,False,0.0,1573344.1755115031
1779965530.2037268,BUY_YES,713.5,0.22,0.22,0.0,0.0,0.3412679066947847,74859.11113251021,False,0.0,1573239.007576303
1779965530.2287974,BUY_YES,326.0,0.23,0.23,0.0,0.0,0.3314208128139253,74859.11113251021,False,0.0,1573187.550685103
1779965530.2590806,BUY_YES,336.0,0.24,0.24,0.0,0.0,0.32157901759226715,74859.11113251021,False,0.0,1573131.028064303
1779965530.286298,BUY_YES,326.0,0.25,0.25,0.0,0.0,0.31170603824504295,74859.11113251021,False,0.0,1573072.8070643032
1779965530.3109937,BUY_YES,402.8,0.26,0.26,0.0,0.0,0.30181045000318196,74859.11113251021,False,0.0,1572996.707156463
1779965530.3412547,BUY_YES,345.0,0.27,0.27,0.0,0.0,0.2919317172292131,74859.11113251021,False,0.0,1572927.9561924632
1779965531.1790555,SELL_NO,106.41,0.8906023869937035,0.9,104.41792229218322,104.41792229218322,0.45239158631143017,74859.11113251021,True,92.90531376938314,1572924.5835822911
1779965531.3262277,SELL_NO,151.85,0.9000948304247612,0.91,108.8480173103164,108.8480173103164,0.4616487341345691,74859.11113251021,True,134.11474001570303,1572921.3070738297
1779965531.354582,SELL_NO,211.94,0.8851901481551383,0.89,54.04327915574957,54.04327915574957,0.4466963548365557,74859.11113251021,True,183.86091998440776,1572913.4083546815
1779965531.3787043,SELL_NO,170.0,0.8627058823529412,0.87,83.84043272481361,83.84043272481361,0.4242033766991372,74859.11113251021,True,143.4432939612344,1572903.0385947004
1779965531.407284,SELL_NO,698.0,0.8429083094555875,0.85,83.43165346367645,83.43165346367645,0.40440881552471286,74859.11113251021,True,574.5337113126441,1572846.0340021788
1779965531.4358094,BUY_YES,328.0,0.17,0.17,0.0,0.0,0.39156696121046164,74859.11113251021,False,0.0,1572814.7917845787
1779965532.2010317,SELL_NO,66.0,0.8812121212121211,0.89,98.74021109976292,98.74021109976292,0.4413871694651572,74859.11113251021,True,56.95822961828357,1572812.0343579603
1779965532.2262046,SELL_NO,289.0,0.8159861591695502,0.8200000000000001,48.949278420120315,48.949278420120315,0.3760804892816543,74859.11113251021,True,229.7128133380846,1572780.2649795965
1779965532.2539217,BUY_YES,926.0,0.2,0.2,0.0,0.0,0.36022830563570024,74859.11113251021,False,0.0,1572663.0774595966
1779965532.5582783,BUY_YES,454.97,0.21,0.21,0.0,0.0,0.35047719224308793,74859.11113251021,False,0.0,1568908.4568339405
1779965532.5850346,SELL_NO,222.85,0.8947049584922594,0.9,58.833794530451414,58.833794530451414,0.4550349376450884,74859.11113251021,True,195.56648193182212,1568903.5067478071
1779965532.6092632,SELL_NO,205.94,0.8777663397105954,0.88,25.382503288689062,25.382503288689062,0.43811624944724825,74859.11113251021,True,177.0421428820058,1568895.247647578
1779965532.6360471,SELL_NO,327.0,0.8537920489296636,0.86,72.18547756205044,72.18547756205044,0.41430930537758226,74859.11113251021,True,272.87990772570697,1568873.898622132
1779965532.6598098,BUY_YES,495.0,0.16,0.16,0.0,0.0,0.40067648468694916,74859.11113251021,False,0.0,1568834.428606132
1779965532.6857145,BUY_YES,323.0,0.17,0.17,0.0,0.0,0.3908848682213283,74859.11113251021,False,0.0,1568805.277184532
1779965532.7109497,SELL_NO,289.0,0.8159861591695502,0.8200000000000001,48.949278420120315,48.949278420120315,0.3770488330619548,74859.11113251021,True,229.7128133380846,1568774.952806168
1779965533.7233684,SELL_NO,63.0,0.91,0.91,0.0,0.0,0.4714086328833488,74859.11113251021,True,56.28480982571696,1572457.2072077682
1779965533.7517684,SELL_NO,135.0,0.8896296296296297,0.89,4.161464835621958,4.161464835621958,0.4510639031658691,74859.11113251021,True,117.73626581701254,1572452.7978131014
1779965534.011552,SELL_NO,58.0,0.8686206896551725,0.87,15.854141894569223,15.854141894569223,0.4302668293294917,74859.11113251021,True,49.28083481929717,1572449.6012530462
1779965534.0392294,SELL_NO,159.0,0.8303144654088049,0.84,115.30398322851231,115.30398322851231,0.3919493624790038,74859.11113251021,True,128.7525089017421,1572434.4933173782
1779965534.0656238,SELL_NO,936.0,0.8001068376068377,0.81,122.13780732299261,122.13780732299261,0.36173234591440473,74859.11113251021,True,728.5281801227401,1572316.1449181475
1779965534.0905538,BUY_YES,454.97,0.21,0.21,0.0,0.0,0.35163173082179766,74859.11113251021,False,0.0,1572253.8091424918
1779965534.118282,BUY_YES,713.5,0.22,0.22,0.0,0.0,0.341831989185268,74859.11113251021,False,0.0,1572148.6412072917
1779965534.1442776,BUY_YES,341.0,0.23,0.23,0.0,0.0,0.33203919201953436,74859.11113251021,False,0.0,1572094.8180480916
1779965534.1732597,BUY_YES,336.0,0.24,0.24,0.0,0.0,0.3222327984857132,74859.11113251021,False,0.0,1572038.2954272917
1779965534.201586,BUY_YES,326.0,0.25,0.25,0.0,0.0,0.3124003090899963,74859.11113251021,False,0.0,1571980.0744272918
1779965534.2269504,BUY_YES,402.8,0.26,0.26,0.0,0.0,0.30253616125583616,74859.11113251021,False,0.0,1571903.9745194516
1779965534.2519152,BUY_YES,975.0,0.27,0.27,0.0,0.0,0.29266346462022297,74859.11113251021,False,0.0,1571709.7330994518
1779965536.5720947,SELL_NO,67.01,0.9069049395612596,0.91,34.0116531729716,34.0116531729716,0.4652256704732902,74859.11113251021,True,59.64969348733589,1571708.7533062056
1779965536.6014285,SELL_NO,337.84000000000003,0.884735969689794,0.89,59.146407979843346,59.146407979843346,0.4431013506489353,74859.11113251021,True,292.9368098127911,1571696.0183387012
1779965536.6296005,SELL_NO,233.0,0.8643347639484978,0.87,65.11765576439258,65.11765576439258,0.4229333357847216,74859.11113251021,True,197.01220539216214,1571682.2161819253
1779965536.6609166,SELL_NO,547.0,0.8438574040219379,0.85,72.26583503602475,72.26583503602475,0.40268907347946004,74859.11113251021,True,450.78180264328216,1571638.081863942
1779965537.8537245,SELL_NO,89.02,0.9067715120197708,0.91,35.47788989262894,35.47788989262894,0.46684419810950084,74859.11113251021,True,79.23941888006439,1571636.7775295165
1779965537.8849444,SELL_NO,341.84000000000003,0.8846805523051721,0.89,59.76907522278596,59.76907522278596,0.44476835941413817,74859.11113251021,True,296.3855213097064,1571623.872142828
1779965537.9086921,SELL_NO,233.0,0.8643347639484978,0.87,65.11765576439258,65.11765576439258,0.42455988844501624,74859.11113251021,True,197.01220539216214,1571610.0699860523
1779965537.9364672,SELL_NO,597.0,0.8443718592964825,0.85,66.21342004138201,66.21342004138201,0.4047693766982624,74859.11113251021,True,492.311811698736,1571562.226543612
1779965537.967155,BUY_YES,472.0,0.17,0.17,0.0,0.0,0.39061948974559935,74859.11113251021,False,0.0,1571517.281401212
1779965537.999268,SELL_NO,362.56,0.8156145189761694,0.8200000000000001,53.48147590037352,53.48147590037352,0.3764773382941583,74859.11113251021,True,288.0490421435175,1571477.2924384298
1779965538.0273929,BUY_YES,326.0,0.2,0.2,0.0,0.0,0.36104048373868675,74859.11113251021,False,0.0,1571436.0169184299
1779965538.0604956,BUY_YES,454.97,0.21,0.21,0.0,0.0,0.35123804273646697,74859.11113251021,False,0.0,1571373.681142774
1779965538.0900223,BUY_YES,713.5,0.22,0.22,0.0,0.0,0.34141277546037174,74859.11113251021,False,0.0,1571268.513207574
1779965538.1208417,BUY_YES,361.0,0.23,0.23,0.0,0.0,0.3316019678338461,74859.11113251021,False,0.0,1571211.5350243738
1779965538.1445913,BUY_YES,346.0,0.23999999999999996,0.24,-1.1564823173178715e-12,-1.1564823173178715e-12,0.32172945015957277,74859.11113251021,False,0.0,1571153.3310755738
1779965538.1749804,BUY_YES,351.0,0.25,0.25,0.0,0.0,0.31187594774516103,74859.11113251021,False,0.0,1571090.6475755738
1779965538.1990814,BUY_YES,404.6,0.26,0.26,0.0,0.0,0.3019827311162564,74859.11113251021,False,0.0,1571014.2077326938
1779965538.2268732,BUY_YES,411.6,0.27,0.27,0.0,0.0,0.2920998317253234,74859.11113251021,False,0.0,1570932.190634774
1779965539.303224,SELL_NO,69.0,0.9033333333333333,0.91,73.26007326007372,73.26007326007372,0.46495961675091924,74859.11113251021,True,61.16118744721381,1570930.9218179742
1779965539.3290014,SELL_NO,371.84000000000003,0.8851097246127365,0.89,54.94691446363481,54.94691446363481,0.4466961861224851,74859.11113251021,True,322.567481227892,1570917.0549110963
1779965539.3599162,SELL_NO,233.0,0.8643347639484978,0.87,65.11765576439258,65.11765576439258,0.4259464659600988,74859.11113251021,True,197.01220539216214,1570903.2527543204
1779965539.3918226,SELL_NO,597.0,0.8443718592964825,0.85,66.21342004138201,66.21342004138201,0.4060406701098681,74859.11113251021,True,492.311811698736,1570855.4093118804
1779965539.4203944,BUY_YES,482.0,0.17,0.17,0.0,0.0,0.39178269724263715,74859.11113251021,False,0.0,1570809.5125774802
1779965539.4501438,SELL_NO,357.0,0.8155462184873951,0.8200000000000001,54.31440869030492,54.31440869030492,0.37750848862238895,74859.11113251021,True,283.6057455479704,1570770.110909749
1779965539.498452,BUY_YES,936.0,0.2,0.2,0.0,0.0,0.3622249146800191,74859.11113251021,False,0.0,1570651.6581897489
1779965539.5312011,BUY_YES,444.97,0.21,0.21,0.0,0.0,0.35244785063553763,74859.11113251021,False,0.0,1570590.691862093
1779965539.9029918,SELL_NO,56.0,0.91,0.91,0.0,0.0,0.4731429111890545,74859.11113251021,True,50.02760873397063,1570590.051641293
1779965539.937441,BUY_YES,713.5,0.22,0.22,0.0,0.0,0.3431525319700316,74859.11113251021,False,0.0,1570484.883706093
1779965539.9702482,BUY_YES,371.0,0.22999999999999998,0.23,-1.206764157201257e-12,-1.206764157201257e-12,0.3332581361614835,74859.11113251021,False,0.0,1570426.328010893
1779965540.0023425,BUY_YES,346.0,0.23999999999999996,0.24,-1.1564823173178715e-12,-1.1564823173178715e-12,0.32338211894421576,74859.11113251021,False,0.0,1570368.124062093
1779965540.0319622,BUY_YES,651.0,0.25,0.25,0.0,0.0,0.3135037924734747,74859.11113251021,False,0.0,1570251.890562093
1779965540.060513,BUY_YES,429.6,0.26,0.26,0.0,0.0,0.3036419421171851,74859.11113251021,False,0.0,1570170.729399213
1779965540.091249,BUY_YES,406.6,0.27,0.27,0.0,0.0,0.2937850798687728,74859.11113251021,False,0.0,1570089.7082572929
1779965540.1227503,BUY_YES,613.82,0.28,0.28,0.0,0.0,0.2839241916952062,74859.11113251021,False,0.0,1569961.073637229
1779965540.152208,BUY_YES,1007.6,0.29,0.29,0.0,0.0,0.2740571790740048,74859.11113251021,False,0.0,1569739.548168749
1779965540.1791384,SELL_NO,989.14,0.6941187294012982,0.7,84.01815141002578,84.01815141002578,0.2583093683467269,74859.11113251021,True,661.3233559172241,1569505.9147942155
1779965540.8004713,SELL_NO,176.0,0.890909090909091,0.9,101.01010101010043,101.01010101010043,0.45539548505490945,74859.11113251021,True,153.74015723663499,1565921.4437014884
1779965540.8324053,SELL_NO,253.84,0.87602111566341,0.88,45.21459473397721,45.21459473397721,0.44047221961380745,74859.11113251021,True,217.76065887259583,1565910.803527345
1779965540.8662815,SELL_NO,393.0,0.8533587786259542,0.86,77.2235043493694,77.2235043493694,0.417791207191049,74859.11113251021,True,327.78369662636453,1565884.9726345632
1779965540.8955123,BUY_YES,342.25,0.16,0.16,0.0,0.0,0.40442939830002267,74859.11113251021,False,0.0,1565857.673249763
1779965540.9192088,BUY_YES,328.0,0.17,0.17,0.0,0.0,0.3944568670802219,74859.11113251021,False,0.0,1565828.0710321632
1779965540.945476,SELL_NO,268.0,0.8152985074626866,0.8200000000000001,57.335274845285916,57.335274845285916,0.3798115851893449,74859.11113251021,True,212.82603174626246,1565799.7553082826
1779965540.9775863,BUY_YES,936.0,0.2,0.2,0.0,0.0,0.3645850311181858,74859.11113251021,False,0.0,1565685.9825882823
1779965542.3071394,SELL_NO,100.0,0.895,0.9,55.5555555555556,55.5555555555556,0.45792744974205846,74859.11113251021,True,87.77164702494755,1562117.9119182825
1779965542.859258,SELL_NO,291.67,0.8928000822847739,0.9,79.99908572473446,79.99908572473446,0.45344303285882714,74859.11113251021,True,255.38301845922317,1562112.31367531
1779965542.8868172,SELL_NO,258.84000000000003,0.8759048060577962,0.88,46.53629479777059,46.53629479777059,0.4364359353081396,74859.11113251021,True,222.01884342457592,1562102.7269723671
1779965542.9143744,SELL_NO,575.0,0.852295652173913,0.86,89.58543983822067,89.58543983822067,0.4129740498843536,74859.11113251021,True,478.9532815722311,1562067.1802185462
1779965542.9410136,BUY_YES,416.25,0.15999999999999998,0.16,-1.734723475976807e-12,-1.734723475976807e-12,0.40086579381614523,74859.11113251021,False,0.0,1562036.0660005459
1779965543.3539586,SELL_NO,56.999999999999986,0.9,0.9,0.0,0.0,0.46146398526670385,74859.11113251021,True,50.318252204220094,1562035.381640546
1779965543.3838155,BUY_YES,353.0,0.17,0.17,0.0,0.0,0.3915355940351435,74859.11113251021,False,0.0,1562005.290442946
1779965543.416145,SELL_NO,268.0,0.8152985074626866,0.8200000000000001,57.335274845285916,57.335274845285916,0.3770781673115654,74859.11113251021,True,212.82603174626246,1561978.3147190653
1779965543.4446738,BUY_YES,936.0,0.2,0.2,0.0,0.0,0.36196714834918925,74859.11113251021,False,0.0,1561869.2219990653
1779965543.4756374,BUY_YES,444.97,0.21,0.21,0.0,0.0,0.35221617963782736,74859.11113251021,False,0.0,1561812.7053714092
1779965543.507221,BUY_YES,713.5,0.22,0.22,0.0,0.0,0.34242991819790136,74859.11113251021,False,0.0,1561714.6724362094
1779965543.9087853,SELL_NO,63.0,0.9,0.9,0.0,0.0,0.4630127650614607,74859.11113251021,True,55.61806822571696,1561713.9191962094
1779965543.937218,BUY_YES,381.0,0.23000000000000004,0.23,1.206764157201257e-12,1.206764157201257e-12,0.33301094797266,74859.11113251021,False,0.0,1561657.5959890094
1779965543.9671872,BUY_YES,336.0,0.24,0.24,0.0,0.0,0.32306961125425226,74859.11113251021,False,0.0,1561604.4333682093
1779965544.0007777,BUY_YES,957.9,0.25,0.25,0.0,0.0,0.31317720904220303,74859.11113251021,False,0.0,1561442.9972182093
1779965544.0300856,BUY_YES,429.6,0.26,0.26,0.0,0.0,0.30334348332761096,74859.11113251021,False,0.0,1561366.1320553294
1779965544.0535903,BUY_YES,406.6,0.27,0.27,0.0,0.0,0.2934684204774426,74859.11113251021,False,0.0,1561289.1769134095
1779965544.1660178,SELL_NO,64.00000000000003,0.9,0.9,0.0,0.0,0.4638067417061411,74859.11113251021,True,56.50137089596646,1561288.4121934092
1779965544.1922827,BUY_YES,613.82,0.28,0.28,0.0,0.0,0.28385418223185355,74859.11113251021,False,0.0,1561165.9157733452
1779965544.220771,BUY_YES,1007.6,0.29,0.29,0.0,0.0,0.2739421550895132,74859.11113251021,False,0.0,1560954.4663048652
1779965544.241964,SELL_NO,1215.08,0.6933528656549363,0.7,94.95906207233855,94.95906207233855,0.257401794862704,74859.11113251021,True,811.4335710321095,1560678.6673489306
1779965544.2738223,BUY_YES,263.4959444319247,0.29,0.29,0.0,0.0,0.2741571707378236,74859.11113251021,False,0.0,1560623.3493650893
1779965546.7855563,SELL_NO,4481.42,0.9749117244087812,0.98,51.92117950223293,51.92117950223293,0.5199970150721103,74859.11113251021,True,4315.2788054837765,1616819.8563409094
1779965546.822675,SELL_NO,2388.8199999999997,0.953905861471354,0.96,63.48060967339512,63.48060967339512,0.4989171551390066,74859.11113251021,True,2246.7095077793424,1616737.9855103432
1779965546.8624222,BUY_YES,852.4,0.06,0.06,0.0,0.0,0.48511553031327476,74859.11113251021,False,0.0,1616696.1360844234
1779965546.8986087,SELL_NO,666.3399999999999,0.9235586937599425,0.9299999999999999,69.26135741997263,69.26135741997263,0.46886228271613173,74859.11113251021,True,605.1788393786325,1616651.778239308
1779965546.934063,SELL_NO,465.66999999999996,0.9054755513561107,0.91,49.719215866915874,49.719215866915874,0.45095148340471525,74859.11113251021,True,413.9952281674544,1616611.84642142
1779965546.9662282,SELL_NO,525.04,0.8850967545329881,0.89,55.09264569676325,55.09264569676325,0.4307217448261682,74859.11113251021,True,455.4721217816741,1616555.518650014
1779965547.0026717,SELL_NO,382.6,0.8649398849973862,0.87,58.16224140935436,58.16224140935436,0.4107271369713832,74859.11113251021,True,323.7688165769998,1616506.3356169537
1779965547.0380552,SELL_NO,100.0,0.94,0.94,0.0,0.0,0.48590881051671486,74859.11113251021,True,92.54218702494755,1616501.3995369535
1779965547.076688,BUY_YES,363.87,0.15,0.15,0.0,0.0,0.39603091678844893,74859.11113251021,False,0.0,1616448.9067603536
1779965547.1155834,BUY_YES,395.38,0.16,0.16,0.0,0.0,0.3861704850661539,74859.11113251021,False,0.0,1616387.7206471697
1779965547.148338,SELL_NO,362.98,0.8250796187117747,0.83,59.28170226777411,59.28170226777411,0.3713786029340277,74859.11113251021,True,291.9768892328253,1616325.8709227555
1779965547.1834962,SELL_NO,353.33000000000004,0.8050321229445561,0.81,61.33181549930854,61.33181549930854,0.35146046401450826,74859.11113251021,True,276.8090030714981,1616258.2599649476
1779965547.2191145,BUY_YES,261.6,0.21,0.21,0.0,0.0,0.3365515864653369,74859.11113251021,False,0.0,1616204.0932052676
1779965547.25713,SELL_NO,100.0,0.94,0.94,0.0,0.0,0.48665405361913816,74859.11113251021,True,92.54218702494755,1616199.1571252677
1779965547.2909238,SELL_NO,100.0,0.96,0.96,0.0,0.0,0.5067236322145671,74859.11113251021,True,94.67178702494755,1616196.3506452674
1779965547.328339,BUY_YES,567.8,0.22,0.22,0.0,0.0,0.3267962855034291,74859.11113251021,False,0.0,1616072.9063627075
1779965547.3651528,SELL_NO,330.79999999999995,0.7650060459492141,0.77,64.8565461141033,64.8565461141033,0.3119128583584331,74859.11113251021,True,245.3723745993971,1615995.8206299883
1779965547.4058416,BUY_YES,214.8,0.25,0.25,0.0,0.0,0.2970249973221437,74859.11113251021,False,0.0,1615942.4128299882
1779965547.5116878,SELL_NO,66.29999999999973,0.98,0.98,0.0,0.0,0.5272429465973418,74859.11113251021,True,64.17302847753997,1615941.9577674281
1779965549.4089763,SELL_NO,55.0,0.98,0.98,0.0,0.0,0.5254449804010232,74859.11113251021,True,53.23043086372115,1615941.575151428
1779965549.4422455,SELL_NO,1287.6500000000003,0.9533237292742592,0.96,69.54448672646593,69.54448672646593,0.4987690060487663,74859.11113251021,True,1210.235547579289,1615896.6317936606
1779965549.5077877,SELL_NO,300.0,0.93,0.9299999999999999,-1.1937881985216738e-12,-1.1937881985216738e-12,0.4757683912881684,74859.11113251021,True,274.4986410748427,1615878.6956336605
1779965550.2226086,SELL_NO,350.94000000000005,0.9431914287342564,0.95,71.66917121835289,71.66917121835289,0.4900804958249655,74859.11113251021,True,326.0340537021641,1615862.6394570656
1779965550.5454,SELL_NO,4573.53,0.975027735687751,0.98,50.737390941315844,50.737390941315844,0.5220763868917944,74859.11113251021,True,4404.541467509399,1615808.9831387089
1779965550.576437,SELL_NO,2521.94,0.9545706083411976,0.96,56.55616311252508,56.55616311252508,0.5016217170923127,74859.11113251021,True,2373.6980025321145,1615724.3377338322
1779965550.6104014,SELL_NO,694.52,0.96,0.96,0.0,0.0,0.5071390206876516,74859.11113251021,True,657.6928512456658,1615705.024524936
1779965550.6471198,SELL_NO,1310.47,0.9359699191892985,0.94,42.87320011384513,42.87320011384513,0.48329745024283344,74859.11113251021,True,1207.4863485905669,1615635.0874276448
1779965550.6832802,SELL_NO,683.1899999999999,0.9162678025146739,0.92,40.56736397093653,40.56736397093653,0.4638207753812401,74859.11113251021,True,615.200735313454,1615584.3263904704
1779965550.7175496,SELL_NO,478.29,0.8944050680549458,0.9,62.165910500602514,62.165910500602514,0.44215638927028433,74859.11113251021,True,419.61577454034943,1615537.7133616572
1779965550.788786,SELL_NO,305.0,0.9701639344262294,0.98,100.36801605888358,100.36801605888358,0.5182150520128326,74859.11113251021,True,292.11806301625404,1615532.5227102474
1779965550.8236096,SELL_NO,466.44,0.8759480319012092,0.88,46.04509203171393,46.04509203171393,0.42410906736770804,74859.11113251021,True,400.1321226949843,1615477.9772042313
1779965551.1479874,SELL_NO,173.71000000000004,0.9504605376777387,0.96,99.369399190221,99.369399190221,0.49907120495687995,74859.11113251021,True,162.71074610173346,1615471.3584526842
1779965551.9685636,SELL_NO,138.0,0.9800000000000001,0.98,-1.1328806373726088e-12,-1.1328806373726088e-12,0.5280414016913195,74859.11113251021,True,133.60526289442763,1615470.443707084
1779965552.0042353,SELL_NO,608.3399999999999,0.96,0.96,0.0,0.0,0.508015914360985,74859.11113251021,True,576.0788511875659,1615453.5232686521
1779965552.0457373,SELL_NO,307.9999999999999,0.9397402597402598,0.94,2.763194252555129,2.763194252555129,0.48798842233536843,74859.11113251021,True,285.00726873294224,1615438.2974749482
1779965552.084276,SELL_NO,4968.53,0.9748192322477673,0.98,52.864977063598374,52.864977063598374,0.5226246445340837,74859.11113251021,True,4783.842298694299,1615378.9028330278
1779965552.272814,BUY_YES,2463.54,0.04,0.04,0.0,0.0,0.5080798480386884,74859.11113251021,False,0.0,1615310.473137636
1779965552.305823,BUY_YES,1534.97,0.05,0.05,0.0,0.0,0.49834677614318484,74859.11113251021,False,0.0,1615251.469590236
1779965552.3399508,BUY_YES,1082.34,0.060000000000000005,0.06,1.1564823173178715e-12,1.1564823173178715e-12,0.4886060714270007,74859.11113251021,False,0.0,1615198.3391239638
1779965552.3741517,SELL_NO,964.3399999999999,0.9255595536843852,0.9299999999999999,47.74673457650203,47.74673457650203,0.47439472850134523,74859.11113251021,True,877.8872871877113,1615136.2044909233
1779965552.4082177,SELL_NO,465.66999999999996,0.9054755513561107,0.91,49.719215866915874,49.719215866915874,0.4545034501249724,74859.11113251021,True,413.9952281674544,1615096.2726730355
1779965552.4436069,SELL_NO,545.04,0.8849097313958609,0.89,57.19402925998967,57.19402925998967,0.43410553528949125,74859.11113251021,True,472.7156751525417,1615037.6928015952
1779965552.4812775,SELL_NO,382.6,0.8649398849973862,0.87,58.16224140935436,58.16224140935436,0.41429110917146794,74859.11113251021,True,323.7688165769998,1614988.509768535
1779965552.518293,BUY_YES,363.87,0.15,0.15,0.0,0.0,0.3994844989903742,74859.11113251021,False,0.0,1614936.0169919347
1779965552.5526366,BUY_YES,615.38,0.16,0.16,0.0,0.0,0.38960045952845745,74859.11113251021,False,0.0,1614840.8019827507
1779965552.5877128,SELL_NO,362.98,0.8250796187117747,0.83,59.28170226777411,59.28170226777411,0.37480054456124356,74859.11113251021,True,291.9768892328253,1614778.9522583364
1779965552.6207507,SELL_NO,348.33000000000004,0.8051043550655986,0.81,60.44006091853606,60.44006091853606,0.3549262162948512,74859.11113251021,True,272.917698967118,1614712.3239097758
1779965552.6549914,BUY_YES,266.6,0.21,0.21,0.0,0.0,0.33991597622630576,74859.11113251021,False,0.0,1614657.1224260957
1779965552.6917858,BUY_YES,547.29,0.22,0.22,0.0,0.0,0.33001109269849993,74859.11113251021,False,0.0,1614538.1360986875
1779965552.7252326,SELL_NO,330.79999999999995,0.7650060459492141,0.77,64.8565461141033,64.8565461141033,0.3151085659309031,74859.11113251021,True,245.3723745993971,1614461.0503659684
1779965552.7614872,BUY_YES,214.8,0.25,0.25,0.0,0.0,0.3001923539815229,74859.11113251021,False,0.0,1614407.6425659684
1779965553.351601,SELL_NO,52.600000000000364,0.98,0.98,0.0,0.0,0.5304709483898308,74859.11113251021,True,50.90633933512277,1614407.2753368486
1779965553.3870988,SELL_NO,85.0,0.9494117647058824,0.95,6.191950464395328,6.191950464395328,0.4998641571621891,74859.11113251021,True,79.5075890888525,1614403.926398966
1779965553.4180846,BUY_YES,214.6,0.26,0.26,0.0,0.0,0.29044025429504394,74859.11113251021,False,0.0,1614348.3465880859
1779965553.661862,SELL_NO,117.39999999999964,0.98,0.98,0.0,0.0,0.530254829102849,74859.11113251021,True,113.65681060728808,1614347.563913206
1779965556.4443243,SELL_NO,4440.13,0.9755765259125295,0.98,45.13749068847406,45.13749068847406,0.5214134988818395,74859.11113251021,True,4278.673099503833,1614298.0752350548
1779965556.4808795,BUY_YES,2450.2,0.04,0.04,0.0,0.0,0.5058186644186448,74859.11113251021,False,0.0,1614230.015922095
1779965556.5450585,SELL_NO,107.0,0.98,0.98,0.0,0.0,0.5257602470507241,74859.11113251021,True,103.58574731669388,1614229.299923695
1779965556.5789948,BUY_YES,1457.26,0.05,0.05,0.0,0.0,0.49574122963719675,74859.11113251021,False,0.0,1614173.281994495
1779965556.6759477,SELL_NO,107.0,0.98,0.98,0.0,0.0,0.5256495205975789,74859.11113251021,True,103.58574731669388,1614172.565996095
1779965556.7108543,BUY_YES,1240.05,0.06,0.06,0.0,0.0,0.4856275741748159,74859.11113251021,False,0.0,1614111.698151055
1779965557.070177,SELL_NO,974.44,0.9255019293132465,0.9299999999999999,48.36635147046724,48.36635147046724,0.4708075381836976,74859.11113251021,True,887.0225479934401,1614048.8534738505
1779965557.1067204,SELL_NO,455.34000000000003,0.9055997715992445,0.91,48.35415825006033,48.35415825006033,0.45108744940172874,74859.11113251021,True,404.87073438882516,1614009.866667168
1779965557.1430962,SELL_NO,545.04,0.8849097313958609,0.89,57.19402925998967,57.19402925998967,0.4306079264384459,74859.11113251021,True,472.7156751525417,1613951.2867957277
1779965557.1764371,SELL_NO,382.6,0.8649398849973862,0.87,58.16224140935436,58.16224140935436,0.41083813173225436,74859.11113251021,True,323.7688165769998,1613902.1037626672
1779965557.210428,BUY_YES,387.87,0.15,0.15,0.0,0.0,0.3960886168178478,74859.11113251021,False,0.0,1613846.1506660674
1779965557.2449124,SELL_NO,79.0,0.98,0.98,0.0,0.0,0.5262308160494974,74859.11113251021,True,76.47134614970857,1613845.614181267
1779965557.2790728,BUY_YES,615.38,0.16,0.16,0.0,0.0,0.38636072488970363,74859.11113251021,False,0.0,1613750.3991720832
1779965557.3176508,SELL_NO,362.98,0.8250796187117747,0.83,59.28170226777411,59.28170226777411,0.37165789861214693,74859.11113251021,True,291.9768892328253,1613688.549447669
1779965557.3519216,SELL_NO,348.33000000000004,0.8051043550655986,0.81,60.44006091853606,60.44006091853606,0.3518574645646989,74859.11113251021,True,272.917698967118,1613621.9210991082
1779965557.3860908,BUY_YES,266.6,0.21,0.21,0.0,0.0,0.3369129122536555,74859.11113251021,False,0.0,1613566.7196154282
1779965557.419521,BUY_YES,547.29,0.22,0.22,0.0,0.0,0.3270672355914367,74859.11113251021,False,0.0,1613447.7332880201
1779965557.4541142,SELL_NO,330.79999999999995,0.7650060459492141,0.77,64.8565461141033,64.8565461141033,0.31225167891660965,74859.11113251021,True,245.3723745993971,1613370.647555301
1779965557.4908674,BUY_YES,214.8,0.25,0.25,0.0,0.0,0.2974126603872148,74859.11113251021,False,0.0,1613317.2397553008
1779965557.5236468,BUY_YES,214.6,0.26,0.26,0.0,0.0,0.2875511085154936,74859.11113251021,False,0.0,1613261.6599444207
1779965557.559858,SELL_NO,291.34000000000003,0.7248603006796182,0.73,70.40684000523055,70.40684000523055,0.2725552407178756,74859.11113251021,True,203.9905791798571,1613181.6573404502
1779965557.5948422,SELL_NO,300.0,0.95,0.95,0.0,0.0,0.49778594769994866,74859.11113251021,True,280.87880107484267,1613170.1013404503
1779965558.9248848,SELL_NO,132.0,0.9799999999999999,0.98,1.1328806373726088e-12,1.1328806373726088e-12,0.5273705236520965,74859.11113251021,True,127.79503407293078,1613169.2250620502
1779965559.3330038,SELL_NO,102.0,0.98,0.98,0.0,0.0,0.5268155805129179,74859.11113251021,True,98.7438899654465,1613168.5411196502
1779965561.5775025,SELL_NO,117.0,0.98,0.98,0.0,0.0,0.5223347302952004,74859.11113251021,True,113.26946201918864,1613167.7610092503
1779965562.09737,BUY_YES,3060.05,0.02,0.02,0.0,0.0,0.5218337980103764,74859.11113251021,False,0.0,1613148.1124166902
1779965562.1324694,BUY_YES,1964.08,0.03,0.03,0.0,0.0,0.5118322170737976,74859.11113251021,False,0.0,1613114.5060762742
1779965562.1672125,BUY_YES,2335.56,0.04,0.04,0.0,0.0,0.502048677158741,74859.11113251021,False,0.0,1613049.629719986
1779965563.212826,BUY_YES,3070.05,0.02,0.02,0.0,0.0,0.5222467024810068,74859.11113251021,False,0.0,1613029.9170154263
1779965563.250925,BUY_YES,1964.08,0.03,0.03,0.0,0.0,0.5121042642038318,74859.11113251021,False,0.0,1612996.31067501
1779965563.2853193,BUY_YES,2346.2,0.04,0.04,0.0,0.0,0.5021794222021019,74859.11113251021,False,0.0,1612931.1389012502
1779965563.3209713,BUY_YES,1745.26,0.05,0.05,0.0,0.0,0.49240294040483384,74859.11113251021,False,0.0,1612864.0560120502
1779965563.357642,SELL_NO,1240.05,0.9412718035563081,0.95,91.87575203886134,91.87575203886134,0.48391838874424753,74859.11113251021,True,1149.5885746736822,1612804.865336481
1779965563.3949754,SELL_NO,984.54,0.9254454872326163,0.9299999999999999,48.973255563264644,48.973255563264644,0.46829237271774937,74859.11113251021,True,896.1578092555492,1612741.3106155691
1779965563.430981,SELL_NO,455.34000000000003,0.9055997715992445,0.91,48.35415825006033,48.35415825006033,0.44862323320442987,74859.11113251021,True,404.87073438882516,1612702.3238088866
1779965563.4655404,SELL_NO,545.04,0.8849097313958609,0.89,57.19402925998967,57.19402925998967,0.4280815715814591,74859.11113251021,True,472.7156751525417,1612643.7439374463
1779965563.5001566,SELL_NO,382.6,0.8649398849973862,0.87,58.16224140935436,58.16224140935436,0.4082451087559752,74859.11113251021,True,323.7688165769998,1612594.560904386
1779965563.5337007,BUY_YES,387.87,0.15,0.15,0.0,0.0,0.39342072065495004,74859.11113251021,False,0.0,1612538.6078077857
1779965563.568058,BUY_YES,615.38,0.16,0.16,0.0,0.0,0.3835351102582846,74859.11113251021,False,0.0,1612443.3927986016
1779965563.6032069,SELL_NO,362.98,0.8250796187117747,0.83,59.28170226777411,59.28170226777411,0.36873596860534463,74859.11113251021,True,291.9768892328253,1612381.5430741874
1779965563.6392913,SELL_NO,408.33000000000004,0.8043543212597654,0.81,69.69973753376165,69.69973753376165,0.3481229185406811,74859.11113251021,True,319.61336316575876,1612303.1234296104
1779965563.674183,BUY_YES,266.6,0.21,0.21,0.0,0.0,0.33386729025013584,74859.11113251021,False,0.0,1612247.9219459305
1779965563.7095754,BUY_YES,547.29,0.22,0.22,0.0,0.0,0.3239626476395071,74859.11113251021,False,0.0,1612128.9356185223
1779965563.7461731,SELL_NO,330.79999999999995,0.7650060459492141,0.77,64.8565461141033,64.8565461141033,0.30907351583124887,74859.11113251021,True,245.3723745993971,1612051.8498858032
1779965563.911483,BUY_YES,214.8,0.25,0.25,0.0,0.0,0.29437631813827625,74859.11113251021,False,0.0,1611998.442085803
1779965563.9447749,BUY_YES,224.6,0.26,0.26,0.0,0.0,0.28442369674741863,74859.11113251021,False,0.0,1611940.273746923
1779965564.882772,SELL_NO,54.0,0.9727777777777779,0.98,73.69614512471561,73.69614512471561,0.5169829905057927,74859.11113251021,True,51.845305393471676,1611939.4807881229
1779965564.9175725,SELL_NO,291.34000000000003,0.7248603006796182,0.73,70.40684000523055,70.40684000523055,0.2690323188818592,74859.11113251021,True,203.9905791798571,1611859.4781841524
1779965564.9547002,SELL_NO,300.0,0.70492,0.71,71.54929577464752,71.54929577464752,0.24908603459095002,74859.11113251021,True,203.8878327330827,1611770.9312158106
1779965565.0206685,SELL_NO,107.0,0.98,0.98,0.0,0.0,0.5241256759916193,74859.11113251021,True,103.58574731669388,1611770.2152174106
1779965565.0583398,SELL_NO,431.09000000000003,0.6861875710408498,0.69,55.252593610871415,55.252593610871415,0.23030322282656102,74859.11113251021,True,284.69036541818997,1611634.686521511
1779965565.1004658,SELL_NO,288.4,0.664743411927878,0.6699999999999999,78.4565383898795,78.4565383898795,0.20891945698077508,74859.11113251021,True,184.10768690705,1611537.666886318
1779965565.3883986,SELL_NO,101.0,0.9800000000000001,0.98,-1.1328806373726088e-12,-1.1328806373726088e-12,0.5242681541782003,74859.11113251021,True,97.77551849519705,1611536.989355118
1779965565.4244525,SELL_NO,416.0,0.98,0.98,0.0,0.0,0.5241196348236247,74859.11113251021,True,402.81253162378187,1611534.2922959179
1779965567.7118526,BUY_YES,3669.05,0.02,0.02,0.0,0.0,0.5212829917143832,74859.11113251021,False,0.0,1611510.739282558
1779965567.7450633,BUY_YES,2003.08,0.03,0.03,0.0,0.0,0.5112815040857147,74859.11113251021,False,0.0,1611476.466229342
1779965567.7786977,BUY_YES,2340.56,0.04,0.04,0.0,0.0,0.5014724955635785,74859.11113251021,False,0.0,1611411.451049054
1779965568.2640133,BUY_YES,1322.97,0.049999999999999996,0.05,-1.3877787807814457e-12,-1.3877787807814457e-12,0.49238496544982074,74859.11113251021,False,0.0,1611360.5925416541
1779965568.298952,BUY_YES,1082.34,0.060000000000000005,0.06,1.1564823173178715e-12,1.1564823173178715e-12,0.4825447128879778,74859.11113251021,False,0.0,1611307.462075382
1779965568.3345046,SELL_NO,974.44,0.9255019293132465,0.9299999999999999,48.36635147046724,48.36635147046724,0.4682595572609132,74859.11113251021,True,887.0225479934401,1611244.6173981773
1779965568.3691866,SELL_NO,497.19,0.9059701522556769,0.91,44.284041146408065,44.284041146408065,0.44892325355441676,74859.11113251021,True,442.2798046279485,1611202.245006984
1779965568.403641,SELL_NO,545.04,0.8849097313958609,0.89,57.19402925998967,57.19402925998967,0.428035540838272,74859.11113251021,True,472.7156751525417,1611143.6651355438
1779965568.4381254,SELL_NO,382.6,0.8649398849973862,0.87,58.16224140935436,58.16224140935436,0.4082212055339619,74859.11113251021,True,323.7688165769998,1611094.4821024835
1779965568.476405,BUY_YES,387.87,0.15,0.15,0.0,0.0,0.39343577843977606,74859.11113251021,False,0.0,1611038.5290058833
1779965568.7537074,BUY_YES,3674.05,0.02,0.02,0.0,0.0,0.5237268116294763,74859.11113251021,False,0.0,1611014.9439365235
1779965568.7874904,BUY_YES,2003.08,0.03,0.03,0.0,0.0,0.5137612255021502,74859.11113251021,False,0.0,1610980.6708833072
1779965568.8230505,BUY_YES,2340.56,0.04,0.04,0.0,0.0,0.5039176352390459,74859.11113251021,False,0.0,1610915.6557030194
1779965568.8598666,BUY_YES,1322.97,0.049999999999999996,0.05,-1.3877787807814457e-12,-1.3877787807814457e-12,0.4941463670236154,74859.11113251021,False,0.0,1610864.7971956194
1779965568.895791,BUY_YES,1082.34,0.060000000000000005,0.06,1.1564823173178715e-12,1.1564823173178715e-12,0.484361111103989,74859.11113251021,False,0.0,1610811.6667293473
1779965568.9360812,SELL_NO,974.44,0.9255019293132465,0.9299999999999999,48.36635147046724,48.36635147046724,0.47008665282320217,74859.11113251021,True,887.0225479934401,1610748.8220521428
1779965568.975017,SELL_NO,497.19,0.9059701522556769,0.91,44.284041146408065,44.284041146408065,0.45073985155393315,74859.11113251021,True,442.2798046279485,1610706.4496609496
1779965569.011712,SELL_NO,545.04,0.8849097313958609,0.89,57.19402925998967,57.19402925998967,0.42983092340234996,74859.11113251021,True,472.7156751525417,1610647.8697895093
1779965569.0500348,SELL_NO,382.6,0.8649398849973862,0.87,58.16224140935436,58.16224140935436,0.40999957996089254,74859.11113251021,True,323.7688165769998,1610598.6867564488
1779965569.0859985,BUY_YES,387.87,0.15,0.15,0.0,0.0,0.39517456541804363,74859.11113251021,False,0.0,1610542.7336598488
1779965569.1223588,BUY_YES,615.38,0.16,0.16,0.0,0.0,0.3852722969314444,74859.11113251021,False,0.0,1610447.518650665
1779965569.1565573,SELL_NO,362.98,0.8250796187117747,0.83,59.28170226777411,59.28170226777411,0.37044737255196214,74859.11113251021,True,291.9768892328253,1610385.6689262507
1779965569.1915276,SELL_NO,408.33000000000004,0.8043543212597654,0.81,69.69973753376165,69.69973753376165,0.3498066755539576,74859.11113251021,True,319.61336316575876,1610307.2492816732
1779965569.2250676,BUY_YES,266.6,0.21,0.21,0.0,0.0,0.33552678228108157,74859.11113251021,False,0.0,1610252.0477979933
1779965570.3723114,SELL_NO,154.0,0.9799999999999999,0.98,1.1328806373726088e-12,1.1328806373726088e-12,0.5250626395244736,74859.11113251021,True,149.09920641841921,1610251.0304731934
1779965570.439147,SELL_NO,57.0,0.98,0.98,0.0,0.0,0.5249773526862048,74859.11113251021,True,55.167173804220106,1610250.6350347935
1779965570.5360281,SELL_NO,150.0,0.98,0.98,0.0,0.0,0.5248425916630723,74859.11113251021,True,145.22572053742132,1610249.6433547935
1779965570.570579,SELL_NO,88.0,0.98,0.98,0.0,0.0,0.5247865856102041,74859.11113251021,True,85.18668938195384,1610249.0491691935
1779965570.6038427,SELL_NO,62.0,0.98,0.98,0.0,0.0,0.5247392122199583,74859.11113251021,True,60.00903115546748,1610248.6216747933
1779965572.9067047,SELL_NO,230.94000000000005,0.95,0.95,0.0,0.0,0.4931227279650109,74859.11113251021,True,216.21359506741393,1610239.7189599934
1779965572.9397638,BUY_YES,547.29,0.22,0.22,0.0,0.0,0.3234238318476873,74859.11113251021,False,0.0,1610120.7326325853
1779965572.9782116,SELL_NO,330.79999999999995,0.7650060459492141,0.77,64.8565461141033,64.8565461141033,0.30877964558900595,74859.11113251021,True,245.3723745993971,1610043.6468998664
1779965573.0810862,SELL_NO,300.0000000000001,0.9400000000000001,0.94,-1.1810883240693154e-12,-1.1810883240693154e-12,0.4843281788343081,74859.11113251021,True,277.6865610748428,1610028.8986598663
1779965573.1160839,BUY_YES,214.8,0.25,0.25,0.0,0.0,0.2945201108078762,74859.11113251021,False,0.0,1609975.4908598664
1779965573.250328,BUY_YES,4166.96,0.02,0.02,0.0,0.0,0.5245493789467806,74859.11113251021,False,0.0,1609948.7456459142
1779965573.2869525,BUY_YES,2003.08,0.03,0.03,0.0,0.0,0.5146047322075119,74859.11113251021,False,0.0,1609914.4725926984
1779965573.3190854,BUY_YES,2340.56,0.04,0.04,0.0,0.0,0.5047954142941959,74859.11113251021,False,0.0,1609849.4574124103
1779965573.354405,BUY_YES,1022.97,0.05,0.05,0.0,0.0,0.4950522170030434,74859.11113251021,False,0.0,1609810.1249050102
1779965573.390213,BUY_YES,1151.4,0.06,0.06,0.0,0.0,0.4852812132131021,74859.11113251021,False,0.0,1609753.6062998902
1779965573.4220693,SELL_NO,964.3399999999999,0.9255595536843852,0.9299999999999999,47.74673457650203,47.74673457650203,0.47102897973069935,74859.11113251021,True,877.8872871877113,1609691.4716668497
1779965573.4560716,SELL_NO,497.19,0.9059701522556769,0.91,44.284041146408065,44.284041146408065,0.4516133658097463,74859.11113251021,True,442.2798046279485,1609649.0992756563
1779965573.4950874,SELL_NO,545.04,0.8849097313958609,0.89,57.19402925998967,57.19402925998967,0.4307242839576111,74859.11113251021,True,472.7156751525417,1609590.5194042162
1779965573.532723,SELL_NO,382.6,0.8649398849973862,0.87,58.16224140935436,58.16224140935436,0.41089925160960894,74859.11113251021,True,323.7688165769998,1609541.3363711555
1779965573.5676205,BUY_YES,387.87,0.15,0.15,0.0,0.0,0.3960770544901686,74859.11113251021,False,0.0,1609485.3832745557
1779965578.3931904,SELL_NO,747.0,0.96,0.96,0.0,0.0,0.5025982582753714,74859.11113251021,True,707.3923490763583,1609464.6129689557
1779965578.4255939,SELL_NO,305.0,0.94,0.94,0.0,0.0,0.4828939787058465,74859.11113251021,True,282.3151704260901,1609449.6194249555
1779965579.0565095,BUY_YES,4161.56,0.02,0.02,0.0,0.0,0.5238751393737705,74859.11113251021,False,0.0,1609422.9088314837
1779965579.0948722,BUY_YES,2003.08,0.03,0.03,0.0,0.0,0.5138868007701846,74859.11113251021,False,0.0,1609388.6357782674
1779965579.1350124,BUY_YES,3093.56,0.04,0.04,0.0,0.0,0.5041003599521323,74859.11113251021,False,0.0,1609302.7137035797
1779965579.9096396,SELL_NO,2305.31,0.9440036697884449,0.95,63.11926538479054,63.11926538479054,0.4888899848792543,74859.11113251021,True,2143.8630390891335,1609199.4005051157
1779965579.9440734,SELL_NO,949.87,0.9253810521439776,0.9299999999999999,49.66610597873493,49.66610597873493,0.47040466120711977,74859.11113251021,True,864.5341256102407,1609138.0178157361
1779965581.1420326,BUY_YES,4166.56,0.02,0.02,0.0,0.0,0.5248327332270614,74859.11113251021,False,0.0,1609111.2751662643
1779965581.1773899,SELL_NO,2008.08,0.9700248994063982,0.98,101.78674075103814,101.78674075103814,0.5148528878158581,74859.11113251021,True,1923.1364393482047,1609076.9700211377
1779965581.2159402,BUY_YES,3109.56,0.04,0.04,0.0,0.0,0.5048204176330024,74859.11113251021,False,0.0,1608990.6037096498
1779965581.255698,SELL_NO,2305.31,0.9440036697884449,0.95,63.11926538479054,63.11926538479054,0.48909308502669013,74859.11113251021,True,2143.8630390891335,1608887.290511186
1779965581.2952013,SELL_NO,960.4,0.9253220533111204,0.9299999999999999,50.30050203096294,50.30050203096294,0.47066057157925534,74859.11113251021,True,874.0583148395948,1608825.167549518
1779965581.3313837,SELL_NO,497.19,0.9059701522556769,0.91,44.284041146408065,44.284041146408065,0.4515084017441031,74859.11113251021,True,442.2798046279485,1608782.7951583248
1779965581.4379606,SELL_NO,545.04,0.8849097313958609,0.89,57.19402925998967,57.19402925998967,0.43084988343138786,74859.11113251021,True,472.7156751525417,1608724.2152868845
1779965581.471039,SELL_NO,388.6,0.8650180133813689,0.87,57.26421400725448,57.26421400725448,0.4110566271873157,74859.11113251021,True,328.87864250802494,1608674.2933837336
1779965581.5082176,BUY_YES,387.87,0.15,0.15,0.0,0.0,0.3961424085549321,74859.11113251021,False,0.0,1608618.3402871336
1779965581.546547,BUY_YES,615.38,0.16,0.16,0.0,0.0,0.3862525673384911,74859.11113251021,False,0.0,1608523.1252779495
1779965581.5840704,SELL_NO,362.98,0.8250796187117747,0.83,59.28170226777411,59.28170226777411,0.37145270863064117,74859.11113251021,True,291.9768892328253,1608461.2755535352
1779965581.6221347,SELL_NO,408.33000000000004,0.8043543212597654,0.81,69.69973753376165,69.69973753376165,0.35083949928735436,74859.11113251021,True,319.61336316575876,1608382.855908958
1779965581.6575239,BUY_YES,266.6,0.21,0.21,0.0,0.0,0.33658128726456815,74859.11113251021,False,0.0,1608327.6544252778
1779965581.6981144,BUY_YES,547.29,0.22,0.22,0.0,0.0,0.3266888773791532,74859.11113251021,False,0.0,1608208.66809787
1779965581.7343822,SELL_NO,325.79999999999995,0.7650828729281769,0.77,63.858793140560046,63.858793140560046,0.3118778397590365,74859.11113251021,True,241.68913440838415,1608132.773038311
1779965581.7703633,SELL_NO,444.4,0.7449459945994601,0.75,67.38673867386542,67.38673867386542,0.29183732720040856,74859.11113251021,True,320.4039799521883,1608019.9835996046
1779965583.6938763,BUY_YES,4087.07,0.02,0.02,0.0,0.0,0.5255043600030633,74859.11113251021,False,0.0,1607993.7505764205
1779965583.7327344,SELL_NO,2008.08,0.9700248994063982,0.98,101.78674075103814,101.78674075103814,0.5155221440410024,74859.11113251021,True,1923.1364393482047,1607959.445431294
1779965583.7681139,BUY_YES,3109.56,0.04,0.04,0.0,0.0,0.5054892532766758,74859.11113251021,False,0.0,1607873.0791198062
1779965583.8035724,SELL_NO,2305.31,0.9440036697884449,0.95,63.11926538479054,63.11926538479054,0.4897336207211448,74859.11113251021,True,2143.8630390891335,1607769.7659213422
1779965583.8436997,SELL_NO,955.4,0.9253499057986184,0.9299999999999999,50.00101291808082,50.00101291808082,0.47133340729271667,74859.11113251021,True,869.5359077384417,1607707.9944659243
1779965583.8782039,SELL_NO,455.34000000000003,0.9055997715992445,0.91,48.35415825006033,48.35415825006033,0.45177379633337633,74859.11113251021,True,404.87073438882516,1607669.0076592418
1779965583.9156106,SELL_NO,520.04,0.8852419044688872,0.89,53.461747540593684,53.461747540593684,0.43159253950185816,74859.11113251021,True,451.2140072676113,1607613.295686673
1779965583.9506528,SELL_NO,388.6,0.8650180133813689,0.87,57.26421400725448,57.26421400725448,0.4115152105878348,74859.11113251021,True,328.87864250802494,1607563.3737835218
1779965583.9864268,BUY_YES,387.87,0.15,0.15,0.0,0.0,0.3966295061190612,74859.11113251021,False,0.0,1607507.420686922
1779965585.220665,SELL_NO,106.29999999999973,0.9771777986829726,0.98,28.797972622728295,28.797972622728295,0.5238688602077709,74859.11113251021,True,102.58721224706743,1607506.3885013214
1779965586.895553,SELL_NO,615.0,0.9702439024390245,0.98,99.5520159283215,99.5520159283215,0.5144195026050333,74859.11113251021,True,589.107948837574,1607496.0051079555
1779965589.6060843,SELL_NO,605.0,0.9700826446280991,0.98,101.19750379490674,101.19750379490674,0.5115255262348263,74859.11113251021,True,579.4243037984534,1607485.6858962532
1779965589.8945274,BUY_YES,4158.37,0.02,0.02,0.0,0.0,0.5199831288572649,74859.11113251021,False,0.0,1607458.9957545092
1779965589.9283273,BUY_YES,2633.08,0.029999999999999995,0.03,-1.1564823173178715e-12,-1.1564823173178715e-12,0.5099742168051565,74859.11113251021,False,0.0,1607413.952725293
1779965589.9677143,BUY_YES,3109.56,0.04,0.04,0.0,0.0,0.5002138537726721,74859.11113251021,False,0.0,1607327.586413805
1779965591.138947,SELL_NO,776.26,0.950141705098807,0.96,102.6905718874265,102.6905718874265,0.4911134236768313,74859.11113251021,True,726.9480155301621,1607297.8496337272
1779965591.1742196,BUY_YES,1540.05,0.06,0.06,0.0,0.0,0.48094514989111753,74859.11113251021,False,0.0,1607222.2635486873
1779965591.2112517,SELL_NO,944.87,0.9254095272365511,0.9299999999999999,49.359922187621684,49.359922187621684,0.4666311570215652,74859.11113251021,True,860.0117187382147,1607161.232365787
1779965591.2521653,SELL_NO,502.19,0.9060102749955197,0.91,43.84313191736659,43.84313191736659,0.44751440477841187,74859.11113251021,True,446.7492281911216,1607118.4554848056
1779965591.2890258,SELL_NO,545.04,0.8849097313958609,0.89,57.19402925998967,57.19402925998967,0.42663620791331325,74859.11113251021,True,472.7156751525417,1607059.8756133653
1779965591.3247898,SELL_NO,388.6,0.8650180133813689,0.87,57.26421400725448,57.26421400725448,0.40693772858740895,74859.11113251021,True,328.87864250802494,1607009.9537102142
1779965591.3616486,BUY_YES,363.87,0.15,0.15,0.0,0.0,0.39209682802354506,74859.11113251021,False,0.0,1606957.4609336145
1779965591.3988578,BUY_YES,615.38,0.16,0.16,0.0,0.0,0.38227264811453987,74859.11113251021,False,0.0,1606862.2459244304
1779965591.4333587,SELL_NO,362.98,0.8250796187117747,0.83,59.28170226777411,59.28170226777411,0.3675258038277661,74859.11113251021,True,291.9768892328253,1606800.3962000161
1779965591.4713483,SELL_NO,408.33000000000004,0.8043543212597654,0.81,69.69973753376165,69.69973753376165,0.34696947990730753,74859.11113251021,True,319.61336316575876,1606721.976555439
1779965591.4998615,BUY_YES,266.6,0.21,0.21,0.0,0.0,0.332729328151263,74859.11113251021,False,0.0,1606666.775071759
1779965591.5364554,BUY_YES,547.29,0.22,0.22,0.0,0.0,0.32286892007578627,74859.11113251021,False,0.0,1606547.788744351
1779965591.57435,SELL_NO,325.79999999999995,0.7650828729281769,0.77,63.858793140560046,63.858793140560046,0.30810715730041094,74859.11113251021,True,241.68913440838415,1606471.8936847919
1779965593.1357598,BUY_YES,4173.37,0.02,0.02,0.0,0.0,0.5225382142612232,74859.11113251021,False,0.0,1606445.107375048
1779965593.173273,BUY_YES,2633.08,0.029999999999999995,0.03,-1.1564823173178715e-12,-1.1564823173178715e-12,0.5125376964305678,74859.11113251021,False,0.0,1606400.064345832
1779965593.2067986,BUY_YES,3107.2,0.04,0.04,0.0,0.0,0.5027429547345738,74859.11113251021,False,0.0,1606313.763559272
1779965593.2433646,SELL_NO,2315.31,0.9433052161481615,0.95,70.47140896672016,70.47140896672016,0.4863300443364629,74859.11113251021,True,2151.4423932751038,1606208.2818882917
1779965593.2845104,SELL_NO,944.87,0.9254095272365511,0.9299999999999999,49.359922187621684,49.359922187621684,0.46869684717362536,74859.11113251021,True,860.0117187382147,1606147.2507053914
1779965593.3214462,SELL_NO,502.19,0.9060102749955197,0.91,43.84313191736659,43.84313191736659,0.4494977625920169,74859.11113251021,True,446.7492281911216,1606104.47382441
1779965593.3584235,SELL_NO,545.04,0.8849097313958609,0.89,57.19402925998967,57.19402925998967,0.4285683394407147,74859.11113251021,True,472.7156751525417,1606045.89395297
1779965593.394563,SELL_NO,388.6,0.8650180133813689,0.87,57.26421400725448,57.26421400725448,0.40882294935564834,74859.11113251021,True,328.87864250802494,1605995.9720498188
1779965593.431553,BUY_YES,387.87,0.15,0.15,0.0,0.0,0.3939364494352453,74859.11113251021,False,0.0,1605940.0189532188
1779965593.4706757,BUY_YES,615.38,0.16,0.16,0.0,0.0,0.38406671069413234,74859.11113251021,False,0.0,1605844.8039440347
1779965593.5061123,SELL_NO,362.98,0.8250796187117747,0.83,59.28170226777411,59.28170226777411,0.3692642822638661,74859.11113251021,True,291.9768892328253,1605782.9542196204
1779965593.542753,SELL_NO,408.33000000000004,0.8043543212597654,0.81,69.69973753376165,69.69973753376165,0.348647957329275,74859.11113251021,True,319.61336316575876,1605704.5345750432
1779965593.579766,BUY_YES,266.6,0.21,0.21,0.0,0.0,0.334393102666096,74859.11113251021,False,0.0,1605649.3330913633
1779965593.6158667,BUY_YES,547.29,0.22,0.22,0.0,0.0,0.3244844729079014,74859.11113251021,False,0.0,1605530.3467639554
1779965593.719396,SELL_NO,325.79999999999995,0.7650828729281769,0.77,63.858793140560046,63.858793140560046,0.309763710906128,74859.11113251021,True,241.68913440838415,1605454.4517043964
1779965593.7556942,SELL_NO,439.4,0.7450022758306784,0.75,66.63632225762198,66.63632225762198,0.2897384928969292,74859.11113251021,True,316.82433950778346,1605342.9565385967
1779965593.7907276,SELL_NO,291.34000000000003,0.7248603006796182,0.73,70.40684000523055,70.40684000523055,0.26964975414834746,74859.11113251021,True,203.9905791798571,1605262.953934626
1779965593.8319702,SELL_NO,300.0,0.7047533333333333,0.71,73.89671361502285,73.89671361502285,0.2496019632165829,74859.11113251021,True,203.8363579090827,1605174.3554914603
1779965594.0392995,SELL_NO,426.09000000000003,0.686260179774226,0.69,54.200293127158034,54.200293127158034,0.23127821262407822,74859.11113251021,True,281.4198020116532,1605040.4301455054
1779965594.0770838,SELL_NO,288.4,0.664743411927878,0.6699999999999999,78.4565383898795,78.4565383898795,0.20978710550669166,74859.11113251021,True,184.10768690705,1604943.4105103123
1779965595.0283191,BUY_YES,4188.37,0.02,0.02,0.0,0.0,0.5241915303866139,74859.11113251021,False,0.0,1604916.5280325683
1779965595.0636303,SELL_NO,2638.08,0.9700189531780689,0.98,101.84741655031763,101.84741655031763,0.5142083769414443,74859.11113251021,True,2526.4795455839676,1604871.4529114207
1779965595.098913,BUY_YES,3107.2,0.04,0.04,0.0,0.0,0.5041855387138665,74859.11113251021,False,0.0,1604785.1521248608
1779965595.1355608,SELL_NO,2020.31,0.9437878345402437,0.95,65.391215365855,65.391215365855,0.4882096651554614,74859.11113251021,True,1878.354707468065,1604694.143655797
1779965595.1702213,SELL_NO,934.3399999999999,0.9254704925401888,0.9299999999999999,48.704381288292225,48.704381288292225,0.4700991466386648,74859.11113251021,True,850.4875302325485,1604633.8527459088
1779965595.2057269,SELL_NO,502.19,0.9060102749955197,0.91,43.84313191736659,43.84313191736659,0.45082788348016445,74859.11113251021,True,446.7492281911216,1604591.0758649274
1779965595.3797345,SELL_NO,545.04,0.8849097313958609,0.89,57.19402925998967,57.19402925998967,0.43027540633065897,74859.11113251021,True,472.7156751525417,1604532.495993487
1779965595.4139018,SELL_NO,388.6,0.8650180133813689,0.87,57.26421400725448,57.26421400725448,0.41046130088653854,74859.11113251021,True,328.87864250802494,1604482.5740903362
1779965595.448707,BUY_YES,363.87,0.15,0.15,0.0,0.0,0.395520758742019,74859.11113251021,False,0.0,1604430.0813137363
1779965595.4836454,BUY_YES,615.38,0.16,0.16,0.0,0.0,0.3856055897700983,74859.11113251021,False,0.0,1604334.8663045522
1779965595.519292,SELL_NO,362.98,0.8250796187117747,0.83,59.28170226777411,59.28170226777411,0.37078960859403565,74859.11113251021,True,291.9768892328253,1604273.016580138
1779965595.5535252,SELL_NO,408.33000000000004,0.8043543212597654,0.81,69.69973753376165,69.69973753376165,0.35015799933838987,74859.11113251021,True,319.61336316575876,1604194.5969355607
1779965595.5884259,BUY_YES,266.6,0.21,0.21,0.0,0.0,0.33589340259065814,74859.11113251021,False,0.0,1604139.3954518808
1779965595.6235452,BUY_YES,547.29,0.22,0.22,0.0,0.0,0.3259834037702469,74859.11113251021,False,0.0,1604020.4091244726
1779965595.6583834,SELL_NO,325.79999999999995,0.7650828729281769,0.77,63.858793140560046,63.858793140560046,0.3111678938774126,74859.11113251021,True,241.68913440838415,1603944.5140649138
1779965595.695585,SELL_NO,444.4,0.7449459945994601,0.75,67.38673867386542,67.38673867386542,0.2911317474500459,74859.11113251021,True,320.4039799521883,1603831.7246262073
1779965595.750581,SELL_NO,291.34000000000003,0.7248603006796182,0.73,70.40684000523055,70.40684000523055,0.27118910706796284,74859.11113251021,True,203.9905791798571,1603751.7220222366
1779965595.7847166,SELL_NO,300.0,0.7047533333333333,0.71,73.89671361502285,73.89671361502285,0.25116417964801063,74859.11113251021,True,203.8363579090827,1603663.123579071
1779965595.8197792,SELL_NO,426.09000000000003,0.686260179774226,0.69,54.200293127158034,54.200293127158034,0.2327496474524393,74859.11113251021,True,281.4198020116532,1603529.198233116
1779965595.8540301,SELL_NO,288.4,0.664743411927878,0.6699999999999999,78.4565383898795,78.4565383898795,0.21131119909768292,74859.11113251021,True,184.10768690705,1603432.178597923
1779965595.888707,SELL_NO,196.4,0.65,0.65,0.0,0.0,0.19664218700666358,74859.11113251021,True,122.40628443699701,1603363.137565923
1779965596.0268762,SELL_NO,236.2,0.64,0.64,0.0,0.0,0.18684473852227446,74859.11113251021,True,144.80639215292615,1603277.700291363
1779965596.0606167,SELL_NO,136.2,0.63,0.63,0.0,0.0,0.17688980828521006,74859.11113251021,True,82.09852784797857,1603227.0334195232
1779965596.0931122,SELL_NO,186.0,0.62,0.62,0.0,0.0,0.16693421206340853,74859.11113251021,True,110.23442146640245,1603155.958264323
1779965597.4351902,SELL_NO,295.0,0.9400000000000001,0.94,-1.1810883240693154e-12,-1.1810883240693154e-12,0.4861965103861412,74859.11113251021,True,273.0579517235953,1603141.455328323
1779965692.9200299,SETTLE_YES,393103.9959444316,0.0,0.0,0.0,0.0,0.0,74859.11113251021,False,-75687.61102388515,745940.2455891543
1779965692.9200299,SETTLE_NO,864268.6800000023,1.0,1.0,0.0,0.0,0.0,74859.11113251021,True,855438.1319033918,1610208.9255891566
1779965724.6353467,BUY_YES,99.89,0.51,0.51,0.0,0.0,0.2831128293901586,73295.36736451232,False,0.0,1610206.5988383647
1779965728.071002,BUY_YES,127.38,0.51,0.51,0.0,0.0,0.25213326615163856,73295.36736451232,False,0.0,1610203.6400155006
1779965728.1054037,BUY_YES,214.35,0.52,0.52,0.0,0.0,0.24194326152017176,73295.36736451232,False,0.0,1610196.5426387805
1779965728.1403809,BUY_YES,216.56,0.53,0.53,0.0,0.0,0.2320026219312471,73295.36736451232,False,0.0,1610187.2145918685
1779965728.173975,BUY_YES,470.29,0.54,0.54,0.0,0.0,0.22204471551040006,73295.36736451232,False,0.0,1610162.3133992765
1779965728.2085137,BUY_YES,380.34,0.55,0.55,0.0,0.0,0.21208947109620524,73295.36736451232,False,0.0,1610138.3904404764
1779965728.2416205,BUY_YES,357.11,0.56,0.56,0.0,0.0,0.20210435896990409,73295.36736451232,False,0.0,1610112.3839733885
1779965728.2752337,BUY_YES,184.0,0.57,0.57,0.0,0.0,0.1920959819037874,73295.36736451232,False,0.0,1610097.1468885883
1779965728.3095345,BUY_YES,184.0,0.58,0.58,0.0,0.0,0.1820539269007453,73295.36736451232,False,0.0,1610080.0896757885
1779965728.3441136,BUY_YES,229.0,0.59,0.59,0.0,0.0,0.17199007023219925,73295.36736451232,False,0.0,1610056.6062285884
1779965728.3778262,BUY_YES,554.6,0.6,0.6,0.0,0.0,0.16191797785000395,73295.36736451232,False,0.0,1609994.3057405886
1779965728.4150374,BUY_YES,277.0,0.61,0.61,0.0,0.0,0.15185708509308016,73295.36736451232,False,0.0,1609960.4460629886
1779965740.6589074,BUY_YES,230.57999999999998,0.51,0.51,0.0,0.0,0.16640113194686135,73295.36736451232,False,0.0,1609955.1143831646
1779965740.6860933,BUY_YES,229.58,0.52,0.52,0.0,0.0,0.1563376816585278,73295.36736451232,False,0.0,1609947.5148550686
1779965740.7204525,BUY_YES,261.58,0.53,0.53,0.0,0.0,0.1464667951573444,73295.36736451232,False,0.0,1609936.2538654527
1779965740.7537732,BUY_YES,311.29,0.54,0.54,0.0,0.0,0.1365904765814283,73295.36736451232,False,0.0,1609919.7613560606
1779965740.7841997,BUY_YES,380.34,0.55,0.55,0.0,0.0,0.12669007070991212,73295.36736451232,False,0.0,1609895.8383972608
1779965742.07777,BUY_YES,108.12999999999997,0.51,0.51,0.0,0.0,0.160190823098311,73295.36736451232,False,0.0,1609893.3221857965
1779965742.5441275,BUY_YES,102.0,0.51,0.51,0.0,0.0,0.1569291546683066,73295.36736451232,False,0.0,1609890.9469201965
1779965742.7630885,BUY_YES,443.71,0.51,0.51,0.0,0.0,0.15568730268136421,73295.36736451232,False,0.0,1609880.7147849086
1779965742.7975714,BUY_YES,317.58,0.52,0.52,0.0,0.0,0.14555281748551707,73295.36736451232,False,0.0,1609870.2137912125
1779965742.8305454,BUY_YES,200.58,0.53,0.53,0.0,0.0,0.1356304534108138,73295.36736451232,False,0.0,1609861.5718487964
1779965742.8659933,BUY_YES,311.29,0.54,0.54,0.0,0.0,0.12572893818948072,73295.36736451232,False,0.0,1609845.0793394046
1779965743.1942549,BUY_YES,380.34,0.55,0.55,0.0,0.0,0.11522114357328861,73295.36736451232,False,0.0,1609821.1563806045
1779965743.2206655,BUY_YES,397.11,0.56,0.56,0.0,0.0,0.10525307032431319,73295.36736451232,False,0.0,1609792.2402815165
1779965743.344921,BUY_YES,184.0,0.57,0.57,0.0,0.0,0.09515387931350461,73295.36736451232,False,0.0,1609777.0031967163
1779965743.3804364,BUY_YES,184.0,0.58,0.58,0.0,0.0,0.08514526687267454,73295.36736451232,False,0.0,1609759.9459839165
1779965744.423737,BUY_YES,114.27000000000004,0.51,0.51,0.0,0.0,0.15141218781348198,73295.36736451232,False,0.0,1609757.2885966604
1779965745.857103,BUY_YES,382.71,0.51,0.51,0.0,0.0,0.14706125239093237,73295.36736451232,False,0.0,1609748.4590221723
1779965746.7369998,BUY_YES,102.0,0.51,0.51,0.0,0.0,0.14335096269385028,73295.36736451232,False,0.0,1609746.0837565723
1779965746.776083,BUY_YES,328.58,0.52,0.52,0.0,0.0,0.13344280286514187,73295.36736451232,False,0.0,1609735.2200796765
1779965746.817383,BUY_YES,215.58,0.53,0.53,0.0,0.0,0.12370818680026796,73295.36736451232,False,0.0,1609725.9341092603
1779965746.857301,BUY_YES,315.29,0.54,0.54,0.0,0.0,0.11392818184726505,73295.36736451232,False,0.0,1609709.2300606684
1779965746.8976872,BUY_YES,382.34,0.55,0.55,0.0,0.0,0.1041377832658984,73295.36736451232,False,0.0,1609685.1814618683
1779965746.9359004,BUY_YES,397.11,0.56,0.56,0.0,0.0,0.09432430291235583,73295.36736451232,False,0.0,1609656.2653627803
1779965746.9763987,BUY_YES,189.0,0.57,0.57,0.0,0.0,0.08450591229101667,73295.36736451232,False,0.0,1609640.61504198
1779965747.0162017,BUY_YES,184.0,0.58,0.58,0.0,0.0,0.07464961186105157,73295.36736451232,False,0.0,1609623.5578291803
1779965747.0602927,BUY_YES,214.0,0.59,0.59,0.0,0.0,0.06478334570761912,73295.36736451232,False,0.0,1609601.61063398
1779965747.1003528,BUY_YES,555.6,0.6,0.6,0.0,0.0,0.05489153932564472,73295.36736451232,False,0.0,1609539.19786598
1779965747.1380136,BUY_YES,277.0,0.61,0.61,0.0,0.0,0.04501124462772055,73295.36736451232,False,0.0,1609505.33818838
1779965749.7682695,BUY_YES,379.82,0.51,0.51,0.0,0.0,0.13891383394201917,73295.36736451232,False,0.0,1609496.5750630843
1779965749.9965801,BUY_YES,339.58,0.52,0.52,0.0,0.0,0.12844807382724077,73295.36736451232,False,0.0,1609485.3487029881
1779965750.0382502,BUY_YES,230.58,0.53,0.53,0.0,0.0,0.11867353005236836,73295.36736451232,False,0.0,1609475.4187045724
1779965750.1166322,BUY_YES,330.29,0.54,0.54,0.0,0.0,0.1089206513382589,73295.36736451232,False,0.0,1609457.9213839804
1779965750.1568475,BUY_YES,382.34,0.55,0.55,0.0,0.0,0.09911601062304909,73295.36736451232,False,0.0,1609433.8727851803
1779965750.1952994,BUY_YES,397.11,0.56,0.56,0.0,0.0,0.08931432744499956,73295.36736451232,False,0.0,1609404.9566860923
1779965750.2382622,BUY_YES,184.0,0.57,0.57,0.0,0.0,0.07952422050857721,73295.36736451232,False,0.0,1609389.7196012922
1779965750.2777317,BUY_YES,194.49,0.58,0.58,0.0,0.0,0.06968091668097054,73295.36736451232,False,0.0,1609371.691652284
1779965750.3214064,BUY_YES,214.0,0.59,0.59,0.0,0.0,0.05983018533096629,73295.36736451232,False,0.0,1609349.744457084
1779965750.3675523,BUY_YES,555.6,0.6,0.6,0.0,0.0,0.04997208944446474,73295.36736451232,False,0.0,1609287.331689084
1779965752.557598,BUY_YES,324.65,0.51,0.51,0.0,0.0,0.13592062683292572,73295.36736451232,False,0.0,1609279.837076564
1779965752.5978296,BUY_YES,317.58,0.52,0.52,0.0,0.0,0.125920765849711,73295.36736451232,False,0.0,1609269.336082868
1779965752.6352446,BUY_YES,195.58,0.53,0.53,0.0,0.0,0.11612057972172529,73295.36736451232,False,0.0,1609260.908816452
1779965752.6701689,BUY_YES,285.29,0.54,0.54,0.0,0.0,0.10631088558094925,73295.36736451232,False,0.0,1609245.79131186
1779965752.7108536,BUY_YES,367.34,0.55,0.55,0.0,0.0,0.09653598928411378,73295.36736451232,False,0.0,1609222.6850130602
1779965752.7543988,BUY_YES,367.11,0.56,0.56,0.0,0.0,0.08677411241754174,73295.36736451232,False,0.0,1609195.951137972
1779965759.6147957,BUY_YES,301.68,0.51,0.51,0.0,0.0,0.12765278343222153,73295.36736451232,False,0.0,1609188.9846700681
1779965760.4949374,BUY_YES,330.5,0.52,0.52,0.0,0.0,0.11769021890770925,73295.36736451232,False,0.0,1609178.0576884681
1779965765.541578,BUY_YES,98.23000000000002,0.51,0.51,0.0,0.0,0.11915816763413645,73295.36736451232,False,0.0,1609175.769105724
1779965766.2228754,BUY_YES,145.99999999999994,0.51,0.51,0.0,0.0,0.11792978592511938,73295.36736451232,False,0.0,1609172.382156924
1779965768.6199274,BUY_YES,691.62,0.51,0.51,0.0,0.0,0.11747892092904866,73295.36736451232,False,0.0,1609156.449876588
1779965768.657528,BUY_YES,287.5,0.52,0.52,0.0,0.0,0.10779208519484751,73295.36736451232,False,0.0,1609146.9406565882
1779965768.6968625,BUY_YES,230.58,0.53,0.53,0.0,0.0,0.09811671329396499,73295.36736451232,False,0.0,1609137.0106581724
1779965768.7362428,BUY_YES,270.29,0.54,0.54,0.0,0.0,0.08842741769935636,73295.36736451232,False,0.0,1609122.6864255804
1779965768.9191127,BUY_YES,710.81,0.51,0.51,0.0,0.0,0.11937269565630149,73295.36736451232,False,0.0,1609106.3129134125
1779965768.9591615,BUY_YES,287.5,0.52,0.52,0.0,0.0,0.10959133099677332,73295.36736451232,False,0.0,1609096.8036934126
1779965769.1080434,BUY_YES,235.58,0.53,0.53,0.0,0.0,0.10040654335888566,73295.36736451232,False,0.0,1609086.6590189966
1779965769.148945,BUY_YES,270.29,0.54,0.54,0.0,0.0,0.09073414818975789,73295.36736451232,False,0.0,1609072.3347864046
1779965770.0409691,BUY_YES,111.0200000000001,0.51,0.51,0.0,0.0,0.12637577226548846,73295.36736451232,False,0.0,1609069.7521257487
1779965770.4224114,BUY_YES,847.86,0.51,0.51,0.0,0.0,0.1282762798015361,73295.36736451232,False,0.0,1609050.2274503405
1779965770.4643273,BUY_YES,287.5,0.52,0.52,0.0,0.0,0.11854496094187472,73295.36736451232,False,0.0,1609040.7182303406
1779965770.5036323,BUY_YES,250.58,0.53,0.53,0.0,0.0,0.1088695506756645,73295.36736451232,False,0.0,1609029.9295279246
1779965770.5420592,BUY_YES,275.29,0.54,0.54,0.0,0.0,0.0992119128591682,73295.36736451232,False,0.0,1609015.3408713327
1779965770.7335706,BUY_YES,319.0,0.55,0.55,0.0,0.0,0.09070998187286072,73295.36736451232,False,0.0,1608995.2712913326
1779965770.7731893,BUY_YES,367.11,0.56,0.56,0.0,0.0,0.08104538729318111,73295.36736451232,False,0.0,1608968.5374162444
1779965770.8115535,BUY_YES,184.0,0.57,0.57,0.0,0.0,0.07138941347915384,73295.36736451232,False,0.0,1608953.3003314442
1779965770.853464,BUY_YES,194.0,0.58,0.58,0.0,0.0,0.061758321948520156,73295.36736451232,False,0.0,1608935.3177266445
1779965772.9298444,BUY_YES,99.0,0.51,0.51,0.0,0.0,0.1430939936152591,73295.36736451232,False,0.0,1608933.0114394443
1779965773.7009816,BUY_YES,115.0,0.51,0.51,0.0,0.0,0.14633985950079942,73295.36736451232,False,0.0,1608930.3372674442
1779965774.3260357,BUY_YES,874.74,0.51,0.51,0.0,0.0,0.14928288432718273,73295.36736451232,False,0.0,1608910.1945455722
1779965774.4243097,BUY_YES,311.5,0.52,0.52,0.0,0.0,0.13983075357801955,73295.36736451232,False,0.0,1608899.8940167723
1779965774.4926178,BUY_YES,265.58,0.53,0.53,0.0,0.0,0.13020015587297062,73295.36736451232,False,0.0,1608888.4612863562
1779965774.7879205,BUY_YES,275.29,0.54,0.54,0.0,0.0,0.12172626347388105,73295.36736451232,False,0.0,1608873.8726297643
1779965778.3504593,BUY_YES,101.0,0.51,0.51,0.0,0.0,0.16524594662366898,73295.36736451232,False,0.0,1608871.520356964
1779965778.4216533,BUY_YES,828.54,0.51,0.51,0.0,0.0,0.1652540288091836,73295.36736451232,False,0.0,1608852.439902452
1779965778.4643853,BUY_YES,311.5,0.52,0.52,0.0,0.0,0.15547927710115783,73295.36736451232,False,0.0,1608842.1393736522
1779965778.5013294,BUY_YES,295.58,0.53,0.53,0.0,0.0,0.1457509120180318,73295.36736451232,False,0.0,1608829.418587236
1779965778.605108,BUY_YES,275.29,0.54,0.54,0.0,0.0,0.13644770325304934,73295.36736451232,False,0.0,1608814.829930644
1779965778.7681653,BUY_YES,319.0,0.55,0.55,0.0,0.0,0.12741442967076122,73295.36736451232,False,0.0,1608794.760350644
1779965778.8008082,BUY_YES,367.11,0.56,0.56,0.0,0.0,0.1176589484915821,73295.36736451232,False,0.0,1608768.0264755557
1779965779.1805422,BUY_YES,189.0,0.57,0.57,0.0,0.0,0.10991588007870301,73295.36736451232,False,0.0,1608752.3761547557
1779965779.216794,BUY_YES,199.0,0.58,0.58,0.0,0.0,0.10016299275244478,73295.36736451232,False,0.0,1608733.930853956
1779965779.2509413,BUY_YES,214.0,0.59,0.59,0.0,0.0,0.0904178225086989,73295.36736451232,False,0.0,1608711.9836587557
1779965779.2883692,BUY_YES,560.6,0.6,0.6,0.0,0.0,0.08070682812977892,73295.36736451232,False,0.0,1608649.0094907559
1779965779.330673,BUY_YES,278.0,0.61,0.61,0.0,0.0,0.07105550615838618,73295.36736451232,False,0.0,1608615.0276843559
1779965779.3760295,BUY_YES,476.0,0.62,0.62,0.0,0.0,0.06141576302534113,73295.36736451232,False,0.0,1608552.1832011559
1779965780.0070622,BUY_YES,100.23000000000002,0.51,0.51,0.0,0.0,0.17506950950728462,73295.36736451232,False,0.0,1608549.8486328118
1779965780.0467584,BUY_YES,447.0,0.63,0.63,0.0,0.0,0.05526835893467197,73295.36736451232,False,0.0,1608486.441542412
1779965780.691685,BUY_YES,852.78,0.51,0.51,0.0,0.0,0.17833208403048884,73295.36736451232,False,0.0,1608314.2429924277
1779965780.7308788,BUY_YES,311.5,0.52,0.52,0.0,0.0,0.16850028918543003,73295.36736451232,False,0.0,1608302.3849636277
1779965780.7664754,BUY_YES,298.58,0.53,0.53,0.0,0.0,0.15871133305465768,73295.36736451232,False,0.0,1608288.0424716116
1779965783.4553065,SELL_YES,1253.37,0.7386011313498808,0.74,18.90363040701592,18.90363040701592,0.030699895620677764,73295.36736451232,True,226.65441066154506,1615887.5155702175
1779965784.7067013,SELL_YES,1220.7,0.7385623822396986,0.74,19.427267031099724,19.427267031099724,0.026910401645010462,73295.36736451232,True,220.69679064074842,1615862.6565895607
1779965786.720153,SELL_YES,89.61000000000001,0.7392623591117063,0.74,9.96812011207628,9.96812011207628,0.022185432440855246,73295.36736451232,True,16.238149616939005,1615860.8688092472
1779965787.4944925,SELL_YES,69.20000000000005,0.74,0.74,0.0,0.0,0.02173659531779981,73295.36736451232,True,12.585644594880122,1615859.5341954872
1779965787.8425064,SELL_YES,1147.85,0.738530034412162,0.74,19.864399835648143,19.864399835648143,0.020117841964022554,73295.36736451232,True,207.48565867421144,1615836.1185744987
1779965828.0269194,BUY_YES,150.68235642696527,0.7586421767959332,0.75,115.2290239457754,115.2290239457754,0.03062379215542188,73295.36736451232,False,0.0,1615832.04641768
1779965828.1596012,BUY_YES,328.58,0.7593773205916368,0.75,125.03094122182348,125.03094122182348,0.03025433505749653,73295.36736451232,False,0.0,1615822.969491205
1779965841.456831,BUY_YES,81.71426847526891,0.76,0.76,0.0,0.0,0.03827280161266011,73295.36736451232,False,0.0,1616099.665406282
1779965841.49057,BUY_YES,241.2444438917555,0.76,0.76,0.0,0.0,0.03845431954994516,73295.36736451232,False,0.0,1616095.2609690297
1779965841.5243323,BUY_YES,240.94751507051842,0.76,0.76,0.0,0.0,0.03863564201897596,73295.36736451232,False,0.0,1616090.8619159285
1779965841.558356,BUY_YES,233.26198505769207,0.7664651860206856,0.76,85.06823711428389,85.06823711428389,0.032345996794812204,73295.36736451232,False,0.0,1616085.1513054778
1779965841.6230445,BUY_YES,386.9358802082388,0.76974155924763,0.76,128.1784111530261,128.1784111530261,0.029360802661619778,73295.36736451232,False,0.0,1616074.47948434
1779965841.8979845,BUY_YES,261.55590729652624,0.7696176725617341,0.76,126.54832318071144,126.54832318071144,0.030524220874966423,73295.36736451232,False,0.0,1616067.287108798
1779965843.4328897,BUY_YES,86.53000000000009,0.7615636195539119,0.76,20.57394149884122,20.57394149884122,0.04129713561579873,73295.36736451232,False,0.0,1616065.5578584783
1779965843.5669165,BUY_YES,69.0,0.76,0.76,0.0,0.0,0.04297469642297025,73295.36736451232,False,0.0,1616064.2766952782
1779965844.4272118,BUY_YES,73.57000000000005,0.7636115264374066,0.76,47.52008470271825,47.52008470271825,0.040431474073992946,73295.36736451232,False,0.0,1616062.6569820803
1779965845.660676,BUY_YES,68.73000000000002,0.7601062127164266,0.76,1.397535742455719,1.397535742455719,0.04400334233123371,73295.36736451232,False,0.0,1616061.3736881039
1779965846.1153333,BUY_YES,75.5,0.7608609271523179,0.76,11.32798884628805,11.32798884628805,0.04401171134551307,73295.36736451232,False,0.0,1616059.9120993332
1779965846.798815,BUY_YES,1484.87,0.7654106420090648,0.76,71.19265801401086,71.19265801401086,0.04084412682849614,73295.36736451232,False,0.0,1616025.227075115
1779965848.1340199,BUY_YES,72.97000000000003,0.7609565574893792,0.76,12.586282754989115,12.586282754989115,0.04820593785617,73295.36736451232,False,0.0,1616023.8067428183
1779965849.802338,BUY_YES,1360.65,0.765653915408077,0.76,74.39362379048718,74.39362379048718,0.04616463170850793,73295.36736451232,False,0.0,1615991.7025060994
1779965851.0769885,BUY_YES,169.85000000000008,0.778430968501619,0.77,109.49309742362274,109.49309742362274,0.03652349259861498,73295.36736451232,False,0.0,1615985.583510206
1779965854.411398,SELL_YES,773.83,0.8469409301784628,0.85,35.98905672396637,35.98905672396637,0.021706607808989697,73295.36736451232,True,199.13210845073905,1619244.9038509517
1779965855.8790634,SELL_YES,82.27000000000001,0.849116324298043,0.85,10.396184728906126,10.396184728906126,0.021753324446344036,73295.36736451232,True,21.33192633061128,1619243.6309028973
1779965856.8344576,SELL_YES,66.0,0.85,0.85,0.0,0.0,0.021530052557431678,73295.36736451232,True,17.16857617377594,1619242.665022897
1779965856.9751055,SELL_YES,756.05,0.8471307453210767,0.85,33.75593739909758,33.75593739909758,0.01870185340185815,73295.36736451232,True,194.7067171880937,1619229.6360493249
1779965857.7279372,SELL_YES,65.5,0.8553435114503817,0.86,54.14521569323615,54.14521569323615,0.02602612869983345,73295.36736451232,True,17.406058586523756,1619538.8894575455
1779965858.1042001,SELL_YES,64.97999999999999,0.8469252077562327,0.85,36.17402639726208,36.17402639726208,0.017168556655914546,73295.36736451232,True,16.692954309276153,1619537.0784154583
1779965859.2717245,SELL_YES,61.43000000000001,0.86,0.86,0.0,0.0,0.029783639320491995,73295.36736451232,True,16.623408081985694,1619536.2087410744
1779965860.1386397,SELL_YES,358.09000000000003,0.8525532687313244,0.86,86.58989847297171,86.58989847297171,0.023439143416393193,73295.36736451232,True,94.243247922893,1619528.480673675
1779965861.265351,SELL_YES,323.68,0.8533990360850223,0.86,76.7553943602054,76.7553943602054,0.023395368093300006,73295.36736451232,True,85.47190624060099,1619521.7800106076
1779965861.8543067,SELL_YES,63.030000000000015,0.86,0.86,0.0,0.0,0.0304737681485453,73295.36736451232,True,17.05716118195602,1619520.8884661435
1779965864.6609013,SELL_YES,351.71000000000004,0.8546359216399874,0.86,62.37300418619331,62.37300418619331,0.02218408977842179,73295.36736451232,True,93.33339153075886,1619514.0673397821
1779965865.40684,SELL_YES,125.0,0.86,0.86,0.0,0.0,0.025618957006187326,73295.36736451232,True,33.85696093518169,1619512.328739782
1779965865.7484417,SELL_YES,452.71000000000004,0.8558326522497844,0.86,48.45753197925052,48.45753197925052,0.020832928236754422,73295.36736451232,True,120.71389340824396,1619504.1269020627
1779965868.141786,SELL_YES,428.71000000000004,0.8555993562081592,0.86,51.170276649311596,51.170276649311596,0.018452586215177758,73295.36736451232,True,114.20762859850353,1619496.253147233
1779965869.9374516,SELL_YES,423.51,0.8555453236051097,0.86,51.7985627312823,51.7985627312823,0.014984006867032384,73295.36736451232,True,112.79793836312948,1619488.450477503
1779965900.6943204,BUY_YES,174.08740096239126,0.8700000000000001,0.87,1.2761184191093752e-12,1.2761184191093752e-12,0.02263048838193238,73295.36736451232,False,0.0,1619486.1324119747
1779965900.727961,BUY_YES,228.16166231680836,0.87,0.87,0.0,0.0,0.02273671835197899,73295.36736451232,False,0.0,1619483.1036376143
1779965900.760822,BUY_YES,221.02895874688693,0.87,0.87,0.0,0.0,0.02283963162340663,73295.36736451232,False,0.0,1619480.1686098038
1779965900.7957127,BUY_YES,228.96220226633886,0.8708765736918044,0.87,10.07555967591245,10.07555967591245,0.022069664197088668,73295.36736451232,False,0.0,1619476.9393176266
1779965900.8938673,BUY_YES,598.0189004735439,0.8799163906024369,0.87,113.98150117743535,113.98150117743535,0.013308266777051103,73295.36736451232,False,0.0,1619463.4394411165
1779965901.515127,BUY_YES,64.12087523403068,0.874594584076793,0.87,52.81131122750608,52.81131122750608,0.01999679679020283,73295.36736451232,False,0.0,1619462.2878730907
1779965902.291054,BUY_YES,58.539999999999964,0.8728442090878032,0.87,32.69205848049714,32.69205848049714,0.023274844779717085,73295.36736451232,False,0.0,1619461.330875379
1779965905.5413034,BUY_YES,60.63999999999987,0.8753265171503959,0.87,61.22433506202176,61.22433506202176,0.026701010086145338,73295.36736451232,False,0.0,1619460.1982050445
1779965906.4866333,BUY_YES,1514.73,0.8742420101272173,0.87,48.758737094451206,48.758737094451206,0.029355117077986548,73295.36736451232,False,0.0,1619434.178618855
1779965907.7497435,BUY_YES,64.99000000000001,0.8715371595630098,0.87,17.668500724250755,17.668500724250755,0.03420978982859646,73295.36736451232,False,0.0,1619433.1998760155
1779965907.7860405,BUY_YES,220.8,0.8895471014492755,0.88,108.48978919631259,108.48978919631259,0.01627010770209003,73295.36736451232,False,0.0,1619426.1878882365
1779965908.3979802,BUY_YES,61.0,0.8716393442622951,0.87,18.843037497644385,18.843037497644385,0.03499892959461559,73295.36736451232,False,0.0,1619425.2614928395
1779965910.1359704,BUY_YES,64.0,0.87,0.87,0.0,0.0,0.02925643509252296,73295.36736451232,False,0.0,1619424.3903280396
1779965978.7404325,BUY_YES,322.03,0.23000000000000004,0.23,1.206764157201257e-12,1.206764157201257e-12,0.16173838831953014,73295.36736451232,False,0.0,1599008.6136009903
1779965980.6409554,BUY_YES,350.03,0.23,0.23,0.0,0.0,0.15588216106076078,73295.36736451232,False,0.0,1599002.3701484543
1779965983.0356414,BUY_YES,381.03,0.23,0.23,0.0,0.0,0.14700242145294604,73295.36736451232,False,0.0,1598995.5764087182
1779965984.2987573,BUY_YES,356.03,0.23,0.23,0.0,0.0,0.14277783821267861,73295.36736451232,False,0.0,1598989.2264489823
1779965985.7573833,BUY_YES,420.03,0.23,0.23,0.0,0.0,0.1373639960459415,73295.36736451232,False,0.0,1598981.7404124462
1779965987.7350519,BUY_YES,409.03,0.23,0.23,0.0,0.0,0.12364703753024256,73295.36736451232,False,0.0,1598974.4496391104
1779965988.818797,BUY_YES,381.03,0.23,0.23,0.0,0.0,0.11535483807003746,73295.36736451232,False,0.0,1598967.6558993743
1779966001.106061,BUY_YES,253.5,0.21,0.21,0.0,0.0,0.11460296203138479,73285.93146641892,False,0.0,1598273.1327454455
1779966001.943378,BUY_YES,342.5,0.21,0.21,0.0,0.0,0.12056460580757375,73285.93146641892,False,0.0,1598267.2991514455
1779966005.23441,BUY_YES,411.5,0.21,0.21,0.0,0.0,0.136738325075183,73285.93146641892,False,0.0,1598260.2963662455
1779966006.0690637,BUY_YES,270.0,0.21,0.21,0.0,0.0,0.1388433791903869,73285.93146641892,False,0.0,1598255.6912702455
1779966006.2598865,BUY_YES,629.5,0.21,0.21,0.0,0.0,0.13992371236710707,73285.93146641892,False,0.0,1598244.9945186453
1779966007.4016566,BUY_YES,605.5,0.21,0.21,0.0,0.0,0.1415990372651786,73285.93146641892,False,0.0,1598234.7044422454
1779966008.4294744,BUY_YES,598.02,0.21,0.21,0.0,0.0,0.14256944397490443,73285.93146641892,False,0.0,1598224.5411129494
1779966009.8321037,BUY_YES,502.5,0.21,0.21,0.0,0.0,0.1428152969005735,73285.93146641892,False,0.0,1598215.9963509494
1779966010.9772325,BUY_YES,628.86,0.21,0.21,0.0,0.0,0.14261843080484435,73285.93146641892,False,0.0,1598205.3104440216
1779966012.9272976,BUY_YES,558.73,0.21,0.21,0.0,0.0,0.14324657608269373,73285.93146641892,False,0.0,1598195.8128759176
1779966014.00839,BUY_YES,652.73,0.20999999999999996,0.21,-1.3216940769347101e-12,-1.3216940769347101e-12,0.14379003708087623,73285.93146641892,False,0.0,1598184.7224966136
1779966016.0462136,BUY_YES,670.79,0.21,0.21,0.0,0.0,0.14516063640071755,73285.93146641892,False,0.0,1598173.3260942216
1779966017.377148,BUY_YES,618.11,0.21,0.21,0.0,0.0,0.14750545467028578,73285.93146641892,False,0.0,1598162.8223438936
1779966018.485315,BUY_YES,564.11,0.21,0.21,0.0,0.0,0.14950192424324085,73285.93146641892,False,0.0,1598153.2336127656
1779966021.6447856,BUY_YES,445.19,0.21,0.21,0.0,0.0,0.1512362222244044,73285.93146641892,False,0.0,1598145.6599572536
1779966023.5844135,BUY_YES,462.77,0.21,0.21,0.0,0.0,0.15407372666318406,73285.93146641892,False,0.0,1598137.7884121577
1779966025.3991013,BUY_YES,590.56,0.21,0.21,0.0,0.0,0.15355123070673168,73285.93146641892,False,0.0,1598127.7514910698
1779966026.7611103,BUY_YES,431.21,0.21,0.21,0.0,0.0,0.1550165803480121,73285.93146641892,False,0.0,1598120.4147238617
1779966030.9709306,BUY_YES,459.21,0.21,0.21,0.0,0.0,0.1481034213932578,73285.93146641892,False,0.0,1596565.422469779
1779966033.2447054,BUY_YES,281.06,0.21,0.21,0.0,0.0,0.14446473628869447,73285.93146641892,False,0.0,1597662.9486732015
1779965992.4203455,SETTLE_YES,44486.23235642698,0.0,0.0,0.0,0.0,0.0,73285.93146641892,False,-22250.73381139796,1588988.1333636981
1779966049.277714,BUY_NO,112.04,0.52,0.52,0.0,0.0,0.03748662716683082,73276.24544008938,False,0.0,1588985.5296704501
1779966051.4246054,BUY_NO,120.99999999999999,0.52,0.52,0.0,0.0,0.03916653519706914,73276.24544008938,False,0.0,1588982.72015525
1779966052.6742022,BUY_NO,274.22,0.52,0.52,0.0,0.0,0.04341541779134106,73276.24544008938,False,0.0,1588976.390992786
1779966052.8940845,BUY_NO,269.1266491645616,0.53,0.53,0.0,0.0,0.03465141120917492,73276.24544008938,False,0.0,1588967.4972527705
1779966062.2041028,BUY_NO,115.02,0.52,0.52,0.0,0.0,0.061538383421065435,73276.24544008938,False,0.0,1588964.8251053463
1779966062.2437284,BUY_NO,174.0,0.53,0.53,0.0,0.0,0.05187808565118779,73276.24544008938,False,0.0,1588959.0643805463
1779966062.28177,BUY_NO,178.0,0.54,0.54,0.0,0.0,0.04228385837596749,73276.24544008938,False,0.0,1588951.4008861464
1779966062.4464593,BUY_NO,143.54492231305244,0.55,0.55,0.0,0.0,0.03384019975392172,73276.24544008938,False,0.0,1588943.78884335
1779966062.4916239,BUY_NO,115.95507768694756,0.55,0.55,0.0,0.0,0.03425013354319306,73276.24544008938,False,0.0,1588937.6340961466
1779966064.0437682,BUY_NO,98.82231162183007,0.56,0.56,0.0,0.0,0.03333582004732483,73276.24544008938,False,0.0,1588931.4039052573
1779966064.083102,BUY_NO,189.22768837816994,0.56,0.56,0.0,0.0,0.03368534753816499,73276.24544008938,False,0.0,1588919.5016087065
1779966064.6959772,BUY_NO,98.47,0.53,0.53,0.0,0.0,0.06779993681551988,73276.24544008938,False,0.0,1588925.6756128082
1779966064.7414489,BUY_NO,178.0,0.54,0.54,0.0,0.0,0.05807010722628725,73276.24544008938,False,0.0,1588918.9021184084
1779966064.7811055,BUY_NO,259.5,0.55,0.55,0.0,0.0,0.04841486449585708,73276.24544008938,False,0.0,1588906.4628284082
1779966064.8166683,BUY_NO,288.05,0.56,0.56,0.0,0.0,0.03876722289782808,73276.24544008938,False,0.0,1588889.8005909682
1779966072.6756635,BUY_NO,100.71000000000001,0.53,0.53,0.0,0.0,0.09118749666407555,73276.24544008938,False,0.0,1588900.535670222
1779966072.7177885,BUY_NO,100.94999999999999,0.54,0.54,0.0,0.0,0.08158950799407749,73276.24544008938,False,0.0,1588897.185949662
1779966074.4060247,BUY_NO,239.3,0.5700000000000001,0.5700000000000001,0.0,0.0,0.05971774304582533,73276.24544008938,False,0.0,1588882.164474702
1779966074.4544272,BUY_NO,265.3,0.5800000000000001,0.5800000000000001,0.0,0.0,0.05017989817844093,73276.24544008938,False,0.0,1588862.889824942
1779966074.523697,BUY_NO,377.4,0.5900000000000001,0.5900000000000001,0.0,0.0,0.04082168452975321,73276.24544008938,False,0.0,1588831.755724622
1779966080.133682,BUY_NO,227.85,0.53,0.53,0.0,0.0,0.10782318037946625,73276.24544008938,False,0.0,1588826.499939302
1779966080.180502,BUY_NO,278.95,0.54,0.54,0.0,0.0,0.09813043271027366,73276.24544008938,False,0.0,1588817.296724342
1779966080.2262628,BUY_NO,289.5,0.55,0.55,0.0,0.0,0.08854439101011224,73276.24544008938,False,0.0,1588804.8703343421
1779966081.5932534,BUY_NO,245.32,0.53,0.53,0.0,0.0,0.11345058334315938,73276.24544008938,False,0.0,1588799.2138710779
1779966081.6313396,BUY_NO,278.95,0.54,0.54,0.0,0.0,0.10362686643691521,73276.24544008938,False,0.0,1588790.010656118
1779966081.6684444,BUY_NO,289.5,0.55,0.55,0.0,0.0,0.09394109812062645,73276.24544008938,False,0.0,1588777.584266118
1779966081.7090724,BUY_NO,313.05,0.56,0.56,0.0,0.0,0.08428874180839596,73276.24544008938,False,0.0,1588761.043758678
1779966081.752696,BUY_NO,274.3,0.5700000000000001,0.5700000000000001,0.0,0.0,0.07465057882974135,73276.24544008938,False,0.0,1588743.829631718
1779966081.795834,BUY_NO,295.3,0.5800000000000001,0.5800000000000001,0.0,0.0,0.06499144547513924,73276.24544008938,False,0.0,1588722.378805958
1779966081.8320684,BUY_NO,427.4,0.5900000000000001,0.5900000000000001,0.0,0.0,0.05526795708273946,73276.24544008938,False,0.0,1588687.123865638
1779966082.6152873,BUY_NO,97.0,0.53,0.53,0.0,0.0,0.11863339534579787,73276.24544008938,False,0.0,1588684.869151238
1779966082.6627576,BUY_NO,391.4,0.6,0.6,0.0,0.0,0.04879870012566878,73276.24544008938,False,0.0,1588648.7207592377
1779966082.7010436,BUY_NO,450.84,0.61,0.61,0.0,0.0,0.03902320709757434,73276.24544008938,False,0.0,1588602.6470110458
1779966084.4468806,BUY_NO,160.21708165524797,0.62,0.62,0.0,0.0,0.034987624408050144,73276.24544008938,False,0.0,1588584.678593889
1779966084.4957702,BUY_NO,102.27291834475204,0.62,0.62,0.0,0.0,0.03528943096255166,73276.24544008938,False,0.0,1588573.1977906777
1779966086.4393334,BUY_NO,197.43,0.53,0.53,0.0,0.0,0.12731167553603384,73276.24544008938,False,0.0,1588568.6396941417
1779966086.482553,BUY_NO,243.95,0.54,0.54,0.0,0.0,0.11743988015062179,73276.24544008938,False,0.0,1588560.5874471816
1779966086.5236275,BUY_NO,259.5,0.55,0.55,0.0,0.0,0.10774757102023724,73276.24544008938,False,0.0,1588549.4456571816
1779966086.562819,BUY_NO,283.05,0.56,0.56,0.0,0.0,0.0980400509822077,73276.24544008938,False,0.0,1588534.4873737416
1779966086.603164,BUY_NO,244.3,0.5700000000000001,0.5700000000000001,0.0,0.0,0.08832687077666534,73276.24544008938,False,0.0,1588519.1526627815
1779966086.6405592,BUY_NO,265.3,0.5800000000000001,0.5800000000000001,0.0,0.0,0.07857448328859662,73276.24544008938,False,0.0,1588499.8780130215
1779966086.6760879,BUY_NO,347.4,0.5900000000000001,0.5900000000000001,0.0,0.0,0.06879809759426925,73276.24544008938,False,0.0,1588471.2164167014
1779966088.7532825,BUY_NO,341.4,0.6,0.6,0.0,0.0,0.061599289626633635,73276.24544008938,False,0.0,1588439.6820247013
1779966088.7922857,BUY_NO,375.84,0.61,0.61,0.0,0.0,0.05187184999004646,73276.24544008938,False,0.0,1588401.2679365093
1779966088.8344452,BUY_NO,267.49,0.62,0.62,0.0,0.0,0.04218046109215601,73276.24544008938,False,0.0,1588371.2889001411
1779966093.8042126,BUY_NO,151.65,0.53,0.53,0.0,0.0,0.13782843430342928,73276.24544008938,False,0.0,1588367.7807770614
1779966093.845572,BUY_NO,258.95,0.54,0.54,0.0,0.0,0.12796476271569823,73276.24544008938,False,0.0,1588359.2352581013
1779966093.8828557,BUY_NO,259.5,0.55,0.55,0.0,0.0,0.118245963891775,73276.24544008938,False,0.0,1588348.093468101
1779966093.9255462,BUY_NO,283.05,0.56,0.56,0.0,0.0,0.10855406145775903,73276.24544008938,False,0.0,1588333.135184661
1779966093.9977317,BUY_NO,244.3,0.5700000000000001,0.5700000000000001,0.0,0.0,0.09904540746709678,73276.24544008938,False,0.0,1588317.800473701
1779966094.0546565,BUY_NO,265.3,0.5800000000000001,0.5800000000000001,0.0,0.0,0.08940432828058564,73276.24544008938,False,0.0,1588298.525823941
1779966094.1074495,BUY_NO,362.4,0.5900000000000001,0.5900000000000001,0.0,0.0,0.07971964943069343,73276.24544008938,False,0.0,1588268.627975621
1779966096.6581404,BUY_NO,145.65,0.53,0.53,0.0,0.0,0.14107049552135442,73276.24544008938,False,0.0,1588265.257463741
1779966096.7070665,BUY_NO,238.95,0.54,0.54,0.0,0.0,0.13110969080495805,73276.24544008938,False,0.0,1588257.369640781
1779966096.7594042,BUY_NO,259.5,0.55,0.55,0.0,0.0,0.12139962457840925,73276.24544008938,False,0.0,1588246.227850781
1779966096.8157942,BUY_NO,283.05,0.56,0.56,0.0,0.0,0.11175894214864268,73276.24544008938,False,0.0,1588231.2695673408
1779966096.8726406,BUY_NO,244.3,0.5700000000000001,0.5700000000000001,0.0,0.0,0.10211489368440096,73276.24544008938,False,0.0,1588215.9348563808
1779966096.9337857,BUY_NO,265.3,0.5800000000000001,0.5800000000000001,0.0,0.0,0.0924717309677523,73276.24544008938,False,0.0,1588196.6602066208
1779966096.9842818,BUY_NO,362.4,0.5900000000000001,0.5900000000000001,0.0,0.0,0.08275093371716191,73276.24544008938,False,0.0,1588166.7623583009
1779966097.1353626,BUY_NO,353.4,0.6,0.6,0.0,0.0,0.07357284322071689,73276.24544008938,False,0.0,1588134.1206063007
1779966097.2253575,BUY_NO,405.84,0.61,0.61,0.0,0.0,0.06404230996169191,73276.24544008938,False,0.0,1588092.6426541088
1779966099.4701273,BUY_NO,111.21,0.53,0.53,0.0,0.0,0.14590056043990707,73276.24544008938,False,0.0,1588090.0620305168
1779966099.5299203,BUY_NO,238.95,0.54,0.54,0.0,0.0,0.13591943096175474,73276.24544008938,False,0.0,1588082.1742075568
1779966099.5869727,BUY_NO,259.5,0.55,0.55,0.0,0.0,0.12613328125826118,73276.24544008938,False,0.0,1588071.0324175567
1779966099.6381006,BUY_NO,283.05,0.56,0.56,0.0,0.0,0.11640145099113386,73276.24544008938,False,0.0,1588056.0741341165
1779966099.6893423,BUY_NO,244.3,0.5700000000000001,0.5700000000000001,0.0,0.0,0.10669855362820213,73276.24544008938,False,0.0,1588040.7394231565
1779966099.7375634,BUY_NO,265.3,0.5800000000000001,0.5800000000000001,0.0,0.0,0.09696296021241024,73276.24544008938,False,0.0,1588021.4647733965
1779966099.787735,BUY_NO,370.4,0.5900000000000001,0.5900000000000001,0.0,0.0,0.08722571286949798,73276.24544008938,False,0.0,1587990.9075906766
1779966099.8397985,BUY_NO,363.4,0.6,0.6,0.0,0.0,0.07749687947084083,73276.24544008938,False,0.0,1587957.3430386768
1779966099.891379,BUY_NO,405.84,0.61,0.61,0.0,0.0,0.06775592600317648,73276.24544008938,False,0.0,1587915.8650864847
1779966099.9441648,BUY_NO,267.49,0.62,0.62,0.0,0.0,0.058014218147877106,73276.24544008938,False,0.0,1587885.8860501167
1779966099.9994211,BUY_NO,374.26,0.63,0.63,0.0,0.0,0.04826673070870813,73276.24544008938,False,0.0,1587840.2774696848
1779966103.9497228,BUY_NO,195.88,0.54,0.54,0.0,0.0,0.13901701659522503,73276.24544008938,False,0.0,1587925.8523283065
1779966104.0025175,BUY_NO,195.88,0.54,0.54,0.0,0.0,0.13896248130504008,73276.24544008938,False,0.0,1587920.3602536824
1779966104.0530903,BUY_NO,259.5,0.55,0.55,0.0,0.0,0.1292560973814083,73276.24544008938,False,0.0,1587910.5159636824
1779966104.106564,BUY_NO,283.05,0.56,0.56,0.0,0.0,0.1196177110431692,73276.24544008938,False,0.0,1587896.9729302423
1779966104.1558824,BUY_NO,244.3,0.5700000000000001,0.5700000000000001,0.0,0.0,0.1099287812117068,73276.24544008938,False,0.0,1587882.8597192822
1779966104.203136,BUY_NO,265.3,0.5800000000000001,0.5800000000000001,0.0,0.0,0.10020528468801904,73276.24544008938,False,0.0,1587864.9115695222
1779966104.2522817,BUY_NO,385.4,0.5900000000000001,0.5900000000000001,0.0,0.0,0.09047634513365765,73276.24544008938,False,0.0,1587935.2586180482
1779966104.303516,BUY_NO,363.4,0.6,0.6,0.0,0.0,0.0807551618936364,73276.24544008938,False,0.0,1587905.3280660482
1779966104.3578753,BUY_NO,420.84,0.61,0.61,0.0,0.0,0.07103800506742142,73276.24544008938,False,0.0,1587866.5265818562
1779966104.4190428,BUY_NO,267.49,0.62,0.62,0.0,0.0,0.06134634614986412,73276.24544008938,False,0.0,1587839.222445488
1779966104.4698274,BUY_NO,344.26,0.63,0.63,0.0,0.0,0.05157993734079491,73276.24544008938,False,0.0,1587800.709961056
1779966106.9939134,BUY_NO,450.62,0.37,0.37,0.0,0.0,0.29795354911714556,73276.24544008938,False,0.0,1584146.287285114
1779966107.0423594,BUY_NO,378.32,0.37999999999999995,0.38,-1.4608197692436272e-12,-1.4608197692436272e-12,0.28771393518831806,73276.24544008938,False,0.0,1584134.16496729
1779966107.083887,BUY_NO,403.81,0.39,0.39,0.0,0.0,0.27754722436403034,73276.24544008938,False,0.0,1584117.1229365622
1779966107.1317713,BUY_NO,324.77,0.39999999999999997,0.4,-1.3877787807814457e-12,-1.3877787807814457e-12,0.26739247965162477,73276.24544008938,False,0.0,1584100.113960962
1779966107.1768558,BUY_NO,2526.29,0.41000000000000003,0.41000000000000003,0.0,0.0,0.25726176829859604,73276.24544008938,False,0.0,1583942.40102329
1779966107.2328143,BUY_NO,341.2,0.42000000000000004,0.42000000000000004,0.0,0.0,0.24730676663494988,73276.24544008938,False,0.0,1583917.62064825
1779966107.9631815,BUY_NO,136.47000000000003,0.37,0.37,0.0,0.0,0.2938685275631986,73276.24544008938,False,0.0,1583914.617894946
1779966108.0128436,BUY_NO,331.6,0.43000000000000005,0.43000000000000005,0.0,0.0,0.23356053899687712,73276.24544008938,False,0.0,1583887.1820834258
1779966108.9222708,BUY_NO,1500.0,0.38,0.38,0.0,0.0,0.27716847378101794,73276.24544008938,False,0.0,1583839.2072834258
1779966109.191253,BUY_NO,476.62,0.37,0.37,0.0,0.0,0.28664313563289356,73276.24544008938,False,0.0,1583687.2530413962
1779966110.0894375,BUY_NO,167.45,0.36,0.36,0.0,0.0,0.2911662760078807,73276.24544008938,False,0.0,1583542.06606359
1779966110.1510468,BUY_NO,1865.02,0.38,0.38,0.0,0.0,0.2708027434643413,73276.24544008938,False,0.0,1583463.773856326
1779966110.21046,BUY_NO,415.81,0.38999999999999996,0.39,-1.4233628520835338e-12,-1.4233628520835338e-12,0.26097515543202626,73276.24544008938,False,0.0,1583442.068179998
1779966110.6191716,BUY_NO,324.75,0.4,0.4,0.0,0.0,0.2500818698566063,73276.24544008938,False,0.0,1583421.8127499982
1779966110.681915,BUY_NO,2536.29,0.4100000000000001,0.41000000000000003,1.3539305178355566e-12,1.3539305178355566e-12,0.23992070309745445,73276.24544008938,False,0.0,1583238.1127443262
1779966110.7428038,BUY_NO,362.2,0.4200000000000001,0.42000000000000004,1.3216940769347101e-12,1.3216940769347101e-12,0.23002373368264856,73276.24544008938,False,0.0,1583208.1870460862
1779966110.8038404,BUY_NO,336.6,0.43000000000000005,0.43000000000000005,0.0,0.0,0.22003573394381915,73276.24544008938,False,0.0,1583176.9719985663
1779966110.852259,BUY_NO,427.8,0.43999999999999995,0.43999999999999995,0.0,0.0,0.21000075506518634,73276.24544008938,False,0.0,1583132.9894843262
1779966112.6317847,BUY_NO,282.38,0.36,0.36,0.0,0.0,0.2801415659953198,73276.24544008938,False,0.0,1583126.8632389822
1779966112.6800108,BUY_NO,289.69,0.37,0.37,0.0,0.0,0.26984955895924534,73276.24544008938,False,0.0,1583117.625963774
1779966114.1028855,BUY_NO,338.76,0.36,0.36,0.0,0.0,0.2701420110594006,73276.24544008938,False,0.0,1583110.282541886
1779966114.1577628,BUY_NO,229.02,0.37,0.37,0.0,0.0,0.25983866027014,73276.24544008938,False,0.0,1583102.973553422
1779966116.3813937,BUY_NO,139.46000000000004,0.36,0.36,0.0,0.0,0.2528461287859657,73276.24544008938,False,0.0,1583099.932779374
1779966119.700343,BUY_NO,139.44,0.36,0.36,0.0,0.0,0.23045268399626273,73276.24544008938,False,0.0,1583096.892437102
1779966122.4706845,BUY_NO,142.67000000000002,0.36,0.36,0.0,0.0,0.2119014076664505,73276.24544008938,False,0.0,1583093.782363006
1779966122.6193357,BUY_NO,467.68,0.36,0.36,0.0,0.0,0.21109412180471898,73276.24544008938,False,0.0,1583083.655713022
1779966122.671578,BUY_NO,210.02,0.37,0.37,0.0,0.0,0.20093704743127117,73276.24544008938,False,0.0,1583076.950605358
1779966122.719069,BUY_NO,1870.02,0.38,0.38,0.0,0.0,0.19101153261446047,73276.24544008938,False,0.0,1582998.448582094
1779966122.7695198,BUY_NO,415.81,0.38999999999999996,0.39,-1.4233628520835338e-12,-1.4233628520835338e-12,0.1812826108918471,73276.24544008938,False,0.0,1582976.742905766
1779966122.81698,BUY_NO,324.75,0.4,0.4,0.0,0.0,0.17143175108270559,73276.24544008938,False,0.0,1582956.487475766
1779966122.8639934,BUY_NO,2541.29,0.41000000000000003,0.41000000000000003,0.0,0.0,0.16151445662740416,73276.24544008938,False,0.0,1582772.425386094
1779966122.91192,BUY_NO,357.2,0.42000000000000004,0.42000000000000004,0.0,0.0,0.1516891844392163,73276.24544008938,False,0.0,1582742.9123838542
1779966122.9618878,BUY_NO,336.6,0.43000000000000005,0.43000000000000005,0.0,0.0,0.1417754309524255,73276.24544008938,False,0.0,1582711.6973363343
1779966123.0120544,BUY_NO,397.8,0.43999999999999995,0.43999999999999995,0.0,0.0,0.13180649368841557,73276.24544008938,False,0.0,1582670.797046094
1779966123.0605907,BUY_NO,270.6,0.44999999999999996,0.44999999999999996,0.0,0.0,0.12180491302968366,73276.24544008938,False,0.0,1582640.237954094
1779966123.104977,BUY_NO,304.4,0.45999999999999996,0.45999999999999996,0.0,0.0,0.11177687142415693,73276.24544008938,False,0.0,1582602.801820974
1779966123.1534777,BUY_NO,289.4,0.4699999999999999,0.47,-1.1810883240693154e-12,-1.1810883240693154e-12,0.1017267837014027,73276.24544008938,False,0.0,1582564.3003740944
1779966123.2046556,BUY_NO,344.4,0.48,0.48,0.0,0.0,0.09165748311165722,73276.24544008938,False,0.0,1582515.0310928142
1779966126.967159,BUY_NO,353.85,0.36,0.36,0.0,0.0,0.1906520692064464,73276.24544008938,False,0.0,1582507.3618959342
1779966127.0205472,BUY_NO,142.02,0.37,0.37,0.0,0.0,0.18055925900834657,73276.24544008938,False,0.0,1582502.8180458702
1779966127.0750947,BUY_NO,1802.02,0.38,0.38,0.0,0.0,0.17063954373703372,73276.24544008938,False,0.0,1582427.1695202063
1779966127.1288044,BUY_NO,347.81,0.39,0.39,0.0,0.0,0.16096224444464668,73276.24544008938,False,0.0,1582409.0086022783
1779966127.1777258,BUY_NO,287.75,0.4,0.4,0.0,0.0,0.15114364478668152,73276.24544008938,False,0.0,1582391.0575322781
1779966127.2313802,BUY_NO,2519.29,0.41000000000000003,0.41000000000000003,0.0,0.0,0.14126840974534183,73276.24544008938,False,0.0,1582208.5886122063
1779966127.2818854,BUY_NO,357.2,0.42000000000000004,0.42000000000000004,0.0,0.0,0.1314900812073525,73276.24544008938,False,0.0,1582179.0756099664
1779966127.3424416,BUY_NO,336.6,0.43000000000000005,0.43000000000000005,0.0,0.0,0.12163681127880166,73276.24544008938,False,0.0,1582147.8605624463
1779966127.4022002,BUY_NO,397.8,0.43999999999999995,0.43999999999999995,0.0,0.0,0.11161645551061306,73276.24544008938,False,0.0,1582106.9602722062
1779966127.4584806,BUY_NO,275.6,0.44999999999999996,0.44999999999999996,0.0,0.0,0.10157066960842132,73276.24544008938,False,0.0,1582075.8370802063
1779966129.9352748,BUY_NO,313.45,0.36,0.36,0.0,0.0,0.17851891863226121,73276.24544008938,False,0.0,1582069.0400708464
1779966129.980491,BUY_NO,149.05,0.37,0.37,0.0,0.0,0.16830286486255852,73276.24544008938,False,0.0,1582064.2727848864
1779966130.0327573,BUY_NO,1802.02,0.38,0.38,0.0,0.0,0.15814447795937736,73276.24544008938,False,0.0,1581988.6242592225
1779966130.0848758,BUY_NO,347.81,0.39,0.39,0.0,0.0,0.14840926892130746,73276.24544008938,False,0.0,1581970.4633412946
1779966130.1534297,BUY_NO,287.75,0.4,0.4,0.0,0.0,0.13860265118454318,73276.24544008938,False,0.0,1581952.5122712946
1779966130.2015467,BUY_NO,2544.29,0.41000000000000003,0.41000000000000003,0.0,0.0,0.12867706938191448,73276.24544008938,False,0.0,1581768.2329312225
1779966130.3492503,BUY_NO,332.2,0.42000000000000004,0.42000000000000004,0.0,0.0,0.11856353657199759,73276.24544008938,False,0.0,1581740.7834089827
1779966130.3993006,BUY_NO,351.6,0.43,0.43000000000000005,-1.290957005378089e-12,-1.290957005378089e-12,0.10850346094045465,73276.24544008938,False,0.0,1581708.1786534626
1779966133.9823606,BUY_NO,288.17,0.36,0.36,0.0,0.0,0.1598834285769808,73276.24544008938,False,0.0,1581701.9274089665
1779966134.0349567,BUY_NO,149.04,0.37,0.37,0.0,0.0,0.14972231914393097,73276.24544008938,False,0.0,1581697.1604408387
1779966135.3599021,BUY_NO,1802.02,0.38,0.38,0.0,0.0,0.1341721233131501,73276.24544008938,False,0.0,1581621.5119151748
1779966135.4140682,BUY_NO,347.81,0.39,0.39,0.0,0.0,0.12451399318867418,73276.24544008938,False,0.0,1581603.3509972466
1779966146.4575398,BUY_NO,246.54039956018823,0.35999999999999993,0.36,-1.5419764230904952e-12,-1.5419764230904952e-12,0.10455001649722578,73276.24544008938,False,0.0,1581597.9984858688
1779966288.7330613,SETTLE_NO,60217.38704872471,1.0,1.0,0.0,0.0,0.0,73309.8991243024,True,32498.171280825823,1620438.2131322962
1779966318.604002,BUY_YES,102.64,0.5,0.5,0.0,0.0,0.05304989910906843,73277.50146446633,False,0.0,1620461.4824122963
1779966318.6637566,BUY_YES,138.02,0.51,0.51,0.0,0.0,0.0430273967440864,73277.50146446633,False,0.0,1620491.4037460403
1779966318.7342794,BUY_NO,499999.99999999953,0.010000000000000009,0.010000000000000009,0.0,0.0,0.4370215593314871,73277.50146446633,False,0.0,1742634.9737460404
1779966318.7935102,BUY_NO,499999.99999999953,0.010000000000000009,0.010000000000000009,0.0,0.0,0.437205047997856,73277.50146446633,False,0.0,1864778.5437460402
1779966318.8522017,BUY_NO,11046.03000000096,0.010000000000000009,0.010000000000000009,0.0,0.0,0.43752329055919514,73277.50146446633,False,0.0,1867476.9174858565
1779966318.915982,BUY_NO,22949.0,0.020000000000000018,0.020000000000000018,0.0,0.0,0.4278671718213972,73277.50146446633,False,0.0,1872837.5168570566
1779966318.979412,BUY_NO,6637.0,0.030000000000000027,0.030000000000000027,0.0,0.0,0.4182110813210588,73277.50146446633,False,0.0,1874316.9060146566
1779966319.0345333,BUY_NO,22637.0,0.040000000000000036,0.040000000000000036,0.0,0.0,0.4085072414662765,73277.50146446633,False,0.0,1879121.2442370565
1779966319.0930002,BUY_NO,18585.0,0.050000000000000044,0.050000000000000044,0.0,0.0,0.3988237530671652,73277.50146446633,False,0.0,1882867.5785370565
1779966319.1479268,BUY_NO,6637.0,0.06000000000000005,0.06000000000000005,0.0,0.0,0.3891222210914582,73277.50146446633,False,0.0,1884134.8120074566
1779966319.2053733,BUY_NO,16237.0,0.06999999999999995,0.06999999999999995,0.0,0.0,0.3794317348216354,73277.50146446633,False,0.0,1887062.5209410563
1779966321.5977695,BUY_YES,102.64,0.5,0.5,0.0,0.0,0.039963299395274765,73277.50146446633,False,0.0,2163181.9727210565
1779966321.6575272,SELL_NO,138.02,0.49,0.49,0.0,0.0,0.029690975283705234,73277.50146446633,True,63.35008114841501,2163177.3890548004
1779966370.8728724,SELL_NO,100.0,0.5,0.5,0.0,0.0,0.023309461950904886,73277.50146446633,True,46.89021982641284,2163175.0590548003
1779966385.6723933,SELL_YES,96.65,0.66,0.66,0.0,0.0,0.09579687835976236,73277.50146446633,True,13.483874554686878,1975468.0435500804
1779966385.732558,SELL_YES,238.2,0.6499999999999999,0.65,1.7080354225002406e-12,1.7080354225002406e-12,0.0854967224006361,73277.50146446633,True,30.840627023594536,1975460.5388340806
1779966533.1667929,SELL_NO,1080.04,0.9355602570275174,0.94,47.23130821789903,47.23130821789903,0.14232037277435472,73277.50146446633,True,991.9022510540191,2649179.377022921
1779966533.2267535,SELL_NO,771.4100000000001,0.9153301097989396,0.92,50.75967609848322,50.75967609848322,0.12192307970291816,73277.50146446633,True,691.8879299814284,2649152.15485514
1779966533.2901335,SELL_NO,624.3,0.8939724491430404,0.9,66.97278729955119,66.97278729955119,0.10064617701279766,73277.50146446633,True,545.8267526568144,2649116.0077754203
1779966533.3463495,SELL_NO,615.3,0.8744823663253697,0.88,62.70038266625361,62.70038266625361,0.08126026102017203,73277.50146446633,True,525.3018379622936,2649067.7256007907
1779966533.4611387,SELL_NO,582.5899999999999,0.8551562848658577,0.86,56.32226900165441,56.32226900165441,0.061943249698433234,73277.50146446633,True,485.52396932923966,2649010.157891433
1779966533.5199664,SELL_NO,1253.04,0.833237566238907,0.84,80.50516382253545,80.50516382253545,0.04009494737884911,73277.50146446633,True,1015.4776833403112,2648857.5489322604
1779966533.5801146,SELL_NO,625.95,0.8153063343717549,0.8200000000000001,57.239824734696775,57.239824734696775,0.02225943787013074,73277.50146446633,True,495.51373000268353,2648769.55069626
1779966534.3899136,SELL_NO,60.72000000000003,0.94,0.94,0.0,0.0,0.1457812874241633,73277.50146446633,True,56.023145702597894,2648768.970524484
1779966540.6920106,SELL_NO,975.8499999999999,0.9351745657631808,0.94,51.33440677467168,51.33440677467168,0.12150846221907652,73277.50146446633,True,895.8119136111336,2648755.0929229185
1779966541.1244004,SELL_NO,711.4100000000001,0.9157796488663359,0.92,45.873381887653764,45.873381887653764,0.10056882759191654,73277.50146446633,True,638.4097391682052,2648730.32469622
1779966542.0946302,SELL_NO,976.71,0.9351802479753456,0.94,51.273957709088776,51.273957709088776,0.11634277188820741,73277.50146446633,True,896.607301505308,2648716.440788659
1779966542.1559014,SELL_NO,711.4100000000001,0.9157796488663359,0.92,45.873381887653764,45.873381887653764,0.09674526884673584,73277.50146446633,True,638.4097391682052,2648691.67256196
1779966542.2179606,SELL_NO,639.3,0.8941138745502896,0.9,65.40139388567172,65.40139388567172,0.075094164237972,73277.50146446633,True,559.0375473135423,2648654.753243923
1779966542.5718422,SELL_NO,650.3,0.8747793326157159,0.88,59.32576573050069,59.32576573050069,0.05503073853599694,73277.50146446633,True,555.3877303110982,2648603.929884703
1779966542.6337616,SELL_NO,612.78,0.8550654394725675,0.86,57.37861078409841,57.37861078409841,0.035205249674064576,73277.50146446633,True,510.6270163172293,2648543.322037968
1779966544.0920908,SELL_NO,57.099999999999966,0.94,0.94,0.0,0.0,0.1153056359786151,73277.50146446633,True,52.6813738408817,2648542.7746662875
1779966545.2678244,SELL_NO,1001.1700000000001,0.9353633249098553,0.94,49.32633074621967,49.32633074621967,0.10602836971278251,73277.50146446633,True,919.2567999655768,2653991.399491417
1779966545.3294673,SELL_NO,726.4100000000001,0.915660302033287,0.92,47.1706300729682,47.1706300729682,0.08605868050832644,73277.50146446633,True,651.7792848104442,2653962.385727387
1779966546.549216,SELL_NO,87.0,0.9491954022988506,0.95,8.469449485782935,8.469449485782935,0.11449342158645048,73277.50146446633,True,81.13451930415158,2659420.577505442
1779966548.0394275,SELL_NO,533.06,0.9420823171875587,0.95,83.34402960464428,83.34402960464428,0.10191181566121199,73277.50146446633,True,493.2402497774659,2659411.567451413
1779966548.0912733,SELL_NO,870.27,0.9252753743091224,0.9299999999999999,50.80242678362908,50.80242678362908,0.08496225037655791,73277.50146446633,True,789.7395297648517,2659381.336674094
1779966548.147836,SELL_NO,578.24,0.9054517155506364,0.91,49.98114779520456,49.98114779520456,0.06514835740682978,73277.50146446633,True,512.574019555393,2659349.0916945254
1779966548.3667688,SELL_NO,687.1,0.8855494105661476,0.89,50.006622852274816,50.006622852274816,0.04474795072547022,73277.50146446633,True,594.623642580262,2659296.328206678
1779966548.750889,SELL_NO,64.0,0.95,0.95,0.0,0.0,0.10796010131088885,73277.50146446633,True,59.73206068890421,2659295.7593266782
1779966548.9648607,SELL_NO,649.9,0.8652238805970149,0.87,54.89792417224204,54.89792417224204,0.02245687022980636,73277.50146446633,True,548.5051292572302,2659231.927247284
1779966549.1384833,SELL_NO,55.0,0.95,0.95,0.0,0.0,0.10681688182093552,73277.50146446633,True,51.328020904527065,2659231.434147284
1779966550.1369407,SELL_NO,55.5,0.9499999999999998,0.95,1.1686558153949015e-12,1.1686558153949015e-12,0.10342380057282397,73277.50146446633,True,51.79491200365912,2659230.936837284
1779966551.8774874,SELL_NO,68.0,0.95,0.95,0.0,0.0,0.09706071695842322,73277.50146446633,True,63.467189481960716,2659230.3342772834
1779966552.475211,SELL_NO,55.0,0.95,0.95,0.0,0.0,0.0950837600091422,73277.50146446633,True,51.328020904527065,2659229.841177284
1779966552.8185308,SELL_NO,55.0,0.95,0.95,0.0,0.0,0.09403428793553381,73277.50146446633,True,51.328020904527065,2659229.3480772837
1779966553.4537115,SELL_NO,688.06,0.9457117111879779,0.95,45.139882231810894,45.139882231810894,0.08764628959652221,73277.50146446633,True,639.327291475414,2659220.3837242215
1779966553.513563,SELL_NO,865.04,0.9253624109867752,0.9299999999999999,49.86654852929841,49.86654852929841,0.06709265830311484,73277.50146446633,True,785.0732091667425,2659190.414343802
1779966553.5739298,SELL_NO,560.6,0.9053085979307886,0.91,51.55386889243386,51.55386889243386,0.04697906466368551,73277.50146446633,True,496.8514194307663,2659159.0672108857
1779966553.6336517,SELL_NO,668.8,0.8855023923444976,0.89,50.53491747755556,50.53491747755556,0.02710622122587747,73277.50146446633,True,578.7526375529246,2659107.6750182393
1779966555.6007454,SELL_NO,53.01999999999998,0.95,0.95,0.0,0.0,0.08543215040862062,73277.50146446633,True,49.479132151964066,2659107.1985898395
1779966559.894787,SELL_NO,716.0799999999999,0.9459493352698022,0.95,42.63857610734498,42.63857610734498,0.06680497263987106,73277.50146446633,True,665.5450436067614,2659098.051483313
1779966559.9724677,SELL_NO,864.84,0.9253613385134823,0.9299999999999999,49.87808050018917,49.87808050018917,0.04597185537486759,73277.50146446633,True,784.8907064768655,2659068.0880406434
1779966561.5017,SELL_NO,646.6,0.905298484379833,0.91,51.665006815022785,51.665006815022785,0.021077284511735406,73277.50146446633,True,573.0696179853244,2659031.929717231
1779966562.3964598,SELL_NO,741.0799999999999,0.94608598261996,0.95,41.2001829477888,41.2001829477888,0.05947415872149597,73277.50146446633,True,688.8895700254947,2659022.5720821666
1779966562.7271028,SELL_NO,864.84,0.9253613385134823,0.9299999999999999,49.87808050018917,49.87808050018917,0.03779068042003575,73277.50146446633,True,784.8907064768655,2658992.608639497
1779966562.7853775,SELL_NO,646.6,0.905298484379833,0.91,51.665006815022785,51.665006815022785,0.017625570626948917,73277.50146446633,True,573.0696179853244,2658956.4503160845
1779966565.7526171,SELL_NO,751.1800000000001,0.9460707154077583,0.95,41.36089044464866,41.36089044464866,0.04990101170269012,73277.50146446633,True,698.2664830447491,2658946.953351837
1779966565.807972,SELL_NO,857.99,0.9253243044790731,0.9299999999999999,50.27629592394449,50.27629592394449,0.02899764387207293,73277.50146446633,True,778.6399894357554,2658917.1932771844
1779966566.4567018,SELL_NO,357.6,0.9100000000000001,0.91,-1.220025301785886e-12,-1.220025301785886e-12,0.012039685818803103,73277.50146446633,True,318.70081041925243,2658898.962581504
1779966569.304655,SELL_NO,718.0799999999999,0.9459606172014261,0.95,42.51981893235636,42.51981893235636,0.04004643010658082,73277.50146446633,True,667.412605647135,2658889.7986326218
1779966569.3687193,SELL_NO,857.99,0.9253243044790731,0.9299999999999999,50.27629592394449,50.27629592394449,0.019238265056381598,73277.50146446633,True,778.6399894357554,2658860.038557969
1779966573.7160487,SELL_NO,85.0,0.95,0.95,0.0,0.0,0.032830343233555936,73277.50146446633,True,79.34148685245091,2658859.2928579687
1779966573.834581,SELL_NO,798.0799999999999,0.9463655272654371,0.95,38.25760773224058,38.25760773224058,0.02890868024707005,73277.50146446633,True,742.1150969455518,2658849.4552245233
1779966574.1630535,SELL_NO,456.82,0.9299999999999999,0.9299999999999999,0.0,0.0,0.01175320417902348,73277.50146446633,True,416.8251015070191,2658835.8635178194
1779966575.958806,SELL_NO,778.0799999999999,0.9465291486736582,0.95,36.53527711938662,36.53527711938662,0.024113339601793404,73277.50146446633,True,723.6523288287916,2658826.407160223
1779966577.9950142,SELL_NO,793.3199999999999,0.9465297736096405,0.95,36.52869884588876,36.52869884588876,0.019678993068572903,73277.50146446633,True,737.8273869812925,2658816.7666992773
1779966580.8305714,SELL_NO,54.0,0.95,0.95,0.0,0.0,0.017453844122496287,73277.50146446633,True,50.39423870626293,2658816.282019277
1779966581.594868,SELL_NO,839.4300000000001,0.9467212274996128,0.95,34.51339474091691,34.51339474091691,0.012729833835352977,73277.50146446633,True,780.8847913887772,2658806.254019377
1779966592.723429,SELL_NO,615.15,0.95,0.95,0.0,0.0,0.008590913156488744,73277.50146446633,True,574.3861192621786,2658801.044456377
1779966593.5252929,SELL_NO,883.6600000000001,0.946885906344069,0.95,32.7799332203259,32.7799332203259,0.012356234641070052,73277.50146446633,True,822.1864776722102,2658790.6445395313
1779966598.4316316,SELL_NO,399.83,0.9301253032538829,0.94,105.04996538422418,105.04996538422418,0.020899173040209384,73277.50146446633,True,364.87407439994035,2658778.7979089995
1779966603.0205946,SELL_NO,548.77,0.9153787561273394,0.92,50.230911659354426,50.230911659354426,0.05339922513213158,73238.64821167735,True,492.21877487956704,2658753.964383538
1779966603.100083,SELL_NO,694.3,0.8940040328388306,0.9,66.6218573463273,66.6218573463273,0.0338204005405236,73238.64821167735,True,607.0544306619973,2658706.847827945
1779966603.1819437,SELL_NO,677.27,0.8747052135780413,0.88,60.1680275222578,60.1680275222578,0.016324726017414637,73238.64821167735,True,578.3697547058421,2658647.092299832
1779966591.3744497,SETTLE_YES,8.450000000000017,1.0,1.0,0.0,0.0,0.0,73238.64821167735,True,4.161027701718622,1637211.9538498332
1779966591.3744497,SETTLE_NO,1069574.0399999989,0.0,0.0,0.0,0.0,0.0,73238.64821167735,False,-13688.226505755183,1637211.9538498332
1779966606.0058682,BUY_YES,500000.0,0.01,0.01,0.0,0.0,0.37065868835622806,73257.13920265653,False,0.0,1756855.5238498333
1779966606.075444,BUY_YES,500000.0,0.01,0.01,0.0,0.0,0.37080653322916907,73257.13920265653,False,0.0,1876499.0938498334
1779966606.137739,BUY_YES,119859.87999999989,0.01,0.01,0.0,0.0,0.37107166690552773,73257.13920265653,False,0.0,1905179.9989273692
1779966606.2075992,BUY_YES,21140.16,0.02,0.02,0.0,0.0,0.36140365772512945,73257.13920265653,False,0.0,1910012.3727335774
1779966606.2819285,BUY_YES,5379.0,0.030000000000000002,0.03,1.1564823173178715e-12,1.1564823173178715e-12,0.35176045840814835,73257.13920265653,False,0.0,1911184.4526527773
1779966606.353751,BUY_YES,21401.0,0.04,0.04,0.0,0.0,0.3421034162266161,73257.13920265653,False,0.0,1915619.4631679773
1779966606.4156477,BUY_YES,18788.14,0.05,0.05,0.0,0.0,0.3324025516998557,73257.13920265653,False,0.0,1919312.8057291773
1779966606.4767907,BUY_NO,239.5,0.51,0.51,0.0,0.0,0.10729911360545907,73257.13920265653,False,0.0,1919365.9464535774
1779966606.5296323,BUY_NO,170.12,0.52,0.52,0.0,0.0,0.09704423082449776,73257.13920265653,False,0.0,1919401.9867930335
1779966606.5862966,BUY_NO,175.35,0.53,0.53,0.0,0.0,0.08677387719661445,73257.13920265653,False,0.0,1919437.3888557134
1779966606.6403916,BUY_NO,161.0,0.54,0.54,0.0,0.0,0.07651848822339691,73257.13920265653,False,0.0,1919468.2894029135
1779966606.6957693,BUY_NO,369.35,0.55,0.55,0.0,0.0,0.06625967556065127,73257.13920265653,False,0.0,1919535.5475859134
1779966606.749564,BUY_NO,142.36,0.56,0.56,0.0,0.0,0.05601077686090905,73257.13920265653,False,0.0,1919560.0404056255
1779966606.7989779,BUY_NO,156.0,0.5700000000000001,0.5700000000000001,0.0,0.0,0.04578425428866706,73257.13920265653,False,0.0,1919585.3374424255
1779966606.8602827,BUY_NO,199.35,0.5800000000000001,0.5800000000000001,0.0,0.0,0.03550576069325251,73257.13920265653,False,0.0,1919615.7005029055
1779966608.4906592,BUY_YES,905.097572599072,0.06,0.06,0.0,0.0,0.33127298728660076,73257.13920265653,False,0.0,1919783.9636214767
1779966608.5577543,BUY_YES,1177.2395033312496,0.05999999999999999,0.06,-1.1564823173178715e-12,-1.1564823173178715e-12,0.33153488579870516,73257.13920265653,False,0.0,1920002.8285929346
1779966608.6130393,BUY_YES,973.7039527995512,0.05999999999999999,0.06,-1.1564823173178715e-12,-1.1564823173178715e-12,0.3317517771242291,73257.13920265653,False,0.0,1920183.848326955
1779966608.6778755,BUY_YES,1147.0983064402826,0.06,0.06,0.0,0.0,0.3320070307437791,73257.13920265653,False,0.0,1920397.1088683757
1779966608.7903197,BUY_YES,1175.8606648298446,0.060000000000000005,0.06,1.1564823173178715e-12,1.1564823173178715e-12,0.3324515720720177,73257.13920265653,False,0.0,1920615.7174597054
1779966614.5802014,BUY_NO,199.16,0.51,0.51,0.0,0.0,0.07720183917735557,73257.13920265653,False,0.0,2212242.9749636576
1779966614.6323988,BUY_NO,170.12,0.52,0.52,0.0,0.0,0.06662017373202611,73257.13920265653,False,0.0,2212237.3359031137
1779966614.6868443,BUY_NO,175.35,0.53,0.53,0.0,0.0,0.05609549408635173,73257.13920265653,False,0.0,2212229.7772157937
1779966614.7350373,BUY_NO,161.0,0.54,0.54,0.0,0.0,0.04567985371479344,73257.13920265653,False,0.0,2212221.232762994
1779966614.7897496,BUY_NO,359.35,0.55,0.55,0.0,0.0,0.035248586480420396,73257.13920265653,False,0.0,2212198.6283959937
1779966614.882461,SELL_YES,152.36,0.44,0.44,0.0,0.0,0.024581147194388864,73257.13920265653,True,62.52852918836335,2212187.5156077053
1779966620.5309188,BUY_NO,153.63,0.51,0.51,0.0,0.0,0.056228021485665636,73257.13920265653,False,0.0,2212183.9532238417
1779966620.5866828,BUY_NO,190.12,0.52,0.52,0.0,0.0,0.04620518740167756,73257.13920265653,False,0.0,2212177.654739298
1779966620.643158,BUY_NO,175.35,0.53,0.53,0.0,0.0,0.03654328658195216,73257.13920265653,False,0.0,2212170.0960519775
1779966620.7011614,SELL_YES,161.0,0.46,0.46,0.0,0.0,0.02693798336030767,73257.13920265653,True,69.27290158234771,2212161.5515991775
1779966622.3564248,BUY_NO,138.63,0.51,0.51,0.0,0.0,0.05713524752268706,73257.13920265653,False,0.0,2212158.334107314
1779966622.4469225,BUY_NO,190.12,0.52,0.52,0.0,0.0,0.046911593664787254,73257.13920265653,False,0.0,2212152.03562277
1779966622.5135474,BUY_NO,175.35,0.53,0.53,0.0,0.0,0.037157615987386206,73257.13920265653,False,0.0,2212144.4769354495
1779966622.6170602,SELL_YES,161.0,0.46,0.46,0.0,0.0,0.027776607145622856,73257.13920265653,True,69.27290158234771,2212135.9324826496
1779966626.8664756,BUY_NO,128.63,0.51,0.51,0.0,0.0,0.055051655902931707,73257.13920265653,False,0.0,2212132.944918786
1779966626.944211,BUY_NO,190.12,0.52,0.52,0.0,0.0,0.04510267679263724,73257.13920265653,False,0.0,2212126.646434242
1779966627.016458,SELL_YES,145.35,0.47,0.47,0.0,0.0,0.03565436750258599,73257.13920265653,True,63.982489546299625,2212120.375802922
1779966627.0950978,SELL_YES,161.0,0.46,0.46,0.0,0.0,0.026231646372130546,73257.13920265653,True,69.27290158234771,2212111.831350122
1779966639.0837078,SELL_YES,183.72,0.49000000000000005,0.49,-1.1328806373726088e-12,-1.1328806373726088e-12,0.02299942220821094,73257.13920265653,True,84.54454754875108,2212107.577112906
1779966672.2658055,SELL_YES,252.65,0.49,0.49,0.0,0.0,0.02316199243724537,73257.13920265653,True,116.2761149477028,2212101.7379819863
1779966673.550217,SELL_YES,113.99999999999997,0.49,0.49,0.0,0.0,0.028895020866062604,73257.13920265653,True,52.449307753960476,2212099.0868027858
1779966676.2328339,SELL_YES,298.12,0.48,0.48,0.0,0.0,0.02451406164399017,73257.13920265653,True,134.23323261665527,2212089.227428642
1779966682.2495623,BUY_NO,107.99000000000001,0.52,0.52,0.0,0.0,0.03802916568784953,73257.13920265653,False,0.0,2212085.636868754
1779966682.3275352,SELL_YES,258.35,0.47,0.47,0.0,0.0,0.028811352763363773,73257.13920265653,True,113.74796129540083,2212074.514559834
