timestamp,spot_price,strike,model_prob,implied_prob,kelly_size,status
1779826811.3205097,75933.50485703777,75938.67133388213,0.4705286010402689,0.445,124.41576388041744,BUY_YES
1779826811.3717186,75933.50485703777,75938.67133388213,0.4342884950301111,0.445,122.98,SELL_YES
1779826811.4340749,75933.50974203777,75938.67133388213,0.47001408820371454,0.445,119.83825847652562,BUY_YES
1779826811.4658828,75933.50974203777,75938.67133388213,0.43470814143969827,0.445,121.27402235694306,SELL_YES
1779826811.4821155,75933.50974203777,75938.67133388213,0.4684969533045992,0.445,112.07402052068792,BUY_YES
1779826811.5388875,75933.50974203777,75938.67133388213,0.48881941397822265,0.445,121.94762031602363,BUY_YES
1779826811.5687213,75933.50974203777,75938.67133388213,0.4340370015916591,0.445,116.98,SELL_YES
1779826811.6218214,75933.50974203777,75938.67133388213,0.48827385733728884,0.445,113.61074818736044,BUY_YES
1779826811.783776,75933.50974203777,75938.67133388213,0.5098823152985362,0.445,128.36401482180796,BUY_YES
1779826811.8054602,75933.50974203777,75938.67133388213,0.4347880687641832,0.445,115.19,SELL_YES
1779826811.8657634,75933.50974203777,75938.67133388213,0.5098137335684273,0.445,114.51998958948377,BUY_YES
1779826812.309509,75933.50974203777,75938.67133388213,0.42426570060334073,0.445,94.19171555406096,BUY_NO
1779826812.3286977,75933.50974203777,75938.67133388213,0.4568108092761904,0.445,94.19171555406096,SELL_NO
1779826812.6864586,75933.50974203777,75938.67133388213,0.42468773241569857,0.445,346.31,SELL_YES
1779826812.7026129,75933.50974203777,75938.67133388213,0.4854744736948228,0.445,202.5633449371759,BUY_YES
1779826812.7344198,75933.50974203777,75938.67133388213,0.5054879657574267,0.445,118.00346032777716,BUY_YES
1779826812.8337362,75933.50974203777,75938.67133388213,0.4138477319231155,0.445,299.0,SELL_YES
1779826812.8474307,75933.50974203777,75938.67133388213,0.481950598108848,0.445,159.31579463970752,BUY_YES
1779826812.87033,75933.50974203777,75938.67133388213,0.5125625353579201,0.445,182.11664057442414,BUY_YES
1779826812.8789961,75933.50974203777,75938.67133388213,0.5361246684544894,0.445,136.96568656039256,BUY_YES
1779826813.149341,75933.50974203777,75938.67133388213,0.5642140891442564,0.445,162.71993735015474,BUY_YES
1779826813.1564956,75933.50974203777,75938.67133388213,0.5901299090075054,0.445,146.8767961443957,BUY_YES
1779826815.268639,75930.58393228524,75938.67133388213,0.41102371713027447,0.445,132.54,BUY_NO
1779826815.272307,75930.58393228524,75938.67133388213,0.4196782962957866,0.445,336.5,SELL_YES
1779826815.279406,75930.58393228524,75938.67133388213,0.46598056856137904,0.445,132.54,SELL_NO
1779826815.4738612,75930.56426487605,75938.67133388213,0.43482576687830166,0.445,128.37,SELL_YES
1779826815.5657158,75930.56426487605,75938.67133388213,0.4175708322477942,0.445,331.0,SELL_YES
1779826815.608886,75930.56426487605,75938.67133388213,0.47896022917305237,0.445,148.91179747213093,BUY_YES
1779826815.6245124,75930.56426487605,75938.67133388213,0.5002017069130582,0.445,126.05348312536748,BUY_YES
1779826816.0478308,75930.56426487605,75938.67133388213,0.4185984385481908,0.445,90.19,BUY_NO
1779826816.1429048,75930.56426487605,75938.67133388213,0.4144271201112897,0.445,117.08999999999997,SELL_YES
1779826816.2290373,75930.56426487605,75938.67133388213,0.4249392473008538,0.445,127.41000000000003,SELL_YES
1779826816.3873072,75930.56426487605,75938.67133388213,0.40946396292515785,0.445,93.53259784761892,BUY_NO
1779826816.4739194,75930.27438801901,75938.67133388213,0.39273116423320104,0.445,99.16618741847029,BUY_NO
1779826816.5697224,75930.27438801901,75938.67133388213,0.4672771159313118,0.445,143.92,SELL_NO
1779826816.7555172,75930.27438801901,75938.67133388213,0.39637441096895065,0.445,122.70389699062244,BUY_NO
1779826816.7637386,75930.27438801901,75938.67133388213,0.37092799558422845,0.445,149.7407283289191,BUY_NO
1779826816.7825441,75930.27438801901,75938.67133388213,0.3426886331218722,0.445,163.2327199364708,BUY_NO
1779826816.9914467,75930.27438801901,75938.67133388213,0.47693637455767446,0.445,114.93,SELL_NO
1779826816.9977634,75930.27438801901,75938.67133388213,0.49802902147439876,0.445,149.67,BUY_YES
1779826817.001397,75930.27438801901,75938.67133388213,0.5200769716645073,0.445,114.93,BUY_YES
1779826817.0052152,75930.27438801901,75938.67133388213,0.5357250541022899,0.445,115.97200041610967,BUY_YES
1779826817.0162716,75930.27438801901,75938.67133388213,0.560291476659397,0.445,94.15,SELL_NO
1779826817.02012,75930.27438801901,75938.67133388213,0.5594685031722311,0.445,136.84937015506642,BUY_YES
1779826817.0683956,75930.27438801901,75938.67133388213,0.4337123076944969,0.445,208.77,SELL_YES
1779826817.2077699,75930.27438801901,75938.67133388213,0.4264500999189034,0.445,128.83,SELL_YES
1779826817.3509889,75930.27438801901,75938.67133388213,0.41234083902195184,0.445,236.01470513806592,SELL_YES
1779826817.7619662,75930.27438801901,75938.67133388213,0.36133196083374985,0.445,100.84544731706018,BUY_NO
1779826817.8501318,75930.27438801901,75938.67133388213,0.3456321211376946,0.445,89.83610010870342,BUY_NO
1779826818.7561831,75939.51160707031,75938.67133388213,0.3739645146451098,0.495,114.63346066459803,BUY_NO
1779826820.6826744,75937.69370507248,75938.67133388213,0.3908287703150728,0.535,131.44587659334866,BUY_NO
1779826824.7596064,75943.68561244592,75938.67133388213,0.5657569189398375,0.555,471.5,SELL_NO
1779826824.7865615,75943.68561244592,75938.67133388213,0.47190265221640476,0.555,129.2100009739686,BUY_NO
1779826824.8585463,75943.68561244592,75938.67133388213,0.4513364163583124,0.555,117.66801190709282,BUY_NO
1779826824.9985502,75943.68561244592,75938.67133388213,0.5739885077672143,0.555,467.4,SELL_NO
1779826825.0145373,75943.68561244592,75938.67133388213,0.5064936952589492,0.555,148.46237373460576,BUY_NO
1779826825.1456072,75943.68561244592,75938.67133388213,0.5655502575833675,0.555,258.767401821479,SELL_NO
1779826825.2053633,75943.68561244592,75938.67133388213,0.5284929572746402,0.555,128.53237570058076,BUY_NO
1779826825.4036582,75943.68561244592,75938.67133388213,0.5683174356756828,0.555,128.53237570058076,SELL_NO
1779826825.4154408,75943.68561244592,75938.67133388213,0.5952988383742104,0.555,211.8690383788797,BUY_YES
1779826825.43185,75943.68561244592,75938.67133388213,0.6153301665285804,0.555,116.23369964133636,BUY_YES
1779826825.5083928,75943.68561244592,75938.67133388213,0.5408229342253188,0.555,328.10273802021607,SELL_YES
1779826825.5230157,75943.68561244592,75938.67133388213,0.5799462877895655,0.555,119.67974346934223,BUY_YES
1779826825.6781723,75943.68561244592,75938.67133388213,0.5444614464671552,0.555,119.67974346934223,SELL_YES
1779826825.720279,75943.68561244592,75938.67133388213,0.5777456721161323,0.555,106.46224978866687,BUY_YES
1779826825.8318794,75943.68561244592,75938.67133388213,0.5435682609201277,0.555,106.46224978866687,SELL_YES
1779826825.9777255,75943.68561244592,75938.67133388213,0.5279854696344086,0.555,131.47057076868265,BUY_NO
1779826826.2021494,75944.96160437816,75938.67133388213,0.5714520933422403,0.555,131.47057076868265,SELL_NO
1779826826.3672805,75944.96160437816,75938.67133388213,0.5753699804611707,0.555,92.1862917619504,BUY_YES
1779826826.4471848,75944.96160437816,75938.67133388213,0.5447621920861189,0.555,92.1862917619504,SELL_YES
1779826826.518535,75944.96160437816,75938.67133388213,0.5752337919270976,0.555,91.3603525786459,BUY_YES
1779826826.8316932,75944.96160437816,75938.67133388213,0.5442380817821977,0.555,91.3603525786459,SELL_YES
1779826826.941799,75944.96160437816,75938.67133388213,0.5281713005074982,0.555,130.3167339595584,BUY_NO
1779826827.1813893,75946.09230237112,75938.67133388213,0.5072200763423275,0.555,123.5570144756114,BUY_NO
1779826827.2781847,75946.09230237112,75938.67133388213,0.5656811374730377,0.555,253.8737484351698,SELL_NO
1779826827.2963731,75946.09230237112,75938.67133388213,0.5246538727209054,0.555,151.27530004197817,BUY_NO
1779826827.6196291,75946.09230237112,75938.67133388213,0.5655202992935795,0.555,151.27530004197817,SELL_NO
1779826827.6452668,75946.09230237112,75938.67133388213,0.5278538606937379,0.555,132.15544889697597,BUY_NO
1779826827.6778574,75946.09230237112,75938.67133388213,0.5671875514120703,0.555,132.15544889697597,SELL_NO
1779826827.9671109,75946.14668556803,75938.67133388213,0.576170056784733,0.555,96.91079365870071,BUY_YES
1779826828.3082674,75946.14668556803,75938.67133388213,0.6014860153403752,0.555,150.35288056073227,BUY_YES
1779826829.5925004,75946.29817488458,75938.67133388213,0.5349280921713506,0.545,247.26367421943297,SELL_YES
1779826829.612517,75946.29817488458,75938.67133388213,0.5747974338989784,0.545,130.0,BUY_YES
1779826829.6423068,75946.29817488458,75938.67133388213,0.5314742627278431,0.545,130.0,SELL_YES
1779826829.689872,75946.29817488458,75938.67133388213,0.5212351856653171,0.545,111.48380361517681,BUY_NO
1779826829.7296927,75946.29817488458,75938.67133388213,0.5558390866583639,0.545,111.48380361517681,SELL_NO
1779826829.9161172,75946.33062432989,75938.67133388213,0.5210138044824842,0.545,112.78558368072835,BUY_NO
1779826829.9548516,75946.33062432989,75938.67133388213,0.4962199630846181,0.545,145.91292725722388,BUY_NO
1779826830.0682852,75946.33062432989,75938.67133388213,0.5567483099840502,0.545,159.45,SELL_NO
1779826831.0233552,75946.45085203926,75938.67133388213,0.5668220941819107,0.545,99.81071006376882,BUY_YES
1779826831.3128343,75946.45085203926,75938.67133388213,0.5829888820000528,0.545,94.82442614606163,BUY_YES
1779826831.4237473,75946.45085203926,75938.67133388213,0.6001262255544358,0.545,99.52539920554554,BUY_YES
1779826831.5621266,75946.45085203926,75938.67133388213,0.6161164102457792,0.545,91.64211110412862,BUY_YES
1779826831.5801454,75946.45085203926,75938.67133388213,0.6352603436867386,0.545,109.10269999533875,BUY_YES
1779826831.6348636,75946.45085203926,75938.67133388213,0.6548975467159068,0.545,110.17005973975631,BUY_YES
1779826831.666357,75946.45085203926,75938.67133388213,0.6744093362512026,0.545,107.97791462614543,BUY_YES
1779826832.0640612,75947.06560642621,75938.67133388213,0.6969961487314069,0.545,124.16308358057051,BUY_YES
1779826832.0853162,75947.06560642621,75938.67133388213,0.7185683152957596,0.545,115.88453227422963,BUY_YES
1779826832.123321,75947.06560642621,75938.67133388213,0.7381313481532782,0.54,103.34061607635908,BUY_YES
1779826836.658865,75943.6818646711,75938.67133388213,0.4740151850657057,0.485,374.59,SELL_YES
1779826836.8813615,75943.6818646711,75938.67133388213,0.4718688053408997,0.505,394.59,SELL_YES
1779826836.889683,75943.6818646711,75938.67133388213,0.45613079832185677,0.505,287.26155281190444,SELL_YES
1779826839.9709458,75942.25554145746,75938.67133388213,0.4839544267577781,0.525,111.21131508656777,BUY_NO
1779826840.7064478,75942.25554145746,75938.67133388213,0.5367357232929957,0.525,134.32,SELL_NO
1779826840.7622328,75942.25554145746,75938.67133388213,0.4884126187772082,0.525,108.47381154060477,BUY_NO
1779826840.8211224,75942.25554145746,75938.67133388213,0.5376857207849683,0.525,129.32,SELL_NO
1779826842.0425897,75941.25882024899,75938.67133388213,0.546129628042262,0.525,94.54348344095077,BUY_YES
1779826842.2676623,75941.25882024899,75938.67133388213,0.5640752045671564,0.525,104.15884604471815,BUY_YES
1779826842.884758,75941.25882024899,75938.67133388213,0.5146626268493638,0.525,198.7023294856689,SELL_YES
1779826842.9049122,75941.25882024899,75938.67133388213,0.5487687441351494,0.525,109.98913382864322,BUY_YES
1779826843.3506284,75941.22854421208,75938.67133388213,0.512545464309804,0.525,109.98913382864322,SELL_YES
1779826843.8823185,75941.22854421208,75938.67133388213,0.4922410345823756,0.525,107.03503086460702,BUY_NO
1779826844.5904949,75938.66311158375,75938.67133388213,0.5422651867875921,0.525,162.3286684297318,SELL_NO
1779826844.6539874,75938.66311158375,75938.67133388213,0.5485401753933716,0.525,108.9142376318708,BUY_YES
1779826844.7267206,75938.66311158375,75938.67133388213,0.5146985825751174,0.525,108.9142376318708,SELL_YES
1779826844.7871878,75938.66311158375,75938.67133388213,0.49320896642526507,0.525,157.05012005568898,BUY_NO
1779826844.9663234,75938.66311158375,75938.67133388213,0.47429877043092644,0.525,108.78110904910528,BUY_NO
1779826845.1354787,75938.66311158375,75938.67133388213,0.5364858061069238,0.525,265.83122910479426,SELL_NO
1779826845.1535268,75938.66311158375,75938.67133388213,0.4957385312310663,0.525,142.18163810590397,BUY_NO
1779826845.2920108,75938.66311158375,75938.67133388213,0.4774576106881853,0.525,105.3877029522153,BUY_NO
1779826845.7096558,75933.52812109666,75938.67133388213,0.458980649263446,0.525,105.66792385984559,BUY_NO
1779826846.1350017,75933.52812109666,75938.67133388213,0.4392823788799707,0.525,111.5702548775111,BUY_NO
1779826846.2969372,75933.52812109666,75938.67133388213,0.4144259918658315,0.525,139.7343267914939,BUY_NO
1779826846.7903643,75929.18022770731,75938.67133388213,0.3901621623752946,0.525,133.7046091807316,BUY_NO
1779826846.9739888,75929.18022770731,75938.67133388213,0.36995828870640635,0.525,109.08782848401984,BUY_NO
1779826851.9902406,75929.14425124024,75938.67133388213,0.3468391112738238,0.535,125.10941826376495,BUY_NO
1779826852.0060074,75929.14425124024,75938.67133388213,0.3147365946609049,0.535,172.8710663214357,BUY_NO
1779826852.025319,75929.14425124024,75938.67133388213,0.28978509356451904,0.535,127.7384888615295,BUY_NO
1779826861.4163964,75923.46628120738,75938.67133388213,0.43006812958342905,0.375,291.3659530725018,BUY_YES
1779826861.4245272,75923.46628120738,75938.67133388213,0.4489220921444059,0.375,205.79404692749824,SELL_NO
1779826861.4331493,75923.46628120738,75938.67133388213,0.44728421149803865,0.375,279.22,SELL_NO
1779826861.4417155,75923.46628120738,75938.67133388213,0.42829211392028693,0.375,279.0,SELL_NO
1779826861.4668474,75923.46628120738,75938.67133388213,0.35187160041166293,0.375,291.3659530725018,SELL_YES
1779826861.633557,75923.46628120738,75938.67133388213,0.3869099497161528,0.375,135.99999999999994,SELL_NO
1779826862.1009836,75923.46628120738,75938.67133388213,0.38503468506713145,0.375,138.10000000000002,SELL_NO
1779826863.5459707,75923.2514656441,75938.67133388213,0.3909319857798864,0.375,234.93921077095337,SELL_NO
1779826863.5616972,75923.2514656441,75938.67133388213,0.4067027947601631,0.375,168.61673177354317,BUY_YES
1779826863.7745423,75923.2514656441,75938.67133388213,0.3558446450312747,0.375,89.75974423582063,BUY_NO
1779826864.0042117,75923.2514656441,75938.67133388213,0.3872328103181131,0.375,89.75974423582063,SELL_NO
1779826864.484393,75923.2514656441,75938.67133388213,0.34128722807685574,0.375,92.86,BUY_NO
1779826864.5012789,75923.2514656441,75938.67133388213,0.3985289940516761,0.375,92.86,SELL_NO
1779826864.5168536,75923.2514656441,75938.67133388213,0.4352188840397324,0.375,177.74481588619608,BUY_YES
1779826864.5882795,75923.2514656441,75938.67133388213,0.46016734725940744,0.375,153.0407815665854,BUY_YES
1779826864.6530418,75923.2514656441,75938.67133388213,0.355061822012817,0.375,90.87,BUY_NO
1779826864.8403533,75923.2514656441,75938.67133388213,0.36387942223137343,0.375,166.28,SELL_YES
1779826864.8994377,75923.2514656441,75938.67133388213,0.38993541101526175,0.375,90.87,SELL_NO
1779826865.373143,75923.27081080523,75938.67133388213,0.3444803217934615,0.375,118.22999999999999,BUY_NO
1779826866.7260847,75923.27081080523,75938.67133388213,0.3324966805266156,0.375,116.16066319693263,BUY_NO
1779826866.7368202,75923.27081080523,75938.67133388213,0.33034786271469185,0.375,143.67933680306734,SELL_YES
1779826867.5569253,75922.57178566787,75938.67133388213,0.3887526878619575,0.375,234.39066319693262,SELL_NO
1779826869.0354745,75922.56781579752,75938.67133388213,0.4240846967367347,0.355,220.99536270047807,BUY_YES
1779826869.2556415,75922.8787760815,75938.67133388213,0.3361177412867794,0.355,89.31552394125572,BUY_NO
1779826869.3328009,75922.8787760815,75938.67133388213,0.3965127767578514,0.355,89.31552394125572,SELL_NO
1779826869.7248077,75922.8787760815,75938.67133388213,0.4488917937454725,0.355,154.21899869615976,BUY_YES
1779826872.105072,75924.41235429297,75938.67133388213,0.3238032240175492,0.355,99.8,BUY_NO
1779826872.1116145,75924.41235429297,75938.67133388213,0.33454490234216305,0.355,244.74,SELL_YES
1779826872.1242108,75924.41235429297,75938.67133388213,0.38304070273492985,0.355,99.8,SELL_NO
1779826872.204924,75924.41235429297,75938.67133388213,0.33492544217895476,0.355,97.2411848958586,BUY_NO
1779826872.241788,75924.41235429297,75938.67133388213,0.3345780228622035,0.355,208.26,SELL_YES
1779826872.2568443,75924.41235429297,75938.67133388213,0.37108574426054936,0.355,97.2411848958586,SELL_NO
1779826872.3088722,75924.41235429297,75938.67133388213,0.33366118895262487,0.355,106.17027900158658,BUY_NO
1779826872.433242,75924.41235429297,75938.67133388213,0.36885505319937506,0.355,106.17027900158658,SELL_NO
1779826873.3489032,75924.43629,75938.67133388213,0.3370882202281738,0.355,83.8917367853561,BUY_NO
1779826873.8438005,75924.43629,75938.67133388213,0.3669115333945308,0.355,83.8917367853561,SELL_NO
1779826874.4473317,75924.43629,75938.67133388213,0.3324483008116611,0.355,91.71,BUY_NO
1779826874.5576346,75924.43629,75938.67133388213,0.3667819467459405,0.355,91.71,SELL_NO
1779826874.5967727,75924.43629,75938.67133388213,0.32700740207348133,0.355,85.56673001019887,BUY_NO
1779826875.0780706,75924.43629,75938.67133388213,0.32231247414030756,0.355,89.11,BUY_NO
1779826875.123969,75924.43629,75938.67133388213,0.36644552457029006,0.355,174.67673001019887,SELL_NO
1779826875.1507246,75924.43629,75938.67133388213,0.3224099064042838,0.355,115.81328692428289,BUY_NO
1779826875.2561748,75924.43629,75938.67133388213,0.36589338434599417,0.355,115.81328692428289,SELL_NO
1779826875.3134425,75924.43629,75938.67133388213,0.3275527752994414,0.355,81.9328344231526,BUY_NO
1779826876.7985926,75924.440315,75938.67133388213,0.2987038977631833,0.355,89.00000000000001,BUY_NO
1779826876.9354625,75924.3025,75938.67133388213,0.27517472261359344,0.355,85.08999999999997,BUY_NO
1779826877.0955362,75924.3025,75938.67133388213,0.2843344235618918,0.355,137.61,BUY_NO
1779826877.250715,75924.3025,75938.67133388213,0.27369017423476344,0.355,88.90504373070473,BUY_NO
1779826877.6707873,75924.3025,75938.67133388213,0.2515226842528016,0.355,136.41985432521295,BUY_NO
1779826877.6837752,75924.3025,75938.67133388213,0.23768529246355471,0.355,80.40313989475305,BUY_NO
1779826878.3248127,75921.54170654477,75938.67133388213,0.23279657608896936,0.365,78.40883208445746,BUY_NO
1779826883.5191352,75917.24676747438,75938.67133388213,0.3809687618953011,0.365,507.21,SELL_NO
1779826883.5809689,75917.24676747438,75938.67133388213,0.30360101360337355,0.365,84.17317286648739,BUY_NO
1779826883.6840408,75917.24676747438,75938.67133388213,0.37539404538734455,0.365,158.00000000000006,SELL_NO
1779826883.7284026,75917.24676747438,75938.67133388213,0.3035227192656126,0.365,96.77,BUY_NO
1779826883.839257,75917.24676747438,75938.67133388213,0.2770746855396844,0.365,112.1324834674432,BUY_NO
1779826883.9308715,75917.24676747438,75938.67133388213,0.3869377758669649,0.365,405.6353607922113,SELL_NO
1779826883.9878862,75917.24676747438,75938.67133388213,0.42085591934064587,0.365,209.8785550429606,BUY_YES
1779826884.00432,75917.24676747438,75938.67133388213,0.44863984504435456,0.365,171.7322834863757,BUY_YES
1779826884.9332254,75917.02406951445,75938.67133388213,0.32565773226841505,0.36,91.52,BUY_NO
1779826884.9401665,75917.02406951445,75938.67133388213,0.3192557682200057,0.36,91.52,BUY_NO
1779826884.9464724,75917.02406951445,75938.67133388213,0.3186193703971478,0.36,211.27,SELL_YES
1779826885.0581007,75917.02406951445,75938.67133388213,0.37544039350630803,0.355,85.0,SELL_NO
1779826885.7806687,75916.90848585278,75938.67133388213,0.24678855882715037,0.355,151.9,BUY_NO
1779826885.7869103,75916.90848585278,75938.67133388213,0.26614457786078577,0.355,223.61643460170802,BUY_NO
1779826885.8061025,75916.90848585278,75938.67133388213,0.3779891042129484,0.355,473.556434601708,SELL_NO
1779826886.4718926,75916.69501426182,75938.67133388213,0.28624577017163155,0.355,150.36,BUY_NO
1779826886.480041,75916.69501426182,75938.67133388213,0.3183169931212834,0.355,225.24,SELL_YES
1779826886.4911084,75916.69501426182,75938.67133388213,0.38283421833171494,0.355,150.36,SELL_NO
1779826886.497553,75916.69501426182,75938.67133388213,0.4059387731702912,0.355,237.01899005301794,BUY_YES
1779826886.9215937,75916.69501426182,75938.67133388213,0.22834796976296381,0.355,210.9,BUY_NO
1779826886.9282699,75916.69501426182,75938.67133388213,0.2631463698280716,0.355,249.74,BUY_NO
1779826886.9340162,75916.69501426182,75938.67133388213,0.29942313568289214,0.355,277.1,SELL_YES
1779826886.9449215,75916.69501426182,75938.67133388213,0.3667543799538101,0.355,460.64,SELL_NO
1779826888.4294379,75916.69001426181,75938.67133388213,0.2788890067313267,0.325,278.33634508879044,BUY_NO
1779826888.7192318,75916.69001426181,75938.67133388213,0.2667823772331646,0.325,75.02186323520885,BUY_NO
1779826888.817678,75916.69001426181,75938.67133388213,0.2543683153435954,0.325,80.11838930922346,BUY_NO
1779826889.096773,75916.69001426181,75938.67133388213,0.24045825603238635,0.325,88.88268440541509,BUY_NO
1779826889.2881505,75916.69001426181,75938.67133388213,0.22812135085938176,0.325,77.18788789539246,BUY_NO
1779826889.4815965,75916.69001426181,75938.67133388213,0.21259452418110317,0.345,97.4307851214835,BUY_NO
1779826889.4918535,75916.69001426181,75938.67133388213,0.19290398979392073,0.345,121.96905534412167,BUY_NO
1779826889.5011067,75916.69001426181,75938.67133388213,0.17880669617206832,0.345,82.7609766469692,BUY_NO
1779826889.5713885,75916.69001426181,75938.67133388213,0.164569157979413,0.345,84.89268286950448,BUY_NO
1779826889.8061352,75916.69001426181,75938.67133388213,0.14744743600570653,0.35,101.81047538755479,BUY_NO
1779826889.8252795,75916.69001426181,75938.67133388213,0.13338678183086639,0.35,79.78077229077417,BUY_NO
1779826894.4394941,75924.25525533376,75938.67133388213,0.4273793397072607,0.415,326.57,SELL_NO
1779826894.9944289,75924.46956142838,75938.67133388213,0.4259370002087032,0.415,301.57,SELL_NO
1779826895.0543656,75924.46956142838,75938.67133388213,0.3017457275998057,0.415,90.34912917342808,BUY_NO
1779826895.1628203,75924.46956142838,75938.67133388213,0.4250161466812368,0.415,301.57,SELL_NO
1779826895.1942515,75924.46956142838,75938.67133388213,0.33771117523385075,0.415,97.57941484212279,BUY_NO
1779826895.4332037,75924.46956142838,75938.67133388213,0.32065722911079986,0.415,97.40501969779547,BUY_NO
1779826895.8913295,75924.4079859649,75938.67133388213,0.3043563658204366,0.415,91.80506537902681,BUY_NO
1779826896.123322,75924.4079859649,75938.67133388213,0.42592534106786595,0.415,327.43,SELL_NO
1779826896.1463456,75924.4079859649,75938.67133388213,0.3367203879036635,0.415,144.99959628587231,BUY_NO
1779826896.291157,75924.4079859649,75938.67133388213,0.32157348626428156,0.415,84.84788632143511,BUY_NO
1779826898.938978,75928.130698963,75938.67133388213,0.3045744599840047,0.415,96.31255142075292,BUY_NO
1779826902.3047652,75930.31003233869,75938.67133388213,0.2850217122697435,0.415,109.5344327849989,BUY_NO
1779826907.1832063,75930.0330493928,75938.67133388213,0.28006825980130634,0.435,127.26196877171674,BUY_NO
1779826911.8221214,75925.37632304779,75938.67133388213,0.45655760160642234,0.435,851.1469822715874,SELL_NO
1779826913.0389102,75924.753,75938.67133388213,0.4740702072761063,0.435,184.09558984527035,BUY_YES
1779826913.7234805,75924.753,75938.67133388213,0.3279869706947882,0.435,126.79,BUY_NO
1779826913.9123123,75924.36729992286,75938.67133388213,0.29168542729893343,0.435,130.03,BUY_NO
1779826914.5071054,75924.36729992286,75938.67133388213,0.3050191520458913,0.435,124.32,BUY_NO
1779826914.627941,75924.36729992286,75938.67133388213,0.27350286460626927,0.435,121.0,BUY_NO
1779826914.6867287,75924.36729992286,75938.67133388213,0.2932224123160885,0.435,243.56,BUY_NO
1779826915.0326161,75924.36729992286,75938.67133388213,0.29567622998382137,0.435,200.7727722475197,SELL_YES
1779826915.4944994,75924.72481102771,75938.67133388213,0.27959492461091484,0.435,106.67181614128185,BUY_NO
1779826923.912439,75916.03596,75938.67133388213,0.22863432134500183,0.425,87.87,BUY_NO
1779826924.2136059,75916.03596,75938.67133388213,0.22875655836403097,0.415,87.81724952869865,BUY_NO
1779826924.3976765,75914.1332686491,75938.67133388213,0.20555218985310283,0.415,125.04874530491634,BUY_NO
1779826924.477485,75914.1332686491,75938.67133388213,0.18851391756714503,0.415,85.96069576157515,BUY_NO
1779826924.8150835,75914.1332686491,75938.67133388213,0.17183803453398167,0.415,85.79616927132679,BUY_NO
1779826926.7473466,75914.00369641217,75938.67133388213,0.15422840888659678,0.415,89.92697208502955,BUY_NO
1779826928.105799,75914.25245143476,75938.67133388213,0.13485361867664172,0.415,98.11351208735687,BUY_NO
1779826932.6894999,75913.77377356624,75938.67133388213,0.12426266205996041,0.425,91.32523709303769,BUY_NO
1779826937.82694,75913.655860746,75938.67133388213,0.26372503187915297,0.235,510.7,SELL_NO
1779826937.8385227,75913.655860746,75938.67133388213,0.26755814166584607,0.235,165.19,SELL_NO
1779826938.0279493,75913.655860746,75938.67133388213,0.25026279616628133,0.235,250.1,SELL_NO
1779826939.4213135,75913.655860746,75938.67133388213,0.2570631193659437,0.235,452.34000000000003,SELL_NO
1779826939.5427802,75912.62004759208,75938.67133388213,0.1936273161580179,0.235,75.89232005639758,BUY_NO
1779826939.624485,75912.62004759208,75938.67133388213,0.1835496734767481,0.235,81.3163340901915,BUY_NO
1779826940.1243463,75912.62004759208,75938.67133388213,0.17461857916941884,0.235,70.7227034160681,BUY_NO
1779826940.2054648,75912.62004759208,75938.67133388213,0.16563764529643046,0.235,70.62542113928686,BUY_NO
1779826940.7008626,75912.62004759208,75938.67133388213,0.15636038919467593,0.235,72.20208172163348,BUY_NO
1779826941.2006977,75911.87989,75938.67133388213,0.147601277632509,0.235,67.0879141424532,BUY_NO
1779826943.4584045,75911.89243,75938.67133388213,0.1384294556845195,0.235,69.87304847314442,BUY_NO
1779826948.5319943,75910.9289320719,75938.67133388213,0.12808113063585277,0.235,78.25895374066204,BUY_NO
1779826950.0651605,75904.49455434248,75938.67133388213,0.10979077872905414,0.235,139.50600653063884,BUY_NO
1779826950.1823094,75904.49455434248,75938.67133388213,0.09966251535796698,0.235,68.15170282578299,BUY_NO
1779826950.2842927,75904.49455434248,75938.67133388213,0.0849594452857244,0.235,64.40372737722214,BUY_NO
1779826950.9794872,75904.5594095783,75938.67133388213,0.08149319707251478,0.235,64.74855947510446,BUY_NO
1779826951.9294436,75904.5594095783,75938.67133388213,0.072039659851186,0.235,66.38324506299159,BUY_NO
1779826958.366675,75902.422845,75938.67133388213,0.05657646192421028,0.225,74.9444815705724,BUY_NO
1779826961.863806,75902.60815,75938.67133388213,0.04723146688418797,0.225,64.93387147301996,BUY_NO
1779826985.0258398,75903.44308316661,75938.67133388213,0.13237860132903456,0.11499999999999999,402.93,SELL_NO
1779826985.7600977,75903.44308316661,75938.67133388213,0.12798988702427963,0.11499999999999999,382.91,SELL_NO
1779826985.947657,75903.44308316661,75938.67133388213,0.06652358457620501,0.11499999999999999,71.22558670888122,BUY_NO
1779826986.097318,75903.44308316661,75938.67133388213,0.061374157362019045,0.11499999999999999,71.1175656102148,BUY_NO
1779826986.699426,75903.40353611956,75938.67133388213,0.05712074715994782,0.11499999999999999,57.10186974785324,BUY_NO
1779826987.8736706,75903.40353611956,75938.67133388213,0.05294491196593481,0.11499999999999999,56.24699343357361,BUY_NO
1779826989.3413448,75903.08783208062,75938.67133388213,0.04849142313543342,0.11499999999999999,59.660198466888346,BUY_NO
1779826989.6240766,75903.08783208062,75938.67133388213,0.04390690716073901,0.11499999999999999,60.54304796998281,BUY_NO
1779826990.8129973,75903.41927268285,75938.67133388213,0.03929504163079043,0.11499999999999999,60.100381475540416,BUY_NO
1779826991.6035848,75903.43408030858,75938.67133388213,0.03474912562201518,0.11499999999999999,58.451824637929576,BUY_NO
1779826993.691623,75903.62932431641,75938.67133388213,0.03400632196808913,0.125,56.85293523694418,BUY_NO
1779826999.014159,75915.6101297779,75938.67133388213,0.13688017585089968,0.125,258.06,SELL_NO
1779826999.1019785,75915.6101297779,75938.67133388213,0.13786559749341507,0.125,233.56,SELL_NO
1779826999.5414896,75915.6101297779,75938.67133388213,0.13604644025045343,0.125,222.89,SELL_NO
1779826999.7804742,75915.6101297779,75938.67133388213,0.14760516412030864,0.125,405.9011716562005,SELL_NO
1779826999.8414571,75915.6101297779,75938.67133388213,0.11499548617184513,0.125,71.74745677656878,BUY_NO
1779827000.1570082,75915.6101297779,75938.67133388213,0.1530739257174391,0.125,71.74745677656878,SELL_NO
1779827035.4495614,75937.24942157323,75938.67133388213,0.3401259143323617,0.495,126.69,BUY_NO
1779827036.7084167,75937.24942157323,75938.67133388213,0.44979515050968405,0.495,115.27254170530654,BUY_NO
1779827036.9719565,75937.24942157323,75938.67133388213,0.43234684272089025,0.495,102.97267617556042,BUY_NO
1779827039.3120697,75936.13593776403,75938.67133388213,0.4152818473248874,0.495,99.7421657386817,BUY_NO
1779827042.972817,75937.31810284937,75938.67133388213,0.5070278169887338,0.495,296.33,SELL_NO
1779827043.0419137,75937.31810284937,75938.67133388213,0.447852920274387,0.495,104.94654136777697,BUY_NO
1779827043.0985427,75937.31810284937,75938.67133388213,0.5081071104630068,0.495,253.29392498732565,SELL_NO
1779827043.1310313,75937.31810284937,75938.67133388213,0.47360261784947677,0.495,99.26349168433573,BUY_NO
1779827043.7244449,75937.16277460274,75938.67133388213,0.5184563297689887,0.495,111.12194714076124,BUY_YES
1779827043.789141,75937.16277460274,75938.67133388213,0.48345912554955456,0.495,111.12194714076124,SELL_YES
1779827044.6128883,75937.16277460274,75938.67133388213,0.456468977066655,0.495,102.67744390610805,BUY_NO
1779827048.325668,75937.12444846766,75938.67133388213,0.49515955560304536,0.485,201.9409355904438,SELL_NO
1779827048.893842,75937.12444846766,75938.67133388213,0.5118062728594862,0.485,131.99034304067524,BUY_YES
1779827048.9603968,75937.12444846766,75938.67133388213,0.528926708136836,0.485,102.11575592515601,BUY_YES
1779827054.2237644,75937.24000513068,75938.67133388213,0.4378331829411038,0.475,107.76,BUY_NO
1779827054.229867,75937.24000513068,75938.67133388213,0.4418615731134672,0.475,130.0,SELL_YES
1779827054.522818,75937.24000513068,75938.67133388213,0.4351519465150605,0.475,101.49455873340328,BUY_NO
1779827054.8103843,75937.24000513068,75938.67133388213,0.41824431282298585,0.475,99.84905868290465,BUY_NO
1779827056.3907971,75937.13535811238,75938.67133388213,0.48783769976421104,0.475,148.53,SELL_NO
1779827056.405387,75937.13535811238,75938.67133388213,0.4870928425936165,0.475,143.53,SELL_NO
1779827057.0672069,75937.13535811238,75938.67133388213,0.45098711482224035,0.475,97.64004207757841,BUY_NO
1779827057.2599792,75935.47655818911,75938.67133388213,0.4338142330509941,0.475,102.45669440899573,BUY_NO
1779827057.4622169,75935.47655818911,75938.67133388213,0.4173081962646609,0.475,97.32404924352531,BUY_NO
1779827057.613478,75935.47655818911,75938.67133388213,0.39997150307224205,0.475,101.28888145681515,BUY_NO
1779827057.7903647,75935.47655818911,75938.67133388213,0.3829346444569211,0.475,98.33032550673846,BUY_NO
1779827058.619645,75932.24,75938.67133388213,0.3662826127106708,0.475,95.06637609887844,BUY_NO
1779827058.645296,75932.24,75938.67133388213,0.34234493415941,0.475,136.71468427510183,BUY_NO
1779827058.7882085,75932.24,75938.67133388213,0.3249733450165854,0.475,95.16847271558436,BUY_NO
1779827059.9210796,75928.03816,75938.67133388213,0.2755987470067811,0.475,166.04684300931382,BUY_NO
1779827060.1337872,75928.03816,75938.67133388213,0.241148181408693,0.475,300.98204053119366,BUY_NO
1779827064.5548003,75927.9158760015,75938.67133388213,0.21039575607119654,0.475,150.83169707412753,BUY_NO
1779827067.8904104,75927.58750650183,75938.67133388213,0.19071870871166047,0.475,97.12975585824256,BUY_NO
1779827076.9284084,75926.13941560512,75938.67133388213,0.13762116416752335,0.455,185.90347078313062,BUY_NO
1779827077.940599,75925.9374105425,75938.67133388213,0.11760260845700739,0.455,91.02605272747383,BUY_NO
1779827078.9623115,75925.9374105425,75938.67133388213,0.09860460325278841,0.455,94.09306977838719,BUY_NO
1779827100.0448165,75924.01329041265,75924.01329041265,0.36407910917030134,0.045,55.0,SELL_NO
1779827100.2393832,75924.01329041265,75924.01329041265,0.49515470129226713,0.045,55.07999999999999,SELL_NO
1779827100.364671,75924.3002956686,75924.01329041265,0.6959962199870612,0.045,65.60000000000001,SELL_NO
1779827100.492014,75924.3002956686,75924.01329041265,0.9826809873972545,0.045,60.6,SELL_NO
1779827100.502973,75924.3002956686,75924.01329041265,0.9837248615697209,0.045,60.6,SELL_NO
1779827100.5231369,75924.3002956686,75924.01329041265,0.9864307006818093,0.045,55.6,SELL_NO
1779827100.533673,75924.3002956686,75924.01329041265,0.9870927833972126,0.045,60.6,SELL_NO
1779827100.6133344,75924.3002956686,75924.01329041265,0.9886531120437532,0.045,55.6,SELL_NO
1779827100.7823985,75924.3002956686,75924.01329041265,0.9899608924837482,0.045,65.60000000000001,SELL_NO
1779827100.8042939,75924.3002956686,75924.01329041265,0.9899726897628435,0.045,70.60000000000001,SELL_NO
1779827100.938697,75924.3002956686,75924.01329041265,0.7579170796538414,0.045,70.60000000000001,SELL_NO
1779827101.1786728,75924.3002956686,75924.01329041265,0.5637673045875289,0.045,55.6,SELL_NO
1779827101.3269298,75924.3002956686,75924.01329041265,0.5053341879670993,0.045,60.6,SELL_NO
1779827101.394345,75924.3002956686,75924.01329041265,0.5131503962264977,0.045,55.6,SELL_NO
1779827101.4486365,75924.3002956686,75924.01329041265,0.5114603148060795,0.045,55.6,SELL_NO
1779827102.0750723,75927.40546885977,75924.01329041265,0.5126442830542974,0.045,55.52,SELL_NO
1779827102.083343,75927.40546885977,75924.01329041265,0.506988373825197,0.045,85.3,SELL_NO
1779827102.1208768,75927.40546885977,75924.01329041265,0.4974453295811602,0.045,60.52,SELL_NO
1779827102.128699,75927.40546885977,75924.01329041265,0.4948186943710916,0.045,85.3,SELL_NO
1779827102.4981122,75927.40546885977,75924.01329041265,0.5461137506849931,0.045,55.52,SELL_NO
1779827102.507804,75927.40546885977,75924.01329041265,0.5434186953423542,0.045,65.3,SELL_NO
1779827102.810278,75927.40546885977,75924.01329041265,0.5504866274004365,0.045,55.52,SELL_NO
1779827102.8193705,75927.40546885977,75924.01329041265,0.5439086955100889,0.045,85.3,SELL_NO
1779827103.0219448,75927.40546885977,75924.01329041265,0.5389816468697503,0.045,55.52,SELL_NO
1779827103.028642,75927.40546885977,75924.01329041265,0.53667230986555,0.045,65.3,SELL_NO
1779827103.1825156,75927.40546885977,75924.01329041265,0.6046909609141343,0.04,55.52,SELL_NO
1779827103.1934257,75927.40546885977,75924.01329041265,0.6057061619926235,0.04,55.0,SELL_NO
1779827103.2166023,75927.40546885977,75924.01329041265,0.610418310577171,0.04,55.52,SELL_NO
1779827103.232101,75927.40546885977,75924.01329041265,0.6096787959670573,0.04,55.0,SELL_NO
1779827103.6533604,75932.83276283026,75924.01329041265,0.6004555107045745,0.045,55.52,SELL_NO
1779827103.6795282,75932.83276283026,75924.01329041265,0.5968780271874539,0.045,55.0,SELL_NO
1779827124.3363612,75949.80627979341,75932.83276283026,0.7003244804669568,0.7003244804669568,113907.43238589875,BUY_YES
1779827194.4831703,75976.27086192589,75932.83276283026,0.8194497638410988,0.8194497638410988,5685.923477930584,BUY_YES
1779827194.507192,75976.27086192589,75932.83276283026,0.8610897213468058,0.8610897213468058,5418.5535969716,BUY_YES
1779827194.5569358,75976.27086192589,75932.83276283026,0.9007815255932937,0.9007815255932937,5098.381543197,BUY_YES
1779827401.1188385,76045.56636287743,76045.56641646133,0.027533566796109542,0.455,248.4,BUY_NO
1779827401.1281354,76045.56636287743,76045.56641646133,0.04478202319199094,0.455,131.17,BUY_NO
1779827401.134228,76045.56636287743,76045.56641646133,0.07725082129879071,0.455,124.0,BUY_NO
1779827401.1408145,76045.56636287743,76045.56641646133,0.11764443222531927,0.455,105.0,BUY_NO
1779827401.1509812,76045.56636287743,76045.56641646133,0.15944016113917653,0.455,105.0,BUY_NO
1779827401.156635,76045.56636287743,76045.56641646133,0.2004687963368773,0.455,125.0,BUY_NO
1779827401.180375,76045.56636287743,76045.56641646133,0.4751551658895995,0.455,115.2,SELL_NO
1779827401.2330754,76045.56636287743,76045.56641646133,0.4905203880825062,0.455,115.2,BUY_YES
1779827401.2456405,76045.56636287743,76045.56641646133,0.4359818824497667,0.455,115.2,SELL_YES
1779827402.2129626,76045.56636287743,76045.56641646133,0.5097952630837905,0.495,162.74,SELL_NO
1779827402.266741,76045.56636287743,76045.56641646133,0.5058778837353924,0.495,189.74,SELL_NO
1779827402.4515798,76045.56636287743,76045.56641646133,0.5170192485877982,0.495,198.74,SELL_NO
1779827402.6973805,76045.56636287743,76045.56641646133,0.5388082568972807,0.495,160.74,BUY_YES
1779827402.701036,76045.56636287743,76045.56641646133,0.5294991935912752,0.495,172.14999999999986,SELL_NO
1779827402.7114305,76045.56636287743,76045.56641646133,0.4697005480867974,0.495,115.15337588266695,BUY_NO
1779827402.7378886,76045.56636287743,76045.56641646133,0.4574532785689744,0.495,160.74,SELL_YES
1779827402.7476232,76045.56636287743,76045.56641646133,0.5086680925886371,0.495,115.15337588266695,SELL_NO
1779827403.0558922,76045.59552838712,76045.56641646133,0.47233327015900506,0.495,101.04070090072695,BUY_NO
1779827403.0719428,76045.59552838712,76045.56641646133,0.5085347329991583,0.495,101.04070090072695,SELL_NO
1779827403.1693714,76045.59552838712,76045.56641646133,0.46706064856201196,0.495,98.20929909927305,BUY_NO
1779827403.4480603,76045.59552838712,76045.56641646133,0.43833633462598454,0.495,195.68152408027538,BUY_NO
1779827403.4621873,76045.59552838712,76045.56641646133,0.4188283517512214,0.495,106.70729766356112,BUY_NO
1779827403.5285578,76045.59552838712,76045.56641646133,0.3980921779902283,0.495,113.7121602432494,BUY_NO
1779827403.7364287,76045.59552838712,76045.56641646133,0.5152269952912134,0.505,514.3102810863589,SELL_NO
1779827403.9021246,76048.50937642388,76045.56641646133,0.5456206959138953,0.505,203.47815924844156,BUY_YES
1779827403.9075415,76048.50937642388,76045.56641646133,0.5732196968402198,0.505,153.7163227188127,BUY_YES
1779827403.9167602,76048.50937642388,76045.56641646133,0.6088193068218395,0.505,196.4877729728176,BUY_YES
1779827403.9239547,76048.50937642388,76045.56641646133,0.6278948105444472,0.505,99.78618385411903,BUY_YES
1779827404.117869,76048.50937642388,76045.56641646133,0.648486351715137,0.505,109.90217615132599,BUY_YES
1779827404.753023,76048.50937642388,76045.56641646133,0.4833886192569009,0.495,380.52,SELL_YES
1779827404.848889,76048.18797747925,76045.56641646133,0.47564895272068586,0.495,382.8506149455169,SELL_YES
1779827404.8990254,76048.18797747925,76045.56641646133,0.46078597096664375,0.495,166.60958277807728,BUY_NO
1779827405.0343213,76048.18797747925,76045.56641646133,0.4388059216539173,0.495,122.74173729615384,BUY_NO
1779827405.418243,76048.18797747925,76045.56641646133,0.5174495225994463,0.505,289.3513200742311,SELL_NO
1779827405.4522686,76048.18797747925,76045.56641646133,0.5272916407411873,0.505,98.55439780182151,BUY_YES
1779827405.4962103,76048.18797747925,76045.56641646133,0.5487955913975392,0.505,121.3914761083749,BUY_YES
1779827405.6005964,76048.18797747925,76045.56641646133,0.567535620601971,0.505,104.10472953371439,BUY_YES
1779827405.651634,76048.18797747925,76045.56641646133,0.5909780961790785,0.5,129.44995956039475,BUY_YES
1779827405.6630733,76048.18797747925,76045.56641646133,0.6150194063365434,0.5,130.47468020655805,BUY_YES
1779827406.049361,76048.28030210416,76045.56641646133,0.4812079184379011,0.505,103.70360869692111,BUY_NO
1779827406.057232,76048.28030210416,76045.56641646133,0.4748902247176113,0.505,106.06,SELL_YES
1779827406.0625153,76048.28030210416,76045.56641646133,0.4789208435391238,0.505,267.58,SELL_YES
1779827406.0700452,76048.28030210416,76045.56641646133,0.5261759476967645,0.505,103.70360869692111,SELL_NO
1779827406.0801425,76048.28030210416,76045.56641646133,0.5681596067171494,0.505,117.13348380662518,BUY_YES
1779827406.1649332,76048.28030210416,76045.56641646133,0.5978391974238684,0.505,163.9602286835301,BUY_YES
1779827406.1764488,76048.28030210416,76045.56641646133,0.617729743498109,0.505,105.87140427639707,BUY_YES
1779827406.1853251,76048.28030210416,76045.56641646133,0.6444096132381348,0.505,143.56616998410436,BUY_YES
1779827406.9038038,76048.28030210416,76045.56641646133,0.4939822446063972,0.505,152.86,SELL_YES
1779827407.002678,76048.3434426311,76045.56641646133,0.48952841538851716,0.505,107.72,SELL_YES
1779827407.1263084,76048.3434426311,76045.56641646133,0.4929373491973321,0.505,103.58,SELL_YES
1779827407.196604,76048.3434426311,76045.56641646133,0.6010631641338271,0.505,131.1779043797278,BUY_YES
1779827407.4972448,76048.3434426311,76045.56641646133,0.49092945140083544,0.505,162.0,SELL_YES
1779827407.5108912,76048.3434426311,76045.56641646133,0.48835243207309065,0.505,162.0,SELL_YES
1779827407.587748,76048.3434426311,76045.56641646133,0.44718573570410863,0.505,110.0,BUY_NO
1779827407.5929554,76048.3434426311,76045.56641646133,0.452778861311409,0.505,98.48577924090608,BUY_NO
1779827407.5968733,76048.3434426311,76045.56641646133,0.46870634886893797,0.505,183.8844343412481,SELL_YES
1779827407.6035223,76048.3434426311,76045.56641646133,0.5167647069288845,0.505,208.48577924090608,SELL_NO
1779827407.616915,76048.3434426311,76045.56641646133,0.5303194482914555,0.505,115.54601062034433,BUY_YES
1779827407.6289735,76048.3434426311,76045.56641646133,0.4816161814723263,0.505,115.54601062034433,SELL_YES
1779827407.727502,76048.3434426311,76045.56641646133,0.5279352257996263,0.505,101.96266785105163,BUY_YES
1779827407.7468534,76048.3434426311,76045.56641646133,0.49400387102945664,0.505,101.96266785105163,SELL_YES
1779827407.7601602,76048.3434426311,76045.56641646133,0.528293908994582,0.505,103.98994489953563,BUY_YES
1779827407.7701414,76048.3434426311,76045.56641646133,0.4909309716255455,0.505,103.98994489953563,SELL_YES
1779827407.8002274,76048.3434426311,76045.56641646133,0.5287246758548366,0.505,106.42623508337104,BUY_YES
1779827407.8157673,76048.3434426311,76045.56641646133,0.4857429328273142,0.505,106.42623508337104,SELL_YES
1779827407.8230584,76048.3434426311,76045.56641646133,0.5340793447954685,0.505,136.8445448652203,BUY_YES
1779827408.1434183,76048.1129319134,76045.56641646133,0.5516740098932917,0.505,98.24514742748161,BUY_YES
1779827408.1704242,76048.1129319134,76045.56641646133,0.5712093657446679,0.505,108.36006073077297,BUY_YES
1779827408.1992476,76048.1129319134,76045.56641646133,0.5966783078391514,0.5,140.03109349319703,BUY_YES
1779827408.2059972,76048.1129319134,76045.56641646133,0.6150995824302311,0.505,98.24442330007628,BUY_YES
1779827408.2226708,76048.1129319134,76045.56641646133,0.6344734724056038,0.505,103.4885524917238,BUY_YES
1779827408.6262348,76048.1129319134,76045.56641646133,0.49218831244044103,0.505,153.0,SELL_YES
1779827408.889135,76048.1129319134,76045.56641646133,0.48909973574086213,0.505,285.4,SELL_YES
1779827408.9130392,76048.1129319134,76045.56641646133,0.572247145312538,0.505,102.06504771500192,BUY_YES
1779827408.9842174,76048.1129319134,76045.56641646133,0.4926968636477867,0.505,242.54,SELL_YES
1779827408.997956,76048.1129319134,76045.56641646133,0.4869387589959261,0.505,106.33887002347396,SELL_YES
1779827409.0019822,76048.1129319134,76045.56641646133,0.474751237348249,0.505,143.30876329642697,BUY_NO
1779827409.0182862,76048.1129319134,76045.56641646133,0.5199938410008437,0.505,143.30876329642697,SELL_NO
1779827409.0906875,76048.1129319134,76045.56641646133,0.4495351162757377,0.505,130.69123670357303,BUY_NO
1779827409.1163077,76048.81205055212,76045.56641646133,0.4565926762534018,0.505,113.94165331018326,BUY_NO
1779827409.3731763,76048.81205055212,76045.56641646133,0.5157665121907228,0.505,244.63289001375628,SELL_NO
1779827409.383418,76048.81205055212,76045.56641646133,0.47520665288703,0.505,140.66394102727256,BUY_NO
1779827409.4176164,76048.81205055212,76045.56641646133,0.5165036957094126,0.505,140.66394102727256,SELL_NO
1779827409.4337337,76048.81205055212,76045.56641646133,0.47730040111271826,0.505,128.7651792527357,BUY_NO
1779827409.4572608,76048.81205055212,76045.56641646133,0.5178789039309266,0.505,128.7651792527357,SELL_NO
1779827409.5537202,76048.81205055212,76045.56641646133,0.48212074623495554,0.505,101.40695257110902,BUY_NO
1779827409.58105,76048.81205055212,76045.56641646133,0.5302817326898908,0.505,114.46165903784471,BUY_YES
1779827409.6995344,76048.81205055212,76045.56641646133,0.5591275664850304,0.505,161.0716023425515,BUY_YES
1779827409.764188,76048.81205055212,76045.56641646133,0.5826501967725071,0.505,128.34377919695578,BUY_YES
1779827410.138486,76048.81205055212,76045.56641646133,0.4936233247587215,0.505,296.76,SELL_YES
1779827410.1550565,76048.81205055212,76045.56641646133,0.5505815065602625,0.505,120.50217928048883,BUY_YES
1779827410.1880312,76048.81205055212,76045.56641646133,0.4922444400370997,0.505,227.61921985784082,SELL_YES
1779827410.2000263,76048.81205055212,76045.56641646133,0.5401350200656068,0.505,169.97140563592058,BUY_YES
1779827410.229951,76048.81205055212,76045.56641646133,0.49221766051489196,0.505,121.14078014215917,SELL_YES
1779827410.2519555,76048.81205055212,76045.56641646133,0.5373962029562807,0.505,105.26252259016738,BUY_YES
1779827410.5598507,76050.26867296422,76045.56641646133,0.5733807611036418,0.505,200.35588284795233,BUY_YES
1779827410.5708761,76050.26867296422,76045.56641646133,0.5984874293357331,0.505,134.97709111799475,BUY_YES
1779827410.736807,76050.26867296422,76045.56641646133,0.6170228177727257,0.505,98.09562549254213,BUY_YES
1779827410.8636785,76050.26867296422,76045.56641646133,0.6410055125845463,0.505,127.72112322123826,BUY_YES
1779827410.8891172,76050.26867296422,76045.56641646133,0.6602559501665175,0.505,99.22299098653514,BUY_YES
1779827411.6439571,76049.94615678974,76045.56641646133,0.48166122142777273,0.495,412.47,SELL_YES
1779827411.8225267,76049.94615678974,76045.56641646133,0.4639248695516915,0.495,401.99586175019135,SELL_YES
1779827412.338257,76049.94615678974,76045.56641646133,0.4513369289276195,0.495,116.25235659865147,BUY_NO
1779827412.34753,76049.94615678974,76045.56641646133,0.4323159229426315,0.495,105.02761560706261,BUY_NO
1779827412.4619024,76050.22827712957,76045.56641646133,0.4127338375048438,0.495,107.05733224111106,BUY_NO
1779827413.8887296,76050.27047185616,76045.56641646133,0.5368578887419189,0.495,203.70863017732248,BUY_YES
1779827413.979762,76050.27047185616,76045.56641646133,0.5512218477519348,0.495,129.0013698226775,SELL_NO
1779827413.9840481,76050.27047185616,76045.56641646133,0.5407386377384387,0.495,300.7428871952567,SELL_NO
1779827413.9968708,76050.27047185616,76045.56641646133,0.46837577249213924,0.495,120.98877993775345,BUY_NO
1779827414.0017333,76050.27047185616,76045.56641646133,0.45675594040362355,0.495,203.70863017732248,SELL_YES
1779827414.1811073,76050.27047185616,76045.56641646133,0.6357356286126604,0.495,101.0,BUY_YES
1779827414.1848938,76050.27047185616,76045.56641646133,0.6245001739307936,0.495,112.59711280474329,BUY_YES
1779827414.1895585,76050.27047185616,76045.56641646133,0.6028344447182067,0.495,246.94213714548027,BUY_YES
1779827414.2443304,76050.27047185616,76045.56641646133,0.40847041985231153,0.495,207.59,BUY_NO
1779827414.2604148,76050.27047185616,76045.56641646133,0.5139041517181208,0.495,328.57877993775344,SELL_NO
1779827414.2679217,76050.27047185616,76045.56641646133,0.4717966188551447,0.495,100.31911251211223,BUY_NO
1779827414.2811182,76050.27047185616,76045.56641646133,0.4415903409552532,0.495,102.27088748788778,BUY_NO
1779827414.3385036,76050.27047185616,76045.56641646133,0.5146386916686965,0.495,107.20122006224653,SELL_NO
1779827414.44984,76050.27047185616,76045.56641646133,0.6065347181805288,0.495,123.1564540064158,BUY_YES
1779827414.457637,76050.27047185616,76045.56641646133,0.6275229620005748,0.495,110.27913032731453,BUY_YES
1779827414.4684632,76050.27047185616,76045.56641646133,0.6509241513605393,0.495,122.35248016240155,BUY_YES
1779827414.6896582,76050.40998510682,76045.56641646133,0.6707240256950147,0.495,100.82508470916093,BUY_YES
1779827416.7041652,76049.04297800684,76045.56641646133,0.47466773980868626,0.49,104.89,SELL_YES
1779827417.6967964,76050.05447886973,76045.56641646133,0.6643349115797844,0.485,124.64981797615349,BUY_YES
1779827417.8567414,76050.05447886973,76045.56641646133,0.6941491685228138,0.475,152.73990822182145,BUY_YES
1779827417.8685527,76050.05447886973,76045.56641646133,0.7196552351983005,0.475,125.81831984767564,BUY_YES
1779827422.9303691,76063.00844655583,76045.56641646133,0.7420475080635711,0.485,109.18141067734359,BUY_YES
1779827424.2274163,76064.67277216149,76045.56641646133,0.7632020507977426,0.485,102.40102417854291,BUY_YES
1779827432.0138614,76043.69940185854,76045.56641646133,0.40370040042266325,0.485,250.03058494988724,BUY_NO
1779827432.023566,76043.69940185854,76045.56641646133,0.4284659560538714,0.49,817.3694150501128,SELL_YES
1779827432.0311759,76043.69940185854,76045.56641646133,0.4264220259567472,0.49,609.6834650069407,SELL_YES
1779827432.0543573,76043.69940185854,76045.56641646133,0.530696773178776,0.49,114.16945310697098,BUY_YES
1779827432.062187,76043.69940185854,76045.56641646133,0.5503534477688437,0.49,105.98054689302903,BUY_YES
1779827432.0682037,76043.69940185854,76045.56641646133,0.560612189933449,0.49,158.75,SELL_NO
1779827432.1284819,76043.69940185854,76045.56641646133,0.44559342465566937,0.49,220.15,SELL_YES
1779827432.1415265,76043.69940185854,76045.56641646133,0.41188441797589137,0.49,137.29702659388744,BUY_NO
1779827433.3170962,76051.50072443602,76045.56641646133,0.4416627252120082,0.53,108.42428258027348,BUY_NO
1779827434.4043305,76054.37588736009,76045.56641646133,0.5853653871479437,0.565,150.04,SELL_NO
1779827434.5704565,76054.37588736009,76045.56641646133,0.5863318300961031,0.565,141.5,SELL_NO
1779827434.7778692,76054.37588736009,76045.56641646133,0.5934235032515353,0.5700000000000001,139.74,SELL_NO
1779827434.8148947,76054.37588736009,76045.56641646133,0.5996521868363159,0.5700000000000001,112.70473122813559,BUY_YES
1779827434.8311582,76054.37588736009,76045.56641646133,0.615589563996026,0.5700000000000001,89.96720611086843,BUY_YES
1779827436.8546555,76055.60573421296,76045.56641646133,0.6326422780758308,0.5700000000000001,87.65,BUY_YES
1779827437.0608873,76056.26524600374,76045.56641646133,0.6471150374514848,0.5700000000000001,87.61825255080987,BUY_YES
1779827439.4720879,76056.28125957682,76045.56641646133,0.5635147282375731,0.575,377.9401898898139,SELL_YES
1779827439.6522522,76056.2979656348,76045.56641646133,0.5423045891635793,0.575,156.68306981303917,BUY_NO
1779827440.0351536,76056.2979656348,76045.56641646133,0.5205886679854402,0.575,121.68753274701876,BUY_NO
1779827441.058927,76056.2979656348,76045.56641646133,0.6054942996299556,0.58,88.29545723394305,BUY_YES
1779827441.1714153,76056.2979656348,76045.56641646133,0.6206229253694383,0.585,85.22184782113128,BUY_YES
1779827441.6754973,76056.2979656348,76045.56641646133,0.5727500482828263,0.585,173.51730505507433,SELL_YES
1779827449.390605,76056.279978778,76045.56641646133,0.6546213690190926,0.46499999999999997,673.17,BUY_YES
1779827449.4044235,76056.279978778,76045.56641646133,0.671390300568138,0.46499999999999997,159.95,BUY_YES
1779827449.4158564,76056.279978778,76045.56641646133,0.6858434662933378,0.46499999999999997,100.0,SELL_NO
1779827449.4261432,76056.279978778,76045.56641646133,0.6947580020521194,0.46499999999999997,200.5569896094894,BUY_YES
1779827449.4339812,76056.279978778,76045.56641646133,0.6832745987773446,0.46499999999999997,179.4812766218596,SELL_NO
1779827449.7551699,76056.279978778,76045.56641646133,0.6941600022683938,0.46499999999999997,158.91892510752336,BUY_YES
1779827449.7719038,76056.279978778,76045.56641646133,0.7218618614295891,0.46499999999999997,136.04933223425815,BUY_YES
1779827450.4490185,76056.279978778,76045.56641646133,0.7449153272389737,0.46499999999999997,111.0233476599069,BUY_YES
1779827452.6279655,76056.25855002242,76045.56641646133,0.7400402529838844,0.41500000000000004,139.25426229199843,BUY_YES
1779827480.2246785,76032.65074136473,76045.56641646133,0.2686512342141568,0.375,99.47,BUY_NO
1779827480.2339435,76032.65074136473,76045.56641646133,0.2773134583259954,0.375,248.62,BUY_NO
1779827480.2444623,76032.65074136473,76045.56641646133,0.30637538745040316,0.375,161.7,SELL_YES
1779827480.266001,76032.65074136473,76045.56641646133,0.3866045998516663,0.375,343.84,SELL_NO
1779827480.3352408,76032.65074136473,76045.56641646133,0.29124451493222997,0.375,206.03,BUY_NO
1779827480.3632746,76032.65074136473,76045.56641646133,0.3891550747029346,0.375,83.13000000000005,SELL_NO
1779827480.3937764,76032.65074136473,76045.56641646133,0.4315031722435653,0.375,127.15,SELL_NO
1779827480.861036,76032.65074136473,76045.56641646133,0.3548108416464866,0.375,84.30466495639092,BUY_NO
1779827480.8973086,76032.65074136473,76045.56641646133,0.3873676890936767,0.375,84.30466495639092,SELL_NO
1779827482.1299903,76033.11291377079,76045.56641646133,0.3556059815438898,0.375,79.88302083635516,BUY_NO
1779827482.4652247,76033.11291377079,76045.56641646133,0.33587823282217233,0.375,81.38697916364485,BUY_NO
1779827482.4739292,76033.11291377079,76045.56641646133,0.33928115219363403,0.375,234.69,SELL_YES
1779827482.495711,76033.11291377079,76045.56641646133,0.398325455728197,0.375,161.27,SELL_NO
1779827483.3239324,76032.97836664242,76045.56641646133,0.32427584372221785,0.375,183.52,BUY_NO
1779827483.336957,76032.97836664242,76045.56641646133,0.3389899386392031,0.375,234.69,SELL_YES
1779827483.3534775,76032.97836664242,76045.56641646133,0.39175498964403116,0.375,111.51,SELL_NO
1779827483.7822666,76032.97836664242,76045.56641646133,0.36438508487733795,0.375,228.14,SELL_YES
1779827483.9150465,76032.60452730641,76045.56641646133,0.36294547334419186,0.375,244.2,SELL_YES
1779827484.3304586,76032.60452730641,76045.56641646133,0.34288145996081754,0.375,83.64536316440088,BUY_NO
1779827484.5874465,76032.60452730641,76045.56641646133,0.3429775390509518,0.375,372.48,SELL_YES
1779827484.9640477,76032.60452730641,76045.56641646133,0.3199058079715955,0.375,134.61795512798383,BUY_NO
1779827484.9773738,76032.60452730641,76045.56641646133,0.3020790943017003,0.375,99.58970582786498,BUY_NO
1779827485.0018601,76032.60452730641,76045.56641646133,0.27909231372964766,0.375,128.2710332381252,BUY_NO
1779827485.030939,76032.60452730641,76045.56641646133,0.26284447742103256,0.375,87.03121619596732,BUY_NO
1779827486.0554276,76031.33211441779,76045.56641646133,0.2478239655047275,0.375,80.51587966594707,BUY_NO
1779827490.121982,76035.187305,76045.56641646133,0.3956969539141904,0.385,100.78,SELL_NO
1779827490.3851638,76035.187305,76045.56641646133,0.3958617665640888,0.385,87.95,SELL_NO
1779827491.437014,76034.6907930702,76045.56641646133,0.39904798100353356,0.385,163.67,SELL_NO
1779827491.6435497,76034.6907930702,76045.56641646133,0.40540708703192374,0.385,216.54,SELL_NO
1779827491.6671727,76034.6907930702,76045.56641646133,0.34376859987297254,0.385,91.22261625295516,BUY_NO
1779827492.2397118,76034.6907930702,76045.56641646133,0.3965335709038463,0.385,150.84,SELL_NO
1779827492.2684095,76034.6907930702,76045.56641646133,0.35336040437762134,0.385,96.3845379815406,BUY_NO
1779827492.4482288,76034.6907930702,76045.56641646133,0.3975711533517178,0.385,141.04,SELL_NO
1779827492.4710407,76034.6907930702,76045.56641646133,0.3619792908274144,0.385,91.6752146619289,BUY_NO
1779827499.3789537,76034.52693631589,76045.56641646133,0.3379650119228817,0.375,81.80318971498197,BUY_NO
1779827500.3940878,76034.52693631589,76045.56641646133,0.38596656467522816,0.375,86.88,SELL_NO
1779827500.5017142,76035.28356,76045.56641646133,0.3379980294193477,0.375,86.73508866166108,BUY_NO
1779827500.532376,76035.28356,76045.56641646133,0.3866295088250641,0.375,86.88,SELL_NO
1779827500.5376358,76035.28356,76045.56641646133,0.3856114105042939,0.375,86.88,SELL_NO
1779827500.559082,76035.28356,76045.56641646133,0.35359694004207354,0.375,83.75293966336993,BUY_NO
1779827501.2229457,76035.28356,76045.56641646133,0.3860137536724647,0.375,86.38,SELL_NO
1779827501.434924,76035.28356,76045.56641646133,0.4391801595340504,0.375,179.81,BUY_YES
1779827501.518153,76035.28356,76045.56641646133,0.4562401857562259,0.375,154.4066731717587,BUY_YES
1779827501.6028073,76035.28356,76045.56641646133,0.4823677833123038,0.375,146.01642703353093,BUY_YES
1779827502.100377,76035.28356,76045.56641646133,0.3537128984518209,0.375,83.79689845422472,BUY_NO
1779827502.1567383,76035.28356,76045.56641646133,0.3876552692347617,0.375,93.2116386109517,SELL_NO
1779827502.4849415,76036.15324504602,76045.56641646133,0.36345300869360775,0.375,181.17,SELL_YES
1779827502.5310166,76036.15324504602,76045.56641646133,0.47613790311934834,0.375,146.6797112754732,BUY_YES
1779827502.950658,76036.15324504602,76045.56641646133,0.36330104715637346,0.375,201.17,SELL_YES
1779827503.0170398,76036.15324504602,76045.56641646133,0.4638084510059329,0.375,131.7864537303929,BUY_YES
1779827503.208357,76036.15324504602,76045.56641646133,0.3544979256389775,0.375,206.98,SELL_YES
1779827503.3127873,76036.15324504602,76045.56641646133,0.36482524569819424,0.375,263.17,SELL_YES
1779827503.3267543,76036.15324504602,76045.56641646133,0.41828925687255897,0.375,193.42,BUY_YES
1779827505.1351721,76036.34959380116,76045.56641646133,0.3638840759148751,0.375,202.65212211433183,SELL_YES
1779827505.1527627,76036.34959380116,76045.56641646133,0.40562866218490906,0.375,148.6045283656022,BUY_YES
1779827505.2862878,76036.34959380116,76045.56641646133,0.3599231537809985,0.375,137.85787788566816,SELL_YES
1779827505.8196635,76036.34959380116,76045.56641646133,0.3545954640714502,0.375,90.22446605211579,BUY_NO
1779827505.8785875,76036.00658516736,76045.56641646133,0.3382573179494184,0.375,94.53094665360854,BUY_NO
1779827506.4366615,76036.00658516736,76045.56641646133,0.38945177043518453,0.375,165.13,SELL_NO
1779827506.4572713,76036.00658516736,76045.56641646133,0.3480712463873394,0.375,108.61239591558638,BUY_NO
1779827506.6197608,76036.00658516736,76045.56641646133,0.3964505429356669,0.375,128.2378086213107,SELL_NO
1779827506.6467168,76036.00658516736,76045.56641646133,0.3554510493711338,0.375,85.17242129761362,BUY_NO
1779827506.9802222,76035.873905,76045.56641646133,0.38706406297788015,0.375,85.17242129761362,SELL_NO
1779827507.3229427,76035.873905,76045.56641646133,0.4074899571033691,0.375,148.46133489826806,BUY_YES
1779827507.6695178,76035.873905,76045.56641646133,0.43282953621969616,0.375,144.85553541802253,BUY_YES
1779827508.9519868,76035.875175,76045.56641646133,0.46117871169357344,0.375,160.31884158912754,BUY_YES
1779827508.9656098,76035.875175,76045.56641646133,0.4972755846855449,0.375,201.94097179156108,BUY_YES
1779827508.9946787,76035.875175,76045.56641646133,0.5232370306236708,0.375,140.50402477128068,BUY_YES
1779827509.0509892,76035.875175,76045.56641646133,0.5552024449974228,0.375,174.09620344425798,BUY_YES
1779827509.0651135,76035.875175,76045.56641646133,0.5882348805756424,0.375,176.167180943655,BUY_YES
1779827514.2040598,76033.84373201414,76045.56641646133,0.32659122221642783,0.345,77.62651100709323,BUY_NO
1779827514.2360368,76033.84373201414,76045.56641646133,0.36162206033775207,0.345,77.62651100709323,SELL_NO
1779827515.1793356,76033.84373201414,76045.56641646133,0.32681728607260613,0.345,76.31040599308083,BUY_NO
1779827515.3775613,76032.74399493315,76045.56641646133,0.3129966827175797,0.345,79.09329382142509,BUY_NO
1779827515.5251782,76032.74399493315,76045.56641646133,0.2949723621753982,0.345,102.15760176875764,BUY_NO
1779827515.8170516,76032.74399493315,76045.56641646133,0.3337798118390317,0.345,177.94,SELL_YES
1779827515.8871152,76032.74399493315,76045.56641646133,0.35805172173616584,0.345,257.56130158326357,SELL_NO
1779827515.9218714,76032.74399493315,76045.56641646133,0.3112965929733393,0.345,110.61691285750626,BUY_NO
1779827515.9659157,76032.74399493315,76045.56641646133,0.28777522351534796,0.345,81.37471312665883,BUY_NO
1779827515.9717727,76032.74399493315,76045.56641646133,0.2905744006149386,0.345,308.3883740158349,SELL_YES
1779827515.9929764,76032.74399493315,76045.56641646133,0.3632455760393042,0.345,191.9916259841651,SELL_NO
1779827517.0361507,76032.74399493315,76045.56641646133,0.33239085946905844,0.345,171.81,SELL_YES
1779827517.717325,76032.74399493315,76045.56641646133,0.3105014288005306,0.345,174.82317408111288,BUY_NO
1779827518.0684605,76032.51023852616,76045.56641646133,0.3559191403872389,0.345,174.82317408111288,SELL_NO
1779827518.0936253,76032.51023852616,76045.56641646133,0.32110264889839746,0.345,88.06,BUY_NO
1779827518.128358,76032.51023852616,76045.56641646133,0.3590740089310117,0.345,88.06,SELL_NO
1779827518.1913197,76032.51023852616,76045.56641646133,0.32615861033728,0.345,81.5,BUY_NO
1779827518.3027518,76032.51023852616,76045.56641646133,0.35617870295599297,0.345,81.5,SELL_NO
1779827519.1614337,76032.51023852616,76045.56641646133,0.3236130298986301,0.345,81.58,BUY_NO
1779827519.2500536,76032.51023852616,76045.56641646133,0.357702162459161,0.345,81.58,SELL_NO
1779827519.5339813,76032.48504204898,76045.56641646133,0.3152609608972608,0.345,101.58,BUY_NO
1779827519.6370862,76032.48504204898,76045.56641646133,0.35692647997133964,0.345,101.58,SELL_NO
1779827519.9198384,76032.48504204898,76045.56641646133,0.31175544024859864,0.345,109.67113172880087,BUY_NO
1779827520.06332,76032.48504204898,76045.56641646133,0.3578768765518114,0.345,109.67113172880087,SELL_NO
1779827520.1568034,76032.48504204898,76045.56641646133,0.30710536245612513,0.345,78.73417492750082,BUY_NO
1779827520.8104882,76032.48504204898,76045.56641646133,0.360339691458294,0.345,78.73417492750082,SELL_NO
1779827522.038316,76032.98458852743,76045.56641646133,0.32597347529881215,0.345,83.02741042194761,BUY_NO
1779827522.156839,76032.98458852743,76045.56641646133,0.35577803519724654,0.345,83.02741042194761,SELL_NO
1779827522.2050424,76032.98458852743,76045.56641646133,0.32645768235771266,0.345,80.15317750481668,BUY_NO
1779827522.3440733,76032.98448704144,76045.56641646133,0.3106761163742305,0.345,92.36912969364391,BUY_NO
1779827522.514752,76032.98448704144,76045.56641646133,0.3564844642291455,0.345,172.5223071984606,SELL_NO
1779827523.1107583,76032.98448704144,76045.56641646133,0.32396486730153673,0.345,93.03,BUY_NO
1779827523.2116508,76032.98448704144,76045.56641646133,0.3012494673880046,0.345,78.44252863448546,BUY_NO
1779827523.5292354,76032.98448704144,76045.56641646133,0.3552949069629233,0.345,171.47252863448546,SELL_NO
1779827524.5026898,76032.98488960169,76045.56641646133,0.32467652525225915,0.345,83.63,BUY_NO
1779827524.5490596,76032.98488960169,76045.56641646133,0.2946695894031144,0.345,83.63,BUY_NO
1779827524.5564318,76032.98488960169,76045.56641646133,0.2870504780419474,0.345,87.38483836724322,BUY_NO
1779827525.2760468,76032.88854064546,76045.56641646133,0.36375012969065795,0.345,254.6448383672432,SELL_NO
1779827526.084593,76032.88854064546,76045.56641646133,0.32614549723140307,0.345,81.92093590529076,BUY_NO
1779827526.1172345,76032.88854064546,76045.56641646133,0.3586010351673607,0.345,81.92093590529076,SELL_NO
1779827527.3680596,76033.194,76045.56641646133,0.3143206865030631,0.325,255.14,SELL_YES
1779827527.5499108,76033.194,76045.56641646133,0.4265366672859603,0.325,316.23,BUY_YES
1779827528.2619843,76033.96177893801,76045.56641646133,0.4496091936330897,0.325,155.8371475545265,BUY_YES
1779827528.7686603,76033.96177893801,76045.56641646133,0.4804642629178111,0.325,179.41976318391426,BUY_YES
1779827529.3217497,76033.71177384153,76045.56641646133,0.306122349889549,0.325,83.3369131318269,BUY_NO
1779827529.347475,76033.71177384153,76045.56641646133,0.336572467787688,0.325,83.3369131318269,SELL_NO
1779827531.010729,76033.39957149554,76045.56641646133,0.29149320882202795,0.325,114.49000000000001,BUY_NO
1779827531.1316497,76033.39957149554,76045.56641646133,0.2792031507785122,0.325,71.93355755585534,BUY_NO
1779827531.6291041,76033.50448219157,76045.56641646133,0.3362211793161437,0.325,186.42355755585535,SELL_NO
1779827532.151488,76033.50448219157,76045.56641646133,0.27091473856526155,0.325,73.4,BUY_NO
1779827532.162262,76033.50448219157,76045.56641646133,0.27132729168786485,0.325,103.88757327480317,BUY_NO
1779827532.3353148,76033.50448219157,76045.56641646133,0.33514648983789225,0.325,177.28757327480318,SELL_NO
1779827532.5806296,76033.50448219157,76045.56641646133,0.5088228023118065,0.32,160.41867384106,BUY_YES
1779827534.2657967,76033.76589086869,76045.56641646133,0.2907961491154629,0.315,105.4,BUY_NO
1779827534.3644233,76033.76589086869,76045.56641646133,0.32554448035472017,0.315,105.4,SELL_NO
1779827539.2321591,76033.21226519665,76045.56641646133,0.2938803680754775,0.305,218.41,SELL_YES
1779827539.432671,76033.21226519665,76045.56641646133,0.2866218892574252,0.305,83.25522520187938,BUY_NO
1779827539.440203,76033.21226519665,76045.56641646133,0.28047244184405323,0.305,198.21477479812063,SELL_YES
1779827539.4735248,76033.21226519665,76045.56641646133,0.3190742415689594,0.305,83.25522520187938,SELL_NO
1779827539.7138681,76033.21226519665,76045.56641646133,0.286627532881913,0.305,73.08999999999997,BUY_NO
1779827540.1561909,76033.21226519665,76045.56641646133,0.27578853788851593,0.305,77.71088693470836,BUY_NO
1779827540.3025553,76033.21226519665,76045.56641646133,0.32610106389152294,0.305,78.03,SELL_NO
1779827540.6464524,76033.21226519665,76045.56641646133,0.27644970302110883,0.305,73.88843501785061,BUY_NO
1779827540.916428,76033.21226519665,76045.56641646133,0.3358928373284992,0.305,146.65932195255894,SELL_NO
1779827540.953853,76033.21226519665,76045.56641646133,0.2816734578170878,0.305,114.7368619050354,BUY_NO
1779827541.131125,76033.21226519665,76045.56641646133,0.26993869833043016,0.305,71.74058568844185,BUY_NO
1779827541.1436703,76033.21226519665,76045.56641646133,0.2571405027250063,0.305,77.85196867094825,BUY_NO
1779827541.151387,76033.21226519665,76045.56641646133,0.2459359507106469,0.305,411.8180313290518,SELL_YES
1779827541.48424,76033.21226519665,76045.56641646133,0.3264454469750496,0.305,101.28,SELL_NO
1779827541.5485222,76033.21226519665,76045.56641646133,0.3355771201771817,0.305,163.0494162644255,SELL_NO
1779827541.5847218,76033.21226519665,76045.56641646133,0.28336835384006304,0.305,105.51070746935747,BUY_NO
1779827541.6372626,76033.21226519665,76045.56641646133,0.2695378617740688,0.305,86.11612801664126,BUY_NO
1779827541.898909,76033.21226519665,76045.56641646133,0.25301577470178965,0.305,101.89087168421847,BUY_NO
1779827541.9104285,76033.21226519665,76045.56641646133,0.24204405235543405,0.305,227.27514777260035,SELL_YES
1779827541.9232547,76033.21226519665,76045.56641646133,0.23909538167965447,0.305,86.82358681410153,BUY_NO
1779827541.98576,76033.21226519665,76045.56641646133,0.32047921902492416,0.305,158.08,SELL_NO
1779827542.1987123,76033.44994753509,76045.56641646133,0.3260989396084754,0.305,78.03,SELL_NO
1779827542.5725546,76033.44994753509,76045.56641646133,0.33674861448807847,0.305,144.2312939843187,SELL_NO
1779827542.6596904,76033.44994753509,76045.56641646133,0.2835673374484724,0.305,104.94237606932077,BUY_NO
1779827543.0198598,76033.44994753509,76045.56641646133,0.26852231330376897,0.305,94.40616643849376,BUY_NO
1779827543.117546,76033.44994753509,76045.56641646133,0.2554115245860023,0.305,80.92510285355482,BUY_NO
1779827543.2647157,76033.44994753509,76045.56641646133,0.31582004853944073,0.305,125.38,SELL_NO
1779827543.347459,76033.44994753509,76045.56641646133,0.2618128232078217,0.305,85.95576988378616,BUY_NO
1779827543.5461063,76033.44994753509,76045.56641646133,0.3152620940850629,0.305,125.38,SELL_NO
1779827548.6246424,76052.41202780715,76045.56641646133,0.2927445612307566,0.585,617.06,BUY_NO
1779827548.6315513,76052.41202780715,76045.56641646133,0.2995283259848767,0.585,439.04,BUY_NO
1779827548.7137263,76052.41202780715,76045.56641646133,0.6067992732298141,0.585,87.58862673439427,BUY_YES
1779827548.7712798,76052.41202780715,76045.56641646133,0.5617106874781066,0.585,87.58862673439427,SELL_YES
1779827549.2287443,76052.41202780715,76045.56641646133,0.6084445410039651,0.585,96.15607625847383,BUY_YES
1779827549.318462,76052.41202780715,76045.56641646133,0.5728372622067308,0.585,96.15607625847383,SELL_YES
1779827549.3731766,76052.41202780715,76045.56641646133,0.6067530133839613,0.585,87.32710083712539,BUY_YES
1779827549.7147677,76052.41202780715,76045.56641646133,0.5737303555648243,0.585,87.32710083712539,SELL_YES
1779827550.2184408,76052.41202780715,76045.56641646133,0.6086973166441245,0.585,97.45119547173812,BUY_YES
1779827550.246303,76052.41202780715,76045.56641646133,0.5661455240011842,0.585,97.45119547173812,SELL_YES
1779827550.5699694,76054.2821969166,76045.56641646133,0.6086450986826679,0.585,97.16707260283113,BUY_YES
1779827550.7463646,76054.2821969166,76045.56641646133,0.5738234589122077,0.585,97.16707260283113,SELL_YES
1779827551.2437563,76054.2821969166,76045.56641646133,0.6085457741768994,0.585,175.97,SELL_NO
1779827551.248622,76054.2821969166,76045.56641646133,0.6074083507753064,0.585,88.96,BUY_YES
1779827551.3461797,76054.2821969166,76045.56641646133,0.6086949271202232,0.585,175.97,SELL_NO
1779827551.361158,76054.2821969166,76045.56641646133,0.5674687920717357,0.585,88.96,SELL_YES
1779827551.466965,76054.2821969166,76045.56641646133,0.6085543518621463,0.585,88.96,BUY_YES
1779827551.5107236,76054.2821969166,76045.56641646133,0.6255713475698624,0.585,88.96,BUY_YES
1779827551.515244,76054.2821969166,76045.56641646133,0.6216238296519389,0.585,175.97,SELL_NO
1779827551.547018,76054.2821969166,76045.56641646133,0.6404202427178498,0.585,88.09351515265345,BUY_YES
1779827552.6276188,76055.47022205737,76045.56641646133,0.6604782459078287,0.585,85.96,BUY_YES
1779827552.632849,76055.47022205737,76045.56641646133,0.658187055817341,0.585,175.97,SELL_NO
1779827552.6370764,76055.47022205737,76045.56641646133,0.641936666970909,0.585,459.86,SELL_NO
1779827552.6498713,76055.47022205737,76045.56641646133,0.5546834291642524,0.585,127.09720206071756,BUY_NO
1779827552.6546516,76055.47022205737,76045.56641646133,0.5364229111541554,0.585,351.9735151526534,SELL_YES
1779827552.9685225,76055.47022205737,76045.56641646133,0.5180949871462268,0.585,200.7455804552979,BUY_NO
1779827553.0313563,76055.47022205737,76045.56641646133,0.6071003903571596,0.585,85.46,BUY_YES
1779827553.0357976,76055.47022205737,76045.56641646133,0.6083254552071672,0.585,175.97,SELL_NO
1779827553.182297,76056.49366300431,76045.56641646133,0.6174540792251765,0.585,159.7021977611707,SELL_NO
1779827553.2731278,76056.49366300431,76045.56641646133,0.5565096361837762,0.585,127.34199140499683,BUY_NO
1779827553.4684849,76056.49366300431,76045.56641646133,0.6226915283720256,0.585,85.46,BUY_YES
1779827553.5022793,76056.49366300431,76045.56641646133,0.6384809636924308,0.585,85.46,BUY_YES
1779827553.5553613,76056.49366300431,76045.56641646133,0.6556766939393134,0.585,85.46,BUY_YES
1779827553.565508,76056.49366300431,76045.56641646133,0.6507986136338694,0.585,127.34199140499683,SELL_NO
1779827553.955147,76056.74775543521,76045.56641646133,0.6710809167109052,0.585,85.46,BUY_YES
1779827554.2843626,76056.74775543521,76045.56641646133,0.6866936673283334,0.585,85.46,BUY_YES
1779827556.077507,76056.95497466513,76045.56641646133,0.7118951150616084,0.595,85.10193375539654,BUY_YES
1779827556.6964424,76056.92136065791,76045.56641646133,0.728372901082033,0.595,83.94254316716103,BUY_YES
1779827559.1813452,76054.0948103363,76045.56641646133,0.573646979375858,0.585,608.98,SELL_YES
1779827559.4686549,76054.0948103363,76045.56641646133,0.5452911452306701,0.585,188.08998299549205,BUY_NO
1779827559.47964,76054.0948103363,76045.56641646133,0.5215576106812024,0.585,125.76992035598357,BUY_NO
1779827559.9653373,76054.96988236597,76045.56641646133,0.6127518334709202,0.595,152.51,SELL_NO
1779827560.3216686,76054.96988236597,76045.56641646133,0.6591984845019748,0.595,197.9742534241638,BUY_YES
1779827560.3284128,76054.96988236597,76045.56641646133,0.6431215597403013,0.595,161.34990335147563,SELL_NO
1779827560.3425658,76054.96988236597,76045.56641646133,0.5784711361990789,0.595,152.34,SELL_YES
1779827560.3475914,76054.96988236597,76045.56641646133,0.5745689773798989,0.595,118.45873034672135,SELL_YES
1779827560.3936138,76054.96988236597,76045.56641646133,0.6252288585517896,0.595,84.78906047638718,BUY_YES
1779827560.5786893,76054.96988236597,76045.56641646133,0.662222407214519,0.595,91.0,BUY_YES
1779827561.2926176,76052.988705,76045.56641646133,0.6517363844631808,0.585,106.3010740034432,BUY_YES
1779827561.3032281,76052.988705,76045.56641646133,0.6707527797954875,0.585,100.8642381825066,BUY_YES
1779827561.3533387,76052.988705,76045.56641646133,0.6877568082212536,0.585,88.71452718153165,BUY_YES
1779827563.2108905,76049.78936,76045.56641646133,0.5633792322928451,0.575,237.99,SELL_YES
1779827563.759713,76049.78936,76045.56641646133,0.5546749752753126,0.575,216.82,SELL_YES
1779827563.9709299,76049.78936,76045.56641646133,0.5332036894792982,0.575,198.29217429552202,BUY_NO
1779827564.0304139,76049.78936,76045.56641646133,0.5074035978120539,0.575,135.7669259992687,BUY_NO
1779827564.4004633,76049.01262394502,76045.56641646133,0.5859235773060723,0.575,334.0591002947907,SELL_NO
1779827564.4183793,76049.01262394502,76045.56641646133,0.5444096201682349,0.575,128.2930740007313,BUY_NO
1779827564.4628968,76049.01262394502,76045.56641646133,0.5121149723826821,0.575,121.01,BUY_NO
1779827566.1001885,76041.412685,76045.56641646133,0.43004269985357885,0.575,216.06,BUY_NO
1779827566.109966,76041.412685,76045.56641646133,0.4473138726199591,0.575,124.63726963134843,BUY_NO
1779827566.3199296,76041.412685,76045.56641646133,0.43372598385883543,0.575,122.70935927741084,BUY_NO
1779827566.4820445,76041.412685,76045.56641646133,0.40788074619970205,0.575,129.93182667992664,BUY_NO
1779827566.628103,76041.412685,76045.56641646133,0.3800761627374062,0.575,138.02142904041852,BUY_NO
1779827568.786501,76030.44387469103,76045.56641646133,0.2923331541764022,0.575,151.27674427965485,BUY_NO
1779827568.7944071,76030.44387469103,76045.56641646133,0.2981396752230265,0.575,193.19022286566656,BUY_NO
1779827568.8923988,76030.44387469103,76045.56641646133,0.2776949734519989,0.575,146.69772329405873,BUY_NO
1779827568.9102967,76030.44387469103,76045.56641646133,0.24767439028357838,0.575,138.71182475216528,BUY_NO
1779827568.9346316,76030.44387469103,76045.56641646133,0.22110704222445993,0.575,120.004931410984,BUY_NO
1779827571.0147033,76023.36633802703,76045.56641646133,0.20369183669056218,0.585,135.51155407832243,BUY_NO
1779827571.2819786,76023.36633802703,76045.56641646133,0.17493373398445897,0.585,128.40366249572298,BUY_NO
1779827573.14114,76023.18435792663,76045.56641646133,0.158974900020311,0.595,128.30843032904977,BUY_NO
1779827598.7484982,76011.78336421121,76045.56641646133,0.14928697932784962,0.07500000000000001,569.84,SELL_NO
1779827598.777983,76011.78336421121,76045.56641646133,0.18037804505945726,0.07500000000000001,765.13,SELL_NO
1779827598.7842078,76011.78336421121,76045.56641646133,0.18206278523335484,0.07500000000000001,605.12,SELL_NO
1779827598.805999,76011.78336421121,76045.56641646133,0.1748296585565879,0.07500000000000001,182.67805213546035,SELL_NO
1779827602.9968038,76004.33895812879,76045.56641646133,0.04469056190859372,0.055,164.0256598713205,BUY_NO
1779827603.2649667,76004.33895812879,76045.56641646133,0.04255297257677014,0.055,62.371809617358224,BUY_NO
1779827604.4179053,76003.86953756594,76045.56641646133,0.040462690887544776,0.055,61.761281544534256,BUY_NO
1779827604.4332638,76003.86953756594,76045.56641646133,0.03860139368851225,0.055,54.12388209669513,BUY_NO
1779827606.8270977,76003.68079455239,76045.56641646133,0.03647883132808476,0.055,61.54055091377256,BUY_NO
1779827606.8520107,76003.68079455239,76045.56641646133,0.03436919843248571,0.055,60.11902466331429,BUY_NO
1779827607.051403,76003.68079455239,76045.56641646133,0.03243287060199068,0.055,54.302669530310254,BUY_NO
1779827607.1543858,76003.68079455239,76045.56641646133,0.03046629875019136,0.055,54.83145274280059,BUY_NO
1779827607.265881,76003.68079455239,76045.56641646133,0.028526749260808636,0.055,53.36790278641274,BUY_NO
1779827611.9225612,75986.37867,76045.56641646133,0.02603286434757005,0.055,68.91519784912953,BUY_NO
1779827611.945495,75986.37867,76045.56641646133,0.02370909100684371,0.055,61.98170531039273,BUY_NO
1779827611.9748323,75986.37867,76045.56641646133,0.021414580767347976,0.055,60.77808968593956,BUY_NO
1779827612.004025,75986.37867,76045.56641646133,0.01915928846644579,0.055,58.92058256298503,BUY_NO
1779827612.026389,75986.37867,76045.56641646133,0.01708728281639936,0.055,53.102308539228034,BUY_NO
1779827612.053566,75986.37867,76045.56641646133,0.014949313918656022,0.055,54.8337296901924,BUY_NO
1779827612.1798975,75986.37867,76045.56641646133,0.012815170213636713,0.055,53.852106493354086,BUY_NO
1779827612.3111522,75986.37867,76045.56641646133,0.010671362665057488,0.055,53.53376844662262,BUY_NO
1779827622.728151,75973.15288799652,76045.56641646133,0.010000000297719839,0.065,70.48409607006397,BUY_NO
1779827700.034243,75921.224715,75921.224715,0.23522355704530784,0.23522355704530784,29596.321691317826,BUY_YES
1779827700.1215355,75921.224715,75921.224715,0.28433793236063476,0.28433793236063476,5227.393889429743,BUY_YES
1779827700.1261358,75921.224715,75921.224715,0.295121035742603,0.295121035742603,138.90825917712016,SELL_NO
1779827700.1326704,75921.224715,75921.224715,0.3150967347576992,0.3150967347576992,84.58059341397313,SELL_NO
1779827700.1357665,75921.224715,75921.224715,0.3243418980198143,0.3243418980198143,5884.835618659425,BUY_YES
1779827700.1389537,75921.224715,75921.224715,0.3331248031188236,0.3331248031188236,89.10155480182607,SELL_NO
1779827700.146081,75921.224715,75921.224715,0.34939513481473833,0.34939513481473833,74.93165163882702,SELL_NO
1779827700.1515572,75921.224715,75921.224715,0.36407910917030134,0.36407910917030134,5703.277692578435,BUY_YES
1779827700.1549964,75921.224715,75921.224715,0.37087515371178625,0.37087515371178625,109.25653923678851,SELL_NO
1779827700.1620798,75921.224715,75921.224715,0.38346482622488715,0.38346482622488715,57.38070710445322,SELL_NO
1779827700.169207,75921.224715,75921.224715,0.39482700566796064,0.39482700566796064,55.764097070297,SELL_NO
1779827700.1731577,75921.224715,75921.224715,0.4000856553845626,0.4000856553845626,5684.9034208585,BUY_YES
1779827700.1791883,75921.224715,75921.224715,0.40508137261533445,0.40508137261533445,54.00689938345846,SELL_NO
1779827700.1873152,75921.224715,75921.224715,0.4186191418460724,0.4186191418460724,68.54858448483856,SELL_NO
1779827700.1964424,75921.224715,75921.224715,0.43022608674027635,0.43022608674027635,58.54129524678103,SELL_NO
1779827700.2001612,75921.224715,75921.224715,0.43371478240326256,0.43371478240326256,5277.955719026642,BUY_YES
1779827700.205733,75921.224715,75921.224715,0.44017759111894444,0.44017759111894444,52.84798892119102,SELL_NO
1779827700.2155836,75921.224715,75921.224715,0.45127427407632476,0.45127427407632476,57.639653510153266,SELL_NO
1779827700.2300215,75921.224715,75921.224715,0.4622969621144105,0.4622969621144105,57.82943986530904,SELL_NO
1779827700.2370474,75921.224715,75921.224715,0.4659730083082555,0.4659730083082555,5155.0839506389675,BUY_YES
1779827700.249325,75921.224715,75921.224715,0.472284802598376,0.472284802598376,53.81727311411572,SELL_NO
1779827700.2707603,75921.224715,75921.224715,0.4825325131972255,0.4825325131972255,54.79036289855824,SELL_NO
1779827700.316273,75921.224715,75921.224715,0.4919074665513433,0.4919074665513433,50.67092556594408,SELL_NO
1779827700.3635767,75921.224715,75921.224715,0.49678552984159147,0.49678552984159147,5008.5257674310415,BUY_YES
1779827701.0334635,75920.580375,75920.580375,0.01,0.495,282.76,BUY_NO
1779827701.0744212,75920.580375,75920.580375,0.011302254514895593,0.5,261.76,BUY_NO
1779827701.083739,75920.580375,75920.580375,0.013036241858470026,0.5,261.76,BUY_NO
1779827707.5458276,75931.01968915472,75920.580375,0.598061425555223,0.575,90.0,BUY_YES
1779827708.360779,75932.03118636426,75920.580375,0.5642977585977602,0.575,90.0,SELL_YES
1779827709.5293393,75932.03118636426,75920.580375,0.5964410852815756,0.575,88.4944917914261,BUY_YES
1779827709.681435,75932.03118636426,75920.580375,0.5626608642005253,0.575,88.4944917914261,SELL_YES
1779827716.4168813,75922.096,75920.580375,0.5962968020983188,0.585,124.28,SELL_NO
1779827725.230215,75923.97059377645,75920.580375,0.5420071147295891,0.505,115.0,BUY_YES
1779827725.2386465,75923.97059377645,75920.580375,0.5345124850306249,0.505,204.0,SELL_NO
1779827725.8785653,75925.935429203,75920.580375,0.5556237804140138,0.505,108.66999999999999,BUY_YES
1779827725.9941912,75925.935429203,75920.580375,0.5244648097187188,0.505,195.62,SELL_NO
1779827726.3453262,75925.935429203,75920.580375,0.5716553070912587,0.505,104.61958734362489,BUY_YES
1779827726.5438821,75925.935429203,75920.580375,0.5509754170219114,0.505,107.67041265637513,SELL_NO
1779827726.5505018,75925.935429203,75920.580375,0.5436318448024876,0.505,174.70958734362486,SELL_NO
1779827728.2964683,75925.53191609458,75920.580375,0.6020177225713299,0.505,166.26146693676498,BUY_YES
1779827728.5541718,75925.53191609458,75920.580375,0.6248118480934126,0.505,116.66190112880179,BUY_YES
1779827737.463205,75926.73198892699,75920.580375,0.6360061805518369,0.495,107.68297149082503,BUY_YES
1779827750.651679,75902.40563478704,75920.580375,0.5272620796665399,0.365,167.1683450126652,BUY_YES
1779827751.0965483,75902.40563478704,75920.580375,0.3549410665278923,0.365,522.83,SELL_YES
1779827751.7546384,75902.40563478704,75920.580375,0.3448483380710515,0.365,87.61560743676317,BUY_NO
1779827751.7796016,75902.40563478704,75920.580375,0.3301948820782264,0.365,83.6460319464273,BUY_NO
1779827753.4891562,75902.33627682803,75920.580375,0.3495157669715819,0.365,363.23427191268183,SELL_YES
1779827753.5177927,75902.33627682803,75920.580375,0.37599343101775157,0.365,171.26163938319047,SELL_NO
1779827753.5344608,75902.33627682803,75920.580375,0.33939749803318175,0.365,120.86486614267405,BUY_NO
1779827753.5515912,75902.33627682803,75920.580375,0.32121100486638393,0.365,104.73713131153566,BUY_NO
1779827753.5682554,75902.33627682803,75920.580375,0.3018093477772453,0.365,110.3020354400241,BUY_NO
1779827755.7192156,75902.13521516687,75920.580375,0.2852075447761674,0.365,92.39461704916681,BUY_NO
1779827762.8545387,75901.23068,75920.580375,0.26836812919200376,0.385,92.90142449958262,BUY_NO
1779827762.868603,75901.23068,75920.580375,0.25140680143294153,0.385,92.27001370176288,BUY_NO
1779827762.882881,75901.23068,75920.580375,0.23398738522362875,0.385,93.55950889801454,BUY_NO
1779827765.7773125,75905.00978722467,75920.580375,0.3961306924141817,0.385,216.84,SELL_NO
1779827765.8937986,75905.00978722467,75920.580375,0.399633780675587,0.385,216.84,SELL_NO
1779827767.548722,75902.40726171235,75920.580375,0.3988659207890695,0.385,207.73,SELL_NO
1779827767.5802672,75902.40726171235,75920.580375,0.35260802657291435,0.385,90.45582134354609,BUY_NO
1779827768.329711,75902.40726171235,75920.580375,0.338049723682767,0.385,81.45237127793251,BUY_NO
1779827768.8095007,75901.93875341772,75920.580375,0.3227537783279695,0.385,84.76589591427836,BUY_NO
1779827769.1133406,75901.93875341772,75920.580375,0.30487112037476055,0.385,98.16330609642642,BUY_NO
1779827770.4328263,75901.75208582258,75920.580375,0.2885852518650591,0.385,87.59953031527465,BUY_NO
1779827770.9549558,75901.75208582258,75920.580375,0.2722762160070829,0.385,86.91385445442819,BUY_NO
1779827798.7670302,75896.68187425093,75920.580375,0.33621237604292253,0.315,594.9703764446468,SELL_NO
1779827798.8829935,75896.68187425093,75920.580375,0.4265489478543561,0.31,662.9145773822218,BUY_YES
1779827799.7193072,75896.68187425093,75920.580375,0.2827773737672562,0.305,108.42180022925982,BUY_NO
1779827800.9037545,75898.67957808929,75920.580375,0.31518285046476247,0.305,108.42180022925982,SELL_NO
1779827800.949705,75898.67957808929,75920.580375,0.2879681028896004,0.305,75.72890331623846,BUY_NO
1779827800.9926014,75898.67957808929,75920.580375,0.315154235597013,0.305,75.72890331623846,SELL_NO
1779827801.0503795,75898.67957808929,75920.580375,0.28747585037686474,0.305,78.81983515637573,BUY_NO
1779827801.1515226,75898.67957808929,75920.580375,0.3159701888582581,0.305,78.81983515637573,SELL_NO
1779827801.211178,75898.15212638909,75920.580375,0.28344719347318365,0.305,104.16386909931515,BUY_NO
1779827801.4200337,75898.15212638909,75920.580375,0.31517709341713995,0.305,104.16386909931515,SELL_NO
1779827801.4432666,75898.15212638909,75920.580375,0.28204151491659707,0.305,112.98344562645487,BUY_NO
1779827801.49882,75898.15212638909,75920.580375,0.2631895955019816,0.305,77.82285011785424,BUY_NO
1779827801.5036664,75898.15212638909,75920.580375,0.26339110011763944,0.305,294.25,SELL_YES
1779827801.518079,75898.15212638909,75920.580375,0.31585726636736006,0.305,190.80629574430912,SELL_NO
1779827801.6128125,75898.15212638909,75920.580375,0.4003176969899859,0.305,194.2022417201481,BUY_YES
1779827802.4453754,75897.54028177545,75920.580375,0.2827322414618622,0.295,321.64,SELL_YES
1779827802.7844958,75897.54028177545,75920.580375,0.27818678345762826,0.295,76.7654338605049,BUY_NO
1779827802.8891296,75897.54028177545,75920.580375,0.3056994203092418,0.295,76.7654338605049,SELL_NO
1779827802.9640443,75897.54028177545,75920.580375,0.27457487364924077,0.295,100.22728712350174,BUY_NO
1779827803.0121276,75897.54028177545,75920.580375,0.2632960707793298,0.295,71.88977685314698,BUY_NO
1779827803.4265306,75897.54028177545,75920.580375,0.2794302635350304,0.295,241.22681910236986,SELL_YES
1779827803.4547822,75897.54028177545,75920.580375,0.3051050002026311,0.295,124.07,SELL_NO
1779827803.4814117,75897.54028177545,75920.580375,0.2690442004541411,0.295,88.63435617456878,BUY_NO
1779827803.8337986,75897.54028177545,75920.580375,0.30571465337870324,0.295,136.6814201512175,SELL_NO
1779827803.8579204,75897.54028177545,75920.580375,0.27828415529915257,0.295,76.69402484996645,BUY_NO
1779827805.7105672,75897.0785672061,75920.580375,0.30530288992956156,0.295,76.69402484996645,SELL_NO
1779827805.810241,75897.0785672061,75920.580375,0.3313569187060072,0.295,201.24188949579906,BUY_YES
1779827805.8844502,75897.0785672061,75920.580375,0.3644557250057663,0.295,209.64002319710323,BUY_YES
1779827806.0124276,75897.0785672061,75920.580375,0.39359343240544087,0.295,181.53584582715376,BUY_YES
1779827806.3271854,75897.36567387104,75920.580375,0.28492133433044464,0.295,174.4,SELL_YES
1779827806.7276423,75897.36567387104,75920.580375,0.2806894988424746,0.295,179.22,SELL_YES
1779827806.9561138,75897.36567387104,75920.580375,0.2720063745165955,0.295,238.79775852005608,SELL_YES
1779827806.9979174,75897.36567387104,75920.580375,0.3277121577428381,0.295,177.68250864284167,BUY_YES
1779827807.990925,75897.45497561661,75920.580375,0.27255170821087366,0.295,113.42324572760354,BUY_NO
1779827809.3114314,75897.45497561661,75920.580375,0.2775334142478127,0.295,177.68250864284167,SELL_YES
1779827809.3495355,75897.45497561661,75920.580375,0.31680524770660884,0.295,88.15,SELL_NO
1779827809.587926,75895.2238660476,75920.580375,0.27475156262393635,0.295,74.196613156826,BUY_NO
1779827809.801416,75895.2238660476,75920.580375,0.2584989623033872,0.295,104.79915616873349,BUY_NO
1779827809.8201754,75895.2238660476,75920.580375,0.24325130229090913,0.295,96.33860772571572,BUY_NO
1779827809.859967,75895.2238660476,75920.580375,0.2281885726120054,0.295,93.77626673507967,BUY_NO
1779827816.321843,75897.61133554632,75920.580375,0.31546527305368144,0.305,394.3838895139584,SELL_NO
1779827816.3530974,75897.61133554632,75920.580375,0.27954323662892505,0.305,130.97729556742055,BUY_NO
1779827816.4020581,75897.61133554632,75920.580375,0.3153242229189118,0.305,130.97729556742055,SELL_NO
1779827816.5160375,75897.61133554632,75920.580375,0.2837876488849054,0.305,103.77707801821816,BUY_NO
1779827816.714643,75896.9814739035,75920.580375,0.3168632405880473,0.305,103.77707801821816,SELL_NO
1779827817.8512697,75896.9814739035,75920.580375,0.2685875552689037,0.305,76.08264046562819,BUY_NO
1779827818.4028804,75898.01077040708,75920.580375,0.32045082977249434,0.305,76.08264046562819,SELL_NO
1779827818.7290423,75898.01077040708,75920.580375,0.3483572392952293,0.305,240.94638684209227,BUY_YES
1779827820.339221,75897.9686532049,75920.580375,0.37698926045132597,0.305,176.34577967577692,BUY_YES
1779827824.8982906,75897.13829243832,75920.580375,0.27453104387745886,0.295,99.48738637074808,BUY_NO
1779827825.0554035,75897.13829243832,75920.580375,0.3053586225742086,0.295,99.48738637074808,SELL_NO
1779827825.2254276,75897.13829243832,75920.580375,0.2684347093110869,0.295,75.95029826546144,BUY_NO
1779827825.3150914,75897.13829243832,75920.580375,0.25758204337078183,0.295,70.357793216408,BUY_NO
1779827826.0689962,75897.2822450491,75920.580375,0.3036816676401076,0.28500000000000003,70.62,SELL_NO
1779827826.2318742,75897.2822450491,75920.580375,0.29538704387271014,0.28500000000000003,75.68809148186944,SELL_NO
1779827833.5452836,75899.67148653335,75920.580375,0.2671073216821181,0.28500000000000003,84.64837943459956,BUY_NO
1779827833.9965663,75900.80508218882,75920.580375,0.29555637191432155,0.28500000000000003,84.64837943459956,SELL_NO
1779827834.1306288,75900.80508218882,75920.580375,0.26913482360644697,0.28500000000000003,71.32925146604994,BUY_NO
1779827834.1836102,75900.80508218882,75920.580375,0.2953147207837456,0.28500000000000003,71.32925146604994,SELL_NO
1779827835.0027232,75902.40965768475,75920.580375,0.2682278959799263,0.28500000000000003,77.27640534363354,BUY_NO
1779827835.0412319,75902.40965768475,75920.580375,0.25569619744850836,0.28500000000000003,81.25598899345152,BUY_NO
1779827835.2738943,75902.40965768475,75920.580375,0.29644451825290274,0.28500000000000003,158.53239433708507,SELL_NO
1779827835.4590597,75902.40965768475,75920.580375,0.2631732916353969,0.28500000000000003,110.43570596603362,BUY_NO
1779827835.656586,75902.40965768475,75920.580375,0.2972437428697276,0.28500000000000003,110.43570596603362,SELL_NO
1779827839.8001459,75902.28467970123,75920.580375,0.2729976853086246,0.28500000000000003,417.2921665178692,SELL_YES
1779827841.4000118,75902.34226756288,75920.580375,0.3266761821550491,0.295,170.27141698191596,BUY_YES
1779827841.4887655,75902.34226756288,75920.580375,0.2787483304926912,0.295,72.8294170700899,BUY_NO
1779827841.518377,75902.34226756288,75920.580375,0.30901478733238213,0.295,72.8294170700899,SELL_NO
1779827847.2399714,75916.41393361021,75920.580375,0.29474797939394004,0.445,128.0,BUY_NO
1779827847.6865678,75916.41393361021,75920.580375,0.45523611951872284,0.445,128.0,SELL_NO
1779827848.8795166,75916.41393361021,75920.580375,0.49851611765655646,0.435,115.0,BUY_YES
1779827850.5743706,75912.87842538205,75920.580375,0.45960253053455224,0.375,162.3504556392574,BUY_YES
1779827855.544659,75902.82465737984,75920.580375,0.31349011533362436,0.335,98.23569366637139,BUY_NO
1779827855.8167796,75902.10404899027,75920.580375,0.30036917674059255,0.335,76.73548292405479,BUY_NO
1779827856.5243564,75902.10404899027,75920.580375,0.28708396536118475,0.335,76.93976954496424,BUY_NO
1779827856.5295093,75902.10404899027,75920.580375,0.2894155367900667,0.335,180.10023045503578,SELL_YES
1779827856.535222,75902.10404899027,75920.580375,0.3022810165257814,0.335,267.5216421661376,SELL_YES
1779827856.5445714,75902.10404899027,75920.580375,0.3497835663951562,0.335,251.91094613539042,SELL_NO
1779827856.7659035,75902.10404899027,75920.580375,0.30323128978566394,0.335,112.49,BUY_NO
1779827857.1448987,75901.23535968033,75920.580375,0.29804855603567276,0.335,78.94328094972344,BUY_NO
1779827857.3190463,75901.23535968033,75920.580375,0.2850249523758976,0.335,76.4146053110644,BUY_NO
1779827857.4842472,75901.23535968033,75920.580375,0.271285517145871,0.335,79.78257947503619,BUY_NO
1779827857.507824,75901.23535968033,75920.580375,0.25821609485949876,0.335,74.7753549256388,BUY_NO
1779827858.0754192,75896.49351729217,75920.580375,0.24493101811379395,0.335,75.2816945513469,BUY_NO
1779827858.4027796,75896.49351729217,75920.580375,0.23155695682498623,0.335,74.8729779292484,BUY_NO
1779827858.9636292,75896.49351729217,75920.580375,0.21740108594130358,0.335,78.49842056551756,BUY_NO
1779827859.521887,75894.82106788746,75920.580375,0.2012243158239893,0.335,88.93832872328915,BUY_NO
1779827863.3075254,75888.41018302161,75920.580375,0.18659941796170953,0.335,78.24048289292796,BUY_NO
1779827863.5195532,75888.41018302161,75920.580375,0.17243410578568397,0.335,75.15221929229472,BUY_NO
1779827863.8856294,75888.41018302161,75920.580375,0.15791516778739542,0.335,76.38425432232793,BUY_NO
1779827864.208509,75881.27290640221,75920.580375,0.14340674835466077,0.335,75.2790283647422,BUY_NO
1779827864.5776508,75881.27290640221,75920.580375,0.12881597939712092,0.335,74.83039400178109,BUY_NO
1779827865.5940547,75881.27290640221,75920.580375,0.11271149441608766,0.335,82.1456104653339,BUY_NO
1779827875.5766952,75879.5869222719,75920.580375,0.08457317091506802,0.315,78.21540878047449,BUY_NO
1779827879.0665612,75875.58695097428,75920.580375,0.06819008428452523,0.315,83.8862034110141,BUY_NO
1779827879.580915,75875.58695097428,75920.580375,0.05323984857583332,0.315,73.91197283125598,BUY_NO
1779827929.7141776,75922.95326375042,75920.580375,0.525261234303945,0.515,493.31,SELL_NO
1779827929.8122332,75922.95326375042,75920.580375,0.5253615790752313,0.51,512.32,SELL_NO
1779827930.0556405,75922.95326375042,75920.580375,0.5538299150070454,0.505,102.44,BUY_YES
1779827930.1317594,75922.95326375042,75920.580375,0.5454763704034047,0.505,109.0,SELL_NO
1779827930.381504,75922.95326375042,75920.580375,0.5463369292175847,0.505,178.44,SELL_NO
1779827930.4000916,75922.95326375042,75920.580375,0.5574703463881575,0.5,101.5,BUY_YES
1779827930.4102395,75922.95326375042,75920.580375,0.563208857557704,0.495,101.5,BUY_YES
1779827930.4193614,75922.95326375042,75920.580375,0.5639521691255387,0.495,144.97281679301722,SELL_NO
1779827931.6677353,75931.58546247556,75920.580375,0.6890812562431599,0.495,162.21,BUY_YES
1779827932.1667168,75931.58546247556,75920.580375,0.662330005239002,0.495,124.21,BUY_YES
1779827932.3175685,75931.58546247556,75920.580375,0.6644709128740051,0.495,111.21,BUY_YES
1779827932.9611857,75934.30253178588,75920.580375,0.683598160894317,0.505,100.81,BUY_YES
1779827933.6954372,75934.30253178588,75920.580375,0.7177337486807622,0.505,98.32,BUY_YES
1779827934.3793373,75934.31532642226,75920.580375,0.7249538883753481,0.505,152.65879691145915,BUY_YES
1779827934.5141377,75934.31532642226,75920.580375,0.7482701027758388,0.505,103.28215208211031,BUY_YES
1779827956.4261453,75943.87818449926,75920.580375,0.8007744109797332,0.935,730.3800000000001,SELL_YES
1779827956.4356434,75943.87818449926,75920.580375,0.8042459440216811,0.935,427.7609489935694,SELL_YES
1779827960.7619176,75944.99620044624,75920.580375,0.8885299554196615,0.935,719.86,BUY_NO
1779827965.0542922,75951.67903970911,75920.580375,0.9560971628694129,0.945,174.43719174030767,BUY_YES
1779827965.0887675,75951.67903970911,75920.580375,0.9582699125803257,0.945,57.83290473856843,BUY_YES
1779827965.112042,75951.67903970911,75920.580375,0.9603195142676939,0.945,55.77404295467602,BUY_YES
1779827965.2901595,75951.67903970911,75920.580375,0.9626004703585641,0.945,61.55780978924798,BUY_YES
1779827965.335128,75951.67903970911,75920.580375,0.9646428648992075,0.945,53.96100906137889,BUY_YES
1779827965.4883964,75951.67903970911,75920.580375,0.9667693920574253,0.945,55.89163335885155,BUY_YES
1779827965.4988174,75951.67903970911,75920.580375,0.9690343763318262,0.945,58.863565583005084,BUY_YES
1779827965.516432,75951.67903970911,75920.580375,0.9720245984074992,0.945,77.53422064495646,BUY_YES
1779827965.5299573,75951.67903970911,75920.580375,0.9745883400596296,0.945,63.63769497401779,BUY_YES
1779827965.5448897,75951.67903970911,75920.580375,0.9771587464115771,0.945,63.753984334055986,BUY_YES
1779827965.588648,75951.67903970911,75920.580375,0.979446553875073,0.945,55.29007703866989,BUY_YES
1779827965.647518,75951.67903970911,75920.580375,0.9817617008413192,0.945,55.93858123581151,BUY_YES
1779827968.1916096,75952.19888888423,75920.580375,0.9841215431276443,0.94,56.270589598227275,BUY_YES
1779827968.28627,75952.19888888423,75920.580375,0.9863847205189742,0.945,52.93465776961011,BUY_YES
1779827968.7181842,75952.19888888423,75920.580375,0.9859517590364701,0.935,53.91300411979,BUY_YES
1779827971.1781275,75952.46576383004,75920.580375,0.9887387865657601,0.935,53.926953267469344,BUY_YES
1779828001.3707643,75936.31662714058,75936.31662714058,0.99,0.545,404.13,BUY_YES
1779828002.0363219,75937.66584559872,75936.31662714058,0.5335837542654776,0.545,108.03,SELL_YES
1779828002.1170332,75937.66584559872,75936.31662714058,0.628889703385033,0.545,115.89538480492484,BUY_YES
1779828003.7106683,75937.66584559872,75936.31662714058,0.5905704844600161,0.485,104.33234395152334,BUY_YES
1779828003.8425379,75937.66584559872,75936.31662714058,0.6121422664303007,0.485,106.99902942738595,BUY_YES
1779828004.2155445,75938.38103249852,75936.31662714058,0.6372272876400468,0.485,123.38006619908208,BUY_YES
1779828013.0879993,75935.76992330592,75936.31662714058,0.44426670349577485,0.455,127.26,SELL_YES
1779828013.4660616,75935.76992330592,75936.31662714058,0.43590058199090626,0.455,142.0,SELL_YES
1779828013.6822357,75936.44326119027,75936.31662714058,0.44323228195006104,0.455,285.26,SELL_YES
1779828013.947391,75936.44326119027,75936.31662714058,0.4409591201072746,0.455,192.18682438291626,SELL_YES
1779828014.1063573,75936.44326119027,75936.31662714058,0.4150301803019179,0.45999999999999996,184.9166893013577,BUY_NO
1779828014.282574,75936.44326119027,75936.31662714058,0.3758635368552729,0.46499999999999997,115.7,BUY_NO
1779828021.1364925,75941.7939000286,75936.31662714058,0.5886191276048919,0.46499999999999997,160.94,BUY_YES
1779828021.144423,75941.7939000286,75936.31662714058,0.5786642589818863,0.46499999999999997,221.41,BUY_YES
1779828021.1829162,75941.7939000286,75936.31662714058,0.4517011805858443,0.46499999999999997,158.78,SELL_YES
1779828022.057562,75941.7939000286,75936.31662714058,0.5755592320691248,0.46499999999999997,101.86000000000001,SELL_NO
1779828022.2631555,75941.7939000286,75936.31662714058,0.5713148154411335,0.46499999999999997,111.88,BUY_YES
1779828022.4142184,75942.10577563163,75936.31662714058,0.5766088016785992,0.46499999999999997,104.15999999999997,SELL_NO
1779828022.9988356,75942.10577563163,75936.31662714058,0.5738947670924335,0.46499999999999997,94.59668930135774,SELL_NO
1779828023.7118807,75942.10577563163,75936.31662714058,0.593801726610741,0.46499999999999997,302.576377830556,BUY_YES
1779828023.8915744,75942.25452434695,75936.31662714058,0.62794765494632,0.46499999999999997,162.44627966323594,BUY_YES
1779828054.5490756,75943.11631892236,75936.31662714058,0.6229572958102003,0.435,127.29,BUY_YES
1779828088.4810822,75948.44911677996,75936.31662714058,0.6504380722364567,0.435,133.45215213168876,BUY_YES
1779828089.59409,75948.44911677996,75936.31662714058,0.6752111246033876,0.435,116.51545311695645,BUY_YES
1779828095.2619126,75951.92455460844,75936.31662714058,0.700136337307032,0.435,116.68004936394982,BUY_YES
1779828097.0209942,75952.31149815403,75936.31662714058,0.5915900961930326,0.615,872.55,SELL_YES
1779828097.0511675,75952.31149815403,75936.31662714058,0.5896563944701957,0.615,421.860312106387,SELL_YES
1779828097.0600963,75952.31149815403,75936.31662714058,0.573887784415538,0.615,202.9181584677167,BUY_NO
1779828099.15296,75952.50264360588,75936.31662714058,0.7282537532557695,0.615,98.47,BUY_YES
1779828099.4689846,75952.50264360588,75936.31662714058,0.6634802872534157,0.615,90.51143041455174,BUY_YES
1779828100.7521358,75949.14648471618,75936.31662714058,0.6048749927251208,0.615,188.98143041455174,SELL_YES
1779828101.6038797,75949.14648471618,75936.31662714058,0.5479596178257169,0.615,142.48325649988493,BUY_NO
1779828101.616594,75949.14648471618,75936.31662714058,0.5101828701077624,0.615,206.81775279287848,BUY_NO
1779828101.7131,75949.14648471618,75936.31662714058,0.4852757754786969,0.615,131.44829700975208,BUY_NO
1779828102.8834732,75949.99094264282,75936.31662714058,0.6444508797279782,0.625,80.3656542398819,BUY_YES
1779828104.7952843,75951.42683491946,75936.31662714058,0.6739976439149037,0.625,117.34,BUY_YES
1779828105.5074651,75951.42683491946,75936.31662714058,0.6138721777697325,0.625,197.7056542398819,SELL_YES
1779828105.9234715,75951.64318329643,75936.31662714058,0.6876237706809643,0.625,113.37,BUY_YES
1779828105.9561434,75951.64318329643,75936.31662714058,0.6107277125648677,0.625,113.37,SELL_YES
1779828106.7041726,75951.64318329643,75936.31662714058,0.6942799565660238,0.625,113.37,BUY_YES
1779828113.074977,75958.66400274378,75936.31662714058,0.6245256436605835,0.635,113.37,SELL_YES
1779828120.503307,75967.93242335436,75936.31662714058,0.7501264384050887,0.645,86.73,BUY_YES
1779828120.5111675,75967.93242335436,75936.31662714058,0.7476035305623399,0.645,77.53,BUY_YES
1779828120.5156066,75967.93242335436,75936.31662714058,0.739646778378809,0.645,238.84707891339627,BUY_YES
1779828120.5482085,75967.93242335436,75936.31662714058,0.6272072331823572,0.645,403.10707891339626,SELL_YES
1779828120.95441,75967.93242335436,75936.31662714058,0.7881640360618244,0.645,309.3129210866037,BUY_YES
1779828120.9611785,75967.93242335436,75936.31662714058,0.7810854110285971,0.645,228.50141083009277,BUY_YES
1779828120.9701617,75967.93242335436,75936.31662714058,0.7617490203843547,0.645,612.5585891699072,SELL_NO
1779828120.9968207,75967.93242335436,75936.31662714058,0.6249413356786926,0.645,188.96292108660379,SELL_YES
1779828121.0072048,75967.93242335436,75936.31662714058,0.6054431668630675,0.645,324.15,SELL_YES
1779828121.181709,75967.93242335436,75936.31662714058,0.7255580837706427,0.645,74.70377906085851,BUY_YES
1779828121.2267776,75967.93242335436,75936.31662714058,0.7277666490394683,0.645,73.48787365299752,BUY_YES
1779828121.3074522,75967.93242335436,75936.31662714058,0.7505142125413239,0.645,82.85845583158053,BUY_YES
1779828121.3736038,75967.93242335436,75936.31662714058,0.7550392887249517,0.645,82.59413271846194,BUY_YES
1779828122.6602612,75967.93242335436,75936.31662714058,0.8205221480034885,0.645,85.28999999999999,BUY_YES
1779828122.669182,75967.93242335436,75936.31662714058,0.8186667385486442,0.645,295.91251161715957,BUY_YES
1779828122.8614357,75967.93242335436,75936.31662714058,0.8420188294402038,0.645,76.72141944304121,BUY_YES
1779828131.1688552,75970.87805727392,75936.31662714058,0.852565155358337,0.655,100.47,BUY_YES
1779828132.0260274,75970.93860932214,75936.31662714058,0.8498027494284887,0.655,98.44252283532535,BUY_YES
1779828133.129444,75971.37295919827,75936.31662714058,0.8662300975147511,0.655,82.138362210987,BUY_YES
1779828134.3671553,75971.37295919827,75936.31662714058,0.8752610243483449,0.655,79.17898888630361,BUY_YES
1779828147.5010386,75975.02162878182,75936.31662714058,0.8582206383239795,0.905,219.7,SELL_YES
1779828147.511681,75975.02162878182,75936.31662714058,0.8581484903875817,0.905,462.27,SELL_YES
1779828148.3325057,75975.02162878182,75936.31662714058,0.8937617376520899,0.905,108.18,SELL_YES
1779828149.59344,75976.09774646032,75936.31662714058,0.8944469535088097,0.905,108.18,SELL_YES
1779828152.5111682,75976.3326380239,75936.31662714058,0.9298031079122675,0.905,60.315477077920946,BUY_YES
1779828153.0009935,75976.46248914559,75936.31662714058,0.9337994440408643,0.905,61.87760294083006,BUY_YES
1779828154.2916348,75976.46640167439,75936.31662714058,0.887491886840669,0.905,123.83000000000001,SELL_YES
1779828155.371698,75977.2711897244,75936.31662714058,0.9295993916832994,0.905,58.65371288299252,BUY_YES
1779828156.6534982,75977.2711897244,75936.31662714058,0.9333951645031393,0.905,58.753148235990295,BUY_YES
1779828157.2645853,75977.2711897244,75936.31662714058,0.9374006051828766,0.905,61.33681293223157,BUY_YES
1779828157.8669126,75977.2711897244,75936.31662714058,0.9415281936601706,0.905,62.34459669421966,BUY_YES
1779828158.1573663,75977.2711897244,75936.31662714058,0.9456531812128313,0.905,61.399562912626436,BUY_YES
1779828158.21594,75977.2711897244,75936.31662714058,0.9497225397832042,0.905,59.73799369050903,BUY_YES
1779828161.0645916,75980.00744226003,75936.31662714058,0.9592105154565463,0.915,56.556624083992574,BUY_YES
1779828162.1649384,75981.83036848943,75936.31662714058,0.9627369931464292,0.915,56.20123041330805,BUY_YES
1779828162.3804505,75981.83036848943,75936.31662714058,0.967064357761132,0.915,69.1078017927714,BUY_YES
1779828165.9430113,75983.52611041434,75936.31662714058,0.9706914143906884,0.915,55.12925565971659,BUY_YES
1779828167.1831124,75983.52611041434,75936.31662714058,0.9748687377674077,0.915,64.82491864937685,BUY_YES
1779828167.2252803,75983.52611041434,75936.31662714058,0.9785591054190486,0.915,54.73413484462981,BUY_YES
1779828178.1515615,75984.13323589304,75936.31662714058,0.9113235142615689,0.925,366.19,SELL_YES
1779828178.476321,75984.13323589304,75936.31662714058,0.964143064188571,0.925,56.29060300844492,BUY_YES
1779828178.5317328,75984.13323589304,75936.31662714058,0.9673763906731438,0.925,58.50315639537905,BUY_YES
1779828178.715513,75984.13323589304,75936.31662714058,0.9704333042645441,0.925,54.135461060566286,BUY_YES
1779828178.9462495,75984.13323589304,75936.31662714058,0.9738256592525496,0.925,60.19153398786489,BUY_YES
1779828179.4165523,75983.64629109099,75936.31662714058,0.9770872939586989,0.925,56.307858884526354,BUY_YES
1779828179.560569,75983.64629109099,75936.31662714058,0.980360879464941,0.925,56.110631518094806,BUY_YES
1779828182.7739153,75985.18933153113,75936.31662714058,0.9836639175493739,0.925,55.89529936600695,BUY_YES
1779828202.904116,75983.52733011231,75936.31662714058,0.9325377007737695,0.945,157.07,SELL_YES
1779828203.5642886,75983.52733011231,75936.31662714058,0.9846967358977488,0.945,52.920644698998785,BUY_YES
1779828205.4003942,75982.48352888555,75936.31662714058,0.9870207405180836,0.945,54.562712658871874,BUY_YES
1779828209.1870418,75982.16216335518,75936.31662714058,0.9893396220358494,0.945,53.498934225141966,BUY_YES
1779828238.7464137,75963.08702019046,75936.31662714058,0.9509316159048876,0.815,65.05670692391016,BUY_YES
1779828238.945162,75963.08702019046,75936.31662714058,0.9594229651056148,0.815,62.188500632021714,BUY_YES
1779828239.2773702,75963.08702019046,75936.31662714058,0.9678860763831665,0.815,61.39186296111029,BUY_YES
1779828247.2991388,75963.92313493787,75936.31662714058,0.9701144391950938,0.795,65.30222994942164,BUY_YES
1779828259.4696581,75961.39653038589,75936.31662714058,0.9347584267487062,0.945,169.35,SELL_YES
1779828300.0014327,75968.60428777973,75968.60428777973,0.942224999999998,0.975,409.53999999999996,SELL_YES
1779828300.007947,75968.60428777973,75968.60428777973,0.9201137499999981,0.975,109.05,SELL_YES
1779828300.0785928,75968.60428777973,75968.60428777973,0.6668751968811756,0.975,429.53999999999996,SELL_YES
1779828300.081611,75968.60428777973,75968.60428777973,0.6585314370371168,0.975,109.05,SELL_YES
1779828309.7970145,75966.37897504638,75968.03725113149,0.99,0.515,331.59,BUY_YES
1779828309.8083572,75966.37897504638,75968.03725113149,0.99,0.515,347.49,BUY_YES
1779828309.8171132,75966.37897504638,75968.03725113149,0.9890104765175511,0.515,299.74,BUY_YES
1779828309.8278835,75966.37897504638,75968.03725113149,0.9628196671299863,0.515,250.98,BUY_YES
1779828309.835545,75966.37897504638,75968.03725113149,0.9174807132914714,0.515,275.19,BUY_YES
1779828310.1827528,75966.37897504638,75968.03725113149,0.5007638474946874,0.515,103.38,SELL_YES
1779828310.2168515,75966.37897504638,75968.03725113149,0.5002899553859865,0.515,99.29,SELL_YES
1779828310.4030132,75966.37897504638,75968.03725113149,0.47390566874122064,0.515,104.08,BUY_NO
1779828310.4106848,75966.37897504638,75968.03725113149,0.4844815082145325,0.515,261.11,SELL_YES
1779828318.6111863,75967.08269964128,75968.03725113149,0.5201301428977204,0.505,104.08,SELL_NO
1779828320.0157082,75967.00945208273,75968.03725113149,0.49117268755359267,0.505,105.78,SELL_YES
1779828336.218804,75977.47560311487,75968.03725113149,0.4941323913446281,0.505,113.3,SELL_YES
1779828336.3357816,75977.47560311487,75968.03725113149,0.49442084862688535,0.505,127.3,SELL_YES
1779828338.528047,75975.22042085956,75968.03725113149,0.48787804802179474,0.505,327.25,SELL_YES
1779828338.5643933,75975.22042085956,75968.03725113149,0.6014526559507484,0.505,110.19,BUY_YES
1779828339.0163798,75975.22042085956,75968.03725113149,0.48541811158154335,0.505,394.54,SELL_YES
1779828339.965608,75975.73847489849,75968.03725113149,0.47734672150862445,0.505,122.65743497684774,BUY_NO
1779828343.7203634,75974.95479674832,75968.03725113149,0.5430673488996871,0.51,122.65743497684774,SELL_NO
1779828345.6964033,75973.92483520573,75968.03725113149,0.57989279957227,0.515,100.69256502315226,BUY_YES
1779828346.4924328,75973.8792350798,75968.03725113149,0.574636821520696,0.515,100.65,BUY_YES
1779828347.9005475,75973.8792350798,75968.03725113149,0.627431834839448,0.515,102.69,BUY_YES
1779828348.509334,75973.37881579564,75968.03725113149,0.6261025379053159,0.515,177.90938453931102,BUY_YES
1779828348.5488045,75973.37881579564,75968.03725113149,0.6471130047749147,0.515,104.84622175205686,BUY_YES
1779828348.646749,75973.37881579564,75968.03725113149,0.6726883934957064,0.515,129.80348205609027,BUY_YES
1779828349.0412438,75973.37881579564,75968.03725113149,0.6936427669945203,0.515,102.71777274444094,BUY_YES
1779828351.4357285,75973.3965231586,75968.03725113149,0.5044479665708856,0.515,104.95,SELL_YES
1779828352.0475745,75973.47850023666,75968.03725113149,0.49484982736060695,0.515,176.94,SELL_YES
1779828352.4687822,75973.47850023666,75968.03725113149,0.65659016983804,0.515,96.56632424502982,BUY_YES
1779828352.8325722,75973.47850023666,75968.03725113149,0.48286723044114926,0.515,322.65,SELL_YES
1779828352.895148,75973.47850023666,75968.03725113149,0.6139582243263831,0.515,104.88396945073816,BUY_YES
1779828353.0199897,75973.47850023666,75968.03725113149,0.6340701119984761,0.515,103.1670562868768,BUY_YES
1779828355.7190435,75970.22176,75968.03725113149,0.3939312418486913,0.405,392.29,SELL_YES
1779828356.0247324,75970.22176,75968.03725113149,0.39097932525810614,0.405,210.32677609769627,SELL_YES
1779828356.9155424,75960.5917236656,75968.03725113149,0.3800105381932246,0.405,112.16579138549203,BUY_NO
1779828356.9208028,75960.5917236656,75968.03725113149,0.36151001128356336,0.405,102.1913169141496,BUY_NO
1779828356.92799,75960.5917236656,75968.03725113149,0.3439345107193852,0.405,95.73128875146645,BUY_NO
1779828356.93239,75960.5917236656,75968.03725113149,0.32832163154982974,0.405,83.77755645683595,BUY_NO
1779828356.9412389,75960.5917236656,75968.03725113149,0.30956467400841,0.405,100.22486870979026,BUY_NO
1779828356.9730558,75960.5917236656,75968.03725113149,0.2841694912768705,0.405,134.39027259177453,BUY_NO
1779828356.9834573,75960.5917236656,75968.03725113149,0.2659414312059424,0.405,92.14447833217707,BUY_NO
1779828357.5361779,75960.5917236656,75968.03725113149,0.24897555357423234,0.405,85.97792501873596,BUY_NO
1779828366.9403746,75965.8040832351,75968.03725113149,0.5384029189025998,0.525,497.05,SELL_NO
1779828366.97502,75965.8040832351,75968.03725113149,0.4242525069886337,0.525,192.62457028645463,BUY_NO
1779828367.4532921,75965.8040832351,75968.03725113149,0.5918406685345137,0.525,321.54983499787534,BUY_YES
1779828367.4631352,75965.8040832351,75968.03725113149,0.5887372890195164,0.525,265.9401650021247,SELL_NO
1779828367.4738839,75965.8040832351,75968.03725113149,0.5633506965324696,0.525,236.2379034447518,SELL_NO
1779828367.4895375,75965.8040832351,75968.03725113149,0.5098088232218296,0.525,321.54983499787534,SELL_YES
1779828368.640985,75965.80451410687,75968.03725113149,0.47334028129282035,0.525,248.58669873256972,BUY_NO
1779828368.6631458,75965.80451410687,75968.03725113149,0.5465853598374075,0.525,248.58669873256972,SELL_NO
1779828368.6726387,75965.80451410687,75968.03725113149,0.5602864660093559,0.525,161.63316909142156,BUY_YES
1779828368.8399675,75965.80451410687,75968.03725113149,0.5875738346156111,0.525,142.6565612509541,BUY_YES
1779828369.0787635,75965.80451410687,75968.03725113149,0.5123446573215231,0.525,147.81,SELL_YES
1779828369.1090844,75965.80451410687,75968.03725113149,0.5144133369266928,0.525,147.81,SELL_YES
1779828369.1369421,75965.80451410687,75968.03725113149,0.5520841524677808,0.525,109.08722122537418,BUY_YES
1779828369.3007927,75965.80451410687,75968.03725113149,0.5110519031170717,0.525,106.13,SELL_YES
1779828370.3306992,75963.86684819247,75968.03725113149,0.5437434823857392,0.515,114.68588727210677,BUY_YES
1779828370.4126165,75963.86684819247,75968.03725113149,0.5659427849531748,0.515,116.45057660485632,BUY_YES
1779828370.7690182,75963.86684819247,75968.03725113149,0.5894385300899627,0.515,121.62423111724499,BUY_YES
1779828378.7308254,75966.03946669503,75968.03725113149,0.4945156022651807,0.505,155.28,SELL_YES
1779828379.5644186,75966.03699261739,75968.03725113149,0.5698149271303244,0.505,104.91677552854205,BUY_YES
1779828380.1713705,75966.03699261739,75968.03725113149,0.49340940202342415,0.505,104.04,SELL_YES
1779828380.212837,75966.03699261739,75968.03725113149,0.4863464850383725,0.505,104.04,SELL_YES
1779828382.936028,75963.92096374657,75968.03725113149,0.5396306502280898,0.495,103.23009440611035,BUY_YES
1779828384.420497,75966.0529795846,75968.03725113149,0.560303927176646,0.495,107.24697392679855,BUY_YES
1779828384.55794,75966.0529795846,75968.03725113149,0.5819163917084023,0.495,110.76597288794216,BUY_YES
1779828385.17506,75966.04904840954,75968.03725113149,0.6031723151571973,0.495,107.41769743784477,BUY_YES
1779828386.7347171,75966.04215616989,75968.03725113149,0.4729097023796301,0.485,123.7,SELL_YES
1779828387.059642,75966.04215616989,75968.03725113149,0.4743446677237688,0.485,123.7,SELL_YES
1779828387.4995067,75966.04215616989,75968.03725113149,0.46431636835074885,0.485,156.19,SELL_YES
1779828387.5350733,75966.04215616989,75968.03725113149,0.5383590092318385,0.485,123.68104404645896,BUY_YES
1779828388.182532,75966.33549807836,75968.03725113149,0.45495528824362,0.485,171.0,SELL_YES
1779828388.7126708,75966.33549807836,75968.03725113149,0.5267512904012317,0.485,110.26170339175184,BUY_YES
1779828389.6782558,75966.33549807836,75968.03725113149,0.47080394810237647,0.485,120.94,SELL_YES
1779828389.7792823,75966.33549807836,75968.03725113149,0.5273477819955664,0.485,124.17687295932708,BUY_YES
1779828389.9343646,75966.33549807836,75968.03725113149,0.4647399870446568,0.485,161.19,SELL_YES
1779828389.960666,75966.33549807836,75968.03725113149,0.5179448951435971,0.485,111.79226983484426,BUY_YES
1779828390.3470993,75966.33549807836,75968.03725113149,0.5378590384590946,0.485,103.74893943306247,BUY_YES
1779828390.9870574,75966.33549807836,75968.03725113149,0.5625863062586647,0.485,127.74970887267722,BUY_YES
1779828395.5954232,75969.19750192005,75968.03725113149,0.5759722561414466,0.475,119.1926672365924,BUY_YES
1779828396.450689,75969.19872803777,75968.03725113149,0.5989077090547487,0.475,115.0382780496202,BUY_YES
1779828397.5911007,75969.19872803777,75968.03725113149,0.46381966229149035,0.475,134.86,SELL_YES
1779828397.781398,75985.00115647812,75968.03725113149,0.5933978212560994,0.475,106.983093334253,BUY_YES
1779828398.7026136,75985.00115647812,75968.03725113149,0.7203764214990034,0.475,383.37,BUY_YES
1779828398.7125726,75985.00115647812,75968.03725113149,0.7204458645184919,0.475,238.75785635226282,BUY_YES
1779828399.095652,75985.00115647812,75968.03725113149,0.7453047084881583,0.475,106.59086527117597,BUY_YES
1779828404.8937109,75985.6865367258,75968.03725113149,0.6575727940805837,0.695,309.3,SELL_YES
1779828404.9002407,75985.6865367258,75968.03725113149,0.6404693287860912,0.695,168.36431364268464,BUY_NO
1779828404.9088666,75985.6865367258,75968.03725113149,0.6424141687826206,0.695,399.7356863573154,SELL_YES
1779828404.9464684,75985.6865367258,75968.03725113149,0.6808802587278072,0.695,90.77,SELL_YES
1779828405.3153968,75985.6865367258,75968.03725113149,0.6846013551264907,0.695,124.82,SELL_YES
1779828405.345756,75985.6865367258,75968.03725113149,0.6823880982512431,0.695,132.82,SELL_YES
1779828406.1865525,75984.2406613291,75968.03725113149,0.6834190084992569,0.695,172.87,SELL_YES
1779828406.2189088,75984.2406613291,75968.03725113149,0.6795650071652439,0.705,84.05277317390664,SELL_YES
1779828406.2769217,75984.2406613291,75968.03725113149,0.6352139848312303,0.705,178.5976449428655,BUY_NO
1779828407.0889173,75984.2406613291,75968.03725113149,0.7307438274769151,0.715,71.74956637771074,BUY_YES
1779828407.11407,75984.2406613291,75968.03725113149,0.6974170843141689,0.715,71.74956637771074,SELL_YES
1779828407.473671,75984.2406613291,75968.03725113149,0.7317622151173752,0.715,78.54377140409703,BUY_YES
1779828407.6467273,75984.4282334964,75968.03725113149,0.742821162468066,0.715,72.88685050616662,BUY_YES
1779828407.716861,75984.4282334964,75968.03725113149,0.7433158375104177,0.71,237.28,SELL_NO
1779828407.74618,75984.4282334964,75968.03725113149,0.8067577782389662,0.705,73.41,BUY_YES
1779828407.750374,75984.4282334964,75968.03725113149,0.8082357054483905,0.705,326.95,BUY_YES
1779828410.7649572,75984.17552743788,75968.03725113149,0.6840804764799825,0.695,261.4,SELL_YES
1779828410.7980733,75984.17552743788,75968.03725113149,0.7574392104163834,0.695,71.5369686350549,BUY_YES
1779828411.0564513,75984.17552743788,75968.03725113149,0.6841959325778713,0.695,122.99999999999997,SELL_YES
1779828411.729191,75984.10926817471,75968.03725113149,0.6835777023886419,0.695,129.32000000000002,SELL_YES
1779828412.0581286,75984.10926817471,75968.03725113149,0.6831050378645377,0.695,109.6075905453186,SELL_YES
1779828412.2002172,75984.10926817471,75968.03725113149,0.7258417118984554,0.695,104.10994189418207,BUY_YES
1779828412.2804372,75984.10926817471,75968.03725113149,0.6753465001302708,0.695,75.97999999999996,SELL_YES
1779828413.1814651,75984.10926817471,75968.03725113149,0.6227239328362241,0.695,314.8704751229028,BUY_NO
1779828413.2340417,75984.10926817471,75968.03725113149,0.5956536181800604,0.695,164.36995714821376,BUY_NO
1779828413.3278651,75984.10926817471,75968.03725113149,0.5639067844852065,0.695,193.6595754601958,BUY_NO
1779828414.5419796,75985.394583035,75968.03725113149,0.7183030785840332,0.695,77.4,BUY_YES
1779828414.5681674,75985.394583035,75968.03725113149,0.7511562867201593,0.695,96.9735979848484,BUY_YES
1779828414.5766013,75985.394583035,75968.03725113149,0.7539568674718651,0.695,193.0564020151516,SELL_NO
1779828414.7129774,75985.394583035,75968.03725113149,0.6848790548708878,0.695,202.5035398790305,SELL_YES
1779828414.783988,75985.394583035,75968.03725113149,0.747508325817348,0.695,375.56,SELL_NO
1779828414.8137333,75985.394583035,75968.03725113149,0.6292950795959998,0.695,167.23463708903648,BUY_NO
1779828415.3226652,75985.394583035,75968.03725113149,0.5953550103292581,0.695,209.685864337395,BUY_NO
1779828416.0978577,75985.63275415191,75968.03725113149,0.7178687788482639,0.695,75.37,BUY_YES
1779828416.4955642,75985.63275415191,75968.03725113149,0.7424923902207882,0.695,71.63869726689995,BUY_YES
1779828416.5070312,75985.63275415191,75968.03725113149,0.7359543777353149,0.695,316.3913027331,SELL_NO
1779828416.5203574,75985.63275415191,75968.03725113149,0.6768133873398668,0.695,147.00869726689996,SELL_YES
1779828417.2640743,75985.159168144,75968.03725113149,0.7174855779648264,0.695,74.97,BUY_YES
1779828417.2948678,75985.159168144,75968.03725113149,0.7423098323681268,0.695,72.20689805181235,BUY_YES
1779828417.3029892,75985.159168144,75968.03725113149,0.7368843669375732,0.695,274.49476299504227,SELL_NO
1779828417.455515,75985.159168144,75968.03725113149,0.6828441148036459,0.695,147.17689805181234,SELL_YES
1779828417.4740348,75985.159168144,75968.03725113149,0.6640608582378914,0.695,163.52510251078286,BUY_NO
1779828417.62543,75985.159168144,75968.03725113149,0.7466304566521051,0.695,113.13573735905538,BUY_YES
1779828419.4132097,75986.47083373486,75968.03725113149,0.6792630970734314,0.695,113.13573735905538,SELL_YES
1779828419.440766,75986.47083373486,75968.03725113149,0.6321595888827417,0.695,198.84097650718076,BUY_NO
1779828419.643251,75986.47083373486,75968.03725113149,0.7178157094519377,0.695,94.97,BUY_YES
1779828419.9404664,75986.47083373486,75968.03725113149,0.7376046317729532,0.695,71.49,BUY_YES
1779828419.9727461,75986.47083373486,75968.03725113149,0.6787502592994278,0.695,166.45999999999998,SELL_YES
1779828420.175385,75986.51222882369,75968.03725113149,0.7183155594632556,0.695,93.94,BUY_YES
1779828420.4743366,75986.51222882369,75968.03725113149,0.6842121261193239,0.695,93.94,SELL_YES
1779828420.5740767,75986.51222882369,75968.03725113149,0.7186055960709904,0.695,93.94,BUY_YES
1779828421.5045884,75986.51222882369,75968.03725113149,0.7550930071123498,0.7,135.84552473805886,BUY_YES
1779828421.5636554,75986.4824893248,75968.03725113149,0.6825885889397054,0.705,229.78552473805885,SELL_YES
1779828421.7093594,75986.4824893248,75968.03725113149,0.7262646852580819,0.705,70.92,BUY_YES
1779828421.9407709,75986.4824893248,75968.03725113149,0.7362493103707923,0.705,190.34,SELL_NO
1779828424.9619608,75986.17576879091,75968.03725113149,0.7517971565914598,0.725,76.07116381983194,BUY_YES
1779828425.0919204,75986.17576879091,75968.03725113149,0.763097495795835,0.725,74.80538017009468,BUY_YES
1779828425.2831044,75986.17576879091,75968.03725113149,0.7756057271825885,0.725,81.92517376387829,BUY_YES
1779828425.5412097,75986.17576879091,75968.03725113149,0.794259116312506,0.725,121.30033390227726,BUY_YES
1779828425.558587,75986.17576879091,75968.03725113149,0.808941527001509,0.725,91.79066597087302,BUY_YES
1779828425.6289465,75986.17576879091,75968.03725113149,0.8126905162337127,0.715,71.84310897170644,BUY_YES
1779828425.9492533,75986.17576879091,75968.03725113149,0.8268095318984522,0.715,85.53600970243565,BUY_YES
1779828427.3433907,75984.99592325251,75968.03725113149,0.6932741002336045,0.715,104.58,SELL_YES
1779828427.3657918,75984.99592325251,75968.03725113149,0.6830203984706984,0.715,85.55,SELL_YES
1779828429.1257696,75990.20722418228,75968.03725113149,0.7998723837260734,0.705,76.01315801437562,BUY_YES
1779828429.317991,75990.20722418228,75968.03725113149,0.8135914504439817,0.705,81.39715343240391,BUY_YES
1779828431.42392,75991.49288353042,75968.03725113149,0.828037362034896,0.705,84.48162417292838,BUY_YES
1779828441.7356145,75998.19095091456,75968.03725113149,0.8686484645233227,0.71,157.57,BUY_YES
1779828441.9976249,75998.19095091456,75968.03725113149,0.8766555616345038,0.71,80.06134446182989,BUY_YES
1779828444.0188491,75999.51804547083,75968.03725113149,0.8897468927642228,0.715,73.1707301618518,BUY_YES
1779828444.7167494,76000.18239400705,75968.03725113149,0.9031932970352787,0.715,74.86854400682387,BUY_YES
1779828452.2236521,75992.93033648514,75968.03725113149,0.8786891003855506,0.675,172.0260790179636,SELL_NO
1779828452.2453463,75992.93033648514,75968.03725113149,0.8945648174430613,0.675,94.70827658378857,BUY_YES
1779828452.270288,75992.93033648514,75968.03725113149,0.9122674473374823,0.675,89.21204814425437,BUY_YES
1779828452.299762,75992.93033648514,75968.03725113149,0.9297465662825003,0.675,87.0461780077203,BUY_YES
1779828452.4141755,75992.93033648514,75968.03725113149,0.9461310390122919,0.675,79.83962027874759,BUY_YES
1779828491.918048,75980.99117241109,75968.03725113149,0.6448480361504324,0.655,1190.26,SELL_YES
1779828491.9438446,75980.99117241109,75968.03725113149,0.7229279898325153,0.655,93.40711553199532,BUY_YES
1779828491.959457,75980.99117241109,75968.03725113149,0.7489562974075796,0.655,84.6128844680047,BUY_YES
1779828491.9655328,75980.99117241109,75968.03725113149,0.7601088714887148,0.655,73.9202613022801,BUY_YES
1779828491.982046,75980.99117241109,75968.03725113149,0.7861963192755943,0.655,78.08973869771991,BUY_YES
1779828492.675025,75980.88897743364,75968.03725113149,0.6413947738243639,0.655,602.2005135658214,SELL_YES
1779828492.6964216,75980.88897743364,75968.03725113149,0.6762833222965607,0.655,96.44644492530277,BUY_YES
1779828492.7185397,75980.88897743364,75968.03725113149,0.691103158957237,0.655,86.45413002038786,BUY_YES
1779828493.4653404,75980.88897743364,75968.03725113149,0.6281856535311746,0.655,182.90057494569064,SELL_YES
1779828493.474321,75980.88897743364,75968.03725113149,0.6249636638371974,0.655,146.2383790931588,BUY_NO
1779828493.5140684,75980.88897743364,75968.03725113149,0.6775450211658647,0.655,103.2963777983846,BUY_YES
1779828493.557294,75980.88897743364,75968.03725113149,0.6422445540305732,0.655,103.2963777983846,SELL_YES
1779828494.079086,75980.97432742458,75968.03725113149,0.6754465305209598,0.655,90.9302211777777,BUY_YES
1779828494.234539,75980.97432742458,75968.03725113149,0.7419478649211658,0.655,140.85,BUY_YES
1779828494.2466233,75980.97432742458,75968.03725113149,0.73878288109483,0.655,87.01,BUY_YES
1779828494.5550854,75980.97432742458,75968.03725113149,0.6378264534084179,0.655,318.7902211777777,SELL_YES
1779828494.8480659,75980.97432742458,75968.03725113149,0.7171981275420791,0.655,167.87463136544514,BUY_YES
1779828495.5282001,75980.97432742458,75968.03725113149,0.6549535548981874,0.665,167.87463136544514,SELL_YES
1779828495.9189248,75980.97432742458,75968.03725113149,0.6067646223566627,0.665,166.74917910975051,BUY_NO
1779828501.5391731,75979.08022632984,75968.03725113149,0.6832314290974263,0.815,428.77,BUY_NO
1779828501.8083847,75979.08022632984,75968.03725113149,0.6864225481390738,0.815,300.97047150657124,BUY_NO
1779828501.8814275,75979.08022632984,75968.03725113149,0.6419329670724724,0.815,366.0242453927001,BUY_NO
1779828502.0799923,75979.08022632984,75968.03725113149,0.6047381707178905,0.815,297.85085696567285,BUY_NO
1779828505.1378992,75984.99806973459,75968.03725113149,0.8273311012048505,0.815,63.13258019622632,BUY_YES
1779828505.248641,75984.99806973459,75968.03725113149,0.8251616640534266,0.815,296.84,SELL_NO
1779828505.260168,75984.99806973459,75968.03725113149,0.7942576757854035,0.815,63.13258019622632,SELL_YES
1779828506.9400403,75986.05589888642,75968.03725113149,0.8290477425062713,0.815,78.40028452680028,BUY_YES
1779828507.2122915,75986.05589888642,75968.03725113149,0.8367407742594049,0.815,65.56723198283288,BUY_YES
1779828507.4727137,75986.05589888642,75968.03725113149,0.8045516748413732,0.815,143.96751650963316,SELL_YES
1779828507.614514,75986.05589888642,75968.03725113149,0.8274734470222201,0.815,64.74711867441611,BUY_YES
1779828508.3063374,75987.57518866315,75968.03725113149,0.8349277397869312,0.815,63.7752782008714,BUY_YES
1779828508.6409225,75987.57462468342,75968.03725113149,0.8422444076544622,0.815,61.810961742587864,BUY_YES
1779828508.6469715,75987.57462468342,75968.03725113149,0.8395991917506277,0.815,299.0837600565407,SELL_NO
1779828508.6584077,75987.57462468342,75968.03725113149,0.8001695129219344,0.815,190.33335861787538,SELL_YES
1779828509.143525,75987.57462468342,75968.03725113149,0.8513388557663673,0.815,63.26000000000003,BUY_YES
1779828509.148311,75987.57462468342,75968.03725113149,0.8487433473938257,0.815,317.68,SELL_NO
1779828509.1974962,75987.57462468342,75968.03725113149,0.8400130143119741,0.815,111.0889064704054,BUY_YES
1779828509.2283297,75987.57462468342,75968.03725113149,0.804562028362833,0.815,174.34890647040544,SELL_YES
1779828509.2498639,75987.57462468342,75968.03725113149,0.8333659714065947,0.815,117.1214668454654,BUY_YES
1779828509.5235918,75987.57462468342,75968.03725113149,0.8412137274921528,0.815,66.67678654661144,BUY_YES
1779828510.67003,75987.60044078549,75968.03725113149,0.8486724436277148,0.815,63.01411173006446,BUY_YES
1779828513.2783678,75987.59938972713,75968.03725113149,0.8565046797609452,0.815,65.50184262052116,BUY_YES
1779828517.0329194,75989.14434839555,75968.03725113149,0.8647019529148313,0.815,67.68167918602484,BUY_YES
1779828517.1003673,75989.14434839555,75968.03725113149,0.8732033310746473,0.815,69.24615713775427,BUY_YES
1779828517.855923,75989.14434839555,75968.03725113149,0.8810269318694394,0.815,62.51183206046704,BUY_YES
1779828518.2290404,75993.43242911797,75968.03725113149,0.8902913833092287,0.815,73.9988619946331,BUY_YES
1779828518.3419707,75993.43242911797,75968.03725113149,0.898269590548093,0.815,61.61578521134379,BUY_YES
1779828518.402647,75993.43242911797,75968.03725113149,0.9123570554864461,0.815,60.72129522074886,BUY_YES
1779828519.2504983,75993.43242911797,75968.03725113149,0.9145757293339106,0.815,64.39771518055966,BUY_YES
1779828519.6699562,75995.56574436955,75968.03725113149,0.9291313356065523,0.815,68.88383772350073,BUY_YES
1779828520.993063,75995.56574436955,75968.03725113149,0.9329398293531759,0.815,68.39915102296595,BUY_YES
1779828521.2942796,75995.76446287245,75968.03725113149,0.9417159127078918,0.815,63.74192406970599,BUY_YES
1779828526.3752134,75996.92555088975,75968.03725113149,0.9502399901742938,0.815,61.207073412381874,BUY_YES
1779828530.757322,75997.39682080864,75968.03725113149,0.9589009265752272,0.815,61.71966498820234,BUY_YES
1779828531.4562469,75997.39682080864,75968.03725113149,0.9646198520329196,0.805,66.46531314946378,BUY_YES
1779828549.3236086,76003.27200214803,75968.03725113149,0.923913060018786,0.985,1162.9044981004147,SELL_YES
1779828549.6465278,76003.27200214803,75968.03725113149,0.8742715848822802,0.985,2577.32,BUY_NO
1779828549.656003,76003.27200214803,75968.03725113149,0.8810915964971587,0.985,2577.32,BUY_NO
1779828549.68398,76003.27200214803,75968.03725113149,0.8349804778948607,0.985,2567.32,BUY_NO
1779828549.8180425,76003.27200214803,75968.03725113149,0.7849864389141226,0.985,2620.32,BUY_NO
1779828550.057348,76003.27200214803,75968.03725113149,0.751384918736936,0.985,2615.32,BUY_NO
1779828550.2897015,76003.27200214803,75968.03725113149,0.7298259311460606,0.985,2604.8224022456525,BUY_NO
1779828550.544781,76005.09011709169,75968.03725113149,0.6658676410902383,0.985,2580.32,BUY_NO
1779828594.4679732,75987.22365601486,75968.03725113149,0.9899999999999979,0.975,2500.15,SELL_NO
1779828594.8993485,75987.22365601486,75968.03725113149,0.989946898586118,0.975,2542.21,SELL_NO
1779828594.9471989,75987.22365601486,75968.03725113149,0.989652252831031,0.975,2547.1,SELL_NO
1779828594.9958026,75987.2047749233,75968.03725113149,0.9897692974231826,0.975,2546.89,SELL_NO
1779828595.0182,75987.2047749233,75968.03725113149,0.9898120913092908,0.975,2540.17,SELL_NO
1779828596.048427,75987.2047749233,75968.03725113149,0.9899999001571778,0.975,2931.68,SELL_NO
1779828596.650008,75987.73730520124,75968.03725113149,0.9899999960562978,0.975,2935.37,SELL_NO
1779828614.2608516,75984.85365224574,75984.85899610931,0.5236737650018323,0.5236737650018323,65014.04623345388,BUY_NO
1779828900.744519,75976.88893108538,75976.88893108538,0.99,0.495,293.53,BUY_YES
1779828900.7560954,75976.88893108538,75976.88893108538,0.984597799279904,0.495,274.54,BUY_YES
1779828900.946933,75976.88893108538,75976.88893108538,0.6366363434443367,0.495,109.47235178926837,BUY_YES
1779828902.4276407,75976.46835397604,75976.88893108538,0.480987267975399,0.495,110.8,SELL_YES
1779828902.742578,75976.46835397604,75976.88893108538,0.4833275993212934,0.495,135.5,SELL_YES
1779828903.3241286,75976.68573906309,75976.88893108538,0.4763196632528454,0.495,135.5,SELL_YES
1779828903.4761775,75976.68573906309,75976.88893108538,0.47267608737692485,0.495,126.24,SELL_YES
1779828903.6779113,75976.68573906309,75976.88893108538,0.4789041088089603,0.495,135.5,SELL_YES
1779828903.7170496,75976.68573906309,75976.88893108538,0.46768288689796195,0.495,114.18031631543838,BUY_NO
1779828903.7379453,75976.68573906309,75976.88893108538,0.5070393020240986,0.495,114.18031631543838,SELL_NO
1779828903.7605724,75976.68573906309,75976.88893108538,0.45583559484290853,0.495,123.76269945832561,BUY_NO
1779828904.060647,75976.68573906309,75976.88893108538,0.509780636042967,0.495,123.76269945832561,SELL_NO
1779828904.0744362,75976.68573906309,75976.88893108538,0.4667724789223624,0.495,109.7,BUY_NO
1779828904.0852969,75976.68573906309,75976.88893108538,0.5085795951283756,0.495,109.7,SELL_NO
1779828904.1086617,75976.68573906309,75976.88893108538,0.5271760940296657,0.495,104.90239294836007,BUY_YES
1779828904.1304657,75976.46735397606,75976.88893108538,0.484107616805464,0.495,102.73,SELL_YES
1779828904.157721,75976.46735397606,75976.88893108538,0.5274087965158901,0.495,103.88366482788341,BUY_YES
1779828904.173287,75976.46735397606,75976.88893108538,0.4724396654389105,0.495,119.24,SELL_YES
1779828904.1920981,75976.46735397606,75976.88893108538,0.5263508234541886,0.495,113.91652065012052,BUY_YES
1779828904.2073116,75976.46735397606,75976.88893108538,0.4553055936793253,0.495,134.73493021563235,SELL_YES
1779828904.3445349,75976.46735397606,75976.88893108538,0.522798229048181,0.495,116.65636285966232,BUY_YES
1779828905.4155421,75976.46735397606,75976.88893108538,0.561101220698435,0.495,193.8533001106331,BUY_YES
1779828905.457809,75976.46735397606,75976.88893108538,0.4814174776820012,0.495,122.73,SELL_YES
1779828905.9250667,75976.41162600853,75976.88893108538,0.4831496639289566,0.495,187.77966297029542,SELL_YES
1779828905.9374485,75976.41162600853,75976.88893108538,0.5267766409343211,0.495,136.96170254795638,BUY_YES
1779828906.2351713,75976.41162600853,75976.88893108538,0.4316584508443731,0.495,105.09033702970459,BUY_NO
1779828906.241418,75976.41162600853,75976.88893108538,0.4436449624905003,0.495,136.96170254795638,SELL_YES
1779828906.2557597,75976.41162600853,75976.88893108538,0.519622947706527,0.495,105.09033702970459,SELL_NO
1779828906.3048818,75976.42967181219,75976.88893108538,0.4675800758474698,0.495,114.67049815822519,BUY_NO
1779828906.493212,75976.42967181219,75976.88893108538,0.5078766679853199,0.495,114.67049815822519,SELL_NO
1779828906.5082421,75976.42967181219,75976.88893108538,0.469537555028708,0.495,104.64381824171936,BUY_NO
1779828906.520416,75976.42967181219,75976.88893108538,0.505194035281368,0.495,104.64381824171936,SELL_NO
1779828906.5442376,75976.42967181219,75976.88893108538,0.4557562756476627,0.495,103.28568360005546,BUY_NO
1779828906.909829,75976.42967181219,75976.88893108538,0.4500801051324111,0.495,99.57304266511419,BUY_NO
1779828906.932599,75976.42967181219,75976.88893108538,0.5063585263801191,0.495,202.85872626516965,SELL_NO
1779828906.9461892,75976.42967181219,75976.88893108538,0.4617435739244757,0.495,144.4471104799811,BUY_NO
1779828907.45916,75976.42967181219,75976.88893108538,0.5125500276678799,0.495,144.4471104799811,SELL_NO
1779828907.5776381,75976.42967181219,75976.88893108538,0.5218665491017608,0.495,111.71754915265257,BUY_YES
1779828907.6243365,75976.42967181219,75976.88893108538,0.4845739920811314,0.495,111.71754915265257,SELL_YES
1779828907.7056146,75976.42967181219,75976.88893108538,0.46779538456444314,0.495,113.47445746591539,BUY_NO
1779828907.7211356,75976.42967181219,75976.88893108538,0.5068256069497546,0.495,113.47445746591539,SELL_NO
1779828908.079371,75977.520019456,75976.88893108538,0.5201086002280932,0.495,102.7074622459083,BUY_YES
1779828908.089635,75977.520019456,75976.88893108538,0.4835202874489243,0.495,102.7074622459083,SELL_YES
1779828908.7109127,75977.59578303572,75976.88893108538,0.5205039235059823,0.495,104.71325709332946,BUY_YES
1779828908.7254534,75977.59578303572,75976.88893108538,0.47664180266561595,0.495,104.71325709332946,SELL_YES
1779828909.1470459,75977.59578303572,75976.88893108538,0.5197046612774145,0.495,100.61834641313014,BUY_YES
1779828909.1721334,75977.59578303572,75976.88893108538,0.4704147992867102,0.495,99.4565832468682,BUY_NO
1779828910.7462442,75977.29870589862,75976.88893108538,0.450796615875666,0.495,98.42978635220544,BUY_NO
1779828910.7798862,75977.29870589862,75976.88893108538,0.5067834846196967,0.495,182.42,SELL_NO
1779828910.8114994,75974.16520300109,75976.88893108538,0.46460182247624277,0.495,113.3599484496921,BUY_NO
1779828910.8736787,75974.16520300109,75976.88893108538,0.43962598106344125,0.495,124.93512929579933,BUY_NO
1779828911.0761528,75974.16520300109,75976.88893108538,0.41603432053573797,0.495,116.01389724563089,BUY_NO
1779828911.117899,75974.16520300109,75976.88893108538,0.39497855117855435,0.495,101.88739793795366,BUY_NO
1779828911.2997835,75974.16520300109,75976.88893108538,0.3744056254706491,0.495,98.51139323996375,BUY_NO
1779828911.696715,75974.16520300109,75976.88893108538,0.5073886737605497,0.495,124.84,SELL_NO
1779828912.8056746,75973.06170736616,75976.88893108538,0.5260629277367737,0.495,131.99999999999997,SELL_NO
1779828913.215161,75973.05402192265,75976.88893108538,0.5052757590671081,0.495,109.12,SELL_NO
1779828913.6743898,75973.05402192265,75976.88893108538,0.5058972557996042,0.495,204.21413576811335,SELL_NO
1779828913.7601302,75973.05402192265,75976.88893108538,0.547752560191203,0.495,141.55336577025122,BUY_YES
1779828913.779296,75973.05402192265,75976.88893108538,0.5686201646365759,0.495,102.91243781932224,BUY_YES
1779828913.8185117,75973.05402192265,75976.88893108538,0.5949570013014648,0.495,129.5120100506229,BUY_YES
1779828916.8556092,75967.45533122901,75976.88893108538,0.5702773476118922,0.44,127.90097354999199,BUY_YES
1779828916.9203463,75967.45533122901,75976.88893108538,0.6034381594367308,0.44,160.75516587567404,BUY_YES
1779828916.9403737,75967.45533122901,75976.88893108538,0.627715719948323,0.44,112.96993839730908,BUY_YES
1779828916.9733517,75967.45533122901,75976.88893108538,0.6549645701596745,0.435,128.03098943742918,BUY_YES
1779828918.4544415,75967.30773260527,75976.88893108538,0.41489889311914163,0.425,192.71,SELL_YES
1779828918.6075745,75967.30773260527,75976.88893108538,0.41165453482166364,0.425,192.71,SELL_YES
1779828918.6914234,75967.30773260527,75976.88893108538,0.5916154656807846,0.425,127.34,BUY_YES
1779828918.917194,75967.30773260527,75976.88893108538,0.4039732066715992,0.42,131.39,SELL_YES
1779828919.059506,75967.30773260527,75976.88893108538,0.3948466544630307,0.42,293.0,SELL_YES
1779828919.0929956,75967.30773260527,75976.88893108538,0.531358968959004,0.42,140.0990487537918,BUY_YES
1779828922.299353,75967.30859400527,75976.88893108538,0.3681989145547887,0.42,146.39,BUY_NO
1779828922.3076396,75967.30859400527,75976.88893108538,0.37260629936464135,0.42,146.39,SELL_YES
1779828922.3172216,75967.30859400527,75976.88893108538,0.3904389359450939,0.42,296.24,SELL_YES
1779828922.3292222,75967.30859400527,75976.88893108538,0.4480998275113592,0.42,146.39,SELL_NO
1779828922.3374426,75967.30859400527,75976.88893108538,0.46782000684013203,0.42,175.6018076342486,BUY_YES
1779828923.239706,75968.31021353845,75976.88893108538,0.48568489505676665,0.415,142.59247455159436,BUY_YES
1779828923.3558218,75968.31021353845,75976.88893108538,0.5134047121378537,0.415,138.96026808058588,BUY_YES
1779828923.7337084,75968.31021353845,75976.88893108538,0.5417843950377824,0.415,140.37044791890895,BUY_YES
1779828924.4613788,75967.66522898935,75976.88893108538,0.391580161862252,0.415,93.26916436264094,BUY_NO
1779828924.5102546,75967.66522898935,75976.88893108538,0.3726069076315513,0.415,94.79474112510101,BUY_NO
1779828924.6058226,75967.66522898935,75976.88893108538,0.35116772767725196,0.415,105.78423139745556,BUY_NO
1779828924.676287,75967.66522898935,75976.88893108538,0.42593420099089696,0.415,293.8481368851975,SELL_NO
1779828926.0332968,75967.559456231,75976.88893108538,0.40388401496746623,0.415,199.21,SELL_YES
1779828926.474612,75967.559456231,75976.88893108538,0.39475836077758797,0.415,212.44,SELL_YES
1779828926.5076807,75967.559456231,75976.88893108538,0.4907716458125294,0.415,157.85190219853354,BUY_YES
1779828926.625445,75967.559456231,75976.88893108538,0.38409603239075524,0.415,155.45,SELL_YES
1779828927.0561018,75967.559956231,75976.88893108538,0.403205869931033,0.415,194.97,SELL_YES
1779828927.0733936,75967.559956231,75976.88893108538,0.4491474947429784,0.415,138.2660817270686,BUY_YES
1779828927.1331623,75967.559956231,75976.88893108538,0.3946081063352344,0.415,150.8252581784625,SELL_YES
1779828927.1541288,75967.559956231,75976.88893108538,0.44352795697546954,0.415,121.77851074352488,BUY_YES
1779828927.5256665,75967.559956231,75976.88893108538,0.37170291053688065,0.415,198.3998739570106,BUY_NO
1779828927.544117,75967.559956231,75976.88893108538,0.444080040349345,0.415,198.3998739570106,SELL_NO
1779828927.7649512,75967.559956231,75976.88893108538,0.39351511708471426,0.415,85.37981759199914,BUY_NO
1779828928.4701405,75967.58954620741,75976.88893108538,0.3760534278011556,0.415,89.37796664270417,BUY_NO
1779828928.5028663,75967.58954620741,75976.88893108538,0.4317612357449969,0.415,174.7577842347033,SELL_NO
1779828929.5591264,75967.58954620741,75976.88893108538,0.38305570382745396,0.415,88.43454771600952,BUY_NO
1779828930.0454056,75967.58954620741,75976.88893108538,0.44486970760396977,0.415,88.43454771600952,SELL_NO
1779828930.0572195,75967.58954620741,75976.88893108538,0.4735490220619647,0.415,153.51045917438563,BUY_YES
1779828930.6265903,75967.58954620741,75976.88893108538,0.515298361968629,0.41000000000000003,210.84304894194742,BUY_YES
1779828930.6400127,75967.58954620741,75976.88893108538,0.5587653415199089,0.41000000000000003,214.16272643164814,BUY_YES
1779828930.6621375,75967.58954620741,75976.88893108538,0.5984898950008133,0.41000000000000003,190.58508050201533,BUY_YES
1779828930.7005403,75967.58954620741,75976.88893108538,0.625818580077254,0.39,126.25465105874866,BUY_YES
1779828950.8735979,75981.22152511487,75976.88893108538,0.4557510934082556,0.565,363.8,BUY_NO
1779828950.8833768,75981.22152511487,75976.88893108538,0.44578967186868024,0.565,129.61908947177835,BUY_NO
1779828951.1742094,75981.22152511487,75976.88893108538,0.4716494861563109,0.565,162.40091052822163,SELL_YES
1779828951.1810565,75981.22152511487,75976.88893108538,0.4907023280669845,0.565,227.28,SELL_YES
1779828951.1896372,75981.22152511487,75976.88893108538,0.5153019656200903,0.565,289.77,SELL_YES
1779828951.4126596,75981.22152511487,75976.88893108538,0.5514146213279091,0.565,163.53000000000003,SELL_YES
1779828952.3634894,75981.22152511487,75976.88893108538,0.5470407914063964,0.565,100.84999999999997,SELL_YES
1779828952.781289,75981.22152511487,75976.88893108538,0.43062779966703046,0.565,157.72036621512865,BUY_NO
1779828956.1931643,75981.2555650837,75976.88893108538,0.6037145340463607,0.565,93.61,BUY_YES
1779828956.1986303,75981.2555650837,75976.88893108538,0.5934351535249557,0.565,139.75,SELL_NO
1779828956.2080977,75981.2555650837,75976.88893108538,0.5544161554190765,0.565,166.91356632404847,SELL_YES
1779828957.2648807,75981.24046003121,75976.88893108538,0.575863896686527,0.565,135.76,SELL_NO
1779828958.1251216,75981.02468007748,75976.88893108538,0.584985875157086,0.565,278.25,SELL_NO
1779828958.4908106,75981.02468007748,75976.88893108538,0.5956711003319596,0.565,88.38999999999999,BUY_YES
1779828958.5732546,75981.02468007748,75976.88893108538,0.6057040277917612,0.565,95.69117721440034,BUY_YES
1779828958.5917478,75981.02468007748,75976.88893108538,0.62838717250775,0.565,114.9986363716443,BUY_YES
1779828958.6008954,75981.02468007748,75976.88893108538,0.6620628123705654,0.565,168.80371168860347,BUY_YES
1779828958.6150715,75981.02468007748,75976.88893108538,0.6810320179636037,0.565,89.86552755033694,BUY_YES
1779828960.640203,75979.93310215698,75976.88893108538,0.5343331686697339,0.545,162.27,SELL_YES
1779828961.7336338,75976.13659127308,75976.88893108538,0.4867967672779837,0.545,167.49434393651717,BUY_NO
1779828961.8005178,75976.13659127308,75976.88893108538,0.5557485380119109,0.545,264.8737996234242,SELL_NO
1779828962.762216,75969.74958556752,75976.88893108538,0.4325219100956844,0.545,196.55,BUY_NO
1779828962.7698903,75969.74958556752,75976.88893108538,0.45687989012127245,0.545,164.32837310049598,BUY_NO
1779828962.7918315,75969.74958556752,75976.88893108538,0.5684838037092127,0.545,360.878373100496,SELL_NO
1779828963.31487,75969.74958556752,75976.88893108538,0.43132109828592013,0.545,168.07,BUY_NO
1779828963.3242757,75969.74958556752,75976.88893108538,0.4574460931934242,0.545,190.35289987905696,BUY_NO
1779828963.3581896,75969.74958556752,75976.88893108538,0.5715627401204644,0.545,357.36,SELL_NO
1779828964.7331693,75969.3917835833,75976.88893108538,0.4293121960268421,0.545,198.07,BUY_NO
1779828964.7426581,75969.3917835833,75976.88893108538,0.4524956865365581,0.545,182.81876480936887,BUY_NO
1779828964.7738848,75969.3917835833,75976.88893108538,0.5621922930420755,0.545,287.6,SELL_NO
1779828965.1399255,75969.3917835833,75976.88893108538,0.41190150166133027,0.545,138.07,BUY_NO
1779828965.149572,75969.3917835833,75976.88893108538,0.4341215454801878,0.545,228.67,BUY_NO
1779828965.1588387,75969.3917835833,75976.88893108538,0.46139457967568254,0.545,185.81,SELL_YES
1779828965.1685402,75969.3917835833,75976.88893108538,0.4878248506918984,0.545,136.0,SELL_YES
1779828965.1924946,75969.3917835833,75976.88893108538,0.5594475813619663,0.545,252.83,SELL_NO
1779828965.2014973,75969.3917835833,75976.88893108538,0.5741277960420013,0.545,201.72,SELL_NO
1779828965.6089032,75969.3917835833,75976.88893108538,0.5149060455308008,0.545,121.12182725443213,BUY_NO
1779828966.8416338,75969.44558263269,75976.88893108538,0.430691901128862,0.545,171.13,BUY_NO
1779828967.0098484,75969.44558263269,75976.88893108538,0.43667221187281824,0.545,167.11141956021532,BUY_NO
1779828967.4866958,75969.55307718621,75976.88893108538,0.4205632576813885,0.545,126.3527351240503,BUY_NO
1779828967.525566,75969.55307718621,75976.88893108538,0.387913200407687,0.545,156.56296809483865,BUY_NO
1779828967.5682201,75969.55307718621,75976.88893108538,0.36357055999768734,0.545,112.17833043121072,BUY_NO
1779828971.2326603,75980.86231936078,75976.88893108538,0.5565914854666174,0.545,468.68,SELL_NO
1779828971.2645626,75980.86231936078,75976.88893108538,0.4261243329319153,0.545,114.91,BUY_NO
1779828972.0447803,75980.86231936078,75976.88893108538,0.5853313644460231,0.545,101.65703731354088,BUY_YES
1779828972.9543488,75983.75914134803,75976.88893108538,0.5719246400087183,0.545,201.28,SELL_NO
1779828974.6769717,75983.75914134803,75976.88893108538,0.5769129198456158,0.545,185.88,SELL_NO
1779828975.1976414,75983.75914134803,75976.88893108538,0.603892564079921,0.545,95.78107694147533,BUY_YES
1779828975.2290113,75983.75914134803,75976.88893108538,0.5859905132137158,0.545,120.06894515317299,SELL_NO
1779828975.8324873,75983.68191845488,75976.88893108538,0.6221819718079006,0.545,91.90399460822772,BUY_YES
1779828975.944668,75983.68191845488,75976.88893108538,0.6415428220767699,0.545,94.56182052468148,BUY_YES
1779828976.2767684,75983.68191845488,75976.88893108538,0.6643517722968583,0.545,110.40307100916493,BUY_YES
1779828978.25113,75988.85827019268,75976.88893108538,0.6837834248404999,0.545,91.58965546777824,BUY_YES
1779828979.9009101,75990.27702320459,75976.88893108538,0.7051501119656526,0.545,100.60037551248138,BUY_YES
1779828981.6122365,75990.50695662733,75976.88893108538,0.72859643271723,0.545,108.8842709287394,BUY_YES
1779828982.4444528,75992.89921717506,75976.88893108538,0.7503049125191772,0.54,98.3598164872501,BUY_YES
1779828982.4638543,75992.89921717506,75976.88893108538,0.7714567032128616,0.54,94.89170323210806,BUY_YES
1779828982.7299058,75992.89921717506,75976.88893108538,0.7949820784665462,0.54,105.09509404688902,BUY_YES
1779828982.941821,75992.89921717506,75976.88893108538,0.7970815577071257,0.475,169.0,BUY_YES
1779828982.961628,75992.89921717506,75976.88893108538,0.8113824893683559,0.475,105.97792477373969,BUY_YES
1779828986.9758945,75998.69491299144,75976.88893108538,0.7627240314261264,0.41000000000000003,128.03,BUY_YES
1779828988.3210135,75998.70737675896,75976.88893108538,0.7708369507370444,0.405,122.48,BUY_YES
1779828988.5128114,75998.70737675896,75976.88893108538,0.8157482812932976,0.405,172.48,BUY_YES
1779828993.4939718,76004.2415432562,75976.88893108538,0.8377946563783527,0.405,122.17161759910482,BUY_YES
1779829002.1730633,76005.87697690417,75976.88893108538,0.7643746038883833,0.815,405.16,SELL_YES
1779829002.3123887,76005.87697690417,75976.88893108538,0.7162492799402231,0.815,265.89,BUY_NO
1779829002.323125,76005.87697690417,75976.88893108538,0.7234024585922861,0.815,223.0,SELL_YES
1779829002.32897,76005.87697690417,75976.88893108538,0.7353894625365426,0.815,152.68,SELL_YES
1779829002.3368819,76005.87697690417,75976.88893108538,0.7476498650230063,0.815,509.02,SELL_YES
1779829003.098114,76006.99228977416,75976.88893108538,0.7986573165551498,0.815,250.89,SELL_YES
1779829004.79979,76006.99228977416,75976.88893108538,0.7987694278660374,0.815,260.62,SELL_YES
1779829004.847887,76006.99228977416,75976.88893108538,0.8478059756040175,0.815,62.94501259299594,BUY_YES
1779829006.0582075,76006.99132945917,75976.88893108538,0.8548670761055662,0.815,61.429850974673485,BUY_YES
1779829009.1171215,76007.10568265384,75976.88893108538,0.8648306151244421,0.815,86.44330547826644,BUY_YES
1779829009.8816624,76007.10568265384,75976.88893108538,0.8722687836746841,0.815,62.09974030553224,BUY_YES
1779829017.1461463,76007.53063649681,75976.88893108538,0.8800501936749794,0.815,65.23585407715632,BUY_YES
1779829020.2657933,76007.51539491671,75976.88893108538,0.888908379564327,0.8,73.59588956749667,BUY_YES
1779829020.2802424,76007.51539491671,75976.88893108538,0.8975381763356219,0.79,70.12274230989101,BUY_YES
1779829020.2921133,76007.51539491671,75976.88893108538,0.9065532041428986,0.79,72.60956036474022,BUY_YES
1779829020.3074555,76007.51539491671,75976.88893108538,0.9136417922262938,0.785,103.90713649193412,BUY_YES
1779829020.3322663,76007.51539491671,75976.88893108538,0.923316662697051,0.785,69.43072955434911,BUY_YES
1779829022.8716915,76007.23685832377,75976.88893108538,0.8735011913428488,0.795,250.38,SELL_NO
1779829031.6051736,76008.13051532244,75976.88893108538,0.9153587596782254,0.77,64.37325589611669,BUY_YES
1779829040.5344276,76012.78981567224,75976.88893108538,0.925768601529118,0.775,68.79576688404802,BUY_YES
1779829050.8759604,76014.86067718607,75976.88893108538,0.8569265332221835,0.875,315.67,SELL_YES
1779829050.8864427,76014.86067718607,75976.88893108538,0.8315980834749459,0.875,315.67,SELL_YES
1779829050.894175,76014.86067718607,75976.88893108538,0.8258493232707353,0.875,277.15,SELL_YES
1779829051.0094125,76014.86067718607,75976.88893108538,0.8968225668530695,0.875,75.07943813159432,BUY_YES
1779829051.0875297,76014.86067718607,75976.88893108538,0.9016848703611173,0.875,59.74360233903292,BUY_YES
1779829051.224703,76014.86067718607,75976.88893108538,0.9064036842860352,0.875,57.54048336262565,BUY_YES
1779829051.4561718,76014.86067718607,75976.88893108538,0.9116172288601306,0.875,63.08793566449407,BUY_YES
1779829051.600817,76014.86067718607,75976.88893108538,0.916653668038766,0.875,59.888430618001166,BUY_YES
1779829051.642101,76014.86067718607,75976.88893108538,0.9215031417999292,0.875,56.95857440231828,BUY_YES
1779829051.7427561,76014.86067718607,75976.88893108538,0.9271085935993468,0.875,65.65517946675925,BUY_YES
1779829051.783099,76014.86067718607,75976.88893108538,0.9322425283623302,0.875,58.55071408411209,BUY_YES
1779829051.9956603,76014.86669041813,75976.88893108538,0.9372691823038206,0.875,56.92066505864989,BUY_YES
1779829063.427534,76014.9725755845,75976.88893108538,0.9534252027533193,0.895,60.9935311830377,BUY_YES
1779829090.0837948,76001.91488476003,75976.88893108538,0.8646182186385969,0.875,355.68,SELL_YES
1779829090.2581491,76001.91488476003,75976.88893108538,0.8538603372200945,0.875,397.4039100779915,SELL_YES
1779829099.7794445,76000.52975957713,75976.88893108538,0.8741887337050769,0.795,308.98,BUY_YES
1779829099.7907472,76000.52975957713,75976.88893108538,0.878703535486789,0.795,216.53766357185748,BUY_YES
1779829100.4372861,76000.60653743916,75976.88893108538,0.8812444549515427,0.795,131.82149617717755,BUY_YES
1779829101.1171594,76000.60653743916,75976.88893108538,0.8908691400283659,0.795,68.87251692073824,BUY_YES
1779829101.4112043,76000.60653743916,75976.88893108538,0.8996647415107316,0.795,65.14212018956209,BUY_YES
1779829130.2057703,75991.53114468533,75976.88893108538,0.7499041626688647,0.765,570.2,SELL_YES
1779829132.431542,75991.4996939081,75976.88893108538,0.7626932565112505,0.775,221.15379685933533,SELL_YES
1779829133.0950327,75991.4996939081,75976.88893108538,0.7394183427530406,0.775,218.15057554661925,BUY_NO
1779829133.2268374,75991.4996939081,75976.88893108538,0.709480328025284,0.8049999999999999,226.1693608029739,BUY_NO
1779829138.4964044,75986.91275970286,75976.88893108538,0.7494746840532217,0.835,303.6497908840412,BUY_NO
1779829138.8328996,75986.91275970286,75976.88893108538,0.7114241947005249,0.835,354.2549622170675,BUY_NO
1779829139.2411714,75986.91275970286,75976.88893108538,0.6778652990629932,0.835,306.59241312892914,BUY_NO
1779829154.0916982,75993.02056990573,75976.88893108538,0.8866048613661305,0.875,82.1351148569432,BUY_YES
1779829154.1149673,75993.02056990573,75976.88893108538,0.8913447920897566,0.875,57.77842713105204,BUY_YES
1779829154.2819,75993.02056990573,75976.88893108538,0.897138458270202,0.87,70.21385477597184,BUY_YES
1779829154.6964638,75992.730680994,75976.88893108538,0.8937963269888733,0.85,60.33106438237431,BUY_YES
1779829155.6906774,75992.730680994,75976.88893108538,0.8831287577538189,0.845,61.48719650410004,BUY_YES
1779829155.9145243,75992.730680994,75976.88893108538,0.8898567376115049,0.845,64.96135952878376,BUY_YES
1779829155.9709923,75996.27539549972,75976.88893108538,0.8974614689691833,0.845,72.6456776896892,BUY_YES
1779829156.000118,75996.27539549972,75976.88893108538,0.9040429037600947,0.845,61.184515347065485,BUY_YES
1779829156.285457,75996.27539549972,75976.88893108538,0.9106539027944436,0.845,61.211181169907604,BUY_YES
1779829156.3904593,75996.27539549972,75976.88893108538,0.9174894930070174,0.845,62.57009619864016,BUY_YES
1779829156.5021982,75996.27539549972,75976.88893108538,0.9255633180291982,0.845,73.56992818691083,BUY_YES
1779829156.5301225,75996.27539549972,75976.88893108538,0.9326522538923068,0.845,62.22162244690594,BUY_YES
1779829160.4600468,75996.3414248962,75976.88893108538,0.9346501081957026,0.835,62.66811843505525,BUY_YES
1779829160.5493877,75996.3414248962,75976.88893108538,0.9425270589528671,0.835,64.95932590261884,BUY_YES
1779829160.9097571,75996.34165541598,75976.88893108538,0.9484575757327278,0.835,335.0106740973812,SELL_NO
1779829160.9177117,75996.34165541598,75976.88893108538,0.9414782192492186,0.835,432.28,SELL_NO
1779829161.033947,75996.34165541598,75976.88893108538,0.8597996987052874,0.835,502.76,SELL_NO
1779829161.3575416,75996.34165541598,75976.88893108538,0.9476656212513876,0.835,63.33355868776073,BUY_YES
1779829163.729178,75996.37230174549,75976.88893108538,0.9416768978500378,0.765,64.78999999999999,BUY_YES
1779829163.808611,75996.37230174549,75976.88893108538,0.942927612588866,0.755,65.27,BUY_YES
1779829165.1045535,75996.37230174549,75976.88893108538,0.9458671412150057,0.765,64.71000000000001,BUY_YES
1779829165.9153388,75996.18366238843,75976.88893108538,0.9465936636498187,0.72,68.66,BUY_YES
1779829167.5313468,75996.1223696839,75976.88893108538,0.9492346043710492,0.725,74.78931721560798,BUY_YES
1779829171.935172,75995.9104589167,75976.88893108538,0.9626334569762878,0.725,70.92760723922265,BUY_YES
1779829188.0265157,75996.44662445188,75976.88893108538,0.9640420671911727,0.975,116.99,SELL_YES
1779829200.0018566,75993.62183114441,75993.62183114441,0.9654999999999979,0.985,890.71,SELL_YES
1779829200.0092995,75993.62183114441,75993.62183114441,0.942224999999998,0.985,153.45,SELL_YES
1779829200.015493,75993.62183114441,75993.62183114441,0.9201137499999981,0.985,205.0,SELL_YES
1779829205.7579803,75991.83002244668,75993.62183114441,0.4787458569284693,0.4787458569284693,7942.43,BUY_NO
1779829205.8130324,75991.83002244668,75993.62183114441,0.4784179491863172,0.4784179491863172,7946.07,BUY_NO
1779829206.0103977,75991.83002244668,75993.62183114441,0.4778268195548938,0.4778268195548938,7991.95,BUY_NO
1779829206.5000868,75991.83002244668,75993.62183114441,0.4776538527827553,0.4776538527827553,8315.03,BUY_NO
1779829206.7456682,75991.83002244668,75993.62183114441,0.4776333620508899,0.4776333620508899,8572.5,BUY_NO
1779829207.3321502,75991.83002244668,75993.62183114441,0.47761396829767355,0.47761396829767355,8633.96,BUY_NO
1779829207.705419,75991.83002244668,75993.62183114441,0.47759931899249586,0.47759931899249586,8969.12,BUY_NO
1779829208.8214076,75992.01644618138,75993.62183114441,0.47938507125941116,0.47938507125941116,7561.413328676157,BUY_NO
1779829225.3328059,75999.88146221281,75996.63145198322,0.5352559372234852,0.5352559372234852,58501.63282577336,BUY_NO
1779829500.9806993,75911.53903652259,75911.53903652259,0.99,0.505,125.45,BUY_YES
1779829501.010559,75911.53903652259,75911.53903652259,0.99,0.505,171.45,BUY_YES
1779829501.0325952,75911.53903652259,75911.53903652259,0.99,0.505,122.0,BUY_YES
1779829501.0385344,75911.53903652259,75911.53903652259,0.9894655326890401,0.505,132.03,BUY_YES
1779829501.0457013,75911.53903652259,75911.53903652259,0.9859768172456517,0.505,293.45,BUY_YES
1779829501.0510123,75911.53903652259,75911.53903652259,0.9780388959806963,0.505,132.03,BUY_YES
1779829501.0612602,75911.53903652259,75911.53903652259,0.9351271243473307,0.505,293.45,BUY_YES
1779829501.0738156,75911.53903652259,75911.53903652259,0.8755101774119372,0.505,114.0,BUY_YES
1779829501.078645,75911.53903652259,75911.53903652259,0.8520318414173795,0.505,132.03,BUY_YES
1779829501.2341914,75911.53903652259,75911.53903652259,0.7948544654363009,0.505,376.45,BUY_YES
1779829501.2379527,75911.53903652259,75911.53903652259,0.7647289797794907,0.505,132.03,BUY_YES
1779829501.242592,75911.53903652259,75911.53903652259,0.733924451065879,0.505,353.45,BUY_YES
1779829501.2451684,75911.53903652259,75911.53903652259,0.7024298537712353,0.505,132.03,BUY_YES
1779829501.2486074,75911.53903652259,75911.53903652259,0.7098633906193419,0.505,353.45,BUY_YES
1779829501.2523003,75911.53903652259,75911.53903652259,0.680940329894473,0.505,132.03,BUY_YES
1779829501.2549853,75911.53903652259,75911.53903652259,0.6908307210505129,0.505,353.45,BUY_YES
1779829501.2579775,75911.53903652259,75911.53903652259,0.662799962686668,0.505,132.03,BUY_YES
1779829501.268178,75911.53903652259,75911.53903652259,0.6109999810583701,0.505,330.45,BUY_YES
1779829501.2893147,75911.53903652259,75911.53903652259,0.612439243358853,0.505,151.8836811720489,BUY_YES
1779829501.2944136,75911.53903652259,75911.53903652259,0.6221092786066209,0.505,330.45,BUY_YES
1779829501.312063,75911.53903652259,75911.53903652259,0.6328614380699058,0.505,330.45,BUY_YES
1779829501.3245997,75911.53903652259,75911.53903652259,0.63359925677769,0.505,126.97370428700015,BUY_YES
1779829501.329997,75911.53903652259,75911.53903652259,0.6441161653419799,0.505,330.45,BUY_YES
1779829501.3424711,75911.53903652259,75911.53903652259,0.6523506691850329,0.505,330.45,BUY_YES
1779829501.353664,75911.53903652259,75911.53903652259,0.6603575939082773,0.505,330.45,BUY_YES
1779829501.3659124,75911.53903652259,75911.53903652259,0.6683184672907792,0.505,289.0068956117284,BUY_YES
1779829501.377892,75911.53903652259,75911.53903652259,0.6782968183307951,0.505,330.45,BUY_YES
1779829501.3892875,75911.53903652259,75911.53903652259,0.6824473182774485,0.505,175.10196957646713,BUY_YES
1779829501.3967288,75911.53903652259,75911.53903652259,0.6861022845424312,0.505,129.10536129980392,BUY_YES
1779829501.4062507,75911.53903652259,75911.53903652259,0.6903527907788216,0.505,153.7640214060939,BUY_YES
1779829501.4099116,75911.53903652259,75911.53903652259,0.6953486566200054,0.505,180.1840624323586,BUY_YES
1779829501.4223657,75911.53903652259,75911.53903652259,0.6990785081150055,0.505,130.43096059193158,BUY_YES
1779829501.7722967,75911.6530250234,75911.53903652259,0.49418426271552107,0.505,218.999504271107,BUY_NO
1779829501.7778502,75911.6530250234,75911.53903652259,0.5270423908532041,0.505,196.45,SELL_NO
1779829501.7910779,75911.6530250234,75911.53903652259,0.4917383836256206,0.505,145.670495728893,BUY_NO
1779829501.7980614,75911.6530250234,75911.53903652259,0.5252268342191073,0.505,127.03,SELL_NO
1779829502.120192,75911.6530250234,75911.53903652259,0.48684918251910064,0.505,359.67,BUY_NO
1779829502.1267288,75911.6530250234,75911.53903652259,0.485512475300802,0.505,142.90475879811993,BUY_NO
1779829502.1311846,75911.6530250234,75911.53903652259,0.48148740379882127,0.505,150.28026267055714,BUY_NO
1779829502.1410165,75911.6530250234,75911.53903652259,0.5211203428855286,0.505,211.45,SELL_NO
1779829502.1746058,75911.6530250234,75911.53903652259,0.46392511178974544,0.505,314.67,BUY_NO
1779829502.1822093,75911.6530250234,75911.53903652259,0.5278435963552862,0.505,213.45,SELL_NO
1779829502.1940098,75911.6530250234,75911.53903652259,0.4944018185236052,0.505,308.22,SELL_YES
1779829502.1996078,75911.6530250234,75911.53903652259,0.5311133652567733,0.505,218.45,SELL_NO
1779829502.2218692,75911.6530250234,75911.53903652259,0.5292599462694983,0.505,318.45,SELL_NO
1779829502.2279685,75911.6530250234,75911.53903652259,0.4796817433830798,0.505,303.82,BUY_NO
1779829502.2404752,75911.6530250234,75911.53903652259,0.4859061148648903,0.505,179.68666714531258,BUY_NO
1779829502.2461085,75911.6530250234,75911.53903652259,0.5239108543278636,0.505,318.45,SELL_NO
1779829502.2495553,75911.6530250234,75911.53903652259,0.5202695870304814,0.505,211.97168861398967,SELL_NO
1779829502.257131,75911.6530250234,75911.53903652259,0.47843355022550627,0.505,297.78,BUY_NO
1779829502.2710476,75911.6530250234,75911.53903652259,0.5151380996326763,0.505,297.78,SELL_NO
1779829502.274691,75911.6530250234,75911.53903652259,0.49176469747790696,0.505,295.74,BUY_NO
1779829502.285405,75911.6530250234,75911.53903652259,0.5300828851711286,0.505,125.67000000000002,SELL_NO
1779829502.444093,75911.6530250234,75911.53903652259,0.5341835868988215,0.505,170.07,SELL_NO
1779829505.608496,75900.16269194885,75911.53903652259,0.37126370116098734,0.435,95.66,BUY_NO
1779829505.6633172,75900.16269194885,75911.53903652259,0.3796608644890809,0.435,95.66,BUY_NO
1779829505.672399,75900.16269194885,75911.53903652259,0.36224944047841195,0.435,95.66,BUY_NO
1779829505.6783135,75900.16269194885,75911.53903652259,0.3485037946403571,0.435,95.66,BUY_NO
1779829506.0106857,75900.16269194885,75911.53903652259,0.35167886926830066,0.435,103.66,BUY_NO
1779829506.0616167,75900.16269194885,75911.53903652259,0.3726926855511677,0.435,103.66,BUY_NO
1779829506.1863456,75900.16269194885,75911.53903652259,0.3693114457126553,0.435,91.68,BUY_NO
1779829506.8992238,75900.02778587461,75911.53903652259,0.3701875125851956,0.435,97.68,BUY_NO
1779829506.9226434,75900.02778587461,75911.53903652259,0.4580397013218764,0.435,441.14,SELL_NO
1779829507.2315273,75900.02778587461,75911.53903652259,0.44747590422814565,0.435,171.69000000000005,SELL_NO
1779829508.143465,75900.02778587461,75911.53903652259,0.4290707251830748,0.415,157.52,SELL_NO
1779829512.0391414,75909.34952756866,75911.53903652259,0.4046498893067605,0.415,139.05,BUY_NO
1779829512.0522501,75909.34952756866,75911.53903652259,0.4329238397601399,0.415,148.0199999999999,SELL_NO
1779829512.505359,75909.91070680041,75911.53903652259,0.4026773422583651,0.415,245.14,BUY_NO
1779829512.6254385,75909.91070680041,75911.53903652259,0.517433650976662,0.415,123.0,SELL_NO
1779829512.6328542,75909.91070680041,75911.53903652259,0.5037200439517484,0.415,122.13999999999999,SELL_NO
1779829512.6784246,75909.91070680041,75911.53903652259,0.3901203679129016,0.415,388.2462714632333,BUY_NO
1779829512.76207,75909.91070680041,75911.53903652259,0.3975110059096421,0.415,96.88264080269465,BUY_NO
1779829512.8369882,75909.91070680041,75911.53903652259,0.4034148090238309,0.415,153.91735919730536,SELL_YES
1779829513.0699818,75909.91070680041,75911.53903652259,0.46542171744419936,0.415,124.0,SELL_NO
1779829513.0750465,75909.91070680041,75911.53903652259,0.4427213585844511,0.415,135.0,SELL_NO
1779829513.0888085,75909.91070680041,75911.53903652259,0.4005310261224671,0.415,142.59709413107163,BUY_NO
1779829513.0989861,75909.91070680041,75911.53903652259,0.3830729020839052,0.415,355.91290586892836,BUY_NO
1779829513.1306942,75909.91070680041,75911.53903652259,0.43215153159619185,0.415,149.0,SELL_NO
1779829513.1421838,75909.91070680041,75911.53903652259,0.3915476972426076,0.415,140.52430529577373,BUY_NO
1779829513.1507301,75909.91070680041,75911.53903652259,0.3770359450708286,0.415,384.1756947042263,BUY_NO
1779829513.1657593,75909.91070680041,75911.53903652259,0.43862450393215724,0.415,135.0,SELL_NO
1779829513.188314,75909.91070680041,75911.53903652259,0.4461331775827911,0.415,192.15,SELL_NO
1779829513.2504435,75909.91070680041,75911.53903652259,0.35583640443643805,0.415,423.72,BUY_NO
1779829513.2672653,75909.91070680041,75911.53903652259,0.4699319289374333,0.415,139.0,SELL_NO
1779829513.2730172,75909.91070680041,75911.53903652259,0.48515091711782427,0.415,135.94,SELL_NO
1779829513.280763,75909.91070680041,75911.53903652259,0.48372909175350204,0.415,129.0,SELL_NO
1779829513.3569787,75909.9287621307,75911.53903652259,0.3778229628278018,0.415,112.91000000000003,BUY_NO
1779829513.6307976,75909.9287621307,75911.53903652259,0.4454829257744402,0.415,148.12,SELL_NO
1779829513.6422052,75909.9287621307,75911.53903652259,0.4037643007114364,0.415,482.21,SELL_YES
1779829513.6546822,75909.9287621307,75911.53903652259,0.4390481714441324,0.415,141.0,SELL_NO
1779829513.6857116,75909.9287621307,75911.53903652259,0.3971295153436161,0.415,484.16,SELL_YES
1779829513.695183,75909.9287621307,75911.53903652259,0.43929863098804145,0.415,136.97,SELL_NO
1779829513.70344,75909.9287621307,75911.53903652259,0.44171219339827467,0.415,141.0,SELL_NO
1779829513.737515,75909.9287621307,75911.53903652259,0.38754313956376074,0.415,152.35684729536905,BUY_NO
1779829513.7587192,75909.9287621307,75911.53903652259,0.4534238104124132,0.415,198.15,SELL_NO
1779829513.806271,75909.9287621307,75911.53903652259,0.3911822073094569,0.415,269.01315270463095,SELL_YES
1779829513.8406787,75909.9287621307,75911.53903652259,0.36828706041149856,0.415,103.37,BUY_NO
1779829513.8588552,75909.9287621307,75911.53903652259,0.36912522441956325,0.415,479.23,BUY_NO
1779829513.8625011,75909.9287621307,75911.53903652259,0.393338681325499,0.415,421.37,SELL_YES
1779829513.87159,75909.9287621307,75911.53903652259,0.43066495470610405,0.415,136.97,SELL_NO
1779829513.902844,75909.9287621307,75911.53903652259,0.39946251415812867,0.415,543.27,SELL_YES
1779829513.9132779,75909.9287621307,75911.53903652259,0.4439861820614581,0.415,136.97,SELL_NO
1779829513.92048,75909.9287621307,75911.53903652259,0.44964879852011513,0.415,141.0,SELL_NO
1779829514.2251806,75909.9287621307,75911.53903652259,0.44619702695732855,0.415,198.15,SELL_NO
1779829514.2423394,75909.9287621307,75911.53903652259,0.3904462632329111,0.415,334.1,BUY_NO
1779829514.267387,75909.9287621307,75911.53903652259,0.42785981694161096,0.415,136.97,SELL_NO
1779829514.2940497,75909.9287621307,75911.53903652259,0.36108598019640675,0.415,93.19999999999999,BUY_NO
1779829514.3090692,75909.9287621307,75911.53903652259,0.3685873571693964,0.415,421.37,BUY_NO
1779829514.3236675,75909.9287621307,75911.53903652259,0.454522242571241,0.415,141.0,SELL_NO
1779829514.3330867,75909.9287621307,75911.53903652259,0.46922274374294515,0.415,198.15,SELL_NO
1779829514.3410468,75909.9287621307,75911.53903652259,0.4595395123212481,0.415,145.0,SELL_NO
1779829514.9163373,75909.9292621307,75911.53903652259,0.40383730755889163,0.415,205.51999999999998,SELL_YES
1779829515.9554431,75914.58467981307,75911.53903652259,0.3926601237418149,0.415,193.13025758545496,BUY_NO
1779829515.9604092,75914.58467981307,75911.53903652259,0.37450675846445364,0.415,672.44,BUY_NO
1779829516.1484244,75914.58467981307,75911.53903652259,0.4035095443668584,0.425,846.19,SELL_YES
1779829516.156483,75914.58467981307,75911.53903652259,0.3840648705129072,0.425,846.19,SELL_YES
1779829516.2576272,75914.58467981307,75911.53903652259,0.40315377057956336,0.45499999999999996,867.29,SELL_YES
1779829516.2751667,75914.58467981307,75911.53903652259,0.39823648841556797,0.45999999999999996,867.29,SELL_YES
1779829516.4390984,75914.58467981307,75911.53903652259,0.38867631362903426,0.45999999999999996,835.7701444754939,SELL_YES
1779829516.4589565,75914.58467981307,75911.53903652259,0.36279185913593887,0.46499999999999997,540.5667662569247,BUY_NO
1779829516.4673266,75914.58467981307,75911.53903652259,0.3471637034712854,0.46499999999999997,615.3024313514477,BUY_NO
1779829518.7808676,75916.00866748687,75911.53903652259,0.45081278862363083,0.535,153.43449805540786,BUY_NO
1779829527.172943,75918.14679871888,75911.53903652259,0.46715228743024284,0.545,151.30800734309742,BUY_NO
1779829527.18991,75918.17746582955,75911.53903652259,0.4633411755346625,0.545,144.11135716227,BUY_NO
1779829527.5461404,75918.17746582955,75911.53903652259,0.6071319178750868,0.545,120.35,BUY_YES
1779829527.5937605,75918.17746582955,75911.53903652259,0.5860919694640858,0.545,115.35,BUY_YES
1779829527.9775865,75918.17746582955,75911.53903652259,0.5881338847052437,0.545,123.64,BUY_YES
1779829528.0937228,75918.17746582955,75911.53903652259,0.534946257325252,0.545,359.34,SELL_YES
1779829528.222525,75918.17746582955,75911.53903652259,0.6732885409806133,0.545,133.64,BUY_YES
1779829528.2481048,75918.17746582955,75911.53903652259,0.5276195505952819,0.545,133.64,SELL_YES
1779829528.491123,75917.26611659312,75911.53903652259,0.5755010781678537,0.545,90.39,BUY_YES
1779829528.5769458,75917.26611659312,75911.53903652259,0.5768931071650818,0.545,178.68,BUY_YES
1779829528.5913134,75917.26611659312,75911.53903652259,0.5326461504129294,0.545,269.07,SELL_YES
1779829528.6119199,75917.26611659312,75911.53903652259,0.5884027638940148,0.545,174.0,BUY_YES
1779829528.6875162,75917.26611659312,75911.53903652259,0.5347705625751651,0.545,107.60000000000002,SELL_YES
1779829529.1806943,75917.26611659312,75911.53903652259,0.4495833766453155,0.545,524.6502675708084,BUY_NO
1779829529.2105293,75917.26611659312,75911.53903652259,0.5651405671848246,0.545,130.35,BUY_YES
1779829529.3006423,75917.26611659312,75911.53903652259,0.5691602430846786,0.545,98.86,BUY_YES
1779829529.800285,75917.04786231274,75911.53903652259,0.5299319691812133,0.545,295.60999999999996,SELL_YES
1779829529.8495648,75917.04786231274,75911.53903652259,0.5558369230388204,0.545,188.64,BUY_YES
1779829529.8599737,75917.04786231274,75911.53903652259,0.5236994339983096,0.545,177.08000000000004,SELL_YES
1779829530.9225478,75917.04786231274,75911.53903652259,0.5660324400829561,0.545,178.86,BUY_YES
1779829530.9587793,75917.04786231274,75911.53903652259,0.5755177704415005,0.545,281.36,SELL_NO
1779829530.9886248,75917.04786231274,75911.53903652259,0.5129472894283924,0.545,140.0,SELL_YES
1779829531.21175,75916.80622061295,75911.53903652259,0.45202448784620236,0.545,180.7816278323976,BUY_NO
1779829531.2406425,75916.80622061295,75911.53903652259,0.448252720012192,0.545,140.49109190657464,BUY_NO
1779829531.8119462,75916.80622061295,75911.53903652259,0.5557086570321396,0.545,169.47930740708398,BUY_YES
1779829531.9252183,75916.80622061295,75911.53903652259,0.5269301544698669,0.545,219.89930740708394,SELL_YES
1779829532.1429539,75916.80622061295,75911.53903652259,0.6017496241737338,0.545,97.13069259291603,BUY_YES
1779829532.1487155,75916.80622061295,75911.53903652259,0.5921416161790277,0.545,185.58,BUY_YES
1779829532.622715,75916.81882908582,75911.53903652259,0.5316778096971896,0.545,282.7106925929161,SELL_YES
1779829532.6338823,75916.81882908582,75911.53903652259,0.5669466535559335,0.545,256.27,BUY_YES
1779829532.8520098,75916.81882908582,75911.53903652259,0.5289764006033302,0.545,103.48930740708391,SELL_YES
1779829532.901031,75916.81882908582,75911.53903652259,0.570394993845597,0.545,209.39,BUY_YES
1779829533.2868354,75916.81882908582,75911.53903652259,0.48677810798116294,0.545,362.17069259291605,SELL_YES
1779829533.3103094,75916.81882908582,75911.53903652259,0.5631502674561186,0.545,252.64,BUY_YES
1779829533.865976,75916.81882908582,75911.53903652259,0.5292112505308887,0.545,114.46930740708393,SELL_YES
1779829533.903126,75916.81882908582,75911.53903652259,0.5664558254908105,0.545,111.37091556581822,BUY_YES
1779829533.995592,75917.26847076161,75911.53903652259,0.4902095561778879,0.545,249.54160815873428,SELL_YES
1779829534.0779414,75917.26847076161,75911.53903652259,0.5583447439053568,0.545,234.35,BUY_YES
1779829534.0895905,75917.26847076161,75911.53903652259,0.5226612221610691,0.545,196.2183918412657,SELL_YES
1779829534.1691442,75917.26847076161,75911.53903652259,0.4399914584320388,0.545,312.6434491379987,BUY_NO
1779829534.3214626,75917.26847076161,75911.53903652259,0.5555620618319964,0.545,175.5885804211985,BUY_YES
1779829534.3383615,75917.26847076161,75911.53903652259,0.5317211330723135,0.545,195.4365508620013,SELL_YES
1779829534.4596732,75917.26847076161,75911.53903652259,0.5616035147973782,0.545,206.16,BUY_YES
1779829534.4659753,75917.26847076161,75911.53903652259,0.5341215682463303,0.545,224.44363771793147,SELL_YES
1779829534.9409254,75917.26847076161,75911.53903652259,0.5797278561420895,0.545,209.35,BUY_YES
1779829534.955591,75917.26847076161,75911.53903652259,0.5314526274261651,0.545,209.35,SELL_YES
1779829535.1400352,75917.23275445291,75911.53903652259,0.5562438374541474,0.545,215.18,BUY_YES
1779829535.149403,75917.23275445291,75911.53903652259,0.5202142945094633,0.545,215.18,SELL_YES
1779829535.5936427,75917.23275445291,75911.53903652259,0.5724993415139653,0.545,225.43,BUY_YES
1779829535.6069133,75917.23275445291,75911.53903652259,0.5320510259015289,0.545,225.43,SELL_YES
1779829535.6605647,75917.23275445291,75911.53903652259,0.5658454149145594,0.545,225.6461332779929,BUY_YES
1779829535.6709023,75917.23275445291,75911.53903652259,0.5278179147687228,0.545,148.33999999999997,SELL_YES
1779829537.3033907,75917.21673288422,75911.53903652259,0.5815311258580153,0.545,95.45000000000002,BUY_YES
1779829538.1223488,75917.57226264,75911.53903652259,0.5764024573030269,0.545,93.33999999999997,BUY_YES
1779829538.1552238,75917.57226264,75911.53903652259,0.5558959640143288,0.545,362.61,SELL_NO
1779829538.163223,75917.57226264,75911.53903652259,0.533076974688965,0.545,226.14,SELL_YES
1779829538.2516086,75917.57226264,75911.53903652259,0.5752573762379743,0.545,360.08,BUY_YES
1779829538.2617888,75917.57226264,75911.53903652259,0.5308209872106138,0.545,226.14,SELL_YES
1779829538.3144467,75917.57226264,75911.53903652259,0.5631372103562187,0.545,304.77,BUY_YES
1779829538.3247006,75917.57226264,75911.53903652259,0.5241731713193504,0.545,226.14,SELL_YES
1779829538.3785005,75917.57226264,75911.53903652259,0.5681362082009045,0.545,334.83,SELL_NO
1779829538.3887362,75917.57226264,75911.53903652259,0.5194431948867406,0.545,164.5,SELL_YES
1779829538.7942498,75917.57226264,75911.53903652259,0.5568752991174379,0.545,177.22928558925037,BUY_YES
1779829538.8067405,75917.57226264,75911.53903652259,0.5290710770648788,0.545,264.06,SELL_YES
1779829538.820278,75917.57226264,75911.53903652259,0.5580991902870656,0.545,98.79071441074962,BUY_YES
1779829538.8383994,75917.57226264,75911.53903652259,0.5656750855585763,0.545,119.90922922491399,BUY_YES
1779829538.8752017,75917.57226264,75911.53903652259,0.5208041026118295,0.545,164.5,SELL_YES
1779829538.919043,75917.5753671284,75911.53903652259,0.569265524122567,0.545,220.540770775086,BUY_YES
1779829539.44284,75917.5753671284,75911.53903652259,0.5324257426619202,0.545,118.0,SELL_YES
1779829539.5235233,75917.5753671284,75911.53903652259,0.5829931445737743,0.545,304.67,BUY_YES
1779829539.5370831,75917.5753671284,75911.53903652259,0.5137317637212991,0.545,230.0,SELL_YES
1779829540.4324508,75917.15786262574,75911.53903652259,0.5259584954476637,0.545,219.59999999999997,SELL_YES
1779829540.8781016,75917.15786262574,75911.53903652259,0.45533169668042417,0.545,115.41078021770181,BUY_NO
1779829540.9547458,75917.15786262574,75911.53903652259,0.4474493990543107,0.545,300.10842481329155,BUY_NO
1779829540.9601526,75917.15786262574,75911.53903652259,0.43929255337014944,0.545,304.974820589342,BUY_NO
1779829541.1874745,75917.16720851437,75911.53903652259,0.4188506887014923,0.5549999999999999,773.3713792825774,BUY_NO
1779829543.4902718,75917.81438550843,75911.53903652259,0.4607633434531216,0.595,305.07,BUY_NO
1779829543.8040383,75917.81438550843,75911.53903652259,0.4438802798842094,0.595,331.14,BUY_NO
1779829544.1655345,75917.81438550843,75911.53903652259,0.4462986104925046,0.595,319.1559984399455,BUY_NO
1779829555.6258523,75904.38789241244,75911.53903652259,0.5626979551255178,0.515,189.53,BUY_YES
1779829555.637404,75904.38789241244,75911.53903652259,0.5680228325599435,0.515,99.85,BUY_YES
1779829555.6445591,75904.38789241244,75911.53903652259,0.5620771664667504,0.515,505.46,BUY_YES
1779829555.7516708,75904.38789241244,75911.53903652259,0.528208905965479,0.515,210.45,SELL_NO
1779829555.7659485,75904.38789241244,75911.53903652259,0.5007095848889178,0.515,504.44,SELL_YES
1779829556.0684915,75904.38789241244,75911.53903652259,0.5683885077095993,0.515,104.92,BUY_YES
1779829556.072985,75904.38789241244,75911.53903652259,0.5533583208474978,0.515,95.61787207626088,BUY_YES
1779829556.0793939,75904.38789241244,75911.53903652259,0.5268798618348236,0.515,201.21,SELL_NO
1779829556.0858147,75904.38789241244,75911.53903652259,0.5010358687430824,0.515,503.9440053542539,SELL_YES
1779829556.5811126,75906.23036853224,75911.53903652259,0.3644291658549898,0.515,293.51599464574616,BUY_NO
1779829556.640956,75906.23036853224,75911.53903652259,0.34701579216797707,0.515,655.9451069413026,BUY_NO
1779829559.5108323,75906.23036853224,75911.53903652259,0.3429196293812724,0.515,121.75213151293792,BUY_NO
1779829559.5153275,75906.23036853224,75911.53903652259,0.3300896061680037,0.515,473.4043765739416,BUY_NO
1779829559.6445332,75906.23036853224,75911.53903652259,0.32111092627949134,0.515,309.1823412854237,BUY_NO
1779829559.6790547,75906.23036853224,75911.53903652259,0.31272977740225744,0.53,294.049795237107,BUY_NO
1779829559.8611526,75906.23036853224,75911.53903652259,0.3008510469204588,0.535,423.01899090106053,BUY_NO
1779829561.3764331,75911.40534522846,75911.53903652259,0.3212689776909436,0.545,376.54900395997447,BUY_NO
1779829583.4107885,75924.89969703075,75911.53903652259,0.585646623115123,0.575,213.283309158861,BUY_YES
1779829583.5780013,75924.89969703075,75911.53903652259,0.5603725609714896,0.575,213.283309158861,SELL_YES
1779829583.5943813,75924.89969703075,75911.53903652259,0.5890053417307893,0.575,340.1361104752969,BUY_YES
1779829583.6058679,75924.89969703075,75911.53903652259,0.5515278754761552,0.575,340.1361104752969,SELL_YES
1779829583.6235561,75924.89969703075,75911.53903652259,0.5893422789290851,0.575,295.9638895247031,BUY_YES
1779829583.6762397,75924.89969703075,75911.53903652259,0.5434183495029126,0.575,295.9638895247031,SELL_YES
1779829583.6970286,75924.89969703075,75911.53903652259,0.5867711507556549,0.575,255.7226152448794,BUY_YES
1779829583.7058141,75924.89969703075,75911.53903652259,0.5994575998256575,0.575,367.66738475512057,BUY_YES
1779829583.727806,75924.89969703075,75911.53903652259,0.5641156925238231,0.575,93.0761104752969,SELL_YES
1779829583.9615014,75924.89969703075,75911.53903652259,0.628403136088985,0.575,347.67,BUY_YES
1779829583.9692414,75924.89969703075,75911.53903652259,0.623518907391456,0.575,369.15,BUY_YES
1779829583.97889,75924.89969703075,75911.53903652259,0.5952051070703015,0.575,347.67,SELL_NO
1779829583.9904187,75924.89969703075,75911.53903652259,0.538147609130947,0.575,409.04,SELL_YES
1779829583.997031,75924.89969703075,75911.53903652259,0.5270025589351892,0.575,257.69,SELL_YES
1779829584.0044305,75924.89969703075,75911.53903652259,0.540132874710256,0.575,151.71,SELL_YES
1779829584.1364186,75924.89969703075,75911.53903652259,0.6883651732096113,0.575,397.22,BUY_YES
1779829584.3098023,75924.89969703075,75911.53903652259,0.6579841574839664,0.575,293.47,BUY_YES
1779829584.581582,75924.89969703075,75911.53903652259,0.6150123197844897,0.575,102.84000000000003,BUY_YES
1779829585.4271894,75930.53153343394,75911.53903652259,0.7041361650251252,0.575,88.06,BUY_YES
1779829585.589283,75930.53153343394,75911.53903652259,0.6860666782029338,0.575,279.21,BUY_YES
1779829585.5973046,75930.53153343394,75911.53903652259,0.6615281237677764,0.575,837.8,SELL_NO
1779829586.208394,75930.53153343394,75911.53903652259,0.7142721719181185,0.575,91.12999999999994,BUY_YES
1779829586.53883,75932.14388415881,75911.53903652259,0.7199002362755618,0.575,87.61000000000001,BUY_YES
1779829586.705002,75932.14388415881,75911.53903652259,0.7307543711232669,0.575,107.18000000000006,BUY_YES
1779829586.9118667,75932.14388415881,75911.53903652259,0.7387999265184109,0.575,110.49000000000001,BUY_YES
1779829587.3699765,75932.14388415881,75911.53903652259,0.7318066744716197,0.575,88.77999999999997,BUY_YES
1779829587.479605,75932.14388415881,75911.53903652259,0.7175874760475385,0.575,87.49999999999989,BUY_YES
1779829587.731529,75932.14388415881,75911.53903652259,0.700690644312407,0.575,154.81999999999994,BUY_YES
1779829587.8534858,75932.14388415881,75911.53903652259,0.7004637643780675,0.575,1035.98,BUY_YES
1779829587.8634498,75932.14388415881,75911.53903652259,0.6908967365270027,0.575,384.33,BUY_YES
1779829587.8723645,75932.14388415881,75911.53903652259,0.6600372644007085,0.575,443.0,SELL_NO
1779829587.8807585,75932.14388415881,75911.53903652259,0.627535401180673,0.575,303.47,SELL_NO
1779829588.1904933,75933.24390024826,75911.53903652259,0.5927086287280966,0.565,1031.19,SELL_NO
1779829588.2022293,75933.24390024826,75911.53903652259,0.6109308686024664,0.565,1031.19,SELL_NO
1779829588.2271252,75933.24390024826,75911.53903652259,0.5955651827585527,0.565,1082.19,SELL_NO
1779829588.284415,75933.24390024826,75911.53903652259,0.5902659671519737,0.56,1051.19,SELL_NO
1779829589.2457583,75931.7406539391,75911.53903652259,0.7018861614518179,0.555,93.46,BUY_YES
1779829589.255651,75931.7406539391,75911.53903652259,0.6947810970828103,0.555,537.61,BUY_YES
1779829589.2635071,75931.7406539391,75911.53903652259,0.661501262432422,0.555,658.51,SELL_NO
1779829589.2727792,75931.7406539391,75911.53903652259,0.6289261993108008,0.555,384.33,SELL_NO
1779829589.6673238,75931.7406539391,75911.53903652259,0.526347533159727,0.555,100.0,SELL_YES
1779829589.695579,75931.7406539391,75911.53903652259,0.5866019831790965,0.555,185.46,SELL_NO
1779829589.7050316,75931.7406539391,75911.53903652259,0.5804518879298446,0.555,593.92,SELL_NO
1779829589.870657,75931.7406539391,75911.53903652259,0.6711006070040453,0.555,175.18465816402966,SELL_NO
1779829589.9658055,75931.7406539391,75911.53903652259,0.6823135158033655,0.555,89.49534183597032,BUY_YES
1779829590.276288,75931.7406539391,75911.53903652259,0.6824399858868826,0.555,272.27813846787285,BUY_YES
1779829590.2817454,75931.7406539391,75911.53903652259,0.6855669676557699,0.555,106.59141436884966,BUY_YES
1779829590.3706207,75931.7406539391,75911.53903652259,0.6931634563058261,0.555,266.8904471632775,BUY_YES
1779829591.2122371,75931.75140522425,75911.53903652259,0.7111870990377811,0.555,91.81000000000006,BUY_YES
1779829591.3644311,75931.75140522425,75911.53903652259,0.7080286797705778,0.555,89.90999999999997,BUY_YES
1779829591.772726,75931.75140522425,75911.53903652259,0.7105484206842713,0.555,465.2563291737797,BUY_YES
1779829591.7834888,75931.75140522425,75911.53903652259,0.7185353734303115,0.555,274.6304224070209,BUY_YES
1779829592.0936027,75931.75140522425,75911.53903652259,0.7266856193712092,0.555,289.00592304197835,BUY_YES
1779829592.1041644,75931.75140522425,75911.53903652259,0.7363018424044291,0.555,341.1317119091227,BUY_YES
1779829592.9054072,75931.73898946363,75911.53903652259,0.7414163640656086,0.555,169.07076114333358,BUY_YES
1779829592.916015,75931.73898946363,75911.53903652259,0.7466413072384772,0.555,182.90892064826312,BUY_YES
1779829592.9989939,75931.73898946363,75911.53903652259,0.7512950457787653,0.555,160.29733535569721,BUY_YES
1779829593.0326676,75931.73898946363,75911.53903652259,0.7541735265550514,0.555,95.73495063915561,BUY_YES
1779829593.3924084,75931.73898946363,75911.53903652259,0.7571250566660042,0.555,102.44987184714137,BUY_YES
1779829593.4040394,75931.73898946363,75911.53903652259,0.7610068434791106,0.555,136.05498139060273,BUY_YES
1779829612.2001908,75908.95826427039,75911.53903652259,0.44464272085172907,0.455,196.15283509666247,BUY_NO
1779829612.4584105,75908.95826427039,75911.53903652259,0.4376077254286313,0.455,256.7706970949462,BUY_NO
1779829612.4637837,75908.95826427039,75911.53903652259,0.44321312931441686,0.455,292.4193029050539,SELL_YES
1779829613.2036278,75908.95826427039,75911.53903652259,0.4912721052464184,0.455,165.11,SELL_NO
1779829613.45361,75907.79412186758,75911.53903652259,0.4325101713517779,0.455,352.2617943894953,BUY_NO
1779829613.4585938,75907.79412186758,75911.53903652259,0.4398393174904125,0.455,170.3382056105047,SELL_YES
1779829613.4672146,75907.79412186758,75911.53903652259,0.47182463795171464,0.455,165.11,SELL_NO
1779829613.482513,75907.79412186758,75911.53903652259,0.4407979757609011,0.455,502.6,SELL_YES
1779829613.4932246,75907.79412186758,75911.53903652259,0.47251453689675893,0.455,156.11,SELL_NO
1779829613.6219761,75907.79412186758,75911.53903652259,0.4323008708159213,0.455,331.9088659082331,BUY_NO
1779829613.626783,75907.79412186758,75911.53903652259,0.43690554370876034,0.455,203.6911340917669,SELL_YES
1779829613.6342895,75907.79412186758,75911.53903652259,0.46902015252761575,0.455,165.61,SELL_NO
1779829613.9406707,75907.79412186758,75911.53903652259,0.4761657224493186,0.455,164.0,SELL_NO
1779829614.3312378,75908.13894516575,75911.53903652259,0.44054587145923507,0.455,566.91,SELL_YES
1779829614.340656,75908.13894516575,75911.53903652259,0.46906431322087067,0.455,105.61,SELL_NO
1779829614.346981,75908.13894516575,75911.53903652259,0.4771359984681355,0.455,169.0,SELL_NO
1779829614.3699722,75908.13894516575,75911.53903652259,0.4342311314122301,0.455,168.2234901713955,BUY_NO
1779829614.8865879,75908.13894516575,75911.53903652259,0.4294627328034663,0.455,542.69,BUY_NO
1779829614.8976512,75908.13894516575,75911.53903652259,0.4771888048717274,0.455,185.61,SELL_NO
1779829614.9048908,75908.13894516575,75911.53903652259,0.4756614161366102,0.455,164.0,SELL_NO
1779829614.929853,75908.13894516575,75911.53903652259,0.42014737458040813,0.455,328.75498883624164,BUY_NO
1779829615.1645136,75908.13894516575,75911.53903652259,0.4365278384517072,0.455,603.65,SELL_YES
1779829615.174194,75908.13894516575,75911.53903652259,0.47500501538926554,0.455,178.71,SELL_NO
1779829615.1783907,75908.13894516575,75911.53903652259,0.4796992019544973,0.455,164.0,SELL_NO
1779829615.5157669,75908.24790426591,75911.53903652259,0.4381557137454761,0.455,604.36,SELL_YES
1779829615.5259764,75908.24790426591,75911.53903652259,0.46827566165493745,0.455,173.73,SELL_NO
1779829615.559532,75908.24790426591,75911.53903652259,0.44490021899900883,0.455,632.54,SELL_YES
1779829615.5728078,75908.24790426591,75911.53903652259,0.47488192163389925,0.455,173.73,SELL_NO
1779829615.621311,75908.24790426591,75911.53903652259,0.435298316916614,0.455,505.6708071776264,BUY_NO
1779829615.6371522,75908.24790426591,75911.53903652259,0.4670051106672548,0.455,165.73,SELL_NO
1779829615.7321236,75908.24790426591,75911.53903652259,0.444129109963154,0.455,121.76919282237367,SELL_YES
1779829615.7682006,75908.24790426591,75911.53903652259,0.4769943279587147,0.455,164.0,SELL_NO
1779829615.8298037,75908.24790426591,75911.53903652259,0.4284699054466918,0.455,212.2278539777625,BUY_NO
1779829615.9912162,75908.24790426591,75911.53903652259,0.42968558296437415,0.455,326.2388113300499,BUY_NO
1779829615.9982018,75908.24790426591,75911.53903652259,0.43671751218162524,0.455,288.61118866995014,SELL_YES
1779829616.0083885,75908.24790426591,75911.53903652259,0.47847709093546303,0.455,157.73,SELL_NO
1779829616.0135472,75908.24790426591,75911.53903652259,0.4868729021247255,0.455,164.0,SELL_NO
1779829616.235816,75908.24790426591,75911.53903652259,0.4377595353850896,0.455,603.54,SELL_YES
1779829616.2465603,75908.24790426591,75911.53903652259,0.47046184607864944,0.455,97.73,SELL_NO
1779829616.268077,75908.24790426591,75911.53903652259,0.47507779557850227,0.455,164.0,SELL_NO
1779829616.3597276,75909.07037249597,75911.53903652259,0.40296475832877854,0.455,576.54,BUY_NO
1779829616.3703506,75909.07037249597,75911.53903652259,0.41412550378330504,0.455,222.8990973579837,BUY_NO
1779829616.6289263,75909.07037249597,75911.53903652259,0.43552455379077054,0.455,663.06,SELL_YES
1779829616.8351085,75909.07037249597,75911.53903652259,0.4389725272522345,0.455,701.72,SELL_YES
1779829617.2749012,75909.07037249597,75911.53903652259,0.4303989191320263,0.455,698.47,SELL_YES
1779829617.4819324,75909.07037249597,75911.53903652259,0.4750116641729583,0.46499999999999997,301.87,SELL_NO
1779829617.4919312,75909.07037249597,75911.53903652259,0.4433563820098633,0.46499999999999997,135.0,SELL_YES
1779829617.6405556,75909.07037249597,75911.53903652259,0.4335966611735691,0.46499999999999997,378.66,SELL_YES
1779829617.731982,75909.07037249597,75911.53903652259,0.40669815756626587,0.46499999999999997,92.87,BUY_NO
1779829617.804495,75909.07037249597,75911.53903652259,0.4358067694010083,0.46499999999999997,133.5,BUY_NO
1779829618.044547,75909.07037249597,75911.53903652259,0.4544172319635313,0.46499999999999997,137.39,SELL_YES
1779829618.333695,75909.07037249597,75911.53903652259,0.4830045564977244,0.46499999999999997,301.87,BUY_YES
1779829618.342898,75909.07037249597,75911.53903652259,0.44260917258918375,0.46499999999999997,399.04141481712014,SELL_YES
1779829618.4736562,75909.07037249597,75911.53903652259,0.43258832649012335,0.46499999999999997,144.64311752570666,BUY_NO
1779829618.820717,75908.43664881609,75911.53903652259,0.47538160529745055,0.46499999999999997,204.51861602374927,BUY_YES
1779829618.829488,75908.43664881609,75911.53903652259,0.4534049170530309,0.46499999999999997,204.51861602374927,SELL_YES
1779829618.8529623,75908.43664881609,75911.53903652259,0.47610729820345293,0.46499999999999997,97.35138397625073,SELL_NO
1779829619.594676,75908.43664881609,75911.53903652259,0.4830281448591783,0.46499999999999997,107.19,BUY_YES
1779829619.8477638,75908.43664881609,75911.53903652259,0.48505036677641583,0.46499999999999997,455.37,BUY_YES
1779829619.862027,75908.13944516574,75911.53903652259,0.4451147708892343,0.46499999999999997,462.04,SELL_YES
1779829619.881424,75908.13944516574,75911.53903652259,0.4796843382232586,0.46499999999999997,267.502008070473,BUY_YES
1779829619.8912833,75908.13944516574,75911.53903652259,0.4540722242190758,0.46499999999999997,368.0220080704729,SELL_YES
1779829619.8990886,75908.13944516574,75911.53903652259,0.4801855568191988,0.46499999999999997,192.86799192952702,BUY_YES
1779829620.7216265,75908.13944516574,75911.53903652259,0.481163463306954,0.46499999999999997,99.0,SELL_NO
1779829620.7555432,75908.13944516574,75911.53903652259,0.44015979269827427,0.46499999999999997,192.86799192952702,SELL_YES
1779829620.7921128,75908.13944516574,75911.53903652259,0.4751518352954793,0.46499999999999997,183.03,BUY_YES
1779829620.8153977,75908.13944516574,75911.53903652259,0.43294215371196754,0.46499999999999997,92.94200807047298,BUY_NO
1779829620.8202007,75908.13944516574,75911.53903652259,0.4353102809769236,0.46499999999999997,183.03,SELL_YES
1779829622.3688524,75908.2252233153,75911.53903652259,0.43136977217268646,0.46499999999999997,149.2042448093987,BUY_NO
1779829622.4087121,75908.2252233153,75911.53903652259,0.4774179144593518,0.46499999999999997,162.46,BUY_YES
1779829622.4321227,75908.2252233153,75911.53903652259,0.4505049859784826,0.46499999999999997,127.5657551906013,SELL_YES
1779829622.6655135,75908.16717905477,75911.53903652259,0.42799884220888934,0.46499999999999997,126.64347457556755,BUY_NO
1779829622.7205982,75908.16717905477,75911.53903652259,0.47584656142817944,0.46499999999999997,155.16,BUY_YES
1779829622.7390537,75908.16717905477,75911.53903652259,0.4519281284202499,0.46499999999999997,155.12652542443243,SELL_YES
1779829623.197588,75908.16717905477,75911.53903652259,0.423768917714559,0.46499999999999997,159.51616091870915,BUY_NO
1779829623.251572,75908.16717905477,75911.53903652259,0.47606591411223437,0.46499999999999997,151.36,BUY_YES
1779829623.2699764,75908.16717905477,75911.53903652259,0.4511097959112067,0.46499999999999997,164.78383908129086,SELL_YES
1779829623.7435951,75908.16717905477,75911.53903652259,0.4165781982555204,0.46499999999999997,271.3339778738941,BUY_NO
1779829623.799624,75908.16717905477,75911.53903652259,0.4091978919325738,0.46499999999999997,275.82365589193046,BUY_NO
1779829623.9790666,75908.12374760237,75911.53903652259,0.40521763331669947,0.46499999999999997,145.8980518487508,BUY_NO
1779829624.3910387,75908.12374760237,75911.53903652259,0.47576870263407517,0.46499999999999997,102.37,SELL_NO
1779829624.5072622,75908.12374760237,75911.53903652259,0.4052896471275289,0.46499999999999997,98.83525841997744,BUY_NO
1779829624.5899022,75908.12374760237,75911.53903652259,0.4005201056397912,0.46499999999999997,178.31713335569066,BUY_NO
1779829624.6792521,75908.12374760237,75911.53903652259,0.4765069257355747,0.46499999999999997,99.04,SELL_NO
1779829625.8896332,75908.08855310196,75911.53903652259,0.3999381107397255,0.46499999999999997,119.4233415499807,BUY_NO
1779829626.0712442,75908.08855310196,75911.53903652259,0.3877514046785719,0.475,456.99022694412497,BUY_NO
1779829631.4789371,75907.88537651404,75911.53903652259,0.4953702721988725,0.485,106.16,BUY_YES
1779829631.499142,75907.88537651404,75911.53903652259,0.4749600661131184,0.485,127.66388030367543,SELL_YES
1779829631.5683827,75907.88537651404,75911.53903652259,0.5052951793975549,0.485,197.54888396372476,BUY_YES
1779829631.5870268,75907.88537651404,75911.53903652259,0.4727143227095792,0.485,137.60611969632455,SELL_YES
1779829633.1394584,75907.70818720586,75911.53903652259,0.49542948384316204,0.485,142.5908718437884,BUY_YES
1779829633.1607466,75907.70818720586,75911.53903652259,0.4705096608089192,0.485,123.76,SELL_YES
1779829633.209985,75907.70818720586,75911.53903652259,0.49554724947174833,0.485,128.11791520376926,BUY_YES
1779829633.2281978,75907.70818720586,75911.53903652259,0.47245710836847254,0.485,115.36,SELL_YES
1779829633.4636676,75907.70818720586,75911.53903652259,0.4973500693472402,0.485,182.5654699088521,BUY_YES
1779829634.4086273,75904.60194698088,75911.53903652259,0.5017989873699398,0.485,165.27421497866953,BUY_YES
1779829634.4175475,75904.60194698088,75911.53903652259,0.4964180926550194,0.485,387.62578502133044,SELL_NO
1779829635.3030581,75904.60194698088,75911.53903652259,0.4984367640432855,0.485,335.9,SELL_NO
1779829635.666394,75903.51684576036,75911.53903652259,0.5001545595876575,0.485,338.98,SELL_NO
1779829636.4700196,75903.51684576036,75911.53903652259,0.4978583237974164,0.485,416.74,SELL_NO
1779829637.8010013,75903.14806299699,75911.53903652259,0.4535662812788107,0.475,109.47,SELL_YES
1779829637.8279138,75903.14806299699,75911.53903652259,0.4584604064617103,0.475,115.69,SELL_YES
1779829638.0794532,75903.14806299699,75911.53903652259,0.41084999476413325,0.475,105.36000000000001,BUY_NO
1779829638.0878046,75903.14806299699,75911.53903652259,0.416217775280187,0.475,152.92,BUY_NO
1779829638.0968046,75903.14806299699,75911.53903652259,0.4304996266532318,0.475,214.21123620247948,SELL_YES
1779829638.1207838,75903.14806299699,75911.53903652259,0.4898113938997225,0.475,184.68,BUY_YES
1779829638.1345453,75903.14806299699,75911.53903652259,0.49668231547670977,0.475,237.63,SELL_NO
1779829638.6357687,75901.42029385037,75911.53903652259,0.3798959422471914,0.475,97.21999999999997,BUY_NO
1779829638.6430004,75901.42029385037,75911.53903652259,0.38360348493449,0.475,158.1087637975205,BUY_NO
1779829638.653809,75901.42029385037,75911.53903652259,0.39713455430845046,0.475,115.50024452797174,BUY_NO
1779829638.6635537,75901.42029385037,75911.53903652259,0.41540190138269995,0.475,134.27975547202826,SELL_YES
1779829639.1864095,75901.42029385037,75911.53903652259,0.39903570736966804,0.475,363.11,BUY_NO
1779829639.590305,75901.42029385037,75911.53903652259,0.360772638270017,0.475,112.01999999999998,BUY_NO
1779829639.5982358,75901.42029385037,75911.53903652259,0.3662963840863384,0.475,180.0,BUY_NO
1779829639.6070645,75901.42029385037,75911.53903652259,0.3826762765717136,0.475,252.08828366418356,BUY_NO
1779829639.8719492,75901.42029385037,75911.53903652259,0.3971571517236432,0.475,184.684844633352,BUY_NO
1779829639.9296849,75900.15918049212,75911.53903652259,0.3877202815476257,0.475,348.46891208672514,BUY_NO
1779829640.4099078,75900.15918049212,75911.53903652259,0.3808784529577517,0.475,242.2510879132749,BUY_NO
1779829640.8195288,75900.15918049212,75911.53903652259,0.3665426798246396,0.475,529.8897051272847,BUY_NO
1779829641.6741562,75900.16717169795,75911.53903652259,0.36320274647562806,0.475,106.15889202555809,BUY_NO
1779829642.2157607,75900.16717169795,75911.53903652259,0.351111340454663,0.475,443.6388853460162,BUY_NO
1779829642.4611678,75900.16717169795,75911.53903652259,0.33384719351323366,0.475,530.61,BUY_NO
1779829643.9942913,75900.16862669794,75911.53903652259,0.32708949505847035,0.475,313.5137897153827,BUY_NO
1779829644.8599784,75899.97329384461,75911.53903652259,0.3212604805819638,0.475,198.91647127043052,BUY_NO
1779829645.5966268,75899.97329384461,75911.53903652259,0.3164521238614967,0.475,166.1332975416144,BUY_NO
1779829668.05598,75892.25489973438,75911.53903652259,0.3698972099666298,0.305,298.0,BUY_YES
1779829668.06471,75892.25489973438,75911.53903652259,0.3773004584421173,0.305,160.0,BUY_YES
1779829668.0712445,75892.25489973438,75911.53903652259,0.37341470744774863,0.305,293.3,BUY_YES
1779829668.076879,75892.25489973438,75911.53903652259,0.3585687439107627,0.305,221.54,SELL_NO
1779829668.1070838,75892.25489973438,75911.53903652259,0.2903509402893306,0.305,220.96,SELL_YES
1779829668.763318,75892.7111694091,75911.53903652259,0.2800877946993136,0.305,219.53,SELL_YES
1779829668.776181,75892.7111694091,75911.53903652259,0.321889741981923,0.305,351.52,SELL_NO
1779829670.3096669,75892.7111694091,75911.53903652259,0.27882194731918536,0.305,258.1,SELL_YES
1779829670.3191333,75892.7111694091,75911.53903652259,0.3159036919548807,0.305,325.0,SELL_NO
1779829685.288076,75898.49071058244,75911.53903652259,0.3555518585163362,0.345,162.32,SELL_NO
1779829686.179442,75900.20906787206,75911.53903652259,0.35517745141289864,0.345,157.32,SELL_NO
1779829686.7781641,75900.20906787206,75911.53903652259,0.35575785521922654,0.345,157.32,SELL_NO
1779829687.574625,75901.47376900079,75911.53903652259,0.3551008447128852,0.345,131.47,SELL_NO
1779829688.7502172,75901.47376900079,75911.53903652259,0.3653138236932228,0.345,80.65,SELL_NO
1779829689.1059973,75903.69568667862,75911.53903652259,0.37597606965080343,0.345,95.67,SELL_NO
1779829690.0533137,75903.69568667862,75911.53903652259,0.3954806861797329,0.345,115.91,SELL_NO
1779829690.4260743,75903.6958695502,75911.53903652259,0.44044666646096353,0.345,113.05,SELL_NO
1779829690.57022,75903.6958695502,75911.53903652259,0.3849316774683269,0.345,112.55,SELL_NO
1779829691.526088,75903.6958695502,75911.53903652259,0.40920862327686075,0.345,107.55,SELL_NO
1779829691.5637887,75903.69600151372,75911.53903652259,0.4056272417545854,0.345,107.55,SELL_NO
1779829691.8049502,75903.69600151372,75911.53903652259,0.3967233949597954,0.345,107.55,SELL_NO
1779829691.9234724,75903.69600151372,75911.53903652259,0.386315330561477,0.345,104.55,SELL_NO
1779829694.2145746,75903.71293961526,75911.53903652259,0.39263021575901624,0.345,80.81,SELL_NO
1779829696.9016178,75903.80975580905,75911.53903652259,0.377189511498798,0.345,85.81,SELL_NO
1779829696.9213812,75903.80975580905,75911.53903652259,0.3825778289242082,0.345,85.81,SELL_NO
1779829697.7250416,75904.4817372971,75911.53903652259,0.4046468584699629,0.345,113.37,SELL_NO
1779829698.356827,75904.4817372971,75911.53903652259,0.4020205643594219,0.345,128.37,SELL_NO
1779829698.9885185,75904.4817372971,75911.53903652259,0.3976249426103791,0.345,128.37,SELL_NO
1779829699.0371957,75904.49951480172,75911.53903652259,0.3952483862017656,0.345,128.37,SELL_NO
1779829699.302467,75904.49951480172,75911.53903652259,0.4279814890947753,0.345,125.51,SELL_NO
1779829699.7632656,75904.49951480172,75911.53903652259,0.4151936077177852,0.345,80.65,SELL_NO
1779829699.7712696,75904.49951480172,75911.53903652259,0.4102789585883002,0.345,96.41,SELL_NO
1779829699.780512,75904.49951480172,75911.53903652259,0.40032660399061565,0.345,119.91,SELL_NO
1779829700.3922625,75904.49951480172,75911.53903652259,0.39589807087916173,0.345,130.79060619548795,BUY_YES
1779829700.6886692,75903.84591188906,75911.53903652259,0.38015839862104417,0.345,100.13999999999999,SELL_NO
1779829701.147223,75903.84591188906,75911.53903652259,0.39223140886981545,0.345,135.7,SELL_NO
1779829701.1921947,75903.84591188906,75911.53903652259,0.3824078176527039,0.345,82.0,SELL_NO
1779829701.198156,75903.84591188906,75911.53903652259,0.37982832817395745,0.345,95.67,SELL_NO
1779829701.6199808,75903.84591188906,75911.53903652259,0.4074945516362972,0.345,132.7,SELL_NO
1779829701.6283782,75903.84591188906,75911.53903652259,0.40663843315216636,0.345,87.0,SELL_NO
1779829701.6393654,75903.84591188906,75911.53903652259,0.4014068764586616,0.345,101.41,SELL_NO
1779829701.6474764,75903.84591188906,75911.53903652259,0.3923128671370408,0.345,137.88,BUY_YES
1779829701.6779873,75903.84591188906,75911.53903652259,0.33207187234626345,0.345,371.7808507234597,SELL_YES
1779829701.8225188,75904.51326608208,75911.53903652259,0.4130843221510237,0.345,132.7,SELL_NO
1779829701.8309643,75904.51326608208,75911.53903652259,0.39876294592861855,0.345,87.0,SELL_NO
1779829701.8373926,75904.51326608208,75911.53903652259,0.3834320738260446,0.345,101.41,SELL_NO
1779829701.8665285,75904.51326608208,75911.53903652259,0.3119793857689007,0.345,264.98099285730825,BUY_NO
1779829703.0861144,75904.51326608208,75911.53903652259,0.396033416553231,0.345,135.74,BUY_YES
1779829704.6647756,75904.51177935861,75911.53903652259,0.4007458618861867,0.345,182.14,BUY_YES
1779829704.7200968,75904.51177935861,75911.53903652259,0.33460288725464843,0.345,317.88,SELL_YES
1779829704.7468352,75904.51112131085,75911.53903652259,0.38198382501627187,0.345,175.89,BUY_YES
1779829704.7729745,75904.51112131085,75911.53903652259,0.36139815273789094,0.345,173.03,BUY_YES
1779829704.834831,75904.51112131085,75911.53903652259,0.36388040052176,0.345,170.17,BUY_YES
1779829705.096997,75904.51112131085,75911.53903652259,0.371719389614506,0.345,82.14,SELL_NO
1779829705.3415368,75904.51112131085,75911.53903652259,0.4114111891135158,0.345,100.00000000000003,SELL_NO
1779829705.4437196,75904.51112131085,75911.53903652259,0.3929452768871835,0.345,267.17,BUY_YES
1779829705.4511075,75904.51112131085,75911.53903652259,0.39053502520015115,0.345,82.98,SELL_NO
1779829705.4578314,75904.51112131085,75911.53903652259,0.38455064496322855,0.345,95.67,SELL_NO
1779829708.275558,75904.51073790772,75911.53903652259,0.38036920758683146,0.345,92.05999999999999,SELL_NO
1779829708.5171368,75904.51073790772,75911.53903652259,0.38541499724617223,0.345,129.91,SELL_NO
1779829709.1031067,75904.51073790772,75911.53903652259,0.3958951889152147,0.345,181.88,SELL_NO
1779829709.5731986,75904.50867644929,75911.53903652259,0.3844190004337399,0.345,235.7,BUY_YES
1779829710.9983191,75908.73923845535,75911.53903652259,0.45095414020772273,0.345,96.53,SELL_NO
1779829711.0053473,75908.73923845535,75911.53903652259,0.4630019861021741,0.345,234.98,BUY_YES
1779829711.0109541,75908.73923845535,75911.53903652259,0.46160705205245056,0.345,96.53,SELL_NO
1779829711.017782,75908.73923845535,75911.53903652259,0.45554742663749986,0.345,101.41,SELL_NO
1779829711.0249836,75908.73923845535,75911.53903652259,0.44550358724720995,0.345,150.74,BUY_YES
1779829711.0312097,75908.73923845535,75911.53903652259,0.4311860580352333,0.345,211.88,BUY_YES
1779829711.0384932,75908.73923845535,75911.53903652259,0.41326826371790704,0.345,132.07689463364085,SELL_NO
1779829711.0621026,75908.73923845535,75911.53903652259,0.3302873552130607,0.345,412.7942303508652,BUY_NO
1779829711.3931253,75908.73923845535,75911.53903652259,0.4479074908858748,0.345,256.98,BUY_YES
1779829711.4949255,75908.73923845535,75911.53903652259,0.3987196437078742,0.345,81.8,SELL_NO
1779829711.5025008,75908.73923845535,75911.53903652259,0.39744242585843714,0.345,101.41,SELL_NO
1779829711.5070918,75908.73923845535,75911.53903652259,0.39205679505788754,0.345,150.74,SELL_NO
1779829723.667669,75915.47266351295,75911.53903652259,0.4319597280104933,0.635,371.88,BUY_NO
1779829723.6782825,75915.47266351295,75911.53903652259,0.4392576077111902,0.635,171.15,BUY_NO
1779829723.6900551,75915.47266351295,75911.53903652259,0.4294951019520383,0.635,371.88,BUY_NO
1779829723.7027955,75915.47266351295,75911.53903652259,0.4384995825148823,0.635,171.15,BUY_NO
1779829723.7094285,75915.47266351295,75911.53903652259,0.4540685600902313,0.635,253.42,BUY_NO
1779829723.8665357,75915.47266351295,75911.53903652259,0.5583814847279993,0.635,87.62,SELL_YES
1779829724.000506,75915.47266351295,75911.53903652259,0.5485643347755434,0.635,95.00999999999999,SELL_YES
1779829724.2729294,75915.40348786024,75911.53903652259,0.5551276160958476,0.635,92.09000000000003,SELL_YES
1779829725.2808502,75915.40348786024,75911.53903652259,0.5540569554553965,0.635,91.59000000000003,SELL_YES
1779829725.4923875,75915.40348786024,75911.53903652259,0.5574417039249304,0.635,225.0,BUY_NO
1779829725.821897,75915.40348786024,75911.53903652259,0.5564588909234603,0.635,132.2199999999999,SELL_YES
1779829726.1845334,75915.40348786024,75911.53903652259,0.553138092964667,0.635,109.18000000000006,SELL_YES
1779829727.0462174,75915.40348786024,75911.53903652259,0.5677288792326918,0.635,84.0,SELL_YES
1779829727.104957,75915.40348786024,75911.53903652259,0.5481070991507901,0.635,626.67,BUY_NO
1779829727.1119196,75915.40348786024,75911.53903652259,0.5520957978433488,0.635,173.86,BUY_NO
1779829727.1227016,75915.40348786024,75911.53903652259,0.5626203816082651,0.635,388.42,SELL_YES
1779829727.1302578,75915.40348786024,75911.53903652259,0.5814849295237641,0.635,156.73,SELL_YES
1779829727.343323,75915.25040410199,75911.53903652259,0.5999624831405924,0.635,535.88,SELL_YES
1779829727.3526123,75915.25040410199,75911.53903652259,0.6008427878901178,0.635,103.80000000000007,SELL_YES
1779829727.4449508,75915.25040410199,75911.53903652259,0.5633182594049457,0.635,289.9714784039229,BUY_NO
1779829727.5925117,75915.25040410199,75911.53903652259,0.5580356274118039,0.635,199.9085215960771,BUY_NO
1779829727.6154869,75915.25040410199,75911.53903652259,0.5528251901775999,0.645,221.283040955248,BUY_NO
1779829727.622653,75915.25040410199,75911.53903652259,0.545315631978166,0.645,268.596959044752,BUY_NO
1779829727.6306012,75915.25040410199,75911.53903652259,0.532763562754078,0.645,489.88,BUY_NO
1779829727.8489523,75915.25040410199,75911.53903652259,0.5210258448489248,0.6799999999999999,156.14,BUY_NO
1779829729.3097663,75918.006,75911.53903652259,0.582182225010075,0.685,186.01050290409785,BUY_NO
1779829729.427387,75918.6322698023,75911.53903652259,0.5777213167248642,0.685,189.8767879037914,BUY_NO
1779829730.1237721,75918.6322698023,75911.53903652259,0.5718317039244251,0.685,251.45796415601217,BUY_NO
1779829730.9130757,75918.63322065698,75911.53903652259,0.5652504639314624,0.685,279.4090506047687,BUY_NO
1779829731.5459402,75918.63322065698,75911.53903652259,0.5400882714146812,0.685,900.96,BUY_NO
1779829732.1583233,75918.63322065698,75911.53903652259,0.5289561981376927,0.685,633.6934293985269,BUY_NO
1779829732.4338489,75918.7980243921,75911.53903652259,0.5103105328756848,0.685,780.0346923617699,BUY_NO
1779829760.1930711,75907.54902596942,75911.53903652259,0.4031559109708504,0.735,188.75,BUY_NO
1779829760.3093078,75907.54902596942,75911.53903652259,0.4159142335974658,0.735,201.75,BUY_NO
1779829760.4002829,75907.54902596942,75911.53903652259,0.38635779334108594,0.74,245.75,BUY_NO
1779829761.3798766,75907.55616997083,75911.53903652259,0.39524201532934855,0.735,285.54,BUY_NO
1779829761.423551,75907.55616997083,75911.53903652259,0.40728442346031984,0.735,285.54,BUY_NO
1779829761.4392393,75907.55616997083,75911.53903652259,0.4041483314305885,0.735,276.77,BUY_NO
1779829761.5044944,75907.55616997083,75911.53903652259,0.3970874828697263,0.735,352.77,BUY_NO
1779829761.613389,75907.55616997083,75911.53903652259,0.4075113212485784,0.735,222.91,BUY_NO
1779829761.9175339,75907.55616997083,75911.53903652259,0.3877618536322656,0.735,256.39,BUY_NO
1779829770.0904064,75905.63441936465,75911.53903652259,0.3867335619531057,0.305,191.07,SELL_NO
1779829770.103993,75905.63441936465,75911.53903652259,0.3847579355050546,0.305,282.13,SELL_NO
1779829770.62323,75905.63441936465,75911.53903652259,0.3433964192347581,0.305,83.67,SELL_NO
1779829770.6288686,75905.63441936465,75911.53903652259,0.34310517916425354,0.305,90.9,SELL_NO
1779829770.662134,75905.63441936465,75911.53903652259,0.33054779671584966,0.305,77.67,SELL_NO
1779829770.8787212,75905.63141936465,75911.53903652259,0.33502839892700864,0.305,98.04,SELL_NO
1779829770.905188,75905.63141936465,75911.53903652259,0.3352913234241494,0.305,98.04,SELL_NO
1779829770.9538083,75905.63141936465,75911.53903652259,0.3350164236421799,0.305,90.9,SELL_NO
1779829771.0417614,75905.63141936465,75911.53903652259,0.33428900477402623,0.29500000000000004,109.04,SELL_NO
1779829771.1057603,75905.63141936465,75911.53903652259,0.3569214527774913,0.28500000000000003,90.0,SELL_NO
1779829771.140476,75905.63141936465,75911.53903652259,0.35004491967162044,0.28500000000000003,105.47,SELL_NO
1779829771.1454751,75905.63141936465,75911.53903652259,0.3490687606861369,0.28500000000000003,74.93,SELL_NO
1779829771.1672382,75905.63141936465,75911.53903652259,0.3466864281167339,0.28500000000000003,251.70000000000002,SELL_NO
1779829771.3525918,75905.63141936465,75911.53903652259,0.3343062640812618,0.275,70.03999999999999,SELL_NO
1779829771.371995,75905.63141936465,75911.53903652259,0.3310678445359239,0.275,103.18,SELL_NO
1779829771.4076447,75905.63141936465,75911.53903652259,0.3367071151064022,0.275,122.11,SELL_NO
1779829771.483397,75905.63141936465,75911.53903652259,0.3459762166334213,0.275,71.6,SELL_NO
1779829771.5228508,75905.63141936465,75911.53903652259,0.33921453224350956,0.275,163.42,SELL_NO
1779829771.5433607,75905.63141936465,75911.53903652259,0.34018582812711545,0.275,163.42,SELL_NO
1779829771.6010509,75905.63141936465,75911.53903652259,0.3403411897319065,0.275,153.42,SELL_NO
1779829771.838928,75905.63141936465,75911.53903652259,0.3418370020517431,0.275,159.82,SELL_NO
1779829771.94567,75905.63141936465,75911.53903652259,0.3394065188428031,0.275,99.82,SELL_NO
1779829771.9954255,75905.63141936465,75911.53903652259,0.3391186621250772,0.27,110.66,SELL_NO
1779829772.03892,75905.63141936465,75911.53903652259,0.34012977609555634,0.265,122.08,SELL_NO
1779829772.0902073,75905.63141936465,75911.53903652259,0.33820278454882546,0.265,71.73,SELL_NO
1779829772.3429258,75905.63141936465,75911.53903652259,0.34252755153703385,0.265,144.97,SELL_NO
1779829772.3596072,75905.63141936465,75911.53903652259,0.3408327730874694,0.265,144.97,SELL_NO
1779829772.370936,75905.63141936465,75911.53903652259,0.34214031338102924,0.265,144.97,SELL_NO
1779829772.3811843,75905.63141936465,75911.53903652259,0.3421323747000563,0.265,144.97,SELL_NO
1779829772.4025028,75905.63141936465,75911.53903652259,0.3453084147523716,0.25,144.97,SELL_NO
1779829772.473673,75905.63141936465,75911.53903652259,0.34061067280613944,0.24,77.28999999999999,SELL_NO
1779829773.4398265,75905.63191936465,75911.53903652259,0.3259401883637429,0.265,69.96000000000001,SELL_NO
1779829773.4905422,75905.63191936465,75911.53903652259,0.31038633261328824,0.265,84.72999999999999,SELL_NO
1779829773.810818,75905.63191936465,75911.53903652259,0.3455016848553825,0.265,87.14000000000001,SELL_NO
1779829773.957619,75905.63191936465,75911.53903652259,0.33511429182034264,0.265,101.73,SELL_NO
1779829774.0250466,75905.63191936465,75911.53903652259,0.3445584802655267,0.26,113.73,SELL_NO
1779829774.051729,75905.63191936465,75911.53903652259,0.35903361210915,0.255,76.99999999999999,SELL_NO
1779829774.0726774,75905.63191936465,75911.53903652259,0.3579776038958619,0.255,185.73,SELL_NO
1779829774.1020951,75905.63191936465,75911.53903652259,0.3522349733675593,0.255,141.07,SELL_NO
1779829774.324679,75905.63191936465,75911.53903652259,0.3373563926213859,0.255,68.83,SELL_NO
1779829774.3515656,75905.63191936465,75911.53903652259,0.34063538577681973,0.255,73.6,SELL_NO
1779829774.3855205,75905.63191936465,75911.53903652259,0.3379848883012693,0.255,94.80000000000001,SELL_NO
1779829774.4259667,75905.63191936465,75911.53903652259,0.3381386233791134,0.255,229.85000000000002,SELL_NO
1779829774.4446018,75905.63191936465,75911.53903652259,0.34275286382904396,0.25,219.49,SELL_NO
1779829774.4634893,75905.63191936465,75911.53903652259,0.3445418259914972,0.245,208.65,SELL_NO
1779829774.491641,75905.63191936465,75911.53903652259,0.3655040844780383,0.235,70.0,SELL_NO
1779829774.6902876,75905.63191936465,75911.53903652259,0.3461577719541391,0.235,121.22999999999999,SELL_NO
1779829775.1148436,75905.63191936465,75911.53903652259,0.3298084994425806,0.235,154.74,SELL_NO
1779829775.1226635,75905.63191936465,75911.53903652259,0.3285546038812382,0.235,79.49,SELL_NO
1779829775.1681087,75905.63191936465,75911.53903652259,0.3259232564745802,0.22999999999999998,192.74,SELL_NO
1779829775.1732693,75905.63191936465,75911.53903652259,0.32428350143671636,0.22999999999999998,79.49,SELL_NO
1779829775.4079916,75905.63191936465,75911.53903652259,0.32537879134126135,0.225,67.07,SELL_NO
1779829775.4456136,75905.63191936465,75911.53903652259,0.32475170567169315,0.225,93.11000000000001,SELL_NO
1779829775.4857178,75905.63191936465,75911.53903652259,0.3282277474012969,0.225,243.74,SELL_NO
1779829775.5128477,75905.63191936465,75911.53903652259,0.3239246570235455,0.225,74.49,SELL_NO
1779829775.524069,75905.63191936465,75911.53903652259,0.32536801234723295,0.225,238.74,SELL_NO
1779829775.5284607,75905.63191936465,75911.53903652259,0.32319236113303546,0.225,74.49,SELL_NO
1779829775.643869,75905.63191936465,75911.53903652259,0.311826145116808,0.225,168.0,SELL_NO
1779829775.6540906,75905.63191936465,75911.53903652259,0.3122324652968373,0.225,216.74,SELL_NO
1779829775.6591377,75905.63191936465,75911.53903652259,0.3108735284506101,0.225,138.1,SELL_NO
1779829775.6636038,75905.63191936465,75911.53903652259,0.30856505498287473,0.225,92.7,SELL_NO
1779829775.701915,75905.63191936465,75911.53903652259,0.31150904685311703,0.215,66.0,SELL_NO
1779829775.933055,75905.63191936465,75911.53903652259,0.3206758603362473,0.215,75.41,SELL_NO
1779829776.0183194,75905.63191936465,75911.53903652259,0.3222182978158292,0.215,68.78,SELL_NO
1779829776.046404,75905.6291850811,75911.53903652259,0.3191903130283993,0.215,81.2,SELL_NO
1779829776.0770578,75905.6291850811,75911.53903652259,0.3095376588117977,0.215,75.0,SELL_NO
1779829776.1142244,75905.6291850811,75911.53903652259,0.3131102015824278,0.215,232.32,SELL_NO
1779829776.1236649,75905.6291850811,75911.53903652259,0.3180920159987698,0.215,232.32,SELL_NO
1779829776.4904988,75905.6291850811,75911.53903652259,0.3245429060232193,0.215,67.5,SELL_NO
1779829776.495162,75905.6291850811,75911.53903652259,0.32197874905477825,0.215,168.39999999999998,SELL_NO
1779829776.5016956,75905.6291850811,75911.53903652259,0.31794702894672866,0.215,167.7,SELL_NO
1779829776.5073662,75905.6291850811,75911.53903652259,0.31268045933112915,0.215,81.2,SELL_NO
1779829776.6121829,75905.6291850811,75911.53903652259,0.305308653471914,0.215,200.63,SELL_NO
1779829776.6199024,75905.6291850811,75911.53903652259,0.3058313519093338,0.215,67.5,SELL_NO
1779829776.6243207,75905.6291850811,75911.53903652259,0.3049007689075737,0.215,168.39999999999998,SELL_NO
1779829776.628362,75905.6291850811,75911.53903652259,0.30231501731848665,0.215,136.7066576798361,SELL_NO
1779829784.5439882,75905.3567436785,75911.53903652259,0.2675596490512114,0.29500000000000004,74.0,BUY_NO
1779829784.7320895,75905.3567436785,75911.53903652259,0.2622955911480487,0.29500000000000004,140.49,BUY_NO
1779829784.7417903,75905.3567436785,75911.53903652259,0.26133123012465326,0.29500000000000004,214.49,BUY_NO
1779829784.760127,75905.3567436785,75911.53903652259,0.2625936714160623,0.29500000000000004,173.49,BUY_NO
1779829784.8060386,75905.3567436785,75911.53903652259,0.2588454435332393,0.3,89.76000000000002,BUY_NO
1779829784.8177433,75905.3567436785,75911.53903652259,0.25924969967120126,0.3,267.09000000000003,BUY_NO
1779829784.842614,75905.3567436785,75911.53903652259,0.2600475316272244,0.3,186.34,BUY_NO
1779829784.907679,75905.36562641544,75911.53903652259,0.26005956408638775,0.3,70.60999999999999,BUY_NO
1779829784.945213,75905.36562641544,75911.53903652259,0.2554397625750948,0.305,80.0,BUY_NO
1779829784.996281,75905.36562641544,75911.53903652259,0.2563434069284132,0.305,149.95,BUY_NO
1779829785.0393717,75905.36562641544,75911.53903652259,0.2572201239449588,0.305,272.13,BUY_NO
1779829785.0529737,75905.36562641544,75911.53903652259,0.25960902866224683,0.305,154.95,BUY_NO
1779829785.477738,75905.36562641544,75911.53903652259,0.2578332467449408,0.305,148.265417349975,BUY_NO
1779829785.5057127,75905.36562641544,75911.53903652259,0.2554463441506973,0.305,111.12943870225422,BUY_NO
1779829785.5828362,75905.36562641544,75911.53903652259,0.2528601668956532,0.305,121.17483768544753,BUY_NO
1779829785.6314662,75905.36562641544,75911.53903652259,0.2512618181002581,0.305,73.46696548089994,BUY_NO
1779829785.6924765,75905.36562641544,75911.53903652259,0.2448114718638421,0.305,305.98729252412113,BUY_NO
1779829785.707157,75905.36562641544,75911.53903652259,0.24308977619227684,0.305,73.44269075260581,BUY_NO
1779829786.3633842,75905.36562641544,75911.53903652259,0.24062026859444313,0.305,115.27305617656066,BUY_NO
1779829786.3763316,75905.36562641544,75911.53903652259,0.2388059201840006,0.305,82.69913148313344,BUY_NO
1779829786.428008,75905.57996081228,75911.53903652259,0.23613091917952692,0.305,124.33366951052858,BUY_NO
1779829786.4475007,75905.57996081228,75911.53903652259,0.23413820751716574,0.305,90.41105795147041,BUY_NO
1779829786.510734,75905.57996081228,75911.53903652259,0.23246432110299292,0.315,482.52186274695123,BUY_NO
1779829787.1131613,75905.57996081228,75911.53903652259,0.2300431737431417,0.315,93.54225512300309,BUY_NO
1779829787.157666,75905.57996081228,75911.53903652259,0.2279587009975219,0.315,92.6277380894926,BUY_NO
1779829787.223103,75905.57996081228,75911.53903652259,0.23430452725663672,0.33499999999999996,97.6686129813911,BUY_NO
1779829787.2516854,75905.57996081228,75911.53903652259,0.2351145718433121,0.33999999999999997,75.0,BUY_NO
1779829787.647337,75905.57996081228,75911.53903652259,0.2390436988474809,0.335,90.97458090462305,BUY_NO
1779829787.7324228,75905.57996081228,75911.53903652259,0.2370010842263024,0.335,87.14449828484294,BUY_NO
1779829787.7607112,75905.57996081228,75911.53903652259,0.23514120786327916,0.335,79.01532955336461,BUY_NO
1779829787.9575768,75905.26140227602,75911.53903652259,0.23392199222202015,0.345,90.0,BUY_NO
1779829788.0851245,75905.26140227602,75911.53903652259,0.23388406646765442,0.345,106.93,BUY_NO
1779829788.1473653,75905.26140227602,75911.53903652259,0.23439173592507134,0.345,108.5,BUY_NO
1779829788.1894865,75905.26140227602,75911.53903652259,0.2333488691082667,0.345,81.0,BUY_NO
1779829788.2197163,75905.26140227602,75911.53903652259,0.23206126401870414,0.345,96.0,BUY_NO
1779829788.64432,75905.26140227602,75911.53903652259,0.22984257425839982,0.345,95.0,BUY_NO
1779829788.6804557,75905.26140227602,75911.53903652259,0.22732419205204535,0.345,108.43206811612345,BUY_NO
1779829788.7454472,75905.26140227602,75911.53903652259,0.22093764404277352,0.345,272.25524722646696,BUY_NO
1779829788.755963,75905.26140227602,75911.53903652259,0.2186827833746823,0.345,83.45325260480786,BUY_NO
1779829788.888688,75905.26140227602,75911.53903652259,0.21661491995382423,0.345,85.10429150972777,BUY_NO
1779829789.0011072,75905.26140227602,75911.53903652259,0.21410150684297483,0.345,104.14363371504078,BUY_NO
1779829789.0561812,75905.26140227602,75911.53903652259,0.2118685243392234,0.345,90.75222657190534,BUY_NO
1779829789.2603612,75905.26140227602,75911.53903652259,0.20923577797663884,0.345,108.58424020560051,BUY_NO
1779829789.2781112,75905.26140227602,75911.53903652259,0.20642060161127784,0.345,115.19487765222766,BUY_NO
1779829789.295284,75905.26140227602,75911.53903652259,0.20349403480864275,0.345,119.32756956039702,BUY_NO
1779829789.520298,75905.26140227602,75911.53903652259,0.20034051651751633,0.345,128.5441764673542,BUY_NO
1779829791.3116953,75905.25694470634,75911.53903652259,0.1982274611158832,0.345,82.90691736263943,BUY_NO
1779829791.3354619,75905.25694470634,75911.53903652259,0.1962460791484825,0.345,79.90899473103855,BUY_NO
1779829791.7817252,75905.25694470634,75911.53903652259,0.1936522831674115,0.345,106.23738608055555,BUY_NO
1779829791.94726,75905.25694470634,75911.53903652259,0.1915716191293558,0.345,82.32828476230043,BUY_NO
1779829792.0376236,75905.25694470634,75911.53903652259,0.18731331547444108,0.345,176.98905584300246,BUY_NO
1779829792.3751712,75905.25694470634,75911.53903652259,0.18485277704557856,0.345,93.2673252608547,BUY_NO
1779829792.557626,75905.25694470634,75911.53903652259,0.18054311095270928,0.345,177.68197178906303,BUY_NO
1779829792.578675,75905.25294470636,75911.53903652259,0.1776501884046255,0.345,110.82911845831222,BUY_NO
1779829792.5972133,75905.25294470636,75911.53903652259,0.17524776841524212,0.345,94.36184001475067,BUY_NO
1779829792.7063072,75905.25294470636,75911.53903652259,0.17320846829657596,0.345,79.89342826945631,BUY_NO
1779829792.723154,75905.25294470636,75911.53903652259,0.17079588317499986,0.345,96.66825551073634,BUY_NO
1779829792.7920954,75905.25294470636,75911.53903652259,0.16848857184406077,0.345,90.75768157105085,BUY_NO
1779829793.329069,75905.25294470636,75911.53903652259,0.16641814404667282,0.345,80.96454658669518,BUY_NO
1779829793.4653986,75905.25294470636,75911.53903652259,0.1644247071261263,0.345,78.29407810021712,BUY_NO
1779829793.8120825,75905.25294470636,75911.53903652259,0.16222909625980936,0.345,86.92355628806308,BUY_NO
1779829793.9689302,75905.25294470636,75911.53903652259,0.1600858538419139,0.345,83.87065865379554,BUY_NO
1779829793.9940326,75905.25294470636,75911.53903652259,0.15736363784459517,0.345,108.42928282537105,BUY_NO
1779829794.0764737,75905.25344470635,75911.53903652259,0.15498767129786536,0.345,91.5972306022768,BUY_NO
1779829794.1029809,75905.25344470635,75911.53903652259,0.15281770920904994,0.345,84.07006467073552,BUY_NO
1779829794.2985835,75905.25344470635,75911.53903652259,0.15077598226875594,0.345,79.11794757428561,BUY_NO
1779829794.5587955,75905.25344470635,75911.53903652259,0.1484314930557681,0.345,92.13594504239882,BUY_NO
1779829794.6432183,75905.25344470635,75911.53903652259,0.14581343843594374,0.345,102.3693272878545,BUY_NO
1779829794.6735399,75905.25344470635,75911.53903652259,0.14191461974655062,0.345,155.10080431363895,BUY_NO
1779829794.6890647,75905.25344470635,75911.53903652259,0.13834855743772667,0.345,136.08594135695603,BUY_NO
1779829794.7378085,75905.25344470635,75911.53903652259,0.1360650658013157,0.345,83.57526279486046,BUY_NO
1779829794.768715,75905.25344470635,75911.53903652259,0.1322836273589861,0.345,150.79211979064894,BUY_NO
1779829794.7865596,75905.25344470635,75911.53903652259,0.12996249255909165,0.345,83.20063124783883,BUY_NO
1779829794.8026264,75905.25344470635,75911.53903652259,0.12647414154178108,0.345,137.97090775330798,BUY_NO
1779829794.8317897,75905.25344470635,75911.53903652259,0.1235651395154637,0.345,108.31068176025838,BUY_NO
1779829800.0879424,75905.3194017629,75905.3194017629,0.03450071851156164,0.345,283.58,BUY_NO
1779829800.0979998,75905.3194017629,75905.3194017629,0.057775682585983555,0.345,529.48,BUY_NO
1779829802.2417505,75905.31940176312,75905.3194017629,0.5049462403964218,0.355,78.6,SELL_NO
1779829802.3546143,75905.31940176312,75905.3194017629,0.5084069333768968,0.355,86.0,SELL_NO
1779829802.7066562,75905.31940176312,75905.3194017629,0.5029951454246965,0.355,96.0,SELL_NO
1779829802.8090842,75905.31940176312,75905.3194017629,0.5128720167421182,0.355,94.00000000000003,SELL_NO
1779829802.9305358,75905.31940176312,75905.3194017629,0.5041370749076604,0.355,214.2,BUY_YES
1779829802.960176,75905.31940176312,75905.3194017629,0.5228445335273398,0.355,234.2,BUY_YES
1779829802.9981446,75905.31940176312,75905.3194017629,0.5191753841179272,0.35,165.2,BUY_YES
1779829804.5003996,75905.2614060593,75905.3194017629,0.5175702500158847,0.355,91.23,SELL_NO
1779829804.661808,75905.2614060593,75905.3194017629,0.49169500834312724,0.355,103.03,SELL_NO
1779829804.7521753,75905.2614060593,75905.3194017629,0.5206766782375113,0.355,165.03,BUY_YES
1779829804.7834172,75905.2614060593,75905.3194017629,0.5183869083938465,0.355,83.0,SELL_NO
1779829804.8029256,75905.2614060593,75905.3194017629,0.5250778067294866,0.355,248.03,BUY_YES
1779829804.8578277,75905.2614060593,75905.3194017629,0.49785582712449616,0.355,158.03,BUY_YES
1779829805.077146,75905.2614060593,75905.3194017629,0.5043191211785705,0.355,147.03,BUY_YES
1779829805.103611,75905.2614060593,75905.3194017629,0.5092495258672427,0.355,90.38999999999999,SELL_NO
1779829805.1811786,75905.2614060593,75905.3194017629,0.5216221238226468,0.355,111.00000000000003,SELL_NO
1779829805.933861,75904.768175,75905.3194017629,0.5057692864147798,0.355,82.47999999999999,SELL_NO
1779829805.9709713,75904.768175,75905.3194017629,0.4958606119853639,0.355,81.04000000000002,SELL_NO
1779829806.0592604,75904.768175,75905.3194017629,0.518361432481588,0.355,414.47,BUY_YES
1779829806.203792,75904.768175,75905.3194017629,0.505798033389341,0.355,91.0,SELL_NO
1779829806.2873828,75904.768175,75905.3194017629,0.49964550385808215,0.355,80.0,SELL_NO
1779829806.330837,75904.768175,75905.3194017629,0.49748562611541236,0.355,80.0,SELL_NO
1779829806.3943713,75904.768175,75905.3194017629,0.4930996822806133,0.355,122.0,SELL_NO
1779829806.5829523,75904.768175,75905.3194017629,0.4907521721872693,0.355,85.0,SELL_NO
1779829806.6398222,75904.768175,75905.3194017629,0.5021975492794719,0.315,735.47,BUY_YES
1779829807.0021222,75904.768175,75905.3194017629,0.5207422470735851,0.295,99.14,SELL_NO
1779829807.0626013,75904.768175,75905.3194017629,0.5498088278649467,0.235,90.0,SELL_NO
1779829807.7796776,75896.60087239338,75905.3194017629,0.4522985455164686,0.235,155.19,SELL_NO
1779829807.7891223,75896.60087239338,75905.3194017629,0.44650552354236417,0.235,100.0,SELL_NO
1779829807.7958171,75896.60087239338,75905.3194017629,0.43296671211301063,0.235,220.21,SELL_NO
1779829807.8072343,75896.60087239338,75905.3194017629,0.41903443115558975,0.235,343.94,BUY_YES
1779829807.8135302,75896.60087239338,75905.3194017629,0.3985827095978102,0.235,236.3,SELL_NO
1779829807.9695845,75896.60087239338,75905.3194017629,0.24457533287224859,0.22,77.88,SELL_NO
1779829808.036736,75896.60087239338,75905.3194017629,0.3534303219266503,0.21500000000000002,194.96,BUY_YES
1779829808.5284657,75896.60087239338,75905.3194017629,0.3845488007676251,0.20500000000000002,67.87,SELL_NO
1779829808.596057,75896.60087239338,75905.3194017629,0.314264323595391,0.20500000000000002,168.48,SELL_NO
1779829808.6601741,75896.60087239338,75905.3194017629,0.24596688103278835,0.20500000000000002,75.0,SELL_NO
1779829808.6710837,75896.60087239338,75905.3194017629,0.2580456589853123,0.20500000000000002,75.0,SELL_NO
1779829808.6776998,75896.60087239338,75905.3194017629,0.2614441429384435,0.20500000000000002,150.0,SELL_NO
1779829808.6921663,75896.60087239338,75905.3194017629,0.25205597851693545,0.20500000000000002,75.0,SELL_NO
1779829808.7114387,75896.60087239338,75905.3194017629,0.2431942398965945,0.20500000000000002,75.0,SELL_NO
1779829808.7595615,75896.60087239338,75905.3194017629,0.2989943855380353,0.20500000000000002,171.95999999999998,SELL_NO
1779829808.7672348,75896.60087239338,75905.3194017629,0.30036426075522626,0.20500000000000002,150.00000000000003,SELL_NO
1779829808.7740877,75896.60087239338,75905.3194017629,0.2909672995306971,0.20500000000000002,150.0,SELL_NO
1779829809.3648624,75896.59615503406,75905.3194017629,0.43915108053395885,0.20500000000000002,70.79000000000002,SELL_NO
1779829809.5560255,75896.59615503406,75905.3194017629,0.4399823562094072,0.20500000000000002,302.78999999999996,SELL_NO
1779829809.6134503,75896.59615503406,75905.3194017629,0.4102937959123907,0.20500000000000002,75.0,SELL_NO
1779829809.6244164,75896.59615503406,75905.3194017629,0.4016067250867381,0.20500000000000002,184.02,SELL_NO
1779829809.6354747,75896.59615503406,75905.3194017629,0.38465057022816446,0.20500000000000002,163.69,SELL_NO
1779829809.6435769,75896.59615503406,75905.3194017629,0.3689049908399768,0.20500000000000002,120.0,SELL_NO
1779829809.6528018,75896.59615503406,75905.3194017629,0.35221822924184326,0.20500000000000002,95.8,SELL_NO
1779829809.6609788,75896.59615503406,75905.3194017629,0.3462345627040188,0.20500000000000002,259.78999999999996,SELL_NO
1779829809.6754866,75896.59615503406,75905.3194017629,0.31850467683169054,0.20500000000000002,75.0,SELL_NO
1779829809.6813934,75896.59615503406,75905.3194017629,0.30464920385072475,0.20500000000000002,184.02,SELL_NO
1779829809.9452512,75896.59615503406,75905.3194017629,0.2578510634101883,0.20500000000000002,244.79,SELL_NO
1779829809.9558725,75896.59615503406,75905.3194017629,0.2546736552841988,0.20500000000000002,75.0,SELL_NO
1779829810.317432,75896.59615503406,75905.3194017629,0.4043773090665002,0.20500000000000002,72.71000000000001,SELL_NO
1779829810.3281708,75896.59615503406,75905.3194017629,0.40025646636195206,0.20500000000000002,165.5,SELL_NO
1779829810.3409421,75896.59615503406,75905.3194017629,0.38575044370386924,0.20500000000000002,163.69,SELL_NO
1779829810.352829,75896.59615503406,75905.3194017629,0.3722350744821985,0.20500000000000002,100.0,SELL_NO
1779829810.3636796,75896.59615503406,75905.3194017629,0.35635184539371667,0.20500000000000002,131.7,SELL_NO
1779829810.7971911,75896.59615503406,75905.3194017629,0.3561523800318796,0.20500000000000002,101.2,SELL_NO
1779829810.8385973,75896.59615503406,75905.3194017629,0.34724795081542126,0.20500000000000002,280.5,SELL_NO
1779829810.9204378,75896.03173457118,75905.3194017629,0.37608501210747564,0.20500000000000002,307.5,SELL_NO
1779829810.9611278,75896.03173457118,75905.3194017629,0.36903832615087406,0.20500000000000002,75.0,SELL_NO
1779829810.9698172,75896.03173457118,75905.3194017629,0.38861506610382596,0.20500000000000002,274.61,SELL_NO
1779829810.977099,75896.03173457118,75905.3194017629,0.38543225400893155,0.20500000000000002,75.0,SELL_NO
1779829810.9865322,75896.03173457118,75905.3194017629,0.37632895677769096,0.20500000000000002,165.5,SELL_NO
1779829810.9942522,75896.03173457118,75905.3194017629,0.36062121147416987,0.20500000000000002,163.69,SELL_NO
1779829811.0052795,75896.03173457118,75905.3194017629,0.34605408602399484,0.20500000000000002,106.0,SELL_NO
1779829811.1547108,75896.03173457118,75905.3194017629,0.2954153581659392,0.20500000000000002,235.61,SELL_NO
1779829811.2932165,75896.03173457118,75905.3194017629,0.36466506780854746,0.20500000000000002,75.0,SELL_NO
1779829811.304087,75896.03173457118,75905.3194017629,0.35793622550750864,0.20500000000000002,165.5,SELL_NO
1779829811.3098745,75896.03173457118,75905.3194017629,0.34347695007670853,0.20500000000000002,150.0,SELL_NO
1779829811.3152442,75896.03173457118,75905.3194017629,0.3273340638277349,0.20500000000000002,106.0,SELL_NO
1779829811.808984,75896.03173457118,75905.3194017629,0.37934976310386026,0.20500000000000002,223.61,SELL_NO
1779829811.821105,75896.03173457118,75905.3194017629,0.3781598718330176,0.20500000000000002,75.0,SELL_NO
1779829811.8286114,75896.03173457118,75905.3194017629,0.37050933769455807,0.20500000000000002,170.5,SELL_NO
1779829811.8405602,75896.03173457118,75905.3194017629,0.35570042979014416,0.20500000000000002,150.0,SELL_NO
1779829812.042856,75896.03173457118,75905.3194017629,0.3259641291279871,0.20500000000000002,128.61,SELL_NO
1779829812.2085474,75896.03173457118,75905.3194017629,0.32720373220605764,0.20500000000000002,75.0,SELL_NO
1779829812.2240944,75896.03173457118,75905.3194017629,0.3223291759420176,0.20500000000000002,170.5,SELL_NO
1779829812.2352936,75896.03173457118,75905.3194017629,0.30965056728137075,0.20500000000000002,150.0,SELL_NO
1779829812.4070964,75895.0361498963,75905.3194017629,0.2739637877803572,0.20500000000000002,75.0,SELL_NO
1779829812.4808855,75895.0361498963,75905.3194017629,0.3172977134823241,0.20500000000000002,262.29999999999995,SELL_NO
1779829824.1511085,75886.13612587494,75905.31940176312,0.401964834397501,0.401964834397501,403108.105478676,BUY_YES
1779830101.1454997,75787.88668583089,75787.88668583089,0.01,0.535,720.66,BUY_NO
1779830101.6225417,75787.88668583089,75787.88668583089,0.46942641572837557,0.535,664.67,BUY_NO
1779830101.9589448,75787.88668583089,75787.88668583089,0.47631715396903684,0.535,657.4861780356623,BUY_NO
1779830102.0219786,75787.88668583089,75787.88668583089,0.4660059919771633,0.535,380.46580923879674,BUY_NO
1779830102.0295255,75787.88668583089,75787.88668583089,0.455654112789577,0.535,275.2441907612033,BUY_NO
1779830102.0469294,75787.88668583089,75787.88668583089,0.44393667809013343,0.535,544.4871262660085,BUY_NO
1779830102.323315,75787.88668583089,75787.88668583089,0.42197019702025934,0.535,655.71,BUY_NO
1779830102.3467638,75787.88668583089,75787.88668583089,0.55198819673921,0.535,448.92474191997377,BUY_YES
1779830102.3865724,75787.88668583089,75787.88668583089,0.3905049137474815,0.535,634.43,BUY_NO
1779830102.3940258,75787.88668583089,75787.88668583089,0.4264087565366991,0.535,448.92474191997377,SELL_YES
1779830102.4244528,75787.88668583089,75787.88668583089,0.5464734787332193,0.535,241.23031089463066,BUY_YES
1779830102.4304466,75787.88668583089,75787.88668583089,0.5163009622228156,0.535,159.6052580800262,SELL_YES
1779830103.1215045,75787.80804236614,75787.88668583089,0.40202213772473055,0.535,218.9392276151284,BUY_NO
1779830103.4518688,75787.80804236614,75787.88668583089,0.5455709701822234,0.535,125.47369120468181,BUY_YES
1779830103.4623513,75787.80804236614,75787.88668583089,0.5201716486396546,0.535,207.09874401928627,SELL_YES
1779830103.471904,75787.80804236614,75787.88668583089,0.5497414497721345,0.535,362.38152256002496,BUY_YES
1779830103.4776409,75787.80804236614,75787.88668583089,0.5133045255988871,0.535,187.4920283655853,SELL_YES
1779830103.5276618,75787.80804236614,75787.88668583089,0.4920512539375837,0.535,174.88949419443966,SELL_YES
1779830103.7804842,75787.80804236614,75787.88668583089,0.5489153811058168,0.535,331.63180884432995,BUY_YES
1779830103.7860239,75787.80804236614,75787.88668583089,0.5539941750095848,0.535,187.4059351868865,BUY_YES
1779830103.7971492,75787.80804236614,75787.88668583089,0.5221711317606177,0.535,356.57,SELL_YES
1779830103.8065286,75787.80804236614,75787.88668583089,0.5494245210710642,0.535,187.5828051946226,BUY_YES
1779830103.8101106,75787.80804236614,75787.88668583089,0.5545377752550423,0.535,189.0296784641705,BUY_YES
1779830103.8196197,75787.80804236614,75787.88668583089,0.5193462739541487,0.535,356.57,SELL_YES
1779830103.8259063,75787.80804236614,75787.88668583089,0.5503971069930499,0.535,203.5737191875249,BUY_YES
1779830103.8303616,75787.80804236614,75787.88668583089,0.5481894474035018,0.535,3658.9066023483047,SELL_NO
1779830103.8457248,75787.80804236614,75787.88668583089,0.49735866859419836,0.535,146.4244582909471,BUY_NO
1779830103.8518748,75787.80804236614,75787.88668583089,0.5219907351644885,0.535,182.48554170905294,SELL_YES
1779830103.8606362,75787.80804236614,75787.88668583089,0.545391198406264,0.535,1239.6103878594415,SELL_NO
1779830103.9736574,75787.80804236614,75787.88668583089,0.5528993344619317,0.535,292.3146822857416,BUY_YES
1779830103.980028,75787.80804236614,75787.88668583089,0.574369322636804,0.535,822.1339496081869,BUY_YES
1779830103.9894083,75787.80804236614,75787.88668583089,0.5957057568504321,0.535,803.3070103953839,BUY_YES
1779830104.018886,75787.80804236614,75787.88668583089,0.5240811364611722,0.535,168.91,BUY_NO
1779830104.0256922,75787.80804236614,75787.88668583089,0.5563373879143584,0.535,168.91,SELL_NO
1779830104.180156,75787.80804236614,75787.88668583089,0.6178909455047759,0.535,824.3563235686356,BUY_YES
1779830104.186698,75787.80804236614,75787.88668583089,0.6321137615839764,0.535,513.1211060106616,BUY_YES
1779830104.1891685,75787.80804236614,75787.88668583089,0.6495178339501978,0.535,635.1885706521948,BUY_YES
1779830104.201618,75787.80804236614,75787.88668583089,0.6636032264558982,0.535,500.9395095333739,BUY_YES
1779830104.2066934,75787.80804236614,75787.88668583089,0.6771984851508652,0.535,482.99096332345925,BUY_YES
1779830104.2248006,75787.80804236614,75787.88668583089,0.6897459509569455,0.53,440.81590462552685,BUY_YES
1779830104.2395685,75787.80804236614,75787.88668583089,0.6975563697614107,0.53,265.19600794753205,BUY_YES
1779830104.2598825,75787.80804236614,75787.88668583089,0.7025797480267544,0.52,170.34803982248468,BUY_YES
1779830105.199647,75784.15564,75787.88668583089,0.4739299417179822,0.485,139.92,BUY_NO
1779830105.4040105,75784.15564,75787.88668583089,0.4952411448165845,0.485,100.0,SELL_NO
1779830105.4809341,75784.15564,75787.88668583089,0.46190706124589975,0.485,205.95,BUY_NO
1779830105.4932277,75784.15564,75787.88668583089,0.5019439962526009,0.485,179.36,SELL_NO
1779830105.9591696,75784.15564,75787.88668583089,0.47475414980548136,0.485,124.28170767748244,BUY_NO
1779830105.9723234,75784.15564,75787.88668583089,0.49930904789812264,0.485,190.7917076774824,SELL_NO
1779830106.3584647,75784.15564,75787.88668583089,0.4700539394146594,0.485,167.42,BUY_NO
1779830106.3662047,75784.15564,75787.88668583089,0.5006933193826464,0.485,167.42,SELL_NO
1779830106.6288202,75784.15564,75787.88668583089,0.4748848994088805,0.485,167.42,BUY_NO
1779830106.6385465,75784.15564,75787.88668583089,0.4974364624170197,0.485,167.42,SELL_NO
1779830106.7098303,75784.15564,75787.88668583089,0.4710002110761531,0.485,172.42,BUY_NO
1779830106.7209382,75784.15564,75787.88668583089,0.5023102374749,0.485,172.42,SELL_NO
1779830106.757163,75784.15564,75787.88668583089,0.4639951462273231,0.485,152.41,BUY_NO
1779830106.778268,75784.06675427523,75787.88668583089,0.5017871218916155,0.485,152.41,SELL_NO
1779830106.7908864,75784.06675427523,75787.88668583089,0.4730456759245956,0.485,172.42,BUY_NO
1779830106.8183644,75784.06675427523,75787.88668583089,0.5234010044068212,0.485,100.95000000000002,SELL_NO
1779830107.0588312,75784.06675427523,75787.88668583089,0.4749983223028084,0.485,110.3991340718517,BUY_NO
1779830107.125877,75784.06675427523,75787.88668583089,0.49564786118509535,0.485,181.86913407185168,SELL_NO
1779830107.1337082,75784.06675427523,75787.88668583089,0.47076914024218824,0.485,146.17,BUY_NO
1779830107.1619031,75784.06675427523,75787.88668583089,0.4749061307899223,0.485,151.17,SELL_YES
1779830107.1732416,75784.06675427523,75787.88668583089,0.5002242484690789,0.485,146.17,SELL_NO
1779830107.2210073,75784.06675427523,75787.88668583089,0.47329711103180133,0.485,137.17,BUY_NO
1779830107.2246904,75784.06675427523,75787.88668583089,0.4703625380617646,0.485,137.17,BUY_NO
1779830107.243559,75784.06675427523,75787.88668583089,0.4970976777130875,0.485,154.95,SELL_NO
1779830107.49175,75784.06675427523,75787.88668583089,0.4375670428206127,0.485,186.59,BUY_NO
1779830107.4955242,75784.06675427523,75787.88668583089,0.45042659355651576,0.485,151.0,BUY_NO
1779830107.5743556,75783.52436023731,75787.88668583089,0.4734228190141845,0.485,170.35,SELL_YES
1779830107.611588,75783.52436023731,75787.88668583089,0.526382221094518,0.485,114.58,SELL_NO
1779830107.6161783,75783.52436023731,75787.88668583089,0.5180142821873981,0.485,108.02,SELL_NO
1779830107.6289937,75783.52436023731,75787.88668583089,0.45525199219800694,0.485,162.35,BUY_NO
1779830107.783904,75783.52436023731,75787.88668583089,0.43743237578159055,0.485,175.35,BUY_NO
1779830107.788151,75783.52436023731,75787.88668583089,0.4364418452686239,0.485,151.0,BUY_NO
1779830107.7918835,75783.52436023731,75787.88668583089,0.4237450060767472,0.485,175.35,BUY_NO
1779830107.7959452,75783.52436023731,75787.88668583089,0.4253108266313331,0.485,151.0,BUY_NO
1779830108.2017999,75783.52436023731,75787.88668583089,0.4466814803294768,0.485,154.7287338846354,BUY_NO
1779830109.905921,75781.31986973414,75787.88668583089,0.49568217994391817,0.485,252.78,SELL_NO
1779830109.9138193,75781.31986973414,75787.88668583089,0.45325895067358773,0.485,126.0,SELL_YES
1779830109.9195287,75781.31986973414,75787.88668583089,0.45214077068880254,0.485,280.54,SELL_YES
1779830109.9294138,75781.31986973414,75787.88668583089,0.5128069995540484,0.485,223.26,SELL_NO
1779830110.1237454,75781.126886655,75787.88668583089,0.5032623964800538,0.485,288.78,SELL_NO
1779830110.4139538,75781.126886655,75787.88668583089,0.4995221776465135,0.485,328.22,SELL_NO
1779830110.4205759,75781.126886655,75787.88668583089,0.5120669585636963,0.485,111.1187338846355,SELL_NO
1779830110.4933622,75781.126886655,75787.88668583089,0.47479742925257207,0.485,135.67,BUY_NO
1779830110.5191965,75781.126886655,75787.88668583089,0.47476378073437575,0.485,151.94,SELL_YES
1779830110.5299525,75781.126886655,75787.88668583089,0.5027398812635652,0.485,135.67,SELL_NO
1779830110.747599,75781.126886655,75787.88668583089,0.43918871457339,0.485,200.07,BUY_NO
1779830110.7535636,75781.126886655,75787.88668583089,0.4528338688423084,0.485,102.4,BUY_NO
1779830110.7673283,75781.126886655,75787.88668583089,0.49951458115330666,0.485,266.9,SELL_NO
1779830110.796096,75781.126886655,75787.88668583089,0.4514169606911396,0.485,274.0,BUY_NO
1779830110.8298478,75781.126886655,75787.88668583089,0.5080596793829434,0.485,217.24,SELL_NO
1779830110.868743,75780.98867894307,75787.88668583089,0.4429959396121826,0.485,268.79,BUY_NO
1779830110.8760343,75780.98867894307,75787.88668583089,0.46096061770560953,0.485,107.4,SELL_YES
1779830110.8845272,75780.98867894307,75787.88668583089,0.5005614675225678,0.485,244.85,SELL_NO
1779830110.9264371,75780.98867894307,75787.88668583089,0.47061969766681966,0.485,227.05291941612765,BUY_NO
1779830110.9405549,75780.98867894307,75787.88668583089,0.49858153668540955,0.485,231.33,SELL_NO
1779830110.9522696,75780.98867894307,75787.88668583089,0.47331146823921344,0.485,131.86708058387237,BUY_NO
1779830111.041774,75780.98867894307,75787.88668583089,0.45114988947746143,0.485,349.69,BUY_NO
1779830111.060962,75780.98867894307,75787.88668583089,0.5012612539143366,0.485,205.43,SELL_NO
1779830111.3290675,75780.98867894307,75787.88668583089,0.41848160971146614,0.485,354.4,BUY_NO
1779830111.3594956,75780.98867894307,75787.88668583089,0.4961211250244184,0.485,172.43,SELL_NO
1779830111.4129343,75780.98867894307,75787.88668583089,0.44245542733940935,0.485,101.0,BUY_NO
1779830111.4349577,75780.98867894307,75787.88668583089,0.44035115274009673,0.485,280.53,SELL_YES
1779830111.440119,75780.98867894307,75787.88668583089,0.44093568765028873,0.485,173.44,BUY_NO
1779830111.4610717,75780.98867894307,75787.88668583089,0.4970124068719605,0.485,182.43,SELL_NO
1779830111.52564,75780.98867894307,75787.88668583089,0.4374679848386351,0.485,101.0,BUY_NO
1779830111.5339308,75780.98867894307,75787.88668583089,0.4466089827657879,0.485,299.0,SELL_YES
1779830111.611422,75780.98867894307,75787.88668583089,0.5745839996435722,0.485,223.25,SELL_NO
1779830111.6177242,75780.98867894307,75787.88668583089,0.5698063158191097,0.485,165.61,SELL_NO
1779830111.6233962,75780.98867894307,75787.88668583089,0.5537764430241894,0.485,223.25,SELL_NO
1779830111.8027637,75780.98867894307,75787.88668583089,0.5076877965828718,0.485,102.0,SELL_NO
1779830111.8364627,75780.98867894307,75787.88668583089,0.47485526922188687,0.485,124.98,BUY_NO
1779830111.852096,75780.98867894307,75787.88668583089,0.5035086284362552,0.485,109.5,SELL_NO
1779830112.4984128,75780.98867894307,75787.88668583089,0.462445820615874,0.485,105.83,BUY_NO
1779830112.553276,75780.98867894307,75787.88668583089,0.46448487844187947,0.485,105.83,BUY_NO
1779830112.558993,75780.98867894307,75787.88668583089,0.46258597903019183,0.485,146.0,SELL_YES
1779830112.5662808,75780.98867894307,75787.88668583089,0.4522617345204345,0.485,305.53,SELL_YES
1779830112.5719213,75780.98867894307,75787.88668583089,0.43727897463269383,0.485,105.83,BUY_NO
1779830112.5780032,75780.98867894307,75787.88668583089,0.4306024832359279,0.485,146.0,BUY_NO
1779830112.5858443,75780.98867894307,75787.88668583089,0.4381011426654141,0.485,280.55090634662895,BUY_NO
1779830112.6030595,75780.98867894307,75787.88668583089,0.4982597855744152,0.485,229.84,SELL_NO
1779830112.6701639,75780.98867894307,75787.88668583089,0.5123189640643665,0.485,108.99999999999997,SELL_NO
1779830114.6739092,75780.6442205375,75787.88668583089,0.4445980017175868,0.485,277.13,SELL_YES
1779830114.692163,75780.6442205375,75787.88668583089,0.5028579979772912,0.485,137.38000000000005,SELL_NO
1779830114.7046125,75780.6442205375,75787.88668583089,0.5068995849512751,0.485,332.2909063466287,SELL_NO
1779830114.7217748,75780.6442205375,75787.88668583089,0.4264971235346949,0.485,125.0,BUY_NO
1779830114.726956,75780.6442205375,75787.88668583089,0.424232467949032,0.485,91.90694023389818,BUY_NO
1779830115.1779454,75780.6442205375,75787.88668583089,0.5139907194671419,0.485,216.90694023389818,SELL_NO
1779830116.9815862,75781.50909980018,75787.88668583089,0.5755859431432845,0.46499999999999997,252.1196678659894,BUY_YES
1779830117.3947728,75780.61731682456,75787.88668583089,0.45188904099661986,0.46499999999999997,200.53,BUY_NO
1779830117.4616668,75780.61731682456,75787.88668583089,0.44044528659517895,0.46499999999999997,154.34512542858445,BUY_NO
1779830117.4696686,75780.61731682456,75787.88668583089,0.44488812270103467,0.46499999999999997,127.88487457141557,SELL_YES
1779830117.4857697,75780.61731682456,75787.88668583089,0.4798074936405137,0.46499999999999997,289.44,SELL_NO
1779830117.506064,75780.61731682456,75787.88668583089,0.43052222442176624,0.46499999999999997,125.0,BUY_NO
1779830117.5242722,75780.61731682456,75787.88668583089,0.4240230277280647,0.46499999999999997,176.96,SELL_YES
1779830117.5514116,75780.61731682456,75787.88668583089,0.48854179256209473,0.45999999999999996,190.43512542858446,SELL_NO
1779830120.7426465,75780.58484438853,75787.88668583089,0.4229833300847237,0.435,194.09,BUY_NO
1779830120.7549343,75780.58484438853,75787.88668583089,0.4456544417341509,0.435,117.01,SELL_NO
1779830120.831851,75780.96192246802,75787.88668583089,0.4247427966845894,0.435,120.69571933741928,BUY_NO
1779830120.8474355,75780.96192246802,75787.88668583089,0.4487506850944473,0.435,126.91,SELL_NO
1779830120.9044425,75780.96192246802,75787.88668583089,0.423167295311356,0.435,110.35428066258073,BUY_NO
1779830121.2386496,75780.96192246802,75787.88668583089,0.45214746032416636,0.435,181.22000000000003,SELL_NO
1779830121.2762578,75780.96192246802,75787.88668583089,0.42411761534464676,0.435,93.0,BUY_NO
1779830121.3870025,75780.96192246802,75787.88668583089,0.4462940019407503,0.435,93.0,SELL_NO
1779830121.4002137,75780.96192246802,75787.88668583089,0.42193348171942535,0.435,303.65820885399233,BUY_NO
1779830121.4090698,75780.96192246802,75787.88668583089,0.45270989638244863,0.435,193.95999999999998,SELL_NO
1779830121.5700443,75780.96192246802,75787.88668583089,0.4631291424439008,0.435,105.0,SELL_NO
1779830122.43473,75780.95411630973,75787.88668583089,0.42401315638233034,0.435,220.6510658584184,BUY_NO
1779830122.4492,75780.95411630973,75787.88668583089,0.45249429156735366,0.435,225.34927471241076,SELL_NO
1779830122.4804995,75780.95411630973,75787.88668583089,0.42179657710290086,0.435,158.5989341415816,BUY_NO
1779830122.4941158,75780.95411630973,75787.88668583089,0.4186717533148626,0.435,267.1803311990184,BUY_NO
1779830122.5061905,75780.95411630973,75787.88668583089,0.4506283818593918,0.435,425.7792653406,SELL_NO
1779830122.518976,75780.95411630973,75787.88668583089,0.4201646685151748,0.435,117.06966880098162,BUY_NO
1779830122.5239007,75780.95411630973,75787.88668583089,0.4147586869307501,0.435,286.11,SELL_YES
1779830122.5369492,75780.95411630973,75787.88668583089,0.4483125104458468,0.435,117.06966880098162,SELL_NO
1779830122.5575547,75780.95411630973,75787.88668583089,0.42127612642106316,0.435,328.9866969485229,BUY_NO
1779830122.5696287,75780.95411630973,75787.88668583089,0.4569432740972432,0.435,157.21033119901836,SELL_NO
1779830122.5759592,75780.95411630973,75787.88668583089,0.4598036439817529,0.435,97.0,SELL_NO
1779830122.6578012,75780.95411630973,75787.88668583089,0.42303814549679203,0.435,187.56574273610903,BUY_NO
1779830122.6764534,75780.95411630973,75787.88668583089,0.4468230501906387,0.435,244.92,SELL_NO
1779830122.6873908,75780.95411630973,75787.88668583089,0.42000522141319013,0.435,259.68425726389097,BUY_NO
1779830122.935807,75780.95411630973,75787.88668583089,0.45543662642750715,0.435,97.0,SELL_NO
1779830123.013618,75780.95411630973,75787.88668583089,0.4080770390276676,0.435,477.25,BUY_NO
1779830123.0277705,75780.95411630973,75787.88668583089,0.4456466519880003,0.435,240.37,SELL_NO
1779830123.2524426,75780.94662034743,75787.88668583089,0.41239105221728384,0.435,105.00000000000006,BUY_NO
1779830123.3263505,75780.94662034743,75787.88668583089,0.42259939430998705,0.435,397.19,SELL_YES
1779830123.3384266,75780.94662034743,75787.88668583089,0.4575738086210874,0.435,194.82,SELL_NO
1779830123.3464887,75780.94662034743,75787.88668583089,0.4570965535108223,0.435,102.42,SELL_NO
1779830123.5673397,75780.94662034743,75787.88668583089,0.4146754980751397,0.435,229.0,SELL_YES
1779830123.5767372,75780.94662034743,75787.88668583089,0.40210310621047,0.435,363.19,BUY_NO
1779830123.6103761,75780.94662034743,75787.88668583089,0.44749574518533886,0.435,185.94,SELL_NO
1779830123.7139437,75780.94662034743,75787.88668583089,0.3997934529476396,0.435,100.0,BUY_NO
1779830123.7203245,75780.94662034743,75787.88668583089,0.4066275348658917,0.435,236.1,SELL_YES
1779830123.7376108,75780.94662034743,75787.88668583089,0.4645522819181429,0.435,97.0,SELL_NO
1779830123.7449152,75780.94662034743,75787.88668583089,0.4698419513868783,0.435,165.0,SELL_NO
1779830123.7718701,75780.94662034743,75787.88668583089,0.4102972018428854,0.435,497.19,BUY_NO
1779830123.788924,75780.94662034743,75787.88668583089,0.44823973422877916,0.435,124.12,SELL_NO
1779830123.9330568,75780.94662034743,75787.88668583089,0.41185481431962084,0.435,428.19,SELL_YES
1779830124.2033582,75780.94662034743,75787.88668583089,0.4238111849119535,0.435,183.34999999999997,SELL_YES
1779830124.288469,75786.89308888075,75787.88668583089,0.5032580871806043,0.435,90.78,SELL_NO
1779830124.2954133,75786.89308888075,75787.88668583089,0.49870163354025954,0.435,102.42,SELL_NO
1779830124.302655,75786.89308888075,75787.88668583089,0.4873443487148616,0.435,165.0,SELL_NO
1779830124.3608499,75786.89308888075,75787.88668583089,0.3622293990098504,0.435,576.54,BUY_NO
1779830124.3681505,75786.89308888075,75787.88668583089,0.379137697274204,0.435,236.1,BUY_NO
1779830124.3836963,75786.89308888075,75787.88668583089,0.452593846507474,0.435,90.78,SELL_NO
1779830124.3903346,75786.89308888075,75787.88668583089,0.4672314506797787,0.435,102.42,SELL_NO
1779830124.399078,75786.89308888075,75787.88668583089,0.4713686605666008,0.435,165.0,SELL_NO
1779830124.5197668,75786.89308888075,75787.88668583089,0.42021863128170617,0.435,595.54,SELL_YES
1779830124.625555,75786.89308888075,75787.88668583089,0.5159140240368845,0.435,100.4,SELL_NO
1779830124.6350398,75786.89308888075,75787.88668583089,0.5107718723218461,0.435,102.42,SELL_NO
1779830124.6430943,75786.89308888075,75787.88668583089,0.4988509809972778,0.435,208.03450425915548,BUY_YES
1779830124.846427,75786.89308888075,75787.88668583089,0.35353197290453453,0.435,560.54,BUY_NO
1779830124.8551562,75786.89308888075,75787.88668583089,0.36615353313765775,0.435,241.1,BUY_NO
1779830124.8705268,75786.89308888075,75787.88668583089,0.3966934327883174,0.435,505.15,SELL_YES
1779830124.883338,75786.89308888075,75787.88668583089,0.4532162764043092,0.435,95.4,SELL_NO
1779830124.8886955,75786.89308888075,75787.88668583089,0.475671205498972,0.435,102.42,SELL_NO
1779830124.897651,75786.89308888075,75787.88668583089,0.4907797771959529,0.435,197.70930500211205,BUY_YES
1779830124.921634,75786.89308888075,75787.88668583089,0.4684955576951251,0.435,90.4,SELL_NO
1779830124.9392498,75786.89308888075,75787.88668583089,0.4091206482650102,0.435,506.54,SELL_YES
1779830124.9580758,75786.89308888075,75787.88668583089,0.4646729919935321,0.435,102.42,SELL_NO
1779830124.9673605,75786.89308888075,75787.88668583089,0.46666472247897234,0.435,215.0,SELL_NO
1779830124.9948893,75786.89308888075,75787.88668583089,0.4113866546586441,0.435,316.1,SELL_YES
1779830125.017927,75786.89308888075,75787.88668583089,0.3730428957354929,0.435,522.54,BUY_NO
1779830125.023956,75786.89308888075,75787.88668583089,0.38483433670940215,0.435,120.01885328197386,BUY_NO
1779830125.0638452,75786.89308888075,75787.88668583089,0.404397677157548,0.435,328.46907549750506,SELL_YES
1779830125.074687,75786.89308888075,75787.88668583089,0.38785344748471934,0.435,258.99114954444553,BUY_NO
1779830125.4335515,75786.89308888075,75787.88668583089,0.37620665468553566,0.435,438.39897331320435,BUY_NO
1779830125.5620399,75786.89308888075,75787.88668583089,0.3701720468355435,0.435,219.97248877698007,BUY_NO
1779830126.1450446,75786.89308888075,75787.88668583089,0.47767412146589616,0.435,153.13,BUY_YES
1779830126.152079,75786.89308888075,75787.88668583089,0.47317927155230394,0.435,152.42,BUY_YES
1779830126.1858058,75786.89308888075,75787.88668583089,0.423463571717799,0.435,305.54999999999995,SELL_YES
1779830126.2032428,75786.89308888075,75787.88668583089,0.4760094671602352,0.435,215.0,BUY_YES
1779830126.234531,75786.89308888075,75787.88668583089,0.47613335111570443,0.435,257.39,SELL_NO
1779830126.2591565,75786.89308888075,75787.88668583089,0.4168659426643976,0.435,126.21000000000004,SELL_YES
1779830126.6034243,75788.50926933427,75787.88668583089,0.48596846909476277,0.435,132.7022531977569,BUY_YES
1779830127.0941832,75788.50926933427,75787.88668583089,0.4224490849637815,0.435,221.49225319775687,SELL_YES
1779830127.7090712,75788.24359937708,75787.88668583089,0.5034438108062949,0.435,97.2,SELL_NO
1779830127.7171917,75788.24359937708,75787.88668583089,0.495818370606242,0.435,140.42,BUY_YES
1779830127.7233648,75788.24359937708,75787.88668583089,0.48040692590508954,0.435,220.51,BUY_YES
1779830127.8953457,75788.24359937708,75787.88668583089,0.4231992275199371,0.435,196.7,SELL_YES
1779830127.9223127,75788.24359937708,75787.88668583089,0.4144783802809815,0.435,164.22999999999996,SELL_YES
1779830128.0428274,75788.24359937708,75787.88668583089,0.5036360585747721,0.435,107.2,SELL_NO
1779830128.0488832,75788.24359937708,75787.88668583089,0.4921210706715273,0.435,150.42,BUY_YES
1779830128.0771117,75788.24359937708,75787.88668583089,0.47409165517064505,0.435,220.51,BUY_YES
1779830128.09403,75788.24359937708,75787.88668583089,0.4138083747770303,0.435,145.7,SELL_YES
1779830128.101074,75788.24359937708,75787.88668583089,0.40378738332403663,0.435,225.22999999999996,SELL_YES
1779830128.3749285,75788.24359937708,75787.88668583089,0.5028196706547502,0.435,287.39,BUY_YES
1779830128.6207504,75788.24359937708,75787.88668583089,0.38678658693580237,0.435,148.82,SELL_YES
1779830128.6292503,75788.24359937708,75787.88668583089,0.39644592990261496,0.435,138.57,SELL_YES
1779830128.72979,75788.24359937708,75787.88668583089,0.532599082469775,0.435,115.88,BUY_YES
1779830128.7372088,75788.24359937708,75787.88668583089,0.5257148734360704,0.435,155.42,BUY_YES
1779830128.743511,75788.24359937708,75787.88668583089,0.5094520714908686,0.435,220.51,BUY_YES
1779830128.7529619,75788.24359937708,75787.88668583089,0.4868151883387734,0.435,132.31954002601674,BUY_YES
1779830128.777643,75788.24359937708,75787.88668583089,0.40641538721728876,0.435,138.51999999999998,SELL_YES
1779830128.7855346,75788.24359937708,75787.88668583089,0.39743780199814915,0.435,445.15,SELL_YES
1779830128.8283417,75788.24359937708,75787.88668583089,0.539088507000126,0.435,136.88,BUY_YES
1779830128.8356032,75788.24359937708,75787.88668583089,0.5339127967611915,0.435,155.42,BUY_YES
1779830128.8419573,75788.24359937708,75787.88668583089,0.518593064344417,0.435,220.51,BUY_YES
1779830128.8478005,75788.24359937708,75787.88668583089,0.4959773186610586,0.435,262.39,BUY_YES
1779830128.8734982,75788.24359937708,75787.88668583089,0.3771124619457767,0.435,114.17,BUY_NO
1779830128.8806417,75788.24359937708,75787.88668583089,0.36892761315741407,0.435,277.09,SELL_YES
1779830128.888137,75788.24359937708,75787.88668583089,0.3824927258126456,0.435,430.15,SELL_YES
1779830128.9084725,75788.24359937708,75787.88668583089,0.4877127804678069,0.435,165.0,BUY_YES
1779830128.91613,75788.24359937708,75787.88668583089,0.5007237402765683,0.435,123.15732555560021,BUY_YES
1779830128.922588,75788.24359937708,75787.88668583089,0.5031525081353648,0.435,158.18267444439977,SELL_NO
1779830129.433193,75788.67286437927,75787.88668583089,0.5038274814125611,0.435,130.96,BUY_YES
1779830129.4406009,75788.67286437927,75787.88668583089,0.4969753965347744,0.435,155.42,BUY_YES
1779830129.447932,75788.67286437927,75787.88668583089,0.4810256224721429,0.435,220.51,SELL_NO
1779830129.621142,75788.67286437927,75787.88668583089,0.4567686011018686,0.435,93.00999999999999,SELL_NO
1779830129.6446266,75788.67286437927,75787.88668583089,0.4691250973767042,0.435,223.97,BUY_YES
1779830129.652408,75788.67286437927,75787.88668583089,0.4671858562550481,0.435,150.42,SELL_NO
1779830129.8880703,75788.67286437927,75787.88668583089,0.45252674482919064,0.435,218.69,SELL_NO
1779830129.9380918,75788.67286437927,75787.88668583089,0.4555813925234154,0.435,220.32,SELL_NO
1779830129.95854,75788.67286437927,75787.88668583089,0.4652581652403442,0.435,215.77,SELL_NO
1779830129.9680786,75788.67286437927,75787.88668583089,0.462289875374746,0.435,140.42,SELL_NO
1779830130.1279185,75788.67286437927,75787.88668583089,0.4830191771504478,0.435,227.77,BUY_YES
1779830130.1368897,75788.67286437927,75787.88668583089,0.480377227655663,0.435,140.42,SELL_NO
1779830130.1438563,75788.67286437927,75787.88668583089,0.4869737659238096,0.435,114.13,BUY_YES
1779830130.1532302,75788.67286437927,75787.88668583089,0.4839653684422688,0.435,140.42,SELL_NO
1779830130.169255,75788.67286437927,75787.88668583089,0.4787480224699408,0.435,216.62515622170858,SELL_NO
1779830130.5655537,75790.0436689948,75787.88668583089,0.5112328144814796,0.435,117.00000000000001,BUY_YES
1779830130.922809,75790.0436689948,75787.88668583089,0.5103714780747292,0.435,125.71,BUY_YES
1779830133.890454,75793.94455581851,75787.88668583089,0.5053142326924814,0.445,130.84,BUY_YES
1779830134.1939788,75793.94455581851,75787.88668583089,0.5123591245912514,0.445,230.69,BUY_YES
1779830134.3371594,75793.94455581851,75787.88668583089,0.506505568070874,0.445,114.79,BUY_YES
1779830134.3684626,75793.94455581851,75787.88668583089,0.5205394450938764,0.445,235.69,BUY_YES
1779830134.420462,75793.94455581851,75787.88668583089,0.4327167901316464,0.445,273.9679408103261,BUY_NO
1779830134.4613929,75793.94455581851,75787.88668583089,0.5029855193282845,0.45499999999999996,155.42,SELL_NO
1779830134.468635,75793.94455581851,75787.88668583089,0.49577666606065596,0.45499999999999996,118.54794081032614,SELL_NO
1779830134.9688065,75795.10249789806,75787.88668583089,0.5330308652624126,0.46499999999999997,141.38608517269995,BUY_YES
1779830135.586188,75795.10249789806,75787.88668583089,0.5676700188546967,0.46499999999999997,115.03,BUY_YES
1779830135.598845,75795.10249789806,75787.88668583089,0.5610772924969967,0.46499999999999997,300.7,BUY_YES
1779830135.8048005,75795.10249789806,75787.88668583089,0.5596600873320526,0.46499999999999997,200.03,BUY_YES
1779830139.2470427,75799.73460581573,75787.88668583089,0.5664679699389186,0.475,111.7,BUY_YES
1779830139.302343,75799.73460581573,75787.88668583089,0.5714751602612329,0.475,112.36,BUY_YES
1779830139.834275,75799.73460581573,75787.88668583089,0.5855831415485947,0.475,194.34,BUY_YES
1779830139.843904,75799.73460581573,75787.88668583089,0.5975692214455509,0.475,222.64,BUY_YES
1779830139.852591,75799.73460581573,75787.88668583089,0.5932324447968443,0.475,185.0834394289118,BUY_YES
1779830140.0569882,75799.73460581573,75787.88668583089,0.607848424039329,0.475,109.28000000000003,BUY_YES
1779830140.2888005,75799.73460581573,75787.88668583089,0.5930819524060256,0.475,172.05,BUY_YES
1779830140.6285684,75800.84528506653,75787.88668583089,0.6200006200091085,0.475,135.00000000000003,BUY_YES
1779830140.640001,75800.84528506653,75787.88668583089,0.6126666316500545,0.475,165.16,BUY_YES
1779830141.5424886,75800.84528506653,75787.88668583089,0.607697860368542,0.475,264.95,BUY_YES
1779830143.0965457,75802.52187916315,75787.88668583089,0.6177295322338112,0.475,274.53,BUY_YES
1779830143.787541,75807.39908912042,75787.88668583089,0.6296638390738867,0.475,162.5560078490853,BUY_YES
1779830144.2799845,75807.39908912042,75787.88668583089,0.6556012194892744,0.475,294.95,BUY_YES
1779830144.3067443,75807.39908912042,75787.88668583089,0.6438751771621118,0.475,200.16,BUY_YES
1779830144.9769697,75807.39908912042,75787.88668583089,0.6537999763286318,0.475,241.31,BUY_YES
1779830145.2277064,75807.39908912042,75787.88668583089,0.6583380577223231,0.475,221.68,BUY_YES
1779830148.2653453,75828.22107034904,75787.88668583089,0.6163166995168656,0.785,701.43,BUY_NO
1779830148.280117,75828.22107034904,75787.88668583089,0.6260677328442057,0.785,570.09,BUY_NO
1779830148.290779,75828.22107034904,75787.88668583089,0.6442643462019954,0.785,424.58,BUY_NO
1779830148.3135328,75828.22107034904,75787.88668583089,0.6928520360649405,0.785,76.0,SELL_YES
1779830148.3262582,75828.22107034904,75787.88668583089,0.7073668805600017,0.785,380.9,SELL_YES
1779830148.3347797,75828.22107034904,75787.88668583089,0.7209405780407926,0.785,416.53,SELL_YES
1779830148.7180045,75828.22107034904,75787.88668583089,0.7536325796014813,0.785,1261.96,SELL_YES
1779830148.818851,75828.22107034904,75787.88668583089,0.7680216160077381,0.785,93.58000000000004,SELL_YES
1779830148.941835,75828.22107034904,75787.88668583089,0.7396680288201968,0.785,463.48439533887677,BUY_NO
1779830148.9512205,75828.22107034904,75787.88668583089,0.73559627748194,0.785,735.4156046611232,SELL_YES
1779830149.15959,75828.22107034904,75787.88668583089,0.7411799093321069,0.785,795.48,SELL_YES
1779830149.1912546,75828.22107034904,75787.88668583089,0.7733404394713176,0.785,602.83,SELL_YES
1779830149.226716,75828.22107034904,75787.88668583089,0.8229621957021449,0.785,201.73,BUY_YES
1779830149.2705255,75828.22107034904,75787.88668583089,0.7640782280107616,0.785,1105.47,SELL_YES
1779830149.303924,75828.22107034904,75787.88668583089,0.8052621329448187,0.785,114.09351249289261,BUY_YES
1779830149.3236156,75828.22107034904,75787.88668583089,0.772766664827607,0.785,535.36,SELL_YES
1779830149.3580794,75828.22107034904,75787.88668583089,0.7693835580343179,0.785,340.74030586408446,SELL_YES
1779830149.4870172,75828.22107034904,75787.88668583089,0.7259561255474424,0.785,589.88,BUY_NO
1779830149.6951494,75828.22107034904,75787.88668583089,0.8042785275052637,0.785,200.73,BUY_YES
1779830149.801404,75828.22107034904,75787.88668583089,0.7448852419841593,0.785,200.73,SELL_YES
1779830149.8109221,75828.22107034904,75787.88668583089,0.7126569939137507,0.785,384.76,BUY_NO
1779830149.8562715,75828.22107034904,75787.88668583089,0.7142043630867244,0.785,538.7668128279656,BUY_NO
1779830150.4248426,75828.3478020763,75787.88668583089,0.7051693941621612,0.785,496.6151569589465,BUY_NO
1779830150.5770574,75828.3478020763,75787.88668583089,0.6786986432722885,0.785,698.76,BUY_NO
1779830150.8453465,75828.3478020763,75787.88668583089,0.6682992896851501,0.785,667.01,BUY_NO
1779830150.8849738,75828.3478020763,75787.88668583089,0.6583674911260058,0.785,732.01,BUY_NO
1779830151.6191657,75828.3478020763,75787.88668583089,0.6394287063750379,0.785,736.44,BUY_NO
1779830151.9369495,75828.3478020763,75787.88668583089,0.6406285028992282,0.785,672.7452592751024,BUY_NO
1779830152.1405566,75828.3478020763,75787.88668583089,0.6224286638315472,0.785,714.72,BUY_NO
1779830152.1797981,75828.36067078532,75787.88668583089,0.6109907816152731,0.785,714.72,BUY_NO
1779830159.867041,75833.51378800928,75787.88668583089,0.8155712941047848,0.805,71.5,BUY_YES
1779830159.9045906,75833.51378800928,75787.88668583089,0.7929277428971261,0.805,71.5,SELL_YES
1779830160.3901253,75833.51378800928,75787.88668583089,0.8164989845549541,0.805,66.5,BUY_YES
1779830160.4881296,75833.51378800928,75787.88668583089,0.7926303801984881,0.805,66.5,SELL_YES
1779830170.2290883,75826.87908623085,75787.88668583089,0.669964696102634,0.825,430.8915290758996,BUY_NO
1779830170.9131079,75826.87908623085,75787.88668583089,0.6590544034414626,0.825,671.02,BUY_NO
1779830171.8684227,75828.74368015696,75787.88668583089,0.6506647543814259,0.825,521.6260052221023,BUY_NO
1779830172.063978,75828.74368015696,75787.88668583089,0.6397411296647718,0.825,602.44,BUY_NO
1779830172.3197985,75828.74368015696,75787.88668583089,0.6266682157850179,0.825,622.23,BUY_NO
1779830184.5422244,75830.64147090392,75787.88668583089,0.8601978519601522,0.8300000000000001,388.42,BUY_YES
1779830185.0879862,75830.64147090392,75787.88668583089,0.8043562905199171,0.815,152.7,SELL_YES
1779830185.259242,75830.64147090392,75787.88668583089,0.8257555107455592,0.815,110.0,BUY_YES
1779830185.310534,75830.64147090392,75787.88668583089,0.8007974952936289,0.815,115.0,SELL_YES
1779830185.685707,75830.64147090392,75787.88668583089,0.8034434313126498,0.815,100.0,SELL_YES
1779830185.8138323,75830.64147090392,75787.88668583089,0.7946144786380525,0.815,130.72000000000003,SELL_YES
1779830193.9728777,75830.63329549872,75787.88668583089,0.8303744737334521,0.815,653.8578727127995,BUY_YES
1779830193.987451,75830.63329549872,75787.88668583089,0.8383557500467794,0.815,493.0227983077623,BUY_YES
1779830194.0036387,75830.63329549872,75787.88668583089,0.8459379625444404,0.815,463.0847121506142,BUY_YES
1779830194.0117638,75830.63329549872,75787.88668583089,0.8531410644172184,0.815,434.3051584686723,BUY_YES
1779830194.2015004,75830.63329549872,75787.88668583089,0.8599840111963574,0.815,407.62746435903796,BUY_YES
1779830194.2090292,75830.63329549872,75787.88668583089,0.8664848106365395,0.815,382.84995295037834,BUY_YES
1779830194.2197852,75830.63329549872,75787.88668583089,0.8726605701047124,0.815,359.80913725199935,BUY_YES
1779830194.2267556,75830.63329549872,75787.88668583089,0.8785275415994768,0.815,338.3583489873645,BUY_YES
1779830194.2362638,75830.63329549872,75787.88668583089,0.8841011645195028,0.815,318.3660044530875,BUY_YES
1779830194.2424974,75830.63329549872,75787.88668583089,0.8865675344038779,0.815,130.51998539155056,BUY_YES
1779830194.2517095,75830.63329549872,75787.88668583089,0.8850194273983364,0.815,4526.408564966734,SELL_NO
1779830194.2672586,75830.63329549872,75787.88668583089,0.7997050332269984,0.815,460.25,SELL_YES
1779830194.2757976,75830.63329549872,75787.88668583089,0.7602197815656484,0.815,305.35,SELL_YES
1779830194.2832,75830.63329549872,75787.88668583089,0.7227087924873659,0.815,369.48,SELL_YES
1779830194.2891028,75830.63329549872,75787.88668583089,0.6870733528629975,0.815,1081.98,SELL_YES
1779830194.2946885,75830.63329549872,75787.88668583089,0.6532196852198475,0.815,933.4300000000001,SELL_YES
1779830194.302021,75830.63329549872,75787.88668583089,0.623457153977509,0.815,602.4000000000001,SELL_YES
1779830194.3069701,75830.63329549872,75787.88668583089,0.6095092241712045,0.815,228.91143503326634,SELL_YES
1779830195.121217,75830.63329549872,75787.88668583089,0.8259798590533969,0.815,171.3099999999995,BUY_YES
1779830195.5565805,75832.10169322474,75787.88668583089,0.8251339828654504,0.815,154.37607642486222,BUY_YES
1779830196.0912461,75832.10169322474,75787.88668583089,0.8265257682700614,0.815,87.45140821432506,BUY_YES
1779830196.1097846,75832.10169322474,75787.88668583089,0.8267085980434712,0.815,7427.81059373216,SELL_NO
1779830196.1194935,75832.10169322474,75787.88668583089,0.8348283655661021,0.815,544.6925470770943,BUY_YES
1779830196.1742685,75832.10169322474,75787.88668583089,0.8289169537416462,0.805,205.84389187862712,BUY_YES
1779830196.1831198,75832.10169322474,75787.88668583089,0.8369711060545638,0.805,491.0148202573364,BUY_YES
1779830196.1904268,75832.10169322474,75787.88668583089,0.8446225507518356,0.805,455.833144656787,BUY_YES
1779830196.1997347,75832.10169322474,75787.88668583089,0.8518914232142437,0.805,427.8664836824505,BUY_YES
1779830196.2153285,75832.10169322474,75787.88668583089,0.8653570094508549,0.805,311.1445632264972,BUY_YES
1779830196.2224402,75832.10169322474,75787.88668583089,0.8715891589783121,0.805,378.1539053061615,BUY_YES
1779830196.2300053,75832.10169322474,75787.88668583089,0.8775097010293965,0.805,352.2953033175577,BUY_YES
1779830196.235773,75832.10169322474,75787.88668583089,0.8831342159779266,0.805,331.5895425882977,BUY_YES
1779830196.2427893,75832.10169322474,75787.88668583089,0.8884775051790302,0.805,312.12710429868184,BUY_YES
1779830196.2502801,75832.10169322474,75787.88668583089,0.8935536299200787,0.805,293.9618618360837,BUY_YES
1779830196.2553902,75832.10169322474,75787.88668583089,0.8983759484240748,0.805,276.9845804170018,BUY_YES
1779830196.2633574,75832.10169322474,75787.88668583089,0.9018516677378172,0.805,193.7314407070844,BUY_YES
1779830197.6942747,75832.76338868472,75787.88668583089,0.7905313080445957,0.805,163.32,SELL_YES
1779830199.854383,75832.63447610215,75787.88668583089,0.7917981461680205,0.805,186.15,SELL_YES
1779830201.3949263,75832.61251282184,75787.88668583089,0.7940153094107181,0.805,186.15,SELL_YES
1779830202.421054,75832.56427469212,75787.88668583089,0.7909348470443223,0.805,186.15,SELL_YES
1779830202.5381482,75832.56427469212,75787.88668583089,0.7824478210290987,0.805,287.27,BUY_NO
1779830202.5726244,75832.56427469212,75787.88668583089,0.8159015231667103,0.805,287.27,SELL_NO
1779830202.6116633,75832.56427469212,75787.88668583089,0.7721885897143864,0.805,120.6,SELL_YES
1779830203.7190673,75833.9815933869,75787.88668583089,0.7949026768101036,0.805,288.99738301033256,BUY_NO
1779830203.7407837,75833.9815933869,75787.88668583089,0.8156232026301882,0.805,288.99738301033256,SELL_NO
1779830216.6423001,75848.9371695153,75787.88668583089,0.8887758225313817,0.815,80.67920313590639,BUY_YES
1779830216.7866483,75848.9371695153,75787.88668583089,0.8900995824154546,0.815,76.63784756979476,BUY_YES
1779830216.967301,75848.9371695153,75787.88668583089,0.8915177244609754,0.815,82.488275917809,BUY_YES
1779830217.384127,75848.9371695153,75787.88668583089,0.894708710864837,0.815,190.5489139621077,BUY_YES
1779830217.4969616,75848.9371695153,75787.88668583089,0.8962644633910282,0.815,83.18684521281557,BUY_YES
1779830217.6737854,75848.9371695153,75787.88668583089,0.8975511122476347,0.815,73.2322948280189,BUY_YES
1779830218.1096435,75852.60162234007,75787.88668583089,0.8988156769743925,0.815,72.3614254124077,BUY_YES
1779830218.296476,75852.60162234007,75787.88668583089,0.9003075786781655,0.815,86.11141730657891,BUY_YES
1779830218.5063424,75852.60162234007,75787.88668583089,0.9014759949056735,0.815,65.31497174214292,BUY_YES
1779830218.6057065,75852.60162234007,75787.88668583089,0.9026347726107793,0.815,65.99363713856292,BUY_YES
1779830218.940009,75852.60162234007,75787.88668583089,0.9039477872534636,0.815,75.18610563688162,BUY_YES
1779830219.1350696,75852.60162234007,75787.88668583089,0.9053306047391603,0.815,78.62289402836541,BUY_YES
1779830219.269316,75852.60162234007,75787.88668583089,0.9068180538226254,0.815,84.54154125456535,BUY_YES
1779830219.4242616,75852.60162234007,75787.88668583089,0.9080153263007747,0.815,66.34762266181588,BUY_YES
1779830219.8730621,75852.60162234007,75787.88668583089,0.9095355389654701,0.815,87.06003069863618,BUY_YES
1779830220.205778,75852.60162234007,75787.88668583089,0.9128202373202248,0.815,191.89264524343434,BUY_YES
1779830220.2175689,75852.60162234007,75787.88668583089,0.9166792254542134,0.815,217.61450457499814,BUY_YES
1779830220.2238905,75852.60162234007,75787.88668583089,0.920312977575404,0.815,200.69799583320855,BUY_YES
1779830220.2337868,75852.60162234007,75787.88668583089,0.9220872572728736,0.815,89.48138156632649,BUY_YES
1779830220.5920732,75852.60162234007,75787.88668583089,0.924032377961248,0.815,108.73264630702579,BUY_YES
1779830220.94393,75852.60162234007,75787.88668583089,0.9268912594561733,0.815,161.31642245429248,BUY_YES
1779830220.9510794,75852.60162234007,75787.88668583089,0.9295336414438613,0.815,143.08765646996653,BUY_YES
1779830220.9641893,75852.60162234007,75787.88668583089,0.9310855958417225,0.815,79.23223240668085,BUY_YES
1779830221.4018893,75853.53793652302,75787.88668583089,0.9340370552097429,0.815,167.99335332159444,BUY_YES
1779830224.7737646,75853.43339536096,75787.88668583089,0.9353457153600855,0.815,61.58964704651589,BUY_YES
1779830235.415911,75853.62477863744,75787.88668583089,0.9366828104955917,0.815,73.25060955043318,BUY_YES
1779830240.6567838,75851.533845,75787.88668583089,0.7964176148961053,0.825,370.08,BUY_NO
1779830240.6677175,75851.533845,75787.88668583089,0.7570967341513,0.825,1036.22,BUY_NO
1779830240.6749427,75851.533845,75787.88668583089,0.7197418974437348,0.825,299.41,BUY_NO
1779830240.6852994,75851.533845,75787.88668583089,0.684254802571548,0.825,406.34,BUY_NO
1779830240.6951644,75851.533845,75787.88668583089,0.6505420624429705,0.825,249.0,BUY_NO
1779830240.7100086,75851.533845,75787.88668583089,0.6185149593208219,0.825,281.3,BUY_NO
1779830240.7943566,75851.533845,75787.88668583089,0.40260109473464833,0.825,535.04,SELL_YES
1779830240.8056316,75851.533845,75787.88668583089,0.41308898639521946,0.825,192.6,BUY_NO
1779830240.8535426,75851.533845,75787.88668583089,0.5074000026355965,0.825,69.01999999999998,SELL_YES
1779830240.9477725,75851.533845,75787.88668583089,0.6963620979242363,0.825,69.34999999999991,SELL_YES
1779830250.2858372,75840.83759542833,75787.88668583089,0.8936378151646375,0.825,307.79,SELL_NO
1779830251.2488244,75841.08930848523,75787.88668583089,0.8995153217349247,0.825,424.49,SELL_NO
1779830252.2183318,75840.99793580857,75787.88668583089,0.8990952100498049,0.825,375.45,SELL_NO
1779830256.44296,75840.94378436836,75787.88668583089,0.8988576712355065,0.825,298.73,SELL_NO
1779830257.145165,75840.87493819674,75787.88668583089,0.8966726001182388,0.825,309.44,SELL_NO
1779830257.585259,75840.87493819674,75787.88668583089,0.8983150459114477,0.825,313.41,SELL_NO
1779830263.8519,75846.9056254074,75787.88668583089,0.9330364958978695,0.825,170.80599301981056,BUY_YES
1779830263.8851473,75846.9056254074,75787.88668583089,0.9399042210846326,0.825,99.00856503660816,BUY_YES
1779830264.1327226,75847.30962491893,75787.88668583089,0.9360713057717964,0.825,64.1434484236488,BUY_YES
1779830268.768539,75851.45135976576,75787.88668583089,0.9420989426696877,0.835,63.13412784708726,BUY_YES
1779830269.352527,75852.68313185597,75787.88668583089,0.9434553420902494,0.835,81.99212432112563,BUY_YES
1779830269.7573323,75852.68313185597,75787.88668583089,0.9446891167207597,0.835,72.02879472272525,BUY_YES
1779830270.6859272,75853.94925289827,75787.88668583089,0.9457288135398556,0.835,60.24208023277879,BUY_YES
1779830270.7468066,75853.94925289827,75787.88668583089,0.9468059649337102,0.835,63.722261949123094,BUY_YES
1779830270.9866838,75853.94925289827,75787.88668583089,0.9478600456090314,0.835,61.757123301404135,BUY_YES
1779830270.9956667,75853.94925289827,75787.88668583089,0.9496101037737481,0.835,106.73860326212434,BUY_YES
1779830271.3634973,75853.94925289827,75787.88668583089,0.9513742349516464,0.835,102.76915860525514,BUY_YES
1779830271.4963224,75853.94925289827,75787.88668583089,0.9525705350265072,0.835,66.27715642950443,BUY_YES
1779830272.1333678,75854.65922624433,75787.88668583089,0.953660234054517,0.835,63.08536397379703,BUY_YES
1779830274.539083,75856.72037968216,75787.88668583089,0.9589168731173005,0.845,67.24481753952477,BUY_YES
1779830274.5542474,75856.72037968216,75787.88668583089,0.9599447102129713,0.845,62.235381656195386,BUY_YES
1779830274.7192264,75856.72037968216,75787.88668583089,0.9614813651636142,0.845,97.0360438265534,BUY_YES
1779830275.275349,75857.07017144849,75787.88668583089,0.9626365018177343,0.845,67.17293726630942,BUY_YES
1779830275.3027236,75857.07017144849,75787.88668583089,0.9637609562228479,0.845,68.27725090763579,BUY_YES
1779830288.6244476,75857.1795157867,75787.88668583089,0.9369730543541818,0.975,1088.31,SELL_YES
1779830288.632041,75857.1795157867,75787.88668583089,0.9374546921077028,0.975,662.77,SELL_YES
1779830288.9760394,75857.1795157867,75787.88668583089,0.951667246740757,0.975,1108.31,SELL_YES
1779830290.725631,75857.1795157867,75787.88668583089,0.9579419378809622,0.975,1309.31,SELL_YES
1779830291.128959,75857.1795157867,75787.88668583089,0.9552641345144876,0.975,1305.31,SELL_YES
1779830291.2694554,75857.1795157867,75787.88668583089,0.9485932208159307,0.975,1351.31,SELL_YES
1779830291.2946546,75857.1795157867,75787.88668583089,0.9354413319139872,0.975,848.1500274909454,SELL_YES
1779830292.7584405,75861.9330151221,75787.88668583089,0.9850636361077811,0.975,1777.85,BUY_YES
1779830292.7670348,75861.9330151221,75787.88668583089,0.9363313820129584,0.975,1280.31,SELL_YES
1779830292.7745314,75861.9330151221,75787.88668583089,0.9155067337494006,0.975,497.53999999999996,SELL_YES
1779830293.6878436,75864.27196769822,75787.88668583089,0.9899315972707453,0.975,1776.82,BUY_YES
1779830293.702031,75864.27196769822,75787.88668583089,0.9584477420378719,0.975,1250.31,SELL_YES
1779830294.3887317,75864.27196769822,75787.88668583089,0.9898131939347666,0.975,1756.82,BUY_YES
1779830294.4047773,75864.27196769822,75787.88668583089,0.9608133013034789,0.975,744.43,SELL_YES
1779830295.0504444,75865.5397819954,75787.88668583089,0.9892351769813686,0.975,1746.96,BUY_YES
1779830295.0671341,75865.5397819954,75787.88668583089,0.9598216994296774,0.975,744.43,SELL_YES
1779830297.2301483,75866.23152903296,75787.88668583089,0.9899319675404457,0.975,956.06,BUY_YES
1779830297.2525086,75866.23152903296,75787.88668583089,0.9642143408062658,0.975,977.33,SELL_YES
1779830297.5966265,75866.23152903296,75787.88668583089,0.9854920320660554,0.975,91.4579789982381,BUY_YES
1779830297.6048172,75866.23152903296,75787.88668583089,0.9856843147074431,0.975,87.53550875534802,BUY_YES
1779830297.6256146,75867.81479388969,75787.88668583089,0.9858361981707053,0.975,68.28780493621525,BUY_YES
1779830297.6417825,75867.81479388969,75787.88668583089,0.9860025281228897,0.975,75.79564862091092,BUY_YES
1779830297.651834,75867.81479388969,75787.88668583089,0.9862024017167451,0.975,91.14748571779455,BUY_YES
1779830297.6572976,75867.81479388969,75787.88668583089,0.9863922816309078,0.975,85.4617793273037,BUY_YES
1779830297.6705432,75867.81479388969,75787.88668583089,0.9865604477063035,0.975,75.23862347248087,BUY_YES
1779830297.6940186,75867.81479388969,75787.88668583089,0.986732714926401,0.975,77.47139805695906,BUY_YES
1779830297.7026148,75867.81479388969,75787.88668583089,0.9868960791800809,0.975,72.9712359229843,BUY_YES
1779830297.7128384,75867.81479388969,75787.88668583089,0.9870512752210768,0.975,69.1798206625308,BUY_YES
1779830297.7201986,75867.81479388969,75787.88668583089,0.9871987114600229,0.975,65.57104909793088,BUY_YES
1779830297.729498,75867.81479388969,75787.88668583089,0.9873385856905418,0.975,62.069666427887114,BUY_YES
1779830297.7534559,75867.81479388969,75787.88668583089,0.9875174055092617,0.975,80.37868148799998,BUY_YES
1779830297.7905004,75867.81479388969,75787.88668583089,0.9876722318903439,0.975,67.92620273894454,BUY_YES
1779830297.8091443,75867.81479388969,75787.88668583089,0.9878777276942543,0.975,92.15824188376246,BUY_YES
1779830297.8334403,75867.81479388969,75787.88668583089,0.9880443479414008,0.975,72.33240940202586,BUY_YES
1779830297.8553927,75867.81479388969,75787.88668583089,0.9882030033361787,0.975,69.60920917374187,BUY_YES
1779830297.8779926,75867.81479388969,75787.88668583089,0.9883661201826024,0.975,71.6856532837628,BUY_YES
1779830297.9023073,75867.81479388969,75787.88668583089,0.9884909682234838,0.975,53.579696212209,BUY_YES
1779830297.9177828,75867.81479388969,75787.88668583089,0.988638098821694,0.975,64.97231167429345,BUY_YES
1779830297.929598,75867.81479388969,75787.88668583089,0.9887708841865787,0.975,57.44267109170278,BUY_YES
1779830297.9428778,75867.81479388969,75787.88668583089,0.9888907229783871,0.975,51.810332354199545,BUY_YES
1779830297.9610424,75867.81479388969,75787.88668583089,0.9890489336135945,0.975,69.87272393683452,BUY_YES
1779830297.9793584,75867.81479388969,75787.88668583089,0.9891845794569554,0.975,58.05563448614066,BUY_YES
1779830298.0042384,75867.81479388969,75787.88668583089,0.9893358348713116,0.975,65.9593783091832,BUY_YES
1779830298.028203,75867.81479388969,75787.88668583089,0.9894590333516512,0.975,52.30184384614131,BUY_YES
1779830298.058057,75867.81479388969,75787.88668583089,0.9895814103196842,0.975,52.78217083197069,BUY_YES
1779830298.0917006,75867.81479388969,75787.88668583089,0.9897076832144751,0.975,54.44814306880562,BUY_YES
1779830298.1403308,75867.81479388969,75787.88668583089,0.9898337301854191,0.975,54.12112255566626,BUY_YES
1779830298.4513226,75867.81479388969,75787.88668583089,0.9899538784871096,0.975,51.326595221836214,BUY_YES
1779830400.2829063,75872.80140772875,75872.80140772875,0.7647764429546908,0.7647764429546908,102472.36,BUY_NO
1779830400.3091462,75872.80140772875,75872.80140772875,0.6226686039738024,0.6226686039738024,234.13732258090567,SELL_YES
1779830400.3146257,75872.80140772875,75872.80140772875,0.6165351737751122,0.6165351737751122,201.2433538387968,SELL_YES
1779830400.3190331,75872.80140772875,75872.80140772875,0.6107084150863566,0.6107084150863566,194.25421109256376,SELL_YES
1779830400.3223617,75872.80140772875,75872.80140772875,0.6051729943320389,0.6051729943320389,185.6626851552519,SELL_YES
1779830400.3260105,75872.80140772875,75872.80140772875,0.5999143446154369,0.5999143446154369,177.48182857996017,SELL_YES
1779830400.3308148,75872.80140772875,75872.80140772875,0.594918627384665,0.594918627384665,169.51156860731908,SELL_YES
1779830400.335205,75872.80140772875,75872.80140772875,0.5901726960154318,0.5901726960154318,161.96314849618602,SELL_YES
1779830400.3385174,75872.80140772875,75872.80140772875,0.5856640612146602,0.5856640612146602,154.70298099936872,SELL_YES
1779830400.3417194,75872.80140772875,75872.80140772875,0.5813808581539271,0.5813808581539271,147.73078332221712,SELL_YES
1779830400.3453336,75872.80140772875,75872.80140772875,0.5773118152462308,0.5773118152462308,141.03827555116277,SELL_YES
1779830400.350248,75872.80140772875,75872.80140772875,0.5734462244839192,0.5734462244839192,5429.571414443786,BUY_NO
1779830400.353615,75872.80140772875,75872.80140772875,0.5697739132597233,0.5697739132597233,270.930160016871,SELL_YES
1779830400.3570106,75872.80140772875,75872.80140772875,0.5662852175967371,0.5662852175967371,10609.0,BUY_NO
1779830400.3612406,75872.80140772875,75872.80140772875,0.5629709567169002,0.5629709567169002,8609.0,BUY_NO
1779830400.3663423,75872.80140772875,75872.80140772875,0.5598224088810552,0.5598224088810552,360.2707298348755,SELL_YES
1779830400.3699205,75872.80140772875,75872.80140772875,0.5568312884370024,0.5568312884370024,97.17112757676841,SELL_YES
1779830400.3733597,75872.80140772875,75872.80140772875,0.5539897240151522,0.5539897240151522,101.26682360246559,SELL_YES
1779830400.3772373,75872.80140772875,75872.80140772875,0.5512902378143946,0.5512902378143946,96.2341526537532,SELL_YES
1779830400.3819036,75872.80140772875,75872.80140772875,0.5487257259236749,0.5487257259236749,91.7192921247713,SELL_YES
1779830400.3854177,75872.80140772875,75872.80140772875,0.5462894396274911,0.5462894396274911,87.39402892037606,SELL_YES
1779830400.389161,75872.80140772875,75872.80140772875,0.5439749676461165,0.5439749676461165,83.26094701811644,SELL_YES
1779830400.39303,75872.80140772875,75872.80140772875,0.5417762192638107,0.5417762192638107,79.29150546937831,SELL_YES
1779830400.396464,75872.80140772875,75872.80140772875,0.5396874083006201,0.5396874083006201,75.52377581379938,SELL_YES
1779830400.4012196,75872.80140772875,75872.80140772875,0.5377030378855892,0.5377030378855892,71.92539405594789,SELL_YES
1779830400.4047167,75872.80140772875,75872.80140772875,0.5358178859913096,0.5358178859913096,68.490218989077,SELL_YES
1779830400.4096599,75872.80140772875,75872.80140772875,0.5340269916917442,0.5340269916917442,65.2116212778144,SELL_YES
1779830400.4130797,75872.80140772875,75872.80140772875,0.5323256421071569,0.5323256421071569,62.08317968725328,SELL_YES
1779830400.418256,75872.80140772875,75872.80140772875,0.5307093600017991,0.5307093600017991,59.098666462265555,SELL_YES
1779830400.4217472,75872.80140772875,75872.80140772875,0.5291738920017092,0.5291738920017092,56.2520490824711,SELL_YES
1779830400.425795,75872.80140772875,75872.80140772875,0.5277151974016238,0.5277151974016238,53.53749064398221,SELL_YES
1779830400.429142,75872.80140772875,75872.80140772875,0.5263294375315426,0.5263294375315426,50.949349397768174,SELL_YES
1779830400.4365427,75872.80140772875,75872.80140772875,0.5237623173722171,0.5237623173722171,95.29678619686956,SELL_YES
1779830400.4428785,75872.80140772875,75872.80140772875,0.5214454914284259,0.5214454914284259,85.51049882986865,SELL_YES
1779830400.450233,75872.80140772875,75872.80140772875,0.5193545560141543,0.5193545560141543,77.40405674837223,SELL_YES
1779830400.4561026,75872.80140772875,75872.80140772875,0.5174674868027741,0.5174674868027741,70.03708750756277,SELL_YES
1779830400.461506,75872.80140772875,75872.80140772875,0.5157644068395035,0.5157644068395035,63.35572977199115,SELL_YES
1779830400.468459,75872.80140772875,75872.80140772875,0.5142273771726519,0.5142273771726519,57.298926575704854,SELL_YES
1779830400.4749002,75872.80140772875,75872.80140772875,0.5128402078983182,0.5128402078983182,51.810655771485074,SELL_YES
1779830400.4847763,75872.80140772875,75872.80140772875,0.5110088732468204,0.5110088732468204,68.70319650404758,SELL_YES
1779830400.4956703,75872.80140772875,75872.80140772875,0.5094387326999926,0.5094387326999926,58.85921988639137,SELL_YES
1779830400.516511,75872.80140772875,75872.80140772875,0.5076879067762233,0.5076879067762233,65.86225258689848,SELL_YES
1779830400.531096,75872.80140772875,75872.80140772875,0.506261848118651,0.506261848118651,53.66628603202162,SELL_YES
1779830400.5385654,75872.80140772875,75872.80140772875,0.5056513179270825,0.5056513179270825,5935.501461381078,BUY_NO
1779830400.5450146,75872.80140772875,75872.80140772875,0.5048452987077323,0.5048452987077323,53.62532579455839,SELL_YES
1779830400.5618758,75872.80140772875,75872.80140772875,0.5033836527983242,0.5033836527983242,55.20042579319292,SELL_YES
1779830400.740686,75872.80140772875,75872.80140772875,0.5020259179199139,0.5020259179199139,51.35302315412561,SELL_YES
1779830400.7535155,75872.80140772875,75872.80140772875,0.5016501228077568,0.5016501228077568,6052.521225258135,BUY_NO
1779830400.8058681,75872.87937521558,75872.80140772875,0.7391178315994975,0.7391178315994975,6021.029999999999,BUY_NO
1779830400.9568262,75872.87937521558,75872.80140772875,0.8260242781014135,0.8260242781014135,10845.415096314216,BUY_NO
1779830400.9625764,75872.87937521558,75872.80140772875,0.8096505246931336,0.8096505246931336,15358.790069905284,BUY_NO
1779830400.9700406,75872.87937521558,75872.80140772875,0.7940954603246348,0.7940954603246348,14390.923266929807,BUY_NO
1779830400.975799,75872.87937521558,75872.80140772875,0.779318150231044,0.779318150231044,13610.683349267521,BUY_NO
1779830401.0079062,75872.87937521558,75872.80140772875,0.7652797115331097,0.7652797115331097,12872.503027520084,BUY_NO
1779830401.0349975,75872.87937521558,75872.80140772875,0.7519431997413865,0.7519431997413865,12177.30454840287,BUY_NO
1779830401.0409925,75872.87937521558,75872.80140772875,0.739273514639419,0.739273514639419,11522.194714628888,BUY_NO
1779830401.0537064,75872.87937521558,75872.80140772875,0.7272373161258444,0.7272373161258444,10904.60292984263,BUY_NO
1779830401.0660992,75872.87937521558,75872.80140772875,0.7158029298124213,0.7158029298124213,10322.151733852224,BUY_NO
1779830401.0736258,75872.87937521558,75872.80140772875,0.7049402641961074,0.7049402641961074,9772.636854307726,BUY_NO
1779830401.0856814,75872.87937521558,75872.80140772875,0.6946207340734187,0.6946207340734187,9254.010448438989,BUY_NO
1779830401.091645,75872.87937521558,75872.80140772875,0.6848171815515138,0.6848171815515138,8764.373732483888,BUY_NO
1779830401.0999427,75872.87937521558,75872.80140772875,0.675503808178833,0.675503808178833,8301.957688338764,BUY_NO
1779830401.1068568,75872.87937521558,75872.80140772875,0.6666561047439845,0.6666561047439845,7865.117990928004,BUY_NO
1779830401.1131108,75872.87937521558,75872.80140772875,0.658250787628945,0.658250787628945,7452.321889399027,BUY_NO
1779830401.1214278,75872.87937521558,75872.80140772875,0.6502657378964869,0.6502657378964869,7062.139862509677,BUY_NO
1779830401.127962,75872.87937521558,75872.80140772875,0.642679941850234,0.642679941850234,6693.238951949112,BUY_NO
1779830401.136209,75872.87937521558,75872.80140772875,0.6354734371203474,0.6354734371203474,6344.372867690865,BUY_NO
1779830401.1438172,75872.87937521558,75872.80140772875,0.6286272590238007,0.6286272590238007,6014.377724124992,BUY_NO
1779830401.196356,75872.87937521558,75872.80140772875,0.6221233994792841,0.6221233994792841,5702.156580957002,BUY_NO
1779830401.3565543,75872.87937521558,75872.80140772875,0.61594476234118,0.61594476234118,5406.680060541024,BUY_NO
1779830401.36229,75872.87937521558,75872.80140772875,0.6100750581140298,0.6100750581140298,5127.039254453441,BUY_NO
1779830401.3753917,75872.87937521558,75872.80140772875,0.5992014349812567,0.5992014349812567,9762.042210533167,BUY_NO
1779830401.3879943,75872.87937521558,75872.80140772875,0.5893879946073431,0.5893879946073431,8484.027764661994,BUY_NO
1779830401.3985631,75872.87937521558,75872.80140772875,0.5805313683348858,0.5805313683348858,7652.122097462998,BUY_NO
1779830401.4090445,75872.87937521558,75872.80140772875,0.5725382670198924,0.5725382670198924,6886.761474147206,BUY_NO
1779830401.4211702,75872.87937521558,75872.80140772875,0.5653244974070412,0.5653244974070412,6200.601664353628,BUY_NO
1779830401.433249,75872.87937521558,75872.80140772875,0.5588140745086715,0.5588140745086715,5584.050582328986,BUY_NO
1779830411.6633132,75866.1984010295,75872.88882671358,0.99,0.435,328.33,BUY_YES
1779830411.672619,75866.1984010295,75872.88882671358,0.99,0.435,190.76,BUY_YES
1779830411.6816213,75866.1984010295,75872.88882671358,0.99,0.435,294.0,BUY_YES
1779830411.68811,75866.1984010295,75872.88882671358,0.99,0.435,371.02,BUY_YES
1779830411.701747,75866.1984010295,75872.88882671358,0.99,0.435,264.0,BUY_YES
1779830411.7087045,75866.1984010295,75872.88882671358,0.99,0.435,285.0,BUY_YES
1779830411.715349,75866.1984010295,75872.88882671358,0.99,0.435,355.0,BUY_YES
1779830411.928225,75866.1984010295,75872.88882671358,0.5524012279145044,0.435,327.33,BUY_YES
1779830411.9879334,75866.1984010295,75872.88882671358,0.5164820958328592,0.435,213.33,BUY_YES
1779830412.2179937,75866.1984010295,75872.88882671358,0.4240766220439115,0.435,215.5268398925602,BUY_NO
1779830412.282633,75866.1984010295,75872.88882671358,0.5080166206609787,0.435,192.98,SELL_NO
1779830412.3033075,75866.1984010295,75872.88882671358,0.4177720005809253,0.435,244.95,BUY_NO
1779830412.3235917,75866.1984010295,75872.88882671358,0.4592918157445811,0.435,220.76,SELL_NO
1779830412.3808913,75866.1984010295,75872.88882671358,0.3586764168004092,0.435,129.05,BUY_NO
1779830412.3865278,75866.1984010295,75872.88882671358,0.3735197326228249,0.435,141.26,BUY_NO
1779830412.446872,75866.1984010295,75872.88882671358,0.4158098062597179,0.435,91.0,BUY_NO
1779830412.5032868,75866.1984010295,75872.88882671358,0.42374221369236675,0.435,325.95,SELL_YES
1779830412.5115805,75866.1984010295,75872.88882671358,0.4624511274893175,0.435,136.38,SELL_NO
1779830412.5186055,75866.1984010295,75872.88882671358,0.4630673774050672,0.435,232.76,SELL_NO
1779830412.5527258,75866.1984010295,75872.88882671358,0.34796363504857686,0.435,129.05,BUY_NO
1779830412.5590286,75866.1984010295,75872.88882671358,0.357863485215111,0.435,151.26,BUY_NO
1779830412.5674708,75866.1984010295,75872.88882671358,0.3470372909912844,0.435,320.95,BUY_NO
1779830412.5727813,75866.1984010295,75872.88882671358,0.3709884226854218,0.435,129.05,BUY_NO
1779830412.579887,75866.1984010295,75872.88882671358,0.39953725215912567,0.435,151.26,SELL_YES
1779830412.5908482,75866.1984010295,75872.88882671358,0.4561291609892512,0.435,127.28,SELL_NO
1779830412.5981138,75866.1984010295,75872.88882671358,0.4763705288086244,0.435,232.76,SELL_NO
1779830412.603639,75866.1984010295,75872.88882671358,0.46901975157211584,0.435,289.0,SELL_NO
1779830412.619115,75866.1984010295,75872.88882671358,0.389315883413991,0.435,277.47827363495037,BUY_NO
1779830413.005401,75865.83920969955,75872.88882671358,0.41969925680855225,0.435,292.95,SELL_YES
1779830413.0171707,75865.83920969955,75872.88882671358,0.45976048656602164,0.435,115.91,SELL_NO
1779830413.0247464,75865.83920969955,75872.88882671358,0.46296436083325804,0.435,247.76,SELL_NO
1779830413.074213,75865.83920969955,75872.88882671358,0.34320919375434783,0.435,129.05,BUY_NO
1779830413.0836842,75865.83920969955,75872.88882671358,0.3581704143039228,0.435,151.26,BUY_NO
1779830413.0892286,75865.83920969955,75872.88882671358,0.3845923963748171,0.435,259.1299859950805,BUY_NO
1779830413.104309,75865.83920969955,75872.88882671358,0.4698740935510216,0.435,289.0,SELL_NO
1779830413.116067,75865.83920969955,75872.88882671358,0.475262663311532,0.435,284.42509952259104,SELL_NO
1779830413.1346931,75865.83920969955,75872.88882671358,0.41471432757820803,0.435,260.95,BUY_NO
1779830413.168427,75865.83920969955,75872.88882671358,0.5118231798142773,0.435,109.09,SELL_NO
1779830413.1748421,75865.83920969955,75872.88882671358,0.5065610404480119,0.435,184.81215085645908,BUY_YES
1779830413.4984393,75865.83920969955,75872.88882671358,0.4098664872867726,0.435,95.0,BUY_NO
1779830413.6033945,75865.83920969955,75872.88882671358,0.46034447218820757,0.435,116.78999999999999,SELL_NO
1779830413.635178,75865.83920969955,75872.88882671358,0.4145315995742868,0.435,129.05,SELL_YES
1779830413.6501687,75865.83920969955,75872.88882671358,0.44620137606710336,0.435,130.07,SELL_NO
1779830413.6715646,75865.83920969955,75872.88882671358,0.4242470384767816,0.435,205.95,BUY_NO
1779830413.678346,75865.83920969955,75872.88882671358,0.4481265865949457,0.435,163.07999999999998,SELL_NO
1779830413.9573524,75865.83920969955,75872.88882671358,0.49672456271030563,0.435,145.10274558534866,BUY_YES
1779830414.0059004,75865.83920969955,75872.88882671358,0.4246764519662766,0.435,151.22686817364564,BUY_NO
1779830414.0176806,75865.83920969955,75872.88882671358,0.45517660581160085,0.435,192.39725441465134,SELL_NO
1779830414.228789,75865.83920969955,75872.88882671358,0.4198147763066788,0.435,172.3,BUY_NO
1779830414.24273,75865.83920969955,75872.88882671358,0.4541844066707854,0.435,173.99961375899431,SELL_NO
1779830414.2669148,75865.83920969955,75872.88882671358,0.41371367915534696,0.435,137.9,BUY_NO
1779830414.5214515,75865.83920969955,75872.88882671358,0.5000845120613961,0.435,107.00000000000003,SELL_NO
1779830414.6423497,75865.83897969955,75872.88882671358,0.4245497800362503,0.435,167.81710163424492,BUY_NO
1779830414.653397,75865.83897969955,75872.88882671358,0.4582516208927787,0.435,176.58,SELL_NO
1779830415.2858992,75865.83897969955,75872.88882671358,0.37669928206492664,0.435,232.17,BUY_NO
1779830415.292495,75865.83897969955,75872.88882671358,0.39810691408835075,0.435,129.05,BUY_NO
1779830415.3021536,75865.83897969955,75872.88882671358,0.44910534177843675,0.435,110.67,SELL_NO
1779830415.3088093,75865.83897969955,75872.88882671358,0.4618640182971377,0.435,272.0,SELL_NO
1779830415.6211035,75865.83897969955,75872.88882671358,0.380217598586724,0.435,137.19,BUY_NO
1779830415.8886116,75865.83920969955,75872.88882671358,0.42008186680253545,0.435,223.29548431385274,BUY_NO
1779830415.9022238,75865.83920969955,75872.88882671358,0.44968609418248623,0.435,109.82,SELL_NO
1779830417.0487456,75865.81288878019,75872.88882671358,0.4176254281046195,0.435,198.7735356672389,BUY_NO
1779830417.063415,75865.81288878019,75872.88882671358,0.453834311516819,0.435,208.5,SELL_NO
1779830417.271811,75865.81288878019,75872.88882671358,0.3798607254165094,0.435,129.05,BUY_NO
1779830417.2795486,75865.81288878019,75872.88882671358,0.39412280694888663,0.435,146.26,BUY_NO
1779830417.33625,75865.81288878019,75872.88882671358,0.5417904517021962,0.435,341.05,BUY_YES
1779830417.3744907,75865.81288878019,75872.88882671358,0.5280104599487893,0.435,434.0,SELL_NO
1779830417.4044442,75865.81288878019,75872.88882671358,0.38108331887680164,0.435,449.0,BUY_NO
1779830417.8406043,75865.81288878019,75872.88882671358,0.41036428530777674,0.435,99.99999999999997,BUY_NO
1779830418.6649735,75865.85390469954,75872.88882671358,0.37162900631359647,0.435,330.29,BUY_NO
1779830418.6724906,75865.85390469954,75872.88882671358,0.3952828627233843,0.435,284.05,SELL_YES
1779830418.6821647,75865.85390469954,75872.88882671358,0.4527921470923023,0.435,132.31,SELL_NO
1779830418.6878638,75865.85390469954,75872.88882671358,0.47426545814435683,0.435,113.05,SELL_NO
1779830418.6931303,75865.85390469954,75872.88882671358,0.48299361553978276,0.435,159.0,SELL_NO
1779830418.9539707,75865.85390469954,75872.88882671358,0.39062376115375813,0.435,103.64999999999998,BUY_NO
1779830418.9614806,75865.85390469954,75872.88882671358,0.39416817191783665,0.435,244.26,SELL_YES
1779830418.9836972,75865.85390469954,75872.88882671358,0.4768732446731259,0.435,301.02,SELL_NO
1779830419.0934849,75865.81658878019,75872.88882671358,0.3489807191706492,0.435,101.00000000000006,BUY_NO
1779830419.12444,75865.81658878019,75872.88882671358,0.3680755045844287,0.435,204.0,BUY_NO
1779830419.2849975,75865.81658878019,75872.88882671358,0.3860874826807467,0.435,106.0,BUY_NO
1779830419.3192973,75865.81658878019,75872.88882671358,0.3924745443516358,0.435,586.9673726658316,BUY_NO
1779830419.3278162,75865.81658878019,75872.88882671358,0.3961433017969311,0.435,144.88262733416843,SELL_YES
1779830419.6405156,75865.81658878019,75872.88882671358,0.40849069161615903,0.435,799.85,SELL_YES
1779830419.8462024,75865.81658878019,75872.88882671358,0.41612481464077844,0.435,163.0,SELL_YES
1779830419.8596992,75865.81658878019,75872.88882671358,0.4009380886393804,0.435,764.4822691076387,SELL_YES
1779830420.2043293,75865.81658878019,75872.88882671358,0.37330798341054744,0.435,655.07,BUY_NO
1779830420.438972,75865.80406611283,75872.88882671358,0.3657602755408212,0.435,315.8264320660178,BUY_NO
1779830420.4479754,75865.80406611283,75872.88882671358,0.35177072304257523,0.435,445.5935679339822,BUY_NO
1779830420.7442026,75865.80406611283,75872.88882671358,0.34131569450831456,0.435,417.2185720692205,BUY_NO
1779830420.7941856,75865.80406611283,75872.88882671358,0.33143066493572687,0.435,341.4617398098567,BUY_NO
1779830421.1175704,75865.80406611283,75872.88882671358,0.33673589088449934,0.445,136.53541247488192,BUY_NO
1779830421.3377388,75865.80406611283,75872.88882671358,0.45960918621750374,0.445,206.97,BUY_YES
1779830421.5613139,75865.85530864506,75872.88882671358,0.4039109096665364,0.445,119.91458752511807,SELL_YES
1779830422.7372215,75866.09774165794,75872.88882671358,0.4552461654686254,0.445,255.72,SELL_NO
1779830422.7899935,75866.09774165794,75872.88882671358,0.3413085344803422,0.445,94.62445987527917,BUY_NO
1779830422.8290799,75866.09774165794,75872.88882671358,0.46049017416002985,0.445,283.9384030086777,BUY_YES
1779830422.8378665,75866.09774165794,75872.88882671358,0.42837395932799066,0.445,259.26,SELL_YES
1779830422.8835447,75866.09774165794,75872.88882671358,0.5026700754915105,0.445,206.0,BUY_YES
1779830423.0730782,75866.09774165794,75872.88882671358,0.5018566556319422,0.445,301.01,BUY_YES
1779830423.0993,75866.09774165794,75872.88882671358,0.42087637738764955,0.445,237.4,SELL_YES
1779830423.290726,75866.09774165794,75872.88882671358,0.43389652795530925,0.445,259.26,SELL_YES
1779830423.2997642,75866.09774165794,75872.88882671358,0.45779978924995773,0.445,153.60176333224797,BUY_YES
1779830423.3050966,75866.09774165794,75872.88882671358,0.46498433160415875,0.445,121.99823666775205,BUY_YES
1779830423.3372967,75866.09774165794,75872.88882671358,0.4229053482123519,0.445,237.4,SELL_YES
1779830423.4092817,75866.09774165794,75872.88882671358,0.5592844961410326,0.445,279.07,BUY_YES
1779830423.418012,75866.09774165794,75872.88882671358,0.5333193637856544,0.445,221.0,BUY_YES
1779830423.4244306,75866.09774165794,75872.88882671358,0.5071533955963715,0.445,301.01,BUY_YES
1779830423.4451928,75866.09774165794,75872.88882671358,0.41493454792196705,0.445,265.05,SELL_YES
1779830423.450943,75866.09774165794,75872.88882671358,0.39856547633024697,0.445,237.4,SELL_YES
1779830423.4575622,75866.09774165794,75872.88882671358,0.40650400535600933,0.445,419.05,SELL_YES
1779830423.6995583,75866.09774165794,75872.88882671358,0.624491465836268,0.445,226.84,BUY_YES
1779830423.7071803,75866.09774165794,75872.88882671358,0.5979348800685214,0.445,236.0,BUY_YES
1779830423.7162812,75866.09774165794,75872.88882671358,0.5686299629597144,0.445,301.01,BUY_YES
1779830423.7228253,75866.09774165794,75872.88882671358,0.5406984648117286,0.445,415.0,BUY_YES
1779830423.7282846,75866.09774165794,75872.88882671358,0.5141635415711421,0.445,212.29,SELL_NO
1779830423.7582161,75866.09774165794,75872.88882671358,0.42064435563183,0.445,303.05,SELL_YES
1779830423.9181707,75866.09774165794,75872.88882671358,0.3620689582702754,0.445,237.4,SELL_YES
1779830423.9260387,75866.09774165794,75872.88882671358,0.38946173887951113,0.445,424.05,SELL_YES
1779830424.126092,75866.09774165794,75872.88882671358,0.519033802077991,0.445,411.51663302405444,BUY_YES
1779830425.1006775,75866.09774165794,75872.88882671358,0.42292198198924713,0.445,264.05,SELL_YES
1779830425.1093843,75866.09774165794,75872.88882671358,0.4613533217057167,0.445,216.72,SELL_NO
1779830425.1522954,75866.11986194222,75872.88882671358,0.4043622698659432,0.445,316.05,SELL_YES
1779830425.1670609,75866.11986194222,75872.88882671358,0.45953298553815997,0.445,205.63,BUY_YES
1779830425.4053993,75866.11986194222,75872.88882671358,0.4314800943040103,0.445,291.2604485076142,SELL_YES
1779830425.4193983,75866.11986194222,75872.88882671358,0.46869482994808287,0.445,230.63,BUY_YES
1779830425.457138,75866.11986194222,75872.88882671358,0.39409855114596726,0.445,134.78955149238578,SELL_YES
1779830426.1115756,75866.11986194222,75872.88882671358,0.3502490840218072,0.445,113.6676639616021,BUY_NO
1779830427.0155392,75866.11986256982,75872.88882671358,0.34755505481469984,0.445,92.28141695940849,BUY_NO
1779830427.029425,75866.11986256982,75872.88882671358,0.34393859077444844,0.445,125.52564593682018,BUY_NO
1779830427.2051756,75866.11986256982,75872.88882671358,0.33946882855421334,0.445,154.43591477649852,BUY_NO
1779830427.8643036,75866.11986256982,75872.88882671358,0.24714189205134166,0.455,101.17,BUY_NO
1779830427.8776388,75866.11986256982,75872.88882671358,0.2558613527949415,0.455,683.4,BUY_NO
1779830427.9115286,75866.11986256982,75872.88882671358,0.2723808067039849,0.45999999999999996,106.17,BUY_NO
1779830427.9242651,75866.11986256982,75872.88882671358,0.2801726418062678,0.45999999999999996,633.1,BUY_NO
1779830428.54421,75866.11986257375,75872.88882671358,0.29698025020200414,0.455,226.89488077744318,BUY_NO
1779830429.974105,75867.11624536611,75872.88882671358,0.4779011684502801,0.46499999999999997,176.33040092416218,BUY_YES
1779830429.9868934,75867.11624536611,75872.88882671358,0.44770159948323046,0.46499999999999997,272.1708494317764,SELL_YES
1779830431.4559243,75872.04774797184,75872.88882671358,0.48707054013033874,0.475,241.27,BUY_YES
1779830431.461882,75872.04774797184,75872.88882671358,0.4529700801969505,0.475,241.27,SELL_YES
1779830431.640434,75872.04774797184,75872.88882671358,0.48573711520890295,0.475,197.36720344738785,BUY_YES
1779830431.6535869,75872.04774797184,75872.88882671358,0.453558953065137,0.475,197.36720344738785,SELL_YES
1779830432.0217786,75871.62076609021,75872.88882671358,0.5426745561364272,0.475,237.27,BUY_YES
1779830432.0363235,75871.62076609021,75872.88882671358,0.520062682832258,0.475,330.0,BUY_YES
1779830432.0561075,75871.62076609021,75872.88882671358,0.4473560320605476,0.475,349.59,SELL_YES
1779830432.0725498,75871.62076609021,75872.88882671358,0.42743017181518367,0.475,217.68,SELL_YES
1779830432.2650728,75871.62076609021,75872.88882671358,0.4850507218251117,0.475,173.7202502023162,BUY_YES
1779830432.2759438,75871.62076609021,75872.88882671358,0.4561994489433253,0.475,173.7202502023162,SELL_YES
1779830433.3540516,75871.62076609021,75872.88882671358,0.4888598210277562,0.475,133.31,BUY_YES
1779830433.371886,75871.62076609021,75872.88882671358,0.46083516956585036,0.475,133.31,SELL_YES
1779830433.4104378,75871.62076609021,75872.88882671358,0.4984197836713006,0.475,289.2357993375295,BUY_YES
1779830433.4239912,75871.62076609021,75872.88882671358,0.4560292524988276,0.475,289.2357993375295,SELL_YES
1779830434.126719,75873.45969074353,75872.88882671358,0.5161782300618546,0.475,162.41,BUY_YES
1779830434.3598306,75873.45969074353,75872.88882671358,0.46074401775303975,0.475,109.0,SELL_YES
1779830434.5183876,75873.45969074353,75872.88882671358,0.4988743195017856,0.48,203.3,BUY_YES
1779830434.617387,75873.45969074353,75872.88882671358,0.2925756280811622,0.485,174.15,BUY_NO
1779830434.6238616,75873.45969074353,75872.88882671358,0.3035538436298442,0.485,222.58686911213863,BUY_NO
1779830434.6345303,75873.45969074353,75872.88882671358,0.33722510890544777,0.485,108.73313088786136,SELL_YES
1779830434.9090235,75873.45969074353,75872.88882671358,0.6321570920618941,0.485,104.66000000000003,BUY_YES
1779830434.9172719,75873.45969074353,75872.88882671358,0.6243836566958714,0.485,207.41,BUY_YES
1779830434.9230154,75873.45969074353,75872.88882671358,0.5985050637456546,0.485,335.0,BUY_YES
1779830434.928434,75873.45969074353,75872.88882671358,0.5690798105583718,0.485,372.72,BUY_YES
1779830434.9349961,75873.45969074353,75872.88882671358,0.5411258200304531,0.485,599.0,SELL_NO
1779830435.1150787,75873.26651933865,75872.88882671358,0.3798453477325862,0.485,134.12999999999997,SELL_YES
1779830435.1205633,75873.26651933865,75872.88882671358,0.3966794668419783,0.485,137.14,SELL_YES
1779830435.1254478,75873.26651933865,75872.88882671358,0.4220055270729856,0.485,183.11,SELL_YES
1779830435.1394129,75873.26651933865,75872.88882671358,0.4995645757098107,0.485,115.0,SELL_NO
1779830435.846363,75873.26651933865,75872.88882671358,0.5065207962709386,0.485,393.52,SELL_NO
1779830435.8566544,75873.26651933865,75872.88882671358,0.46111603147230384,0.485,346.22,SELL_YES
1779830436.2439003,75873.26651933865,75872.88882671358,0.5435763136442535,0.485,105.42000000000002,BUY_YES
1779830436.405726,75880.51421880559,75872.88882671358,0.5435402406611486,0.485,217.0,BUY_YES
1779830436.410944,75880.51421880559,75872.88882671358,0.5239793777600422,0.485,366.0,SELL_NO
1779830436.422603,75880.51421880559,75872.88882671358,0.45093418663868245,0.485,110.21,SELL_YES
1779830436.4274664,75880.51421880559,75872.88882671358,0.4318573121255481,0.485,137.14,SELL_YES
1779830436.4330966,75880.51421880559,75872.88882671358,0.42492293929186237,0.485,219.11,SELL_YES
1779830436.4606578,75880.51421880559,75872.88882671358,0.5297028518897121,0.485,112.54691511000522,BUY_YES
1779830436.7101557,75880.51421880559,75872.88882671358,0.4956611521128496,0.485,355.53,SELL_NO
1779830436.7167006,75880.51421880559,75872.88882671358,0.47319289796674335,0.485,335.67378422214404,SELL_YES
1779830436.7342489,75880.51421880559,75872.88882671358,0.5061168752951933,0.485,157.0,BUY_YES
1779830437.425807,75880.51421880559,75872.88882671358,0.5734566971345024,0.485,286.01,BUY_YES
1779830437.4328,75880.51421880559,75872.88882671358,0.5469500966446563,0.485,190.0,BUY_YES
1779830437.4393635,75880.51421880559,75872.88882671358,0.5201359694439202,0.485,293.56,SELL_NO
1779830437.4493196,75880.51421880559,75872.88882671358,0.4703977124231379,0.485,375.65,SELL_YES
1779830437.782058,75880.51421880559,75872.88882671358,0.5271865436233183,0.485,578.72,SELL_NO
1779830438.4996276,75881.43860767406,75872.88882671358,0.5101049420304996,0.485,122.0,BUY_YES
1779830438.5107002,75881.43860767406,75872.88882671358,0.46588510596260174,0.485,379.36,SELL_YES
1779830438.523056,75881.43860767406,75872.88882671358,0.5142424301943097,0.485,113.0,BUY_YES
1779830438.5272393,75881.43860767406,75872.88882671358,0.5178000619831381,0.485,159.50762191698675,BUY_YES
1779830438.5424037,75881.43860767406,75872.88882671358,0.47206431630053897,0.485,144.28999999999996,SELL_YES
1779830438.5612955,75881.43860767406,75872.88882671358,0.5150535567026788,0.485,106.49237808301325,SELL_NO
1779830438.581893,75881.43860767406,75872.88882671358,0.4544821543902409,0.485,128.2176219169868,SELL_YES
1779830438.603094,75881.43860767406,75872.88882671358,0.37798543209383245,0.485,541.65,BUY_NO
1779830438.849506,75881.43860767406,75872.88882671358,0.3758322283795641,0.485,185.0889694788625,BUY_NO
1779830440.335687,75881.43860767406,75872.88882671358,0.5050483351416697,0.495,175.46373961877435,BUY_YES
1779830440.3441756,75881.43860767406,75872.88882671358,0.4817327995896987,0.495,175.46373961877435,SELL_YES
1779830440.3747516,75881.43860767406,75872.88882671358,0.5361426090352127,0.495,186.89,BUY_YES
1779830440.3828473,75881.43860767406,75872.88882671358,0.5184928803271995,0.495,107.92730405002044,BUY_YES
1779830440.406533,75881.59041477874,75872.88882671358,0.4773659306171977,0.495,253.51,SELL_YES
1779830440.4354558,75881.59041477874,75872.88882671358,0.5182950292472059,0.495,150.07269594997956,BUY_YES
1779830440.4574516,75881.59041477874,75872.88882671358,0.4733456659953556,0.495,152.86,SELL_YES
1779830440.4707284,75881.59041477874,75872.88882671358,0.5075683873994645,0.495,186.89,BUY_YES
1779830440.4769163,75881.59041477874,75872.88882671358,0.4811775184479145,0.495,225.40999999999997,SELL_YES
1779830440.489342,75881.59041477874,75872.88882671358,0.5183501227740447,0.495,258.0,BUY_YES
1779830440.5185263,75881.59041477874,75872.88882671358,0.4146305888794193,0.495,111.27000000000004,SELL_YES
1779830440.5215364,75881.59041477874,75872.88882671358,0.42447684099414457,0.495,129.86,SELL_YES
1779830440.579222,75881.59041477874,75872.88882671358,0.5425485666883679,0.495,568.72,BUY_YES
1779830440.5913363,75881.59041477874,75872.88882671358,0.4667299308648141,0.495,123.80000000000001,SELL_YES
1779830440.953512,75881.59041477874,75872.88882671358,0.5541835746918863,0.495,173.0,BUY_YES
1779830441.4197943,75881.59041477874,75872.88882671358,0.5983364588959477,0.495,337.89,BUY_YES
1779830441.4271927,75881.59041477874,75872.88882671358,0.5692195445408526,0.495,316.0,BUY_YES
1779830441.4353752,75881.59041477874,75872.88882671358,0.5412585673138098,0.495,571.0,SELL_NO
1779830441.4464977,75881.59041477874,75872.88882671358,0.46548781415067764,0.495,522.07,SELL_YES
1779830441.745198,75881.74584110187,75872.88882671358,0.5780568529908366,0.495,408.89,BUY_YES
1779830441.7548933,75881.74584110187,75872.88882671358,0.5499428553331783,0.495,204.85862802104612,BUY_YES
1779830441.9396875,75881.74584110187,75872.88882671358,0.47293350559128366,0.495,470.07,SELL_YES
1779830442.0615778,75881.74584110187,75872.88882671358,0.537817398139383,0.495,111.14137197895388,SELL_NO
1779830442.069,75881.74584110187,75872.88882671358,0.5261408041341427,0.495,590.0,SELL_NO
1779830442.1731992,75881.74584110187,75872.88882671358,0.33005771273725876,0.495,459.19,BUY_NO
1779830442.2195036,75881.74584110187,75872.88882671358,0.5138489231668849,0.495,423.31,SELL_NO
1779830442.4292276,75881.74584110187,75872.88882671358,0.5165470260493457,0.495,296.0,SELL_NO
1779830442.9353392,75881.74584110187,75872.88882671358,0.5119707118008732,0.495,418.21,SELL_NO
1779830442.9492567,75881.74584110187,75872.88882671358,0.4643470694510461,0.495,478.19,SELL_YES
1779830442.9691517,75881.74584110187,75872.88882671358,0.5266127106366253,0.495,152.27151898307346,BUY_YES
1779830442.977749,75881.74584110187,75872.88882671358,0.5224737927248626,0.495,143.72848101692654,SELL_NO
1779830443.1747813,75881.85216143943,75872.88882671358,0.5256957376960949,0.495,617.0,SELL_NO
1779830443.6697896,75881.85216143943,75872.88882671358,0.5376059791689884,0.495,298.53,SELL_NO
1779830443.890282,75881.85216143943,75872.88882671358,0.5470007115781615,0.495,554.0,SELL_NO
1779830443.9346313,75881.85216143943,75872.88882671358,0.3713345090994273,0.495,398.38,BUY_NO
1779830444.1671534,75881.85216143943,75872.88882671358,0.5172964009606469,0.495,403.0,SELL_NO
1779830444.9350407,75880.92435175396,75872.88882671358,0.617227693240971,0.495,110.48000000000002,BUY_YES
1779830444.9864645,75880.92435175396,75872.88882671358,0.5636464944777505,0.495,216.0,BUY_YES
1779830444.9970915,75880.92435175396,75872.88882671358,0.5762571359869635,0.495,509.48,BUY_YES
1779830445.0256262,75880.92435175396,75872.88882671358,0.47799753003390105,0.495,360.0743961382592,BUY_NO
1779830445.0482204,75880.92435175396,75872.88882671358,0.5191229665276083,0.495,216.0,SELL_NO
1779830445.1266546,75880.92435175396,75872.88882671358,0.5155962246478283,0.495,208.0872045725473,SELL_NO
1779830445.1858325,75880.92435175396,75872.88882671358,0.5480556152450846,0.495,277.7096243664653,BUY_YES
1779830445.2061663,75880.92435175396,75872.88882671358,0.475483802741758,0.495,327.21,BUY_NO
1779830445.2187035,75880.92435175396,75872.88882671358,0.513732854434701,0.495,132.68317106098743,SELL_NO
1779830445.2253268,75880.92435175396,75872.88882671358,0.5174421445181276,0.495,194.52682893901255,SELL_NO
1779830445.270908,75880.92435175396,75872.88882671358,0.46801633945371146,0.495,325.09,BUY_NO
1779830445.2863097,75880.92435175396,75872.88882671358,0.5189097463569745,0.495,325.09,SELL_NO
1779830445.3178945,75880.92435175396,75872.88882671358,0.5544461355012298,0.495,220.98973241468502,BUY_YES
1779830445.378179,75880.92435175396,75872.88882671358,0.4801360362835339,0.495,313.73,BUY_NO
1779830445.3831565,75880.92435175396,75872.88882671358,0.5056292344693573,0.495,313.73,SELL_NO
1779830445.4008653,75880.92435175396,75872.88882671358,0.5576641403866702,0.495,109.4884275136535,BUY_YES
1779830445.6582105,75880.92435175396,75872.88882671358,0.5636366912213293,0.495,184.2615724863465,BUY_YES
1779830445.9429278,75878.4209293403,75872.88882671358,0.5928682066276129,0.495,114.0,BUY_YES
1779830446.3711731,75878.4209293403,75872.88882671358,0.5776730621732311,0.495,396.10978023344705,BUY_YES
1779830446.402923,75878.4209293403,75872.88882671358,0.4764564309315033,0.495,364.95,BUY_NO
1779830446.4187486,75878.4209293403,75872.88882671358,0.5176094052886929,0.495,130.3102197665529,SELL_NO
1779830446.438399,75878.4209293403,75872.88882671358,0.5523824836634182,0.495,234.63978023344708,SELL_NO
1779830446.5724277,75878.4209293403,75872.88882671358,0.5840189099763469,0.495,212.2843648627636,BUY_YES
1779830446.6354077,75878.4209293403,75872.88882671358,0.4828553646528482,0.495,249.2401014577286,BUY_NO
1779830446.6496732,75878.4209293403,75872.88882671358,0.5195505409708896,0.495,171.13563513723642,SELL_NO
1779830447.4578333,75879.70024288597,75872.88882671358,0.5888675608774347,0.495,161.5065236030814,BUY_YES
1779830447.8963315,75879.70024288597,75872.88882671358,0.6031053469142927,0.495,299.31,BUY_YES
1779830447.978507,75879.70024288597,75872.88882671358,0.4828582362111488,0.495,169.86914628818874,BUY_NO
1779830448.007036,75879.70024288597,75872.88882671358,0.5190650712309676,0.495,103.0,SELL_NO
1779830448.4742038,75879.70024288597,75872.88882671358,0.5739664521885673,0.495,144.97361260868092,SELL_NO
1779830448.5383022,75879.70024288597,75872.88882671358,0.6039287110326514,0.495,213.39909409756456,BUY_YES
1779830448.7717714,75880.15167300492,75872.88882671358,0.6092985325183377,0.495,179.49183556105618,BUY_YES
1779830448.8065302,75880.15167300492,75872.88882671358,0.6241258366288515,0.495,298.73,BUY_YES
1779830450.0606034,75880.15167300492,75872.88882671358,0.6259208183962246,0.495,250.73,BUY_YES
1779830450.2899973,75880.1497046843,75872.88882671358,0.6314015675418956,0.495,188.00858941598653,BUY_YES
1779830450.3080058,75880.1497046843,75872.88882671358,0.637353575345217,0.495,197.27742821685843,BUY_YES
1779830451.1400428,75880.1497046843,75872.88882671358,0.6448276810720645,0.495,202.31,BUY_YES
1779830451.4760227,75880.1497046843,75872.88882671358,0.6508926641467316,0.495,202.31,BUY_YES
1779830453.5732,75880.02960105064,75872.88882671358,0.6538561708023576,0.495,135.1187846497769,BUY_YES
1779830455.522484,75879.52774317843,75872.88882671358,0.6577857208802047,0.495,128.02975208051157,BUY_YES
1779830461.9015608,75887.77554705035,75872.88882671358,0.5569212238419071,0.695,410.25,BUY_NO
1779830461.9139004,75887.77554705035,75872.88882671358,0.5544225739606937,0.695,448.49,SELL_YES
1779830461.9206598,75887.77554705035,75872.88882671358,0.5672678242485293,0.695,269.0,SELL_YES
1779830461.9290133,75887.77554705035,75872.88882671358,0.5792780414003467,0.695,314.0,BUY_NO
1779830461.9577467,75887.77554705035,75872.88882671358,0.623295495641834,0.695,254.0,SELL_YES
1779830461.9650788,75887.77554705035,75872.88882671358,0.5953989733568824,0.695,395.12,BUY_NO
1779830461.9714713,75887.77554705035,75872.88882671358,0.605697636038253,0.695,152.0,SELL_YES
1779830462.4009166,75887.77554705035,75872.88882671358,0.6505660021236136,0.695,401.21,BUY_NO
1779830462.409427,75887.77554705035,75872.88882671358,0.6562650531016249,0.695,465.49,SELL_YES
1779830462.7506096,75887.77554705035,75872.88882671358,0.6514090278923921,0.695,521.21,SELL_YES
1779830462.7590666,75887.77554705035,75872.88882671358,0.6561585313604262,0.695,307.49,SELL_YES
1779830462.784706,75887.77554705035,75872.88882671358,0.7152724508347894,0.695,777.86,SELL_NO
1779830462.8321688,75887.77554705035,75872.88882671358,0.5169409307344845,0.695,259.0,BUY_NO
1779830462.8396244,75887.77554705035,75872.88882671358,0.525581118933222,0.695,334.0,BUY_NO
1779830463.0291388,75887.81099855909,75872.88882671358,0.5485331692675735,0.695,209.0,BUY_NO
1779830463.0371382,75887.81099855909,75872.88882671358,0.5706065108041948,0.695,355.21,BUY_NO
1779830463.047613,75887.81099855909,75872.88882671358,0.591576185263985,0.695,158.0,BUY_NO
1779830463.0544899,75887.81099855909,75872.88882671358,0.6114973760007858,0.695,236.75142707966734,BUY_NO
1779830463.061842,75887.81099855909,75872.88882671358,0.6304225072007464,0.695,329.7385729203327,SELL_YES
1779830463.089039,75887.81099855909,75872.88882671358,0.7117657905178939,0.695,786.39,SELL_NO
1779830463.1116958,75887.81099855909,75872.88882671358,0.7149556592665043,0.695,781.39,SELL_NO
1779830463.1190786,75887.81099855909,75872.88882671358,0.6799852743404619,0.695,360.21,SELL_YES
1779830463.1255555,75887.81099855909,75872.88882671358,0.6691122185316803,0.695,158.0,SELL_YES
1779830463.1502914,75887.81099855909,75872.88882671358,0.6415676392286803,0.695,307.49,BUY_NO
1779830463.207755,75887.81099855909,75872.88882671358,0.7566270467522049,0.695,188.07,BUY_YES
1779830463.216747,75887.81099855909,75872.88882671358,0.7577515799675398,0.695,193.0,SELL_NO
1779830463.22437,75887.81099855909,75872.88882671358,0.7380838162040159,0.695,255.11,SELL_NO
1779830463.306944,75887.81099855909,75872.88882671358,0.5093894499885764,0.695,264.0,BUY_NO
1779830463.3138828,75887.81099855909,75872.88882671358,0.5303146631711044,0.695,334.0,BUY_NO
1779830463.322026,75887.81099855909,75872.88882671358,0.5532989300125492,0.695,214.0,BUY_NO
1779830463.3287308,75887.81099855909,75872.88882671358,0.5751339835119217,0.695,263.0,BUY_NO
1779830463.337541,75887.81099855909,75872.88882671358,0.5958772843363256,0.695,221.0,SELL_YES
1779830463.4327383,75887.81099855909,75872.88882671358,0.826879364575984,0.695,1268.81,BUY_YES
1779830463.4398513,75887.81099855909,75872.88882671358,0.7860353963471847,0.695,282.2,SELL_NO
1779830463.4754534,75887.81099855909,75872.88882671358,0.5804573266927727,0.695,174.0,SELL_YES
1779830463.4844067,75887.81099855909,75872.88882671358,0.5546770532547473,0.695,254.16666410275138,BUY_NO
1779830463.4996705,75887.81099855909,75872.88882671358,0.553525512269391,0.695,113.40333589724861,SELL_YES
1779830463.5057814,75887.81099855909,75872.88882671358,0.5649961876065459,0.695,419.4,SELL_YES
1779830463.5750601,75887.81099855909,75872.88882671358,0.7727875858583678,0.695,353.93467016417435,BUY_YES
1779830463.5829139,75887.81099855909,75872.88882671358,0.7776670206433293,0.695,187.95218894841446,BUY_YES
1779830463.5901463,75887.81099855909,75872.88882671358,0.7645812139424369,0.695,235.7231408874112,SELL_NO
1779830463.7739153,75887.81099855909,75872.88882671358,0.6769743627703202,0.695,340.21,SELL_YES
1779830464.1599283,75887.81099855909,75872.88882671358,0.7170702151792642,0.695,786.59,SELL_NO
1779830464.178794,75887.81099855909,75872.88882671358,0.6680626886824463,0.695,316.90999999999997,SELL_YES
1779830464.1990776,75887.81099855909,75872.88882671358,0.6637788467903178,0.695,307.49,SELL_YES
1779830464.246144,75887.81099855909,75872.88882671358,0.7555044427581192,0.695,85.42799438066186,BUY_YES
1779830464.2670004,75887.81099855909,75872.88882671358,0.7694508075519372,0.695,114.63200561933814,BUY_YES
1779830464.2748075,75887.81099855909,75872.88882671358,0.7719452693240924,0.695,193.0,SELL_NO
1779830464.2850974,75887.81099855909,75872.88882671358,0.7541227714489456,0.695,255.11,SELL_NO
1779830464.3095908,75887.81099855909,75872.88882671358,0.6342801844523127,0.695,279.0,BUY_NO
1779830464.320111,75887.81099855909,75872.88882671358,0.6403109943892568,0.695,334.0,SELL_YES
1779830464.361821,75887.81099855909,75872.88882671358,0.7461026082732503,0.695,441.8249502950073,SELL_NO
1779830464.95638,75887.81099855909,75872.88882671358,0.760594990890747,0.695,441.35838889480374,BUY_YES
1779830464.986432,75887.81099855909,75872.88882671358,0.6806212903323756,0.695,211.85,BUY_NO
1779830465.0066764,75887.81099855909,75872.88882671358,0.7093702090212012,0.695,211.85,SELL_NO
1779830465.0392294,75887.7974571794,75872.88882671358,0.6700189703793179,0.695,148.42,SELL_YES
1779830465.551695,75887.7974571794,75872.88882671358,0.673511652836784,0.695,95.0,SELL_YES
1779830465.6215887,75887.7974571794,75872.88882671358,0.7571293236331206,0.695,92.23660294234514,BUY_YES
1779830465.631395,75887.7974571794,75872.88882671358,0.7654485604100687,0.695,344.7752669455972,BUY_YES
1779830465.6562865,75887.7974571794,75872.88882671358,0.6728047533393547,0.695,145.52,SELL_YES
1779830465.6659062,75887.7974571794,75872.88882671358,0.6620590402641425,0.695,307.49,BUY_NO
1779830465.6902382,75887.7974571794,75872.88882671358,0.7108706935125737,0.695,307.49,SELL_NO
1779830465.715019,75887.7974571794,75872.88882671358,0.6485985103530973,0.695,304.0,BUY_NO
1779830465.8063152,75887.7974571794,75872.88882671358,0.7587411978185802,0.685,136.25,BUY_YES
1779830465.8158543,75887.7974571794,75872.88882671358,0.7496959502857201,0.685,187.05,SELL_NO
1779830466.370288,75887.7974571794,75872.88882671358,0.6700977283263675,0.685,164.77,BUY_NO
1779830466.3923428,75887.7974571794,75872.88882671358,0.6983544988772086,0.685,220.0,SELL_NO
1779830466.6150815,75887.79745745189,75872.88882671358,0.6487474846736241,0.685,84.72,SELL_YES
1779830467.0339735,75887.79745745189,75872.88882671358,0.6744137893288863,0.685,162.55762866500768,BUY_NO
1779830467.0571804,75887.79745745189,75872.88882671358,0.6983206611451578,0.685,224.2776286650077,SELL_NO
1779830467.0714962,75887.79745745189,75872.88882671358,0.6663971033234787,0.685,373.14,BUY_NO
1779830467.0858922,75887.79745745189,75872.88882671358,0.6953792113948916,0.685,361.0,SELL_NO
1779830467.0994618,75887.79745745189,75872.88882671358,0.6621107023621743,0.685,323.0,SELL_YES
1779830467.1072972,75887.79745745189,75872.88882671358,0.6495651954610651,0.685,329.56,BUY_NO
1779830467.1788833,75887.79745745189,75872.88882671358,0.5762815047043887,0.685,89.49000000000001,SELL_YES
1779830467.1853313,75887.79745745189,75872.88882671358,0.5816272175061998,0.685,364.65,BUY_NO
1779830467.1945221,75887.79745745189,75872.88882671358,0.6019617041676314,0.685,274.0,BUY_NO
1779830467.2504141,75887.79745745189,75872.88882671358,0.7139404312647866,0.685,438.11,SELL_NO
1779830467.3500242,75887.79745745189,75872.88882671358,0.5320587630420112,0.685,78.78999999999996,SELL_YES
1779830467.5283322,75887.79745745189,75872.88882671358,0.5419872604047054,0.685,268.0,BUY_NO
1779830467.5384336,75887.79745745189,75872.88882671358,0.5637206059240805,0.685,171.0,BUY_NO
1779830467.5504205,75887.79745745189,75872.88882671358,0.5850345756278764,0.685,124.0,SELL_YES
1779830468.1504843,75887.78720604553,75872.88882671358,0.6733470892943487,0.685,525.23,SELL_YES
1779830468.1692152,75887.78720604553,75872.88882671358,0.7039338673438549,0.685,323.6,SELL_NO
1779830468.570151,75887.78720604553,75872.88882671358,0.6610106187255257,0.685,348.0,SELL_YES
1779830469.3511155,75887.78720604553,75872.88882671358,0.6636840711831008,0.685,100.12,SELL_YES
1779830469.379584,75887.78720604553,75872.88882671358,0.6500659009139098,0.685,503.1,BUY_NO
1779830469.4053535,75887.78720604553,75872.88882671358,0.7061471325722634,0.685,232.15,SELL_NO
1779830469.4439633,75887.78720604553,75872.88882671358,0.6618384871916925,0.685,374.03,SELL_YES
1779830469.504033,75887.78720604553,75872.88882671358,0.6426105425504497,0.685,450.6,BUY_NO
1779830469.513602,75887.78720604553,75872.88882671358,0.6586863919379874,0.685,357.18,SELL_YES
1779830469.532049,75887.78720604553,75872.88882671358,0.7059399952878318,0.685,343.5892505615871,BUY_YES
1779830469.5395212,75887.78720604553,75872.88882671358,0.7173827266627091,0.685,296.67074943841294,SELL_NO
1779830469.6073372,75887.78720604553,75872.88882671358,0.6069257365871545,0.685,424.67,BUY_NO
1779830469.6167731,75887.78720604553,75872.88882671358,0.6241453074138023,0.685,328.78128671865534,BUY_NO
1779830469.623744,75887.78720604553,75872.88882671358,0.6424380420431121,0.685,334.77871328134466,SELL_YES
1779830469.6579256,75887.78613955842,75872.88882671358,0.7067038374539685,0.685,364.52220797663875,BUY_YES
1779830469.666475,75887.78613955842,75872.88882671358,0.7117266189018514,0.685,276.38779202336127,SELL_NO
1779830469.996149,75887.78613955842,75872.88882671358,0.5989731765540022,0.685,424.28,BUY_NO
1779830470.006315,75887.78613955842,75872.88882671358,0.6175264698807488,0.685,670.9100000000001,SELL_YES
1779830470.0409842,75887.78613955842,75872.88882671358,0.7017870826703911,0.685,244.62,BUY_YES
1779830470.0496948,75887.78613955842,75872.88882671358,0.7095429730480408,0.685,136.51707691716547,BUY_YES
1779830470.6606054,75887.78613955842,75872.88882671358,0.659005954572714,0.685,402.8606877581175,SELL_YES
1779830470.6777868,75887.78613955842,75872.88882671358,0.7029928716988244,0.685,255.39,BUY_YES
1779830470.750122,75887.78613955842,75872.88882671358,0.6633954023100729,0.685,255.39,SELL_YES
1779830470.978944,75887.78613955842,75872.88882671358,0.6989235129619197,0.685,314.84,BUY_YES
1779830470.9953275,75887.79005694354,75872.88882671358,0.6727792585859301,0.685,214.93,SELL_YES
1779830471.033754,75887.79005694354,75872.88882671358,0.6993201808103068,0.685,287.0356567762914,BUY_YES
1779830471.049848,75887.79005694354,75872.88882671358,0.6554892069503578,0.685,386.94565677629134,SELL_YES
1779830471.135651,75887.79005694354,75872.88882671358,0.7052048552647195,0.685,343.39,BUY_YES
1779830471.3290958,75887.79005694354,75872.88882671358,0.6587449603565405,0.685,343.39,SELL_YES
1779830471.3607,75887.79005694354,75872.88882671358,0.7008878489265479,0.685,347.49,BUY_YES
1779830471.3677003,75887.79005694354,75872.88882671358,0.6749694058559026,0.685,186.49,SELL_YES
1779830471.3853312,75887.79005694354,75872.88882671358,0.6637185296489175,0.685,161.0,SELL_YES
1779830471.4068336,75887.79005694354,75872.88882671358,0.7075569834405828,0.685,319.8552516473309,BUY_YES
1779830471.4176774,75887.79005694354,75872.88882671358,0.6597103088752009,0.685,188.47000000000003,SELL_YES
1779830471.5263143,75887.79005694354,75872.88882671358,0.6989525312874644,0.685,240.01555859179916,BUY_YES
1779830471.540967,75887.79005694354,75872.88882671358,0.6677321138268698,0.685,186.49,SELL_YES
1779830471.5577614,75887.79005694354,75872.88882671358,0.697368602167363,0.685,120.57901759427182,BUY_YES
1779830471.8035953,75887.79005694354,75872.88882671358,0.6994572945744778,0.685,86.04168536193163,BUY_YES
1779830472.0452297,75887.79005694354,75872.88882671358,0.6639967020757329,0.685,391.53151319533345,SELL_YES
1779830472.803265,75887.79005694354,75872.88882671358,0.7056118955550353,0.685,432.5,BUY_YES
1779830472.829557,75887.79005694354,75872.88882671358,0.6694084313731304,0.685,75.0,SELL_YES
1779830473.0650098,75887.79005694354,75872.88882671358,0.6960197027595804,0.685,347.88,SELL_NO
1779830473.0719626,75887.79005694354,75872.88882671358,0.6666108558382693,0.685,299.49,SELL_YES
1779830473.3720784,75887.79005694354,75872.88882671358,0.6342477618511332,0.685,234.24597968251464,BUY_NO
1779830473.6255069,75887.79005694354,75872.88882671358,0.7023557198542244,0.685,245.88,BUY_YES
1779830473.6398451,75887.79005694354,75872.88882671358,0.6702654002913561,0.685,141.11402031748537,SELL_YES
1779830473.7223303,75887.79005694354,75872.88882671358,0.6639172768930157,0.685,162.77597968251462,SELL_YES
1779830473.827956,75887.79005694354,75872.88882671358,0.6241448728737489,0.685,397.47,BUY_NO
1779830474.7438664,75888.48806594328,75872.88882671358,0.6967837818940352,0.685,246.71,BUY_YES
1779830474.7581527,75888.48806594328,75872.88882671358,0.6740927500113044,0.685,246.71,SELL_YES
1779830475.3514645,75888.48806594328,75872.88882671358,0.7062306885606222,0.685,263.16001792364176,BUY_YES
1779830475.3620436,75888.48806594328,75872.88882671358,0.6626475424796429,0.685,263.16001792364176,SELL_YES
1779830476.3342519,75888.7859666476,75872.88882671358,0.6956096354394277,0.685,232.5818186651754,BUY_YES
1779830476.341863,75888.7859666476,75872.88882671358,0.6679789195079593,0.685,232.5818186651754,SELL_YES
1779830476.8427038,75888.7859666476,75872.88882671358,0.7071161686865735,0.685,403.54818133482456,BUY_YES
1779830477.2332618,75888.7859666476,75872.88882671358,0.7341089500735121,0.685,72.33999999999997,BUY_YES
1779830477.2421188,75888.7859666476,75872.88882671358,0.7302110082648359,0.685,318.53999999999996,BUY_YES
1779830477.3046129,75888.7859666476,75872.88882671358,0.6748836601415624,0.685,278.73,SELL_YES
1779830477.3185408,75888.7859666476,75872.88882671358,0.7029952151276551,0.685,322.71,SELL_NO
1779830477.3415985,75888.7859666476,75872.88882671358,0.6594442783980347,0.685,355.45,SELL_YES
1779830477.3605266,75888.7859666476,75872.88882671358,0.7157322036930376,0.685,503.7465270810887,BUY_YES
1779830477.3837464,75888.7859666476,75872.88882671358,0.6465816852688788,0.685,318.55,SELL_YES
1779830477.5193157,75888.7859666476,75872.88882671358,0.7653151559781698,0.685,76.22000000000003,BUY_YES
1779830477.5260465,75888.7859666476,75872.88882671358,0.7589820122755684,0.685,194.4634729189113,BUY_YES
1779830478.3836296,75888.65797882817,75872.88882671358,0.6963917365083183,0.685,326.69,SELL_NO
1779830478.391437,75888.65797882817,75872.88882671358,0.6696566272367855,0.685,287.56,SELL_YES
1779830478.4247413,75888.65797882817,75872.88882671358,0.6975067803616317,0.685,321.82,SELL_NO
1779830478.435108,75888.65797882817,75872.88882671358,0.6704046163342005,0.685,292.56,SELL_YES
1779830479.0710974,75888.65797882817,75872.88882671358,0.7065353236204908,0.685,405.92,BUY_YES
1779830479.5177662,75888.85789591301,75872.88882671358,0.6950620275491906,0.685,293.84,SELL_NO
1779830479.5237796,75888.85789591301,75872.88882671358,0.6680405156597332,0.685,316.39,SELL_YES
1779830479.5790267,75888.85789591301,75872.88882671358,0.7058817117424558,0.685,396.64,BUY_YES
1779830479.8688638,75888.85789591301,75872.88882671358,0.6746861749255602,0.685,83.69999999999999,SELL_YES
1779830480.5912073,75888.85789591301,75872.88882671358,0.7058931201410955,0.685,220.75432786804464,BUY_YES
1779830480.6066358,75888.85789591301,75872.88882671358,0.6536073330790734,0.685,659.2325092028692,SELL_YES
1779830481.1929097,75888.82502931716,75872.88882671358,0.7060321180709488,0.685,385.57567213195534,BUY_YES
1779830481.2734973,75888.82502931716,75872.88882671358,0.6738054025997957,0.685,107.84999999999997,SELL_YES
1779830482.3958921,75888.82502931716,75872.88882671358,0.6747483559767081,0.685,105.25,SELL_YES
1779830483.5866206,75890.63591873772,75872.88882671358,0.6590053927275301,0.685,172.47567213195538,SELL_YES
1779830483.609747,75890.63591873772,75872.88882671358,0.6507409022877252,0.685,196.107886163393,BUY_NO
1779830483.6330018,75890.63591873772,75872.88882671358,0.6961459697053951,0.685,113.64,BUY_YES
1779830483.7042658,75890.63591873772,75872.88882671358,0.706537665395382,0.685,163.24253015050164,BUY_YES
1779830483.723218,75890.63591873772,75872.88882671358,0.6575555329390321,0.685,276.8825301505016,SELL_YES
1779830485.0142438,75890.63591873772,75872.88882671358,0.7057783034928999,0.685,244.51746984949835,BUY_YES
1779830485.1327438,75890.63591873772,75872.88882671358,0.7182005064273179,0.685,109.11052667940635,BUY_YES
1779830485.169934,75890.63591873772,75872.88882671358,0.6557273483817183,0.685,353.6279965289047,SELL_YES
1779830485.2010386,75890.63591873772,75872.88882671358,0.6971970647360115,0.685,123.64,BUY_YES
1779830485.2242286,75890.63591873772,75872.88882671358,0.6721168441514751,0.685,123.64,SELL_YES
1779830485.2584045,75890.63591873772,75872.88882671358,0.706851173091907,0.685,290.4639886983388,BUY_YES
1779830485.271258,75890.63591873772,75872.88882671358,0.6572517874068167,0.685,290.4639886983388,SELL_YES
1779830485.2956128,75890.63591873772,75872.88882671358,0.6145145356486333,0.685,180.8280147727565,BUY_NO
1779830485.411674,75890.63591873772,75872.88882671358,0.7050557180027716,0.685,92.29601130166117,BUY_YES
1779830485.4613674,75890.63591873772,75872.88882671358,0.6479839636227409,0.685,75.69999999999999,SELL_YES
1779830485.9916413,75892.42494764616,75872.88882671358,0.7155532113481956,0.685,153.09,BUY_YES
1779830486.0500853,75892.42494764616,75872.88882671358,0.6139579706990737,0.685,494.86,BUY_NO
1779830486.056517,75892.42494764616,75872.88882671358,0.6287852345478194,0.685,169.68601130166118,SELL_YES
1779830486.0937018,75892.42494764616,75872.88882671358,0.6954558129146855,0.685,123.64,BUY_YES
1779830486.1243029,75892.42494764616,75872.88882671358,0.6430796318974527,0.685,123.64,SELL_YES
1779830486.1326756,75892.42494764616,75872.88882671358,0.6206253005467763,0.685,392.11,BUY_NO
1779830486.1710405,75892.42494764616,75872.88882671358,0.6968155897687228,0.685,84.5,BUY_YES
1779830486.186986,75892.42494764616,75872.88882671358,0.6651797125678479,0.685,84.5,SELL_YES
1779830486.2029226,75892.42494764616,75872.88882671358,0.6186529863063214,0.685,228.17737573609475,BUY_NO
1779830486.517921,75892.42494764616,75872.88882671358,0.6958163234193672,0.685,82.41,BUY_YES
1779830486.5605075,75892.42494764616,75872.88882671358,0.6741297447593189,0.685,82.41,SELL_YES
1779830486.66764,75892.42494764616,75872.88882671358,0.7060482771744806,0.685,254.53962609393932,BUY_YES
1779830486.684476,75892.42494764616,75872.88882671358,0.6619257639538548,0.685,254.53962609393932,SELL_YES
1779830486.8563178,75892.42494764616,75872.88882671358,0.70569329108609,0.685,141.8803739060607,BUY_YES
1779830486.8907812,75892.42494764616,75872.88882671358,0.6638593144949636,0.685,141.8803739060607,SELL_YES
1779830487.5366027,75894.52314409487,75872.88882671358,0.6062167488420616,0.685,501.4386338637664,BUY_NO
1779830487.5697181,75894.52314409487,75872.88882671358,0.7025209421861203,0.685,89.11,BUY_YES
1779830487.5792656,75894.52314409487,75872.88882671358,0.7064086476724558,0.685,179.53173618635657,BUY_YES
1779830487.6035979,75894.52314409487,75872.88882671358,0.6701832433373327,0.685,105.51136613623362,SELL_YES
1779830487.6585631,75894.52314409487,75872.88882671358,0.7080910840633884,0.685,185.22826381364342,BUY_YES
1779830487.676851,75894.52314409487,75872.88882671358,0.7159345406649071,0.685,197.48,SELL_NO
1779830487.7005796,75894.52314409487,75872.88882671358,0.661875216727772,0.685,348.3586338637664,SELL_YES
1779830488.177033,75894.52314409487,75872.88882671358,0.7269741250511934,0.685,168.0,BUY_YES
1779830488.4910452,75894.52314409487,75872.88882671358,0.7350944853650445,0.685,246.46,SELL_NO
1779830488.524602,75894.52314409487,75872.88882671358,0.6574165467841702,0.685,93.20136613623362,SELL_YES
1779830489.5111368,75898.95247972943,75872.88882671358,0.7862029961297655,0.685,1119.71,BUY_YES
1779830489.5337908,75898.95247972943,75872.88882671358,0.6422221916164195,0.685,144.82999999999998,SELL_YES
1779830490.1239944,75898.92318835013,75872.88882671358,0.7650347699135882,0.685,258.2,SELL_NO
1779830490.269647,75898.92318835013,75872.88882671358,0.6484401009335814,0.685,950.19,SELL_YES
1779830490.2903516,75898.92318835013,75872.88882671358,0.704916527668576,0.685,107.39,BUY_YES
1779830490.2998228,75898.92318835013,75872.88882671358,0.7114409111407363,0.685,272.8133825035474,BUY_YES
1779830490.5429847,75898.92318835013,75872.88882671358,0.6375123801624569,0.685,261.46999999999997,SELL_YES
1779830490.6556544,75898.92318835013,75872.88882671358,0.7182191307065532,0.685,264.42661749645254,BUY_YES
1779830490.7397845,75898.92318835013,75872.88882671358,0.7344440482245739,0.685,145.98337859605715,BUY_YES
1779830492.1566825,75899.26428727769,75872.88882671358,0.6790422695358637,0.825,347.72,BUY_NO
1779830492.1608386,75899.26428727769,75872.88882671358,0.6854858938706119,0.825,336.65,BUY_NO
1779830492.1676788,75899.26428727769,75872.88882671358,0.7007115991770813,0.825,269.44,BUY_NO
1779830492.1775148,75899.26428727769,75872.88882671358,0.7021036704115202,0.825,347.72,BUY_NO
1779830492.184955,75899.26428727769,75872.88882671358,0.7163980594168123,0.825,336.65,BUY_NO
1779830492.1929972,75899.26428727769,75872.88882671358,0.7300781564459716,0.825,369.44,SELL_YES
1779830492.1993773,75899.26428727769,75872.88882671358,0.743074248623673,0.825,259.1920124598235,SELL_YES
1779830492.2511296,75899.26428727769,75872.88882671358,0.8421564314018007,0.825,493.92,BUY_YES
1779830492.2869732,75899.26428727769,75872.88882671358,0.7710902952638821,0.825,289.4079875401765,SELL_YES
1779830492.3484075,75899.26428727769,75872.88882671358,0.845456453321312,0.825,151.0922341342171,BUY_YES
1779830492.5959876,75899.00831167786,75872.88882671358,0.8068966792562803,0.825,312.72,SELL_YES
1779830492.6165643,75899.00831167786,75872.88882671358,0.8407734735635908,0.825,482.89,BUY_YES
1779830492.6307166,75899.00831167786,75872.88882671358,0.8005238871222898,0.825,341.65,SELL_YES
1779830492.638047,75899.00831167786,75872.88882671358,0.7852303619150887,0.825,184.12424659404053,SELL_YES
1779830493.4616253,75899.00831167786,75872.88882671358,0.8375132755634802,0.825,463.68,BUY_YES
1779830493.4699876,75899.00831167786,75872.88882671358,0.8031908606603159,0.825,463.68,SELL_YES
1779830494.1683161,75899.00831167786,75872.88882671358,0.8362536330160587,0.825,389.1772555392745,BUY_YES
1779830494.177851,75899.00831167786,75872.88882671358,0.8108883411561427,0.825,173.83,SELL_YES
1779830494.1916666,75899.00831167786,75872.88882671358,0.8023339542945617,0.825,215.34725553927447,SELL_YES
1779830494.8172684,75899.00831167786,75872.88882671358,0.8354105224417914,0.825,336.67364003839396,BUY_YES
1779830494.8236363,75899.00831167786,75872.88882671358,0.8107660225540858,0.825,248.47,SELL_YES
1779830494.939141,75899.00831167786,75872.88882671358,0.8352352682488324,0.825,237.14307576675324,BUY_YES
1779830494.9534488,75899.00831167786,75872.88882671358,0.8028111938050224,0.825,325.3467158051472,SELL_YES
1779830495.0197206,75899.00831167786,75872.88882671358,0.835046990182646,0.825,149.73692423324675,BUY_YES
1779830495.053546,75899.00831167786,75872.88882671358,0.8012275057212787,0.825,149.73692423324675,SELL_YES
1779830495.5923383,75899.21947375592,75872.88882671358,0.8360145768080867,0.825,147.03999999999996,BUY_YES
1779830495.6423628,75899.21947375592,75872.88882671358,0.8030287860262808,0.825,139.19635996160602,SELL_YES
1779830495.8870769,75899.21947375592,75872.88882671358,0.8402163919927197,0.825,479.94,BUY_YES
1779830495.902414,75899.21947375592,75872.88882671358,0.8109908457042636,0.825,82.42,SELL_YES
1779830495.917799,75899.21947375592,75872.88882671358,0.8045869385202011,0.825,327.59,SELL_YES
1779830495.9435666,75899.21947375592,75872.88882671358,0.8447046451163273,0.825,835.9084452649208,BUY_YES
1779830495.960309,75899.21947375592,75872.88882671358,0.8547347062381706,0.825,136.61155473507927,BUY_YES
1779830495.9793468,75899.21947375592,75872.88882671358,0.8678333776779075,0.825,60.889999999999986,BUY_YES
1779830496.2708242,75899.21947375592,75872.88882671358,0.8643136469404767,0.825,349.82,SELL_NO
1779830496.4526246,75899.21947375592,75872.88882671358,0.8440576258226753,0.825,437.47,SELL_NO
1779830496.4747798,75899.21947375592,75872.88882671358,0.8098943990193993,0.825,82.42,SELL_YES
1779830496.6521962,75899.21947375592,75872.88882671358,0.8418452276467171,0.825,470.4,SELL_NO
1779830496.6686325,75899.21947375592,75872.88882671358,0.7992047201709193,0.825,403.01,SELL_YES
1779830496.6777527,75899.21947375592,75872.88882671358,0.7893811346673055,0.825,221.44,SELL_YES
1779830496.7370212,75899.16713490177,75872.88882671358,0.8421331377734457,0.825,348.44724640971737,BUY_YES
1779830496.748691,75899.16713490177,75872.88882671358,0.8432883511738324,0.825,67.58546736244944,BUY_YES
1779830496.9853435,75899.16713490177,75872.88882671358,0.8132734429122208,0.825,72.42,SELL_YES
1779830497.25903,75899.16713490177,75872.88882671358,0.8365241611679148,0.825,441.08,SELL_NO
1779830497.2727962,75899.16713490177,75872.88882671358,0.8029650023605921,0.825,430.01,SELL_YES
1779830497.287322,75899.16713490177,75872.88882671358,0.7929716477540117,0.825,221.44,SELL_YES
1779830497.3393314,75899.16713490177,75872.88882671358,0.8466096324037568,0.825,911.44,BUY_YES
1779830497.9460807,75899.16713490177,75872.88882671358,0.835327695676177,0.825,424.75,SELL_NO
1779830497.96594,75899.16713490177,75872.88882671358,0.8366436741597272,0.825,416.75,SELL_NO
1779830497.97946,75899.16713490177,75872.88882671358,0.8038813212764538,0.825,428.34,SELL_YES
1779830497.9916341,75899.16713490177,75872.88882671358,0.7912553573036314,0.825,221.44,SELL_YES
1779830498.0823734,75899.18321516052,75872.88882671358,0.848806070822743,0.825,812.9676368113403,BUY_YES
1779830498.0933564,75899.18321516052,75872.88882671358,0.8505290961264109,0.825,92.4768073678747,BUY_YES
1779830498.1010013,75899.18321516052,75872.88882671358,0.8567516884031781,0.825,380.8213649218724,BUY_YES
1779830498.107982,75899.18321516052,75872.88882671358,0.8460839737866558,0.825,816.131827710253,SELL_NO
1779830498.1159632,75899.18321516052,75872.88882671358,0.804279775097323,0.825,416.66999999999996,SELL_YES
1779830498.1220102,75899.18321516052,75872.88882671358,0.7645657863424568,0.825,360.44,SELL_YES
1779830498.1285741,75899.18321516052,75872.88882671358,0.729568847524456,0.825,542.6,BUY_NO
1779830498.1355166,75899.18321516052,75872.88882671358,0.7397374660549219,0.825,299.6,BUY_NO
1779830498.1437821,75899.18321516052,75872.88882671358,0.7522505927521758,0.825,194.2,SELL_YES
1779830498.4921925,75899.18321516052,75872.88882671358,0.854808706941571,0.825,289.1371684540842,BUY_YES
1779830498.5007849,75899.18321516052,75872.88882671358,0.8615682715944923,0.825,983.3463250237654,BUY_YES
1779830498.8686862,75899.18321516052,75872.88882671358,0.8042174326033947,0.825,410.01,SELL_YES
1779830499.469871,75899.18321516052,75872.88882671358,0.8403628545979285,0.825,449.62,SELL_NO
1779830499.4877684,75899.18321516052,75872.88882671358,0.7960105490679538,0.825,350.01,SELL_YES
1779830499.4940155,75899.18321516052,75872.88882671358,0.788467607875461,0.825,221.44,SELL_YES
1779830499.5839424,75899.16052297721,75872.88882671358,0.8476955873166796,0.825,127.36625923042925,BUY_YES
1779830500.2776234,75899.16052297721,75872.88882671358,0.8410321264298007,0.825,341.35,SELL_NO
1779830500.3073554,75899.16052297721,75872.88882671358,0.8024788295094648,0.825,370.01,SELL_YES
1779830500.3204129,75899.16052297721,75872.88882671358,0.7943923889716463,0.825,221.44,SELL_YES
1779830500.386296,75899.16052297721,75872.88882671358,0.8473538008686542,0.825,578.2776079127984,BUY_YES
1779830500.4027216,75899.16052297721,75872.88882671358,0.8490186335629815,0.825,93.62790181502896,BUY_YES
1779830500.4098234,75899.16052297721,75872.88882671358,0.8505095876809097,0.825,90.15901521368755,BUY_YES
1779830500.4242952,75899.16052297721,75872.88882671358,0.8516442306351808,0.825,68.08120176997022,BUY_YES
1779830500.9910161,75899.16052297721,75872.88882671358,0.8061831001748664,0.825,65.0,SELL_YES
1779830501.0268948,75899.16052297721,75872.88882671358,0.783326515229953,0.825,289.0,SELL_YES
1779830501.0835838,75899.16052297721,75872.88882671358,0.8484036582115354,0.825,159.23367513579478,BUY_YES
1779830501.1818314,75899.16093023808,75872.88882671358,0.8382807746659356,0.825,342.4,SELL_NO
1779830501.2138836,75899.16093023808,75872.88882671358,0.8039740170667559,0.825,407.22999999999996,SELL_YES
1779830501.9327307,75899.16093023808,75872.88882671358,0.8117696977241845,0.825,77.64,SELL_YES
1779830501.9653742,75899.16093023808,75872.88882671358,0.8465012798112829,0.825,373.09965277565755,BUY_YES
1779830501.9880028,75899.16093023808,75872.88882671358,0.8049306868502224,0.825,414.59,SELL_YES
1779830502.2017248,75899.16093023808,75872.88882671358,0.8098206572248342,0.825,104.64,SELL_YES
1779830502.2317123,75899.16093023808,75872.88882671358,0.8399229363386964,0.825,112.31947455528837,BUY_YES
1779830502.442735,75899.16093023808,75872.88882671358,0.8052820811002046,0.825,362.59,SELL_YES
1779830502.603893,75898.91523237494,75872.88882671358,0.8096976872825267,0.825,120.28,SELL_YES
1779830502.6350002,75898.91523237494,75872.88882671358,0.8382712551005594,0.825,225.77,BUY_YES
1779830502.6538143,75898.91523237494,75872.88882671358,0.7986049342063237,0.825,327.59,BUY_NO
1779830502.690494,75898.91523237494,75872.88882671358,0.8473460451828695,0.825,719.3798495792516,BUY_YES
1779830502.9112046,75898.91523237494,75872.88882671358,0.857629298754713,0.825,60.401913628100374,BUY_YES
1779830503.1397448,75898.91523237494,75872.88882671358,0.8510142682703499,0.825,153.15002079393594,BUY_YES
1779830503.2176766,75898.91523237494,75872.88882671358,0.8145198161301586,0.825,87.72,SELL_YES
1779830503.2843099,75898.91523237494,75872.88882671358,0.814350035044345,0.825,75.0,SELL_YES
1779830503.3651767,75898.91523237494,75872.88882671358,0.8145831353327385,0.825,62.0,SELL_YES
1779830503.625936,75898.91523237494,75872.88882671358,0.8139493418813742,0.825,195.16,SELL_YES
1779830503.673584,75898.91523237494,75872.88882671358,0.8459326650655663,0.825,110.99282610604484,BUY_YES
1779830503.7844486,75898.91523237494,75872.88882671358,0.8052045020752719,0.825,389.91999999999996,SELL_YES
1779830504.8044777,75898.96204369637,75872.88882671358,0.8382401249763705,0.825,304.9871738939552,SELL_NO
1779830504.8270893,75898.96204369637,75872.88882671358,0.7868641643188843,0.825,260.45000000000005,SELL_YES
1779830504.8370302,75898.96204369637,75872.88882671358,0.7772985762986409,0.825,343.24,BUY_NO
1779830504.8936608,75898.96204369637,75872.88882671358,0.8471012009264043,0.825,730.0122560043974,BUY_YES
1779830504.9061413,75898.96204369637,75872.88882671358,0.8542999388008481,0.825,431.77490456674536,BUY_YES
1779830504.9254618,75898.96204369637,75872.88882671358,0.8123719685583493,0.825,190.93,SELL_YES
1779830505.2750666,75898.96204369637,75872.88882671358,0.8526177795519707,0.825,82.5786286424925,BUY_YES
1779830505.4098892,75898.96204369637,75872.88882671358,0.8047447120360443,0.825,381.6,SELL_YES
1779830505.4397001,75898.96204369637,75872.88882671358,0.8523511385532038,0.825,370.9661209257471,BUY_YES
1779830505.4460695,75898.96204369637,75872.88882671358,0.8579307956119422,0.825,563.623879074253,SELL_NO
1779830505.4714165,75898.96204369637,75872.88882671358,0.879332083054268,0.825,614.7944596381355,BUY_YES
1779830505.5706773,75898.96204369637,75872.88882671358,0.8778341559514354,0.825,62.0,BUY_YES
1779830507.4076772,75899.83269892333,75872.88882671358,0.8146037380258294,0.825,191.15,SELL_YES
1779830507.5230057,75899.83269892333,75872.88882671358,0.8076452927671993,0.825,206.47,SELL_YES
1779830507.5336077,75899.83269892333,75872.88882671358,0.7952686131639749,0.825,588.07,SELL_YES
1779830507.6905534,75899.83269892333,75872.88882671358,0.8141455632560386,0.825,64.0,SELL_YES
1779830508.0964298,75899.83269892333,75872.88882671358,0.8096226465027501,0.825,69.00000000000003,SELL_YES
1779830508.3403764,75899.83269892333,75872.88882671358,0.8128274618419301,0.825,64.78999999999999,SELL_YES
1779830509.2321467,75899.83269892333,75872.88882671358,0.8458335752456145,0.825,108.2724899827108,BUY_YES
1779830509.760454,75899.83269892333,75872.88882671358,0.8145155563441755,0.825,160.47,SELL_YES
1779830509.7904072,75899.83269892333,75872.88882671358,0.8143757013954837,0.825,160.47,SELL_YES
1779830509.8205774,75899.83269892333,75872.88882671358,0.8451388312453961,0.825,280.8285148832133,BUY_YES
1779830509.8399653,75899.83269892333,75872.88882671358,0.8038266279271552,0.825,342.59,SELL_YES
1779830509.872605,75899.83269892333,75872.88882671358,0.8455007471047824,0.825,365.73510054887777,BUY_YES
1779830509.9819567,75900.01497589902,75872.88882671358,0.7944516054074708,0.825,245.56,SELL_YES
1779830510.1925848,75900.01497589902,75872.88882671358,0.8042290251370973,0.825,501.39,SELL_YES
1779830510.2173293,75900.01497589902,75872.88882671358,0.8386883799055728,0.825,327.48625940282625,BUY_YES
1779830511.1608522,75900.01497589902,75872.88882671358,0.8046187366669204,0.825,85.0,SELL_YES
1779830511.8283923,75900.01497589902,75872.88882671358,0.8385590105048497,0.825,75.09651590268766,BUY_YES
1779830511.8360853,75900.01497589902,75872.88882671358,0.8439920140870464,0.825,336.3640311895614,BUY_YES
1779830511.851095,75900.01497589902,75872.88882671358,0.8081675443958345,0.825,91.22,SELL_YES
1779830511.8616061,75900.01497589902,75872.88882671358,0.8027441123297735,0.825,427.59,SELL_YES
1779830511.8946238,75900.01497589902,75872.88882671358,0.7892752341033658,0.825,260.56,BUY_NO
1779830511.932869,75900.01497589902,75872.88882671358,0.8488307953053875,0.825,820.6876810677406,BUY_YES
1779830511.9576285,75900.01497589902,75872.88882671358,0.8598182942247901,0.825,107.4574621918332,BUY_YES
1779830511.9671257,75900.01497589902,75872.88882671358,0.8558430332411717,0.825,347.40775479694565,SELL_NO
1779830511.9862635,75900.01497589902,75872.88882671358,0.7658482556756264,0.825,319.0,BUY_NO
1779830511.9949353,75900.01497589902,75872.88882671358,0.7713951958897076,0.825,620.0,SELL_YES
1779830512.0621467,75900.01497589902,75872.88882671358,0.869951908082028,0.825,256.72655485123136,BUY_YES
1779830512.1189125,75900.01497589902,75872.88882671358,0.8712560353675777,0.825,65.62,BUY_YES
1779830513.3899274,75900.01547589901,75872.88882671358,0.8475253542300347,0.825,98.21055692180528,BUY_YES
1779830513.3986673,75900.01547589901,75872.88882671358,0.8535706264853105,0.825,369.6744784149939,BUY_YES
1779830513.4255774,75900.01547589901,75872.88882671358,0.8063614703128659,0.825,431.59,SELL_YES
1779830514.2590728,75900.01547589901,75872.88882671358,0.8388941413853261,0.825,319.0,SELL_NO
1779830514.3033836,75900.01547589901,75872.88882671358,0.8525150849768389,0.825,369.0996836481354,BUY_YES
1779830514.3260784,75900.01547589901,75872.88882671358,0.8055605135080903,0.825,449.75,SELL_YES
1779830514.3941853,75900.01547589901,75872.88882671358,0.794125175012947,0.825,260.56,BUY_NO
1779830514.433818,75900.01547589901,75872.88882671358,0.8466755477920196,0.825,90.69671887284312,BUY_YES
1779830514.4485152,75900.01547589901,75872.88882671358,0.8530012656444385,0.825,387.2463029761361,BUY_YES
1779830514.46217,75900.01547589901,75872.88882671358,0.8572854152499609,0.825,253.74676533850698,BUY_YES
1779830514.4738104,75900.01547589901,75872.88882671358,0.8591826845723455,0.825,109.28354532024173,BUY_YES
1779830514.4889166,75900.01547589901,75872.88882671358,0.8615078642554698,0.825,82.10698384413655,BUY_YES
1779830514.5540786,75900.01547589901,75872.88882671358,0.8708445230244203,0.825,620.644276463049,BUY_YES
1779830516.5532618,75900.0410051028,75872.88882671358,0.8772845824639723,0.825,364.84039756256925,BUY_YES
1779830516.6025856,75900.0410051028,75872.88882671358,0.8015882429914379,0.825,422.02,SELL_YES
1779830517.7741227,75900.81871420973,75872.88882671358,0.8724863258702595,0.825,135.24280985962105,BUY_YES
1779830520.021311,75901.13756777954,75872.88882671358,0.874174608163772,0.825,96.32843557434899,BUY_YES
1779830525.67377,75902.8300422358,75872.88882671358,0.8759330405764514,0.825,101.70746902852034,BUY_YES
1779830526.240073,75902.54225193565,75872.88882671358,0.877062322906223,0.825,63.50473727986673,BUY_YES
1779830526.5781004,75902.54225193565,75872.88882671358,0.879848579047871,0.825,164.0632422392996,BUY_YES
1779830527.0408144,75902.54225193565,75872.88882671358,0.8811952368966044,0.825,73.15785041119761,BUY_YES
1779830529.045739,75902.053902803,75872.88882671358,0.874895572596671,0.815,73.17789404161567,BUY_YES
1779830529.8215895,75902.053902803,75872.88882671358,0.8761182760422985,0.815,66.26420277633133,BUY_YES
1779830530.2882376,75902.053902803,75872.88882671358,0.798352563983113,0.815,374.81294197877213,BUY_NO
1779830530.5721204,75902.74024477198,75872.88882671358,0.7942450364621181,0.815,1075.13,SELL_YES
1779830530.6137,75902.74024477198,75872.88882671358,0.8600748855388015,0.815,191.9573195169878,BUY_YES
1779830530.62704,75902.74024477198,75872.88882671358,0.8696795768528998,0.815,75.96990025112109,BUY_YES
1779830530.6379807,75902.74024477198,75872.88882671358,0.870791337100985,0.815,635.3729419787721,SELL_NO
1779830530.6545262,75902.74024477198,75872.88882671358,0.7902505895409607,0.815,75.77999999999992,SELL_YES
1779830530.9434175,75902.74024477198,75872.88882671358,0.6024607393752632,0.815,904.51,BUY_NO
1779830530.9521654,75902.74024477198,75872.88882671358,0.6197109149262764,0.815,268.75,SELL_YES
1779830530.9611115,75902.74024477198,75872.88882671358,0.6359455057369197,0.815,362.24,BUY_NO
1779830530.969237,75902.74024477198,75872.88882671358,0.6536482304500736,0.815,556.0,BUY_NO
1779830530.9772513,75902.74024477198,75872.88882671358,0.6704658189275698,0.815,409.97,SELL_YES
1779830530.9859414,75902.74024477198,75872.88882671358,0.6864425279811913,0.815,518.4000000000001,SELL_YES
1779830531.0681994,75902.74024477198,75872.88882671358,0.8412666401020419,0.815,122.39310042254806,BUY_YES
1779830531.0899496,75902.74024477198,75872.88882671358,0.8549917246999863,0.815,281.043562951731,BUY_YES
1779830531.1004953,75902.74024477198,75872.88882671358,0.8520235078991185,0.815,689.3133366257209,SELL_NO
1779830531.142068,75902.74024477198,75872.88882671358,0.5968498710866407,0.815,873.51,BUY_NO
1779830531.1537902,75902.74024477198,75872.88882671358,0.6014441408125976,0.815,296.84,BUY_NO
1779830531.1682189,75902.74024477198,75872.88882671358,0.6199558391788267,0.815,362.24,BUY_NO
1779830531.1784418,75902.74024477198,75872.88882671358,0.6384580472198853,0.815,556.0,BUY_NO
1779830531.1876495,75902.74024477198,75872.88882671358,0.656035144858891,0.815,409.97,SELL_YES
1779830531.2114294,75902.74024477198,75872.88882671358,0.7179835382072219,0.815,518.4000000000001,SELL_YES
1779830531.223339,75902.74024477198,75872.88882671358,0.7445051432320177,0.815,70.69999999999999,SELL_YES
1779830531.2856421,75902.74024477198,75872.88882671358,0.8352371641734069,0.815,255.35999999999999,BUY_YES
1779830531.3626156,75902.74024477198,75872.88882671358,0.8345900346166699,0.815,72.60931169149535,BUY_YES
1779830531.376052,75902.74024477198,75872.88882671358,0.7942672393987839,0.815,847.2755801107877,SELL_YES
1779830531.4099379,75902.74024477198,75872.88882671358,0.8341948475900091,0.815,188.70068830850465,BUY_YES
1779830531.4332745,75902.74024477198,75872.88882671358,0.8507453952019105,0.815,502.2306511282289,BUY_YES
1779830531.4546647,75902.74024477198,75872.88882671358,0.7814562910504587,0.815,306.6844198892122,SELL_YES
1779830531.4661667,75902.74024477198,75872.88882671358,0.7693674509926617,0.815,369.24,SELL_YES
1779830532.1933346,75902.37144619446,75872.88882671358,0.8564849433240086,0.815,803.449348871771,BUY_YES
1779830532.2079375,75902.37144619446,75872.88882671358,0.7779760429565512,0.815,818.4562684192923,SELL_YES
1779830532.2418706,75902.37144619446,75872.88882671358,0.8303284658829768,0.815,103.27,BUY_YES
1779830532.2546825,75902.37144619446,75872.88882671358,0.8364631000803668,0.815,155.45,BUY_YES
1779830532.2815819,75902.37144619446,75872.88882671358,0.7739176655716625,0.815,258.71999999999997,SELL_YES
1779830532.4540012,75902.37144619446,75872.88882671358,0.7451847860014433,0.815,423.5951009758501,BUY_NO
1779830532.4750018,75902.37144619446,75872.88882671358,0.7250119888780202,0.815,757.16,BUY_NO
1779830532.556417,75902.37144619446,75872.88882671358,0.8265283170115634,0.815,108.83,BUY_YES
1779830532.6792245,75902.37144619446,75872.88882671358,0.8351313880956683,0.815,155.45,BUY_YES
1779830532.7151349,75902.37144619446,75872.88882671358,0.7925767010929412,0.815,264.28,SELL_YES
1779830532.9393435,75902.37144619446,75872.88882671358,0.8451509836521951,0.815,330.43152842001007,BUY_YES
1779830532.9572499,75902.37144619446,75872.88882671358,0.7840425766080985,0.815,330.43152842001007,SELL_YES
1779830533.5821567,75902.37144619446,75872.88882671358,0.8450290482658093,0.815,322.5208116254325,BUY_YES
1779830534.1617115,75902.24461249945,75872.88882671358,0.7985543571562441,0.815,322.5208116254325,SELL_YES
1779830534.1876247,75902.24461249945,75872.88882671358,0.725704918847321,0.815,317.4273008918972,BUY_NO
1779830534.3784025,75902.24461249945,75872.88882671358,0.8270034770874948,0.815,95.86,BUY_YES
1779830534.4100788,75902.24461249945,75872.88882671358,0.786123401395042,0.815,95.86,SELL_YES
1779830534.8753078,75902.24461249945,75872.88882671358,0.8253566785663228,0.815,88.69,BUY_YES
1779830534.9746358,75902.24461249945,75872.88882671358,0.836151108188846,0.815,155.45,BUY_YES
1779830535.0126622,75902.24461249945,75872.88882671358,0.8035325469053006,0.815,244.14,SELL_YES
1779830535.049639,75902.24461249945,75872.88882671358,0.8479929741932841,0.815,511.9313924277371,BUY_YES
1779830535.0657835,75902.24461249945,75872.88882671358,0.784487438506717,0.815,511.9313924277371,SELL_YES
1779830535.3076513,75902.24461249945,75872.88882671358,0.8456075648065327,0.815,173.37860757226287,BUY_YES
1779830535.8909092,75902.17922282027,75872.88882671358,0.8551748708308103,0.815,175.01031394585,BUY_YES
1779830535.9542685,75902.17922282027,75872.88882671358,0.7958796216133732,0.815,281.59860757226284,SELL_YES
1779830536.4235616,75902.17922282027,75872.88882671358,0.7843496986855788,0.815,66.79031394585002,SELL_YES
1779830536.448216,75902.17922282027,75872.88882671358,0.7183749554095858,0.815,401.8207175522721,BUY_NO
1779830536.512353,75902.17922282027,75872.88882671358,0.8266374283741553,0.815,81.99,BUY_YES
1779830536.6854134,75902.17922282027,75872.88882671358,0.8351852911478148,0.815,161.4,BUY_YES
1779830536.7058458,75902.17922282027,75872.88882671358,0.8043260962518172,0.815,211.95896850187796,SELL_YES
1779830536.7504363,75902.17922282027,75872.88882671358,0.8470866875430669,0.815,421.36996054223175,BUY_YES
1779830536.7605846,75902.17922282027,75872.88882671358,0.7902998105954875,0.815,371.75,SELL_YES
1779830536.767273,75902.17922282027,75872.88882671358,0.7691042422350537,0.815,81.05099204035378,SELL_YES
1779830542.068309,75902.81607078385,75872.88882671358,0.7312661316723801,0.855,1302.52,BUY_NO
1779830542.0855036,75902.81607078385,75872.88882671358,0.6908391827449537,0.855,1302.52,BUY_NO
1779830542.1189709,75902.81607078385,75872.88882671358,0.6797817363382211,0.875,1382.52,BUY_NO
1779830542.132445,75902.81607078385,75872.88882671358,0.6594288448955835,0.875,1382.52,BUY_NO
1779830547.725786,75910.47033017509,75872.88882671358,0.9063082011712786,0.895,76.0,BUY_YES
1779830548.1375465,75910.47033017509,75872.88882671358,0.9143575859674233,0.895,279.75,BUY_YES
1779830548.243617,75910.47033017509,75872.88882671358,0.9248215412358948,0.895,328.64,BUY_YES
1779830548.2712219,75910.47033017509,75872.88882671358,0.9283541267270539,0.895,266.118640296433,BUY_YES
1779830548.3019261,75910.47033017509,75872.88882671358,0.9262863335667223,0.895,333.25,BUY_YES
1779830548.329817,75910.47033017509,75872.88882671358,0.9266403255525189,0.895,331.18,BUY_YES
1779830548.3791056,75910.47033017509,75872.88882671358,0.9270734011258768,0.895,331.18,BUY_YES
1779830548.4020858,75910.47033017509,75872.88882671358,0.9310671310609305,0.895,330.06,BUY_YES
1779830548.4890215,75910.47033017509,75872.88882671358,0.9413523739548313,0.895,90.23299067847029,BUY_YES
1779830548.886625,75910.47033017509,75872.88882671358,0.9271905951065631,0.895,94.15089714762507,BUY_YES
1779830549.2024093,75910.47155365895,75872.88882671358,0.9353525826971539,0.895,56.63666338651001,BUY_YES
1779830549.6597085,75910.47155365895,75872.88882671358,0.9287610285826203,0.895,78.93928463154316,BUY_YES
1779830549.6666985,75910.47155365895,75872.88882671358,0.9297056766538149,0.895,81.74994776928042,BUY_YES
1779830550.3924127,75910.30163397598,75872.88882671358,0.9304613576274204,0.895,64.38375660727115,BUY_YES
1779830550.672045,75910.30163397598,75872.88882671358,0.9332688872053816,0.895,177.86624339272885,BUY_YES
1779830550.9855726,75910.30163397598,75872.88882671358,0.933413958025897,0.895,75.68070167320457,BUY_YES
1779830551.342443,75910.30163397598,75872.88882671358,0.8772751200225941,0.895,1318.54,SELL_YES
1779830551.418882,75910.30163397598,75872.88882671358,0.9290879739736482,0.895,241.88812335883927,BUY_YES
1779830551.4744022,75910.30163397598,75872.88882671358,0.9378948451972613,0.895,74.88399209096951,BUY_YES
1779830551.7334437,75910.30163397598,75872.88882671358,0.931600047256326,0.895,100.0,BUY_YES
1779830551.7778082,75910.29238657981,75872.88882671358,0.8755154403986792,0.895,1328.3200000000002,SELL_YES
1779830551.8378592,75910.29238657981,75872.88882671358,0.9103034696564649,0.895,74.92,BUY_YES
1779830551.9061615,75910.29238657981,75872.88882671358,0.8640964267982193,0.895,840.6512410328754,SELL_YES
1779830551.9903557,75910.29238657981,75872.88882671358,0.9078707759925042,0.895,74.92,BUY_YES
1779830552.1228058,75910.29238657981,75872.88882671358,0.9154571661504587,0.895,285.87,BUY_YES
1779830552.1410053,75910.29238657981,75872.88882671358,0.8824742036545742,0.895,97.23875896712457,SELL_YES
1779830552.1895463,75910.29238657981,75872.88882671358,0.88279378657926,0.895,70.21999999999991,SELL_YES
1779830552.2788444,75910.29238657981,75872.88882671358,0.8566360459389519,0.895,193.33124103287554,SELL_YES
1779830552.2999995,75910.29238657981,75872.88882671358,0.7590819358531967,0.895,772.2587589671245,BUY_NO
1779830552.7253594,75910.29238657981,75872.88882671358,0.9145067303251497,0.895,274.17,BUY_YES
1779830552.7325516,75910.29238657981,75872.88882671358,0.8692813938088921,0.895,274.17,SELL_YES
1779830552.7555368,75910.29238657981,75872.88882671358,0.7520859886047991,0.895,627.9247491165024,BUY_NO
1779830552.9568057,75910.29238657981,75872.88882671358,0.9145872473958004,0.895,259.17,BUY_YES
1779830553.0191576,75910.29238657981,75872.88882671358,0.8648717430946449,0.895,259.17,SELL_YES
1779830553.0536156,75910.29238657981,75872.88882671358,0.7396942427784685,0.895,841.23,BUY_NO
1779830553.41629,75910.24210571013,75872.88882671358,0.9146129569609078,0.895,305.87,BUY_YES
1779830553.5320292,75910.24210571013,75872.88882671358,0.8795835221177039,0.895,305.87,SELL_YES
1779830553.590372,75910.24210571013,75872.88882671358,0.7244850544086308,0.895,774.9699999999999,BUY_NO
1779830553.9799416,75910.24210571013,75872.88882671358,0.914383935883339,0.895,305.87,BUY_YES
1779830555.481884,75910.25062603957,75872.88882671358,0.9255153089065945,0.905,367.53,BUY_YES
1779830556.5945418,75910.24162152382,75872.88882671358,0.9224037297971734,0.905,546.1899999999999,BUY_YES
1779830556.6887867,75910.24162152382,75872.88882671358,0.890266966542706,0.905,695.58,SELL_YES
1779830556.7723038,75910.24162152382,75872.88882671358,0.9354822507270042,0.905,177.45267916744842,BUY_YES
1779830557.1391988,75910.24162152382,75872.88882671358,0.8714717686454371,0.905,701.4626791674483,SELL_YES
1779830557.1961303,75910.24162152382,75872.88882671358,0.9163869276863296,0.905,213.66,BUY_YES
1779830557.2449949,75910.24162152382,75872.88882671358,0.8943558406813074,0.905,78.0,SELL_YES
1779830557.4090972,75910.24162152382,75872.88882671358,0.9258578097584329,0.905,342.53,BUY_YES
1779830557.4236944,75910.24162152382,75872.88882671358,0.8855851990398116,0.905,339.0573208325516,SELL_YES
1779830557.4289193,75910.24162152382,75872.88882671358,0.8744406566475152,0.905,139.13267916744832,SELL_YES
1779830558.6385138,75910.23904936721,75872.88882671358,0.9161846461741001,0.905,233.66,BUY_YES
1779830558.6577077,75910.23904936721,75872.88882671358,0.8883806002613182,0.905,233.66,SELL_YES
1779830558.7583916,75910.23904936721,75872.88882671358,0.925204892894476,0.905,327.52,BUY_YES
1779830558.770941,75910.23904936721,75872.88882671358,0.8932968943641877,0.905,327.52,SELL_YES
1779830559.4384487,75910.23904936721,75872.88882671358,0.9150576674831863,0.905,203.66,BUY_YES
1779830559.4559073,75910.23904936721,75872.88882671358,0.8907555304617032,0.905,203.66,SELL_YES
1779830559.541449,75910.23904936721,75872.88882671358,0.9250218642670125,0.905,282.52,BUY_YES
1779830559.5601192,75910.23904936721,75872.88882671358,0.8923229272177499,0.905,282.52,SELL_YES
1779830559.7076023,75910.23904655414,75872.88882671358,0.9353412910887603,0.905,688.7708009491737,BUY_YES
1779830559.71716,75910.23904655414,75872.88882671358,0.8927984279722582,0.905,144.72000000000003,SELL_YES
1779830559.7239785,75910.23904655414,75872.88882671358,0.864162727716587,0.905,544.0508009491737,SELL_YES
1779830559.8213851,75910.23904655414,75872.88882671358,0.7332737485692324,0.905,652.7,BUY_NO
1779830560.275125,75910.23904655414,75872.88882671358,0.9153139138815383,0.905,203.66,BUY_YES
1779830560.300463,75910.23904655414,75872.88882671358,0.8853148957424863,0.905,203.66,SELL_YES
1779830560.4279315,75910.23904655414,75872.88882671358,0.9154519697713246,0.905,93.00000000000003,BUY_YES
1779830560.5954566,75910.23904655414,75872.88882671358,0.9253605052205466,0.905,282.53,BUY_YES
1779830560.6370032,75910.23904655414,75872.88882671358,0.881943598146711,0.905,145.34,SELL_YES
1779830561.062325,75910.23904655414,75872.88882671358,0.878986816700552,0.905,230.18999999999997,SELL_YES
1779830561.4919357,75910.24215386447,75872.88882671358,0.9153680788469887,0.905,274.55,BUY_YES
1779830561.5041199,75910.24215386447,75872.88882671358,0.88881308983353,0.905,274.55,SELL_YES
1779830561.7994125,75910.24215386447,75872.88882671358,0.9254767506969859,0.905,365.53,BUY_YES
1779830561.8155773,75910.24215386447,75872.88882671358,0.8908312752040031,0.905,335.29,SELL_YES
1779830562.1380682,75910.24215386447,75872.88882671358,0.9153741492788882,0.905,266.55,BUY_YES
1779830562.148299,75910.24215386447,75872.88882671358,0.886913723723947,0.905,296.78999999999996,SELL_YES
1779830562.21193,75910.24215386447,75872.88882671358,0.916523523099705,0.905,255.01,BUY_YES
1779830562.2273898,75910.24215386447,75872.88882671358,0.8884401157549066,0.905,255.01,SELL_YES
1779830562.568529,75910.24215386447,75872.88882671358,0.916015533161864,0.905,245.01,BUY_YES
1779830562.5894864,75910.24215386447,75872.88882671358,0.8877738691990272,0.905,245.01,SELL_YES
1779830562.6433218,75910.24215386447,75872.88882671358,0.9177575406302536,0.905,245.01,BUY_YES
1779830562.661442,75910.24215386447,75872.88882671358,0.894067585677207,0.905,245.01,SELL_YES
1779830562.724542,75910.24215386447,75872.88882671358,0.92534469790661,0.905,358.61,BUY_YES
1779830562.7383318,75910.24215386447,75872.88882671358,0.8899745966419499,0.905,358.61,SELL_YES
1779830563.3771853,75908.89002502567,75872.88882671358,0.9352799855678043,0.905,1134.84,BUY_YES
1779830563.4447355,75908.89002502567,75872.88882671358,0.8912819804210721,0.905,679.56,SELL_YES
1779830563.474108,75908.89002502567,75872.88882671358,0.9174189523533696,0.905,245.01,BUY_YES
1779830563.6943524,75908.89002502567,75872.88882671358,0.9267545034711114,0.905,59.11077928468228,BUY_YES
1779830564.683103,75907.49267285211,75872.88882671358,0.8860006765888524,0.905,759.4007792846822,SELL_YES
1779830564.7053633,75907.49267285211,75872.88882671358,0.9156860961706911,0.905,172.55,BUY_YES
1779830564.7095087,75907.49267285211,75872.88882671358,0.8757001204050675,0.905,172.55,SELL_YES
1779830565.2481787,75907.49267285211,75872.88882671358,0.9159790087550609,0.905,209.55,BUY_YES
1779830565.2547088,75907.49267285211,75872.88882671358,0.917405476992287,0.905,209.55,BUY_YES
1779830565.2726247,75907.49267285211,75872.88882671358,0.8937527210262938,0.905,419.1,SELL_YES
1779830565.3029144,75907.49267285211,75872.88882671358,0.9273794675228948,0.905,310.52,BUY_YES
1779830565.3195508,75907.49267285211,75872.88882671358,0.8940069412086028,0.905,310.52,SELL_YES
1779830566.299364,75907.49317285212,75872.88882671358,0.9150088587351627,0.905,159.55,BUY_YES
1779830566.3147342,75907.49317285212,75872.88882671358,0.8934135745470103,0.905,159.55,SELL_YES
1779830566.4159997,75907.49317285212,75872.88882671358,0.9253660057461839,0.905,230.52,BUY_YES
1779830566.4354978,75907.49317285212,75872.88882671358,0.8949861216744786,0.905,230.52,SELL_YES
1779830567.6054661,75907.54535255408,75872.88882671358,0.9245799167402304,0.905,279.05,BUY_YES
1779830567.7789304,75907.54535255408,75872.88882671358,0.9242680646737795,0.905,268.06,BUY_YES
1779830567.8170364,75907.54535255408,75872.88882671358,0.9311845928841092,0.905,268.06,BUY_YES
1779830568.1499627,75907.54535255408,75872.88882671358,0.925620217280643,0.905,267.56,BUY_YES
1779830568.1887264,75907.54535255408,75872.88882671358,0.9351282653748317,0.905,1091.34,SELL_NO
1779830568.1977212,75907.54535255408,75872.88882671358,0.8888718521060901,0.905,869.47,SELL_YES
1779830568.2155871,75907.54535255408,75872.88882671358,0.8847931560595541,0.905,213.26,SELL_YES
1779830568.3034472,75907.54535255408,75872.88882671358,0.731914465336549,0.905,967.15,BUY_NO
1779830569.7912023,75907.75891764044,75872.88882671358,0.9173168706643641,0.905,357.03,BUY_YES
1779830569.8348014,75907.75891764044,75872.88882671358,0.8948472237241109,0.905,79.08,SELL_YES
1779830569.9040756,75907.75891764044,75872.88882671358,0.9214075889116617,0.895,344.03,BUY_YES
1779830569.9175446,75907.75891764044,75872.88882671358,0.9275414398666781,0.895,225.90210756314366,BUY_YES
1779830570.1502755,75907.75891764044,75872.88882671358,0.9256054681499656,0.895,529.8,BUY_YES
1779830570.1702585,75907.75891764044,75872.88882671358,0.8741127579750531,0.895,719.12,SELL_YES
1779830570.5020092,75907.75891764044,75872.88882671358,0.9363394802355833,0.895,166.18,BUY_YES
1779830570.5525124,75907.75891764044,75872.88882671358,0.9313874886096434,0.895,62.0,BUY_YES
1779830570.8683627,75907.75891764044,75872.88882671358,0.929076621782368,0.895,70.09,BUY_YES
1779830571.4707425,75907.28028201917,75872.88882671358,0.9358818765707725,0.895,105.0,BUY_YES
1779830571.4809146,75907.28028201917,75872.88882671358,0.9351668338206206,0.895,324.29,BUY_YES
1779830571.871329,75907.28028201917,75872.88882671358,0.9171582539653291,0.895,57.139999999999986,BUY_YES
1779830573.9981074,75907.28028201917,75872.88882671358,0.9324400498307966,0.895,61.999999999999986,BUY_YES
1779830574.106533,75907.28028201917,75872.88882671358,0.9275862349230888,0.895,103.0,BUY_YES
1779830574.6125631,75907.2802815791,75872.88882671358,0.9327132013716077,0.895,64.99999999999999,BUY_YES
1779830574.6310284,75907.2802815791,75872.88882671358,0.9342332583419479,0.895,536.4,BUY_YES
1779830574.72783,75907.2802815791,75872.88882671358,0.9449238205720175,0.895,85.94999999999999,BUY_YES
1779830574.737333,75907.2802815791,75872.88882671358,0.9436583907287273,0.895,289.7201212880095,BUY_YES
1779830575.2110608,75907.2802815791,75872.88882671358,0.9300374757066404,0.895,84.28000000000006,BUY_YES
1779830575.3073761,75907.2802815791,75872.88882671358,0.9325658072506461,0.895,58.00000000000006,BUY_YES
1779830575.5471883,75907.2802815791,75872.88882671358,0.9342846658089106,0.895,56.0,BUY_YES
1779830576.8007064,75907.27921953735,75872.88882671358,0.9333800336729158,0.895,174.57022637033424,BUY_YES
1779830577.738263,75907.7314811039,75872.88882671358,0.9344430383228385,0.895,85.1840535279166,BUY_YES
1779830579.1555958,75908.09640260905,75872.88882671358,0.9353474763450875,0.895,75.37040723642531,BUY_YES
1779830579.233041,75908.09640260905,75872.88882671358,0.9365581282304786,0.895,102.68188234702893,BUY_YES
1779830579.2407885,75908.09640260905,75872.88882671358,0.938436908772314,0.895,159.63176907331217,BUY_YES
1779830579.619347,75908.09640260905,75872.88882671358,0.9410725611928018,0.895,222.00480971794832,BUY_YES
1779830579.654283,75908.09640260905,75872.88882671358,0.9419327683016724,0.895,61.49492346899024,BUY_YES
1779830581.292661,75908.0964038997,75872.88882671358,0.9445530687478642,0.895,224.8790013871735,BUY_YES
1779830582.3522935,75908.69844187652,75872.88882671358,0.9455617456441628,0.895,72.68518167483535,BUY_YES
1779830582.9050794,75908.69844187652,75872.88882671358,0.9466983818106359,0.895,93.74974919069064,BUY_YES
1779830583.490555,75908.69844187652,75872.88882671358,0.9532426525625426,0.895,64.62117791248102,BUY_YES
1779830583.8436604,75908.62955582631,75872.88882671358,0.9544883138925241,0.895,113.90206408542781,BUY_YES
1779830584.6936862,75908.62955582631,75872.88882671358,0.950076758074767,0.895,94.19196200777333,BUY_YES
1779830585.634468,75908.62963091214,75872.88882671358,0.9511148763479649,0.895,78.25,BUY_YES
1779830587.623495,75909.07537134945,75872.88882671358,0.958378578515211,0.895,89.96,BUY_YES
1779830587.7681885,75909.07537134945,75872.88882671358,0.9531948009735925,0.895,77.46000000000001,BUY_YES
1779830591.9646938,75909.29809848857,75872.88882671358,0.9594189117710391,0.905,92.19297958106836,BUY_YES
1779830597.5704076,75910.95535417987,75872.88882671358,0.965146588196173,0.915,69.6069696295699,BUY_YES
1779830598.0553749,75910.95535417987,75872.88882671358,0.9658473839625072,0.915,67.52966428908985,BUY_YES
1779830599.3505878,75910.95535417987,75872.88882671358,0.9666561045698108,0.915,78.81370659963704,BUY_YES
1779830599.770096,75910.95535417987,75872.88882671358,0.967695411683486,0.915,101.70859503158135,BUY_YES
1779830599.7859857,75910.95535417987,75872.88882671358,0.9687911881336432,0.915,105.19941077465683,BUY_YES
1779830600.1937456,75910.99456469317,75872.88882671358,0.9694746643589747,0.915,61.450983366191394,BUY_YES
1779830600.5109215,75910.99456469317,75872.88882671358,0.9702756281356938,0.915,77.59157766246881,BUY_YES
1779830602.4748755,75911.63540024044,75872.88882671358,0.970913270685037,0.915,58.90055142490746,BUY_YES
1779830603.6165588,75911.63540024044,75872.88882671358,0.9715011798449137,0.915,55.362356131144224,BUY_YES
1779830605.088423,75910.62397269026,75872.88882671358,0.972479636938142,0.915,96.05191503257811,BUY_YES
1779830605.5151849,75910.62397269026,75872.88882671358,0.9731097542037825,0.915,55.72276491255707,BUY_YES
1779830605.5405746,75910.62397269026,75872.88882671358,0.9738777168937384,0.915,73.81584941218807,BUY_YES
1779830606.9748938,75912.85217543403,75872.88882671358,0.9744966177471914,0.915,56.36883090221636,BUY_YES
1779830606.993497,75912.85217543403,75872.88882671358,0.9754337030137729,0.915,90.85378517504705,BUY_YES
1779830608.2257419,75913.3260356881,75872.88882671358,0.9760735091399172,0.915,56.33556400040288,BUY_YES
1779830608.3544576,75913.3260356881,75872.88882671358,0.9774554360210619,0.915,60.41,BUY_YES
1779830610.0714455,75915.4445726975,75872.88882671358,0.9807530062263838,0.925,61.455960826281625,BUY_YES
1779830611.0683541,75915.4445726975,75872.88882671358,0.9844538489314809,0.925,57.98360702200807,BUY_YES
1779830611.0838728,75915.4445726975,75872.88882671358,0.9843568151843994,0.925,68.5604321517103,BUY_YES
1779830618.267443,75915.53278961871,75872.88882671358,0.9354551217338337,0.975,1946.97,SELL_YES
1779830618.2817738,75915.53278961871,75872.88882671358,0.9357643067684789,0.975,965.5899999999999,SELL_YES
1779830618.3160012,75915.53278961871,75872.88882671358,0.9120271517905197,0.975,1926.97,SELL_YES
1779830618.3229837,75915.53278961871,75872.88882671358,0.9159257942009937,0.975,965.5899999999999,SELL_YES
1779830618.3321385,75915.53278961871,75872.88882671358,0.919629504490944,0.975,215.0449407767951,SELL_YES
1779830619.0040014,75915.53278961871,75872.88882671358,0.9850020577188107,0.975,2123.91,BUY_YES
1779830619.013734,75915.53278961871,75872.88882671358,0.93625195483287,0.975,1982.97,SELL_YES
1779830619.0388815,75915.53278961871,75872.88882671358,0.8361110113733607,0.975,140.93999999999983,SELL_YES
1779830619.6254501,75915.8845434665,75872.88882671358,0.9850150987110797,0.975,2043.91,BUY_YES
1779830619.633143,75915.8845434665,75872.88882671358,0.9362643437755257,0.975,1990.97,SELL_YES
1779830619.6404495,75915.8845434665,75872.88882671358,0.9232628520459141,0.975,52.940000000000055,SELL_YES
1779830620.178473,75915.8845434665,75872.88882671358,0.9851177782155968,0.975,2023.91,BUY_YES
1779830620.187718,75915.8845434665,75872.88882671358,0.9363618893048168,0.975,2014.97,SELL_YES
1779830620.5677881,75916.0806482275,75872.88882671358,0.9850802830243164,0.975,2082.91,BUY_YES
1779830620.5739896,75916.0806482275,75872.88882671358,0.9363262688731004,0.975,2072.9700000000003,SELL_YES
1779830621.1038067,75916.0806482275,75872.88882671358,0.9850942531399269,0.975,1982.8,BUY_YES
1779830621.1115375,75916.0806482275,75872.88882671358,0.9852358745302441,0.975,157.8176937872306,BUY_YES
1779830621.254524,75916.0806482275,75872.88882671358,0.9854447387786742,0.975,79.69869229361802,BUY_YES
1779830621.318186,75916.0806482275,75872.88882671358,0.9856287413392885,0.975,72.30684319214242,BUY_YES
1779830621.6436625,75916.0806482275,75872.88882671358,0.9857641720952841,0.975,52.48885641389006,BUY_YES
1779830621.785282,75916.0806482275,75872.88882671358,0.9859082943135642,0.975,56.77989619341906,BUY_YES
1779830621.8389132,75916.0806482275,75872.88882671358,0.9861332555966874,0.975,89.55886274823342,BUY_YES
1779830621.8482275,75916.0806482275,75872.88882671358,0.986326592816853,0.975,74.88161686406875,BUY_YES
1779830621.8559268,75916.0806482275,75872.88882671358,0.9865102631760103,0.975,71.39480900733452,BUY_YES
1779830621.8663235,75916.0806482275,75872.88882671358,0.9866847500172098,0.975,67.62092700272706,BUY_YES
1779830621.884722,75916.0806482275,75872.88882671358,0.9869004876279028,0.975,84.4180764709622,BUY_YES
1779830622.0259936,75916.0806482275,75872.88882671358,0.9870970001966578,0.975,75.48983210700044,BUY_YES
1779830622.320982,75916.0806482275,75872.88882671358,0.9872380098601337,0.975,53.20500996624969,BUY_YES
1779830622.4681692,75916.0806482275,75872.88882671358,0.9874029678656191,0.975,63.987768233800125,BUY_YES
1779830622.67286,75916.0806482275,75872.88882671358,0.9876030538546855,0.975,77.46882482907813,BUY_YES
1779830623.022511,75915.83668780245,75872.88882671358,0.987767331937653,0.975,62.008407092212565,BUY_YES
1779830623.1732218,75915.83668780245,75872.88882671358,0.9879356124679771,0.975,64.35370154939164,BUY_YES
1779830623.355412,75915.83668780245,75872.88882671358,0.9880947717782742,0.975,60.374939902013466,BUY_YES
1779830623.640603,75915.83668780245,75872.88882671358,0.9882675719276052,0.975,65.96424219423307,BUY_YES
1779830623.6720004,75915.83668780245,75872.88882671358,0.9884265580140912,0.975,59.8941780802902,BUY_YES
1779830623.6878629,75915.83668780245,75872.88882671358,0.9885799686077171,0.975,57.886221230207866,BUY_YES
1779830623.7018025,75915.83668780245,75872.88882671358,0.9887184216684646,0.975,51.87318546008919,BUY_YES
1779830623.7195172,75915.83668780245,75872.88882671358,0.9889012067779996,0.975,69.93798074354663,BUY_YES
1779830623.7378838,75915.83668780245,75872.88882671358,0.9890579221612873,0.975,58.11964055576709,BUY_YES
1779830623.7623417,75915.83668780245,75872.88882671358,0.9892326717123819,0.975,65.98975628618837,BUY_YES
1779830623.7891932,75915.83668780245,75872.88882671358,0.989375006313933,0.975,52.32463696389914,BUY_YES
1779830623.8208816,75915.83668780245,75872.88882671358,0.9895163917996633,0.975,52.78007643377987,BUY_YES
1779830624.460764,75916.30372624239,75872.88882671358,0.9896702587637957,0.975,57.6155010102093,BUY_YES
1779830624.664558,75916.30372624239,75872.88882671358,0.9898124262899545,0.975,52.47493824601361,BUY_YES
1779830625.3178377,75916.30372624239,75872.88882671358,0.9899527368447836,0.975,51.99649985104861,BUY_YES
1779830627.2902427,75915.93095012502,75872.88882671358,0.9578786314177927,0.975,1969.92,SELL_YES
1779830627.485351,75915.93095012502,75872.88882671358,0.9851853199028164,0.975,145.30909206658953,BUY_YES
1779830627.5706825,75915.93095012502,75872.88882671358,0.9853556953168119,0.975,64.40365672858843,BUY_YES
1779830627.8823462,75915.93095012502,75872.88882671358,0.9855960983070229,0.975,96.14587474957443,BUY_YES
1779830627.9533033,75915.93095012502,75872.88882671358,0.9857438241836396,0.975,56.52819558006013,BUY_YES
1779830627.9892452,75915.93095012502,75872.88882671358,0.9859005710968017,0.975,61.76027718610885,BUY_YES
1779830628.0506082,75915.93095012502,75872.88882671358,0.9861336385309626,0.975,92.61181809773734,BUY_YES
1779830628.1102903,75915.93095012502,75872.88882671358,0.9863630219017219,0.975,89.41806030435555,BUY_YES
1779830628.6129022,75915.93095012502,75872.88882671358,0.9865859668799689,0.975,86.63209936191834,BUY_YES
1779830628.624533,75915.93095012502,75872.88882671358,0.9867566685359704,0.975,65.20814807160286,BUY_YES
1779830628.634038,75915.93095012502,75872.88882671358,0.9869188351091719,0.975,62.62906793498996,BUY_YES
1779830628.7039993,75915.93095012502,75872.88882671358,0.987096361494548,0.975,68.84524599591941,BUY_YES
1779830628.7697964,75915.59273871634,75872.88882671358,0.9872452031977195,0.975,56.70471109875234,BUY_YES
1779830628.9906495,75915.59273871634,75872.88882671358,0.9874173171669155,0.975,66.65356613844551,BUY_YES
1779830629.0690951,75915.59273871634,75872.88882671358,0.9875841497748801,0.975,63.803554642689505,BUY_YES
1779830629.3268783,75915.59273871634,75872.88882671358,0.9877658081140024,0.975,69.79487890405517,BUY_YES
1779830629.5054934,75915.59273871634,75872.88882671358,0.9879283359218346,0.975,61.541326373808715,BUY_YES
1779830629.5335114,75915.59273871634,75872.88882671358,0.988088092517777,0.975,60.75454956755357,BUY_YES
1779830629.5441837,75915.59273871634,75872.88882671358,0.9882745034972936,0.975,71.39088598363742,BUY_YES
1779830629.5565712,75915.59273871634,75872.88882671358,0.9884427394063073,0.975,63.23558762781886,BUY_YES
1779830629.6110277,75915.59273871634,75872.88882671358,0.9886455665926176,0.975,77.47894549319244,BUY_YES
1779830629.7152395,75915.59273871634,75872.88882671358,0.9888037563953351,0.975,58.43429429302569,BUY_YES
1779830629.7361841,75915.59273871634,75872.88882671358,0.9889676246170472,0.975,61.805945311320556,BUY_YES
1779830630.0475047,75915.59273871634,75872.88882671358,0.9891246106147807,0.975,58.67663055675894,BUY_YES
1779830630.1730945,75915.64787806555,75872.88882671358,0.9892767064695259,0.975,56.793669289976606,BUY_YES
1779830630.2761426,75915.64787806555,75872.88882671358,0.9894430547290757,0.975,62.48523931761338,BUY_YES
1779830630.3354106,75915.64787806555,75872.88882671358,0.989597784786619,0.975,57.29844125465661,BUY_YES
1779830630.7436657,75915.64787806555,75872.88882671358,0.9897396663823248,0.975,52.4126537178754,BUY_YES
1779830630.860527,75915.64787806555,75872.88882671358,0.9898793897180145,0.975,51.79352694511863,BUY_YES
1779830631.7993827,75915.86115999284,75872.88882671358,0.9583417419455791,0.975,2028.92,SELL_YES
1779830632.2080522,75915.86115999284,75872.88882671358,0.9850049849026096,0.975,161.44552350768345,BUY_YES
1779830632.3523042,75915.86115999284,75872.88882671358,0.9611595141814994,0.975,1108.41,SELL_YES
1779830632.5537639,75915.86115999284,75872.88882671358,0.9852100745194159,0.975,154.63,BUY_YES
1779830633.0010912,75915.86115999284,75872.88882671358,0.9570844238955792,0.975,1111.767080810072,SELL_YES
1779830700.0542629,75920.99904554045,75920.99904554045,0.7647764429546908,0.7647764429546908,85736.56,BUY_NO
1779830700.0863156,75920.99904554045,75920.99904554045,0.6946350160445262,0.6946350160445262,2909.62,BUY_NO
1779830700.1693232,75920.99904554045,75920.99904554045,0.5358178859913096,0.5358178859913096,6869.479999999996,BUY_NO
1779830700.2064183,75920.99904554045,75920.99904554045,0.5174674868027741,0.5174674868027741,5889.670000000013,BUY_NO
1779830700.5030432,75920.99904554045,75920.99904554045,0.5016501228077568,0.5016501228077568,5114.159999999989,BUY_NO
1779830700.540222,75920.99904554045,75920.99904554045,0.5009385900053194,0.5009385900053194,6026.029999999999,BUY_NO
1779830700.5541577,75920.99904554045,75920.99904554045,0.5007262630542441,0.5007262630542441,6204.029999999999,BUY_NO
1779830700.6674933,75920.99904554045,75920.99904554045,0.5000619194379531,0.5000619194379531,13826.5,BUY_NO
1779830700.67551,75920.99904554045,75920.99904554045,0.5000530881781149,0.5000530881781149,9369.0,BUY_NO
1779830700.8567553,75920.99904554045,75920.99904554045,0.5000479120807486,0.5000479120807486,7009.0,BUY_NO
1779830700.8671818,75920.99904554045,75920.99904554045,0.49992515540447724,0.49992515540447724,8659.0,BUY_NO
1779830702.2713006,75921.63822615608,75920.99654582221,0.5236274509584062,0.505,110.0,BUY_YES
1779830702.3049304,75921.63822615608,75920.99654582221,0.5205125450245565,0.505,120.0,BUY_YES
1779830702.7014058,75921.63822615608,75920.99654582221,0.4945868851122287,0.505,545.81,BUY_NO
1779830702.7400186,75921.63822615608,75920.99654582221,0.6694066042451623,0.505,134.0,BUY_YES
1779830702.7437315,75921.63822615608,75920.99654582221,0.6765039351554051,0.505,260.83,BUY_YES
1779830702.8083868,75921.63822615608,75920.99654582221,0.539111938103243,0.505,370.36,BUY_YES
1779830703.3523157,75921.63822615608,75920.99654582221,0.4813558432048551,0.505,590.95,BUY_NO
1779830703.3611577,75921.63822615608,75920.99654582221,0.5294495705457982,0.505,245.0,BUY_YES
1779830703.4236612,75921.63822615608,75920.99654582221,0.4887227334045315,0.505,382.9768932229815,BUY_NO
1779830703.434451,75921.63822615608,75920.99654582221,0.5151580887901018,0.505,225.39,SELL_NO
1779830703.4432013,75921.63822615608,75920.99654582221,0.4866813365711351,0.505,176.97310677701853,BUY_NO
1779830703.4999363,75921.63822615608,75920.99654582221,0.48307112906375876,0.505,559.95,BUY_NO
1779830703.5084543,75921.63822615608,75920.99654582221,0.5289122844903845,0.505,220.39,BUY_YES
1779830704.4949183,75916.08275923322,75920.99654582221,0.4159632028599818,0.505,619.68,BUY_NO
1779830704.5013268,75916.08275923322,75920.99654582221,0.43934866040639814,0.505,109.1,BUY_NO
1779830704.5057633,75916.08275923322,75920.99654582221,0.4651438067052667,0.505,159.12,SELL_YES
1779830704.5136182,75916.08275923322,75920.99654582221,0.5158155895932012,0.505,110.39,SELL_NO
1779830704.518468,75916.08275923322,75920.99654582221,0.535196310445632,0.505,100.83,BUY_YES
1779830704.6321788,75916.08275923322,75920.99654582221,0.450518854651372,0.505,646.68,BUY_NO
1779830704.6375718,75916.08275923322,75920.99654582221,0.4716653892001002,0.505,109.1,SELL_YES
1779830704.6466885,75916.08275923322,75920.99654582221,0.5174564265904812,0.505,123.42,SELL_NO
1779830704.661646,75916.08275923322,75920.99654582221,0.5160952506048073,0.505,123.42,SELL_NO
1779830704.670535,75916.08275923322,75920.99654582221,0.49079048807456693,0.505,641.68,SELL_YES
1779830704.702518,75916.08275923322,75920.99654582221,0.5271629807388906,0.505,113.42,BUY_YES
1779830704.7099257,75916.08275923322,75920.99654582221,0.47673959011684863,0.505,697.68,SELL_YES
1779830704.9739914,75916.08275923322,75920.99654582221,0.52604619704686,0.505,103.42,BUY_YES
1779830704.9841855,75916.08275923322,75920.99654582221,0.4757316928347911,0.505,214.52096438076433,BUY_NO
1779830704.9895608,75916.08275923322,75920.99654582221,0.4536743666932317,0.505,501.1590356192356,BUY_NO
1779830704.9940038,75916.08275923322,75920.99654582221,0.47675798356660604,0.505,109.1,SELL_YES
1779830705.0582988,75916.08275923322,75920.99654582221,0.5904718997352719,0.505,103.42,BUY_YES
1779830705.074543,75916.08275923322,75920.99654582221,0.4827979902837521,0.505,164.99000000000012,SELL_YES
1779830705.0824232,75916.08275923322,75920.99654582221,0.461018696644226,0.505,605.6899999999998,BUY_NO
1779830705.1526923,75916.08275923322,75920.99654582221,0.6009459020548256,0.505,118.42,BUY_YES
1779830705.163772,75916.08275923322,75920.99654582221,0.4913430851730857,0.505,118.42,SELL_YES
1779830705.1704683,75916.08275923322,75920.99654582221,0.44858277951853065,0.505,555.26,BUY_NO
1779830705.1735382,75916.08275923322,75920.99654582221,0.42865290132748035,0.505,673.68,BUY_NO
1779830705.2586074,75917.01407504421,75920.99654582221,0.4396702899346627,0.505,747.68,BUY_NO
1779830705.4346478,75917.01407504421,75920.99654582221,0.44334568601788027,0.505,747.68,BUY_NO
1779830705.4904716,75917.01407504421,75920.99654582221,0.43752705526999686,0.52,747.68,BUY_NO
1779830705.49796,75917.01407504421,75920.99654582221,0.41681349771117615,0.52,747.68,BUY_NO
1779830705.507263,75917.01407504421,75920.99654582221,0.4239542700501155,0.52,747.68,BUY_NO
1779830705.5255883,75917.01407504421,75920.99654582221,0.4094304594132505,0.52,747.68,BUY_NO
1779830705.542932,75917.01407504421,75920.99654582221,0.4213134778621525,0.52,334.9813058203272,BUY_NO
1779830705.55627,75917.01407504421,75920.99654582221,0.4043668363354965,0.52,728.68,BUY_NO
1779830705.5760598,75917.01407504421,75920.99654582221,0.39513419231293634,0.52,728.68,BUY_NO
1779830707.2749565,75926.3177282192,75920.99654582221,0.45920879199348197,0.555,217.86482728530427,BUY_NO
1779830707.3224995,75926.3177282192,75920.99654582221,0.457358248527571,0.555,241.0413271031157,BUY_NO
1779830707.3515277,75926.3177282192,75920.99654582221,0.5690988553372301,0.555,365.56,BUY_YES
1779830707.356765,75926.3177282192,75920.99654582221,0.5435553494818355,0.555,118.68867289688433,SELL_YES
1779830707.3646414,75926.3177282192,75920.99654582221,0.5284496373076508,0.555,153.51,SELL_YES
1779830707.3914301,75926.3177282192,75920.99654582221,0.5677079710531812,0.555,371.56,BUY_YES
1779830707.3950899,75926.3177282192,75920.99654582221,0.5413097135775046,0.555,319.73,SELL_YES
1779830707.4211538,75926.3177282192,75920.99654582221,0.5722419991846848,0.555,362.56,BUY_YES
1779830707.4317381,75926.3177282192,75920.99654582221,0.5239470371184568,0.555,280.73,SELL_YES
1779830707.4365432,75926.3177282192,75920.99654582221,0.5326596463860844,0.555,153.51,SELL_YES
1779830707.4651787,75926.3177282192,75920.99654582221,0.6418930905041792,0.555,342.56,BUY_YES
1779830707.4745753,75926.3177282192,75920.99654582221,0.6278531207693459,0.555,333.56,BUY_YES
1779830707.488771,75926.3177282192,75920.99654582221,0.5948962469101564,0.555,313.56,BUY_YES
1779830707.5108764,75926.41223376956,75920.99654582221,0.5398699278930168,0.555,275.73,SELL_YES
1779830707.7175574,75926.41223376956,75920.99654582221,0.6387972009185171,0.555,293.56,BUY_YES
1779830707.7546573,75926.41223376956,75920.99654582221,0.5384656728818588,0.555,220.73,SELL_YES
1779830707.8339171,75926.41223376956,75920.99654582221,0.5418883762882823,0.555,154.44000000000003,SELL_YES
1779830707.870223,75926.41223376956,75920.99654582221,0.5682475774147031,0.555,293.56,BUY_YES
1779830707.8770118,75926.41223376956,75920.99654582221,0.5445197609949607,0.555,327.17,SELL_YES
1779830708.085529,75926.41223376956,75920.99654582221,0.570403885902278,0.555,293.56,BUY_YES
1779830708.101294,75926.41223376956,75920.99654582221,0.5238337153625025,0.555,292.5,SELL_YES
1779830708.4440184,75926.41223376956,75920.99654582221,0.595822078588047,0.555,288.11,BUY_YES
1779830708.4669065,75926.41223376956,75920.99654582221,0.5352362118840527,0.555,208.73,SELL_YES
1779830708.4875448,75926.41223376956,75920.99654582221,0.5654041193654497,0.555,279.11,SELL_NO
1779830708.498335,75926.41223376956,75920.99654582221,0.5417006037720947,0.555,279.73,SELL_YES
1779830708.66007,75926.41223376956,75920.99654582221,0.5712110978043502,0.555,266.61,BUY_YES
1779830708.682699,75926.41223376956,75920.99654582221,0.5236643533726337,0.555,307.73,SELL_YES
1779830708.6884847,75926.41223376956,75920.99654582221,0.5349805242064547,0.555,153.51,SELL_YES
1779830709.2655878,75926.41223376956,75920.99654582221,0.5807576040806586,0.555,267.5,BUY_YES
1779830709.2767243,75926.41223376956,75920.99654582221,0.5321267941766135,0.555,299.73,SELL_YES
1779830709.4894998,75926.41223376956,75920.99654582221,0.5444517218692724,0.555,246.0913271031152,SELL_YES
1779830709.505781,75926.41223376956,75920.99654582221,0.5710885753351389,0.555,105.0,BUY_YES
1779830709.8857818,75926.41223376956,75920.99654582221,0.5407926357264389,0.555,105.0,SELL_YES
1779830709.981015,75926.41223376956,75920.99654582221,0.5681111011186412,0.555,105.0,BUY_YES
1779830710.0070667,75926.41223376956,75920.99654582221,0.5426281773782103,0.555,105.0,SELL_YES
1779830710.0278034,75926.41223376956,75920.99654582221,0.5683263882626399,0.555,105.0,BUY_YES
1779830710.058963,75926.41223376956,75920.99654582221,0.5433729842212988,0.555,105.0,SELL_YES
1779830710.0803301,75926.41223376956,75920.99654582221,0.5682143304436296,0.555,96.0,BUY_YES
1779830710.1089404,75926.41223376956,75920.99654582221,0.5404151200507008,0.555,96.0,SELL_YES
1779830710.136036,75926.41223376956,75920.99654582221,0.5690814841783722,0.555,96.0,BUY_YES
1779830710.1740508,75926.41223376956,75920.99654582221,0.5203817414783911,0.555,96.0,SELL_YES
1779830717.4259162,75928.79317144271,75920.99654582221,0.5416956079577867,0.635,141.36,BUY_NO
1779830717.5407069,75928.79317144271,75920.99654582221,0.5417955125257056,0.635,150.95999999999998,BUY_NO
1779830718.356624,75928.94484077483,75920.99654582221,0.5389305717237863,0.635,185.00000000000003,BUY_NO
1779830718.8975623,75928.94484077483,75920.99654582221,0.5358611634618413,0.635,487.08,BUY_NO
1779830718.943403,75928.94484077483,75920.99654582221,0.536555098582378,0.635,166.87688395362238,BUY_NO
1779830719.0523791,75928.94484077483,75920.99654582221,0.6477199359083279,0.635,315.0,BUY_YES
1779830719.059049,75928.94484077483,75920.99654582221,0.6192743557296354,0.635,207.2031160463776,SELL_YES
1779830719.2352903,75928.9458031734,75920.99654582221,0.551956349217286,0.635,107.7968839536224,SELL_YES
1779830720.6832292,75928.94384077484,75920.99654582221,0.5349086722642006,0.635,228.4069403228914,BUY_NO
1779830720.7067244,75928.94384077484,75920.99654582221,0.5319083722395838,0.635,392.71,BUY_NO
1779830720.7435236,75928.94384077484,75920.99654582221,0.6512750467192117,0.635,312.0,BUY_YES
1779830720.9670517,75928.94384077484,75920.99654582221,0.5590948312184668,0.635,312.0,SELL_YES
1779830721.0011868,75928.94384077484,75920.99654582221,0.6456766816768345,0.635,302.0,BUY_YES
1779830721.1566875,75928.94384077484,75920.99654582221,0.5361073760707337,0.635,236.16,SELL_YES
1779830721.1882658,75928.94384077484,75920.99654582221,0.6552596889326388,0.635,312.0,BUY_YES
1779830721.2318382,75928.94384077484,75920.99654582221,0.5461236430791558,0.635,249.16,SELL_YES
1779830721.2669644,75928.94384077484,75920.99654582221,0.652398606634836,0.635,307.0,BUY_YES
1779830721.6624522,75928.94384077484,75920.99654582221,0.5656098127861657,0.635,210.75,SELL_YES
1779830721.6909428,75928.94384077484,75920.99654582221,0.6515304372131869,0.635,312.0,BUY_YES
1779830721.8958342,75928.914090441,75920.99654582221,0.5684541468968691,0.635,178.93,SELL_YES
1779830721.9228504,75928.914090441,75920.99654582221,0.6539731118830118,0.635,317.0,BUY_YES
1779830722.0472646,75928.914090441,75920.99654582221,0.5826455403121412,0.635,92.44,SELL_YES
1779830722.0695372,75928.914090441,75920.99654582221,0.6516647406477641,0.635,347.97,BUY_YES
1779830722.1252298,75928.914090441,75920.99654582221,0.6496601343185103,0.635,368.97,BUY_YES
1779830722.3753555,75928.914090441,75920.99654582221,0.6525057433477722,0.635,415.97,BUY_YES
1779830722.5914314,75928.914090441,75920.99654582221,0.6924101538760647,0.625,105.0,BUY_YES
1779830722.5998108,75928.914090441,75920.99654582221,0.6855271143659863,0.625,329.97,BUY_YES
1779830722.6761522,75928.914090441,75920.99654582221,0.6108933288483998,0.625,86.0,SELL_YES
1779830722.7780335,75928.914090441,75920.99654582221,0.6357536656423716,0.625,165.84,SELL_NO
1779830722.7953637,75928.914090441,75920.99654582221,0.6067615381783692,0.625,119.0,SELL_YES
1779830723.1070778,75928.914090441,75920.99654582221,0.5989100354636038,0.625,152.95,SELL_YES
1779830723.2035706,75928.914090441,75920.99654582221,0.6513938411597102,0.625,296.97,SELL_NO
1779830723.3142393,75928.94438038363,75920.99654582221,0.5949620852280664,0.625,140.0,SELL_YES
1779830723.406174,75928.94438038363,75920.99654582221,0.6620487691676543,0.625,197.0,BUY_YES
1779830723.4196901,75928.94438038363,75920.99654582221,0.6484208917233978,0.625,197.0,BUY_YES
1779830723.4366357,75928.94438038363,75920.99654582221,0.6060240018847234,0.625,95.0,SELL_YES
1779830723.8267448,75928.94438038363,75920.99654582221,0.557133656349689,0.625,154.0,SELL_YES
1779830723.8360329,75928.94438038363,75920.99654582221,0.5738292982900426,0.625,148.11,SELL_YES
1779830723.8475363,75928.94438038363,75920.99654582221,0.5938206866160672,0.625,135.0,SELL_YES
1779830723.8650796,75928.94438038363,75920.99654582221,0.6494976328784899,0.625,123.41,BUY_YES
1779830723.8717358,75928.94438038363,75920.99654582221,0.6612565824696521,0.625,296.97,BUY_YES
1779830723.9409378,75928.94438038363,75920.99654582221,0.5146075964207121,0.625,142.32,SELL_YES
1779830723.9477143,75928.94438038363,75920.99654582221,0.5189753574166034,0.625,106.0,SELL_YES
1779830723.9640498,75928.94438038363,75920.99654582221,0.5337383271980611,0.625,148.11,SELL_YES
1779830723.9705846,75928.94438038363,75920.99654582221,0.5544951488744932,0.625,135.0,SELL_YES
1779830724.0081892,75928.94438038363,75920.99654582221,0.6410890915261194,0.625,120.41,BUY_YES
1779830724.076481,75928.94438038363,75920.99654582221,0.5722936932742613,0.625,92.0,SELL_YES
1779830724.0856094,75928.94438038363,75920.99654582221,0.5790449939657839,0.625,142.32,SELL_YES
1779830724.2886689,75928.94438038363,75920.99654582221,0.578748756081033,0.625,209.43,SELL_YES
1779830724.2986355,75928.94438038363,75920.99654582221,0.5938275888027762,0.625,153.11,SELL_YES
1779830724.3217266,75928.94438038363,75920.99654582221,0.6402287898148379,0.625,125.41,BUY_YES
1779830724.7092938,75928.94438038363,75920.99654582221,0.5785320796154939,0.625,194.0,SELL_YES
1779830724.7182496,75928.94438038363,75920.99654582221,0.5915961071091544,0.625,159.11,SELL_YES
1779830724.726502,75928.94438038363,75920.99654582221,0.5828203591770224,0.625,187.28,SELL_YES
1779830724.7804813,75928.98325236635,75920.99654582221,0.6386975497936901,0.625,120.64,BUY_YES
1779830724.8258822,75928.98325236635,75920.99654582221,0.561289058941889,0.625,206.28,SELL_YES
1779830724.8324192,75928.98325236635,75920.99654582221,0.5748546748173097,0.625,159.11,SELL_YES
1779830724.8404558,75928.98325236635,75920.99654582221,0.5942717703605851,0.625,135.0,SELL_YES
1779830724.8541856,75928.98325236635,75920.99654582221,0.6495321562920031,0.625,120.64,BUY_YES
1779830724.860697,75928.98325236635,75920.99654582221,0.6605148871921613,0.625,296.97,BUY_YES
1779830725.702705,75928.98325236635,75920.99654582221,0.6362117653799477,0.625,182.64,BUY_YES
1779830725.718044,75928.98325236635,75920.99654582221,0.5994114528865621,0.625,96.0,SELL_YES
1779830725.7272878,75928.98325236635,75920.99654582221,0.5965714173982507,0.625,183.11,SELL_YES
1779830725.7542386,75928.98325236635,75920.99654582221,0.6607259937788883,0.625,199.64,BUY_YES
1779830725.8211987,75928.98325236635,75920.99654582221,0.669037796689099,0.625,223.64,BUY_YES
1779830725.831473,75928.98325236635,75920.99654582221,0.6632487676938259,0.625,302.97,BUY_YES
1779830726.4508262,75928.98514305189,75920.99654582221,0.6417777873818645,0.625,199.89,BUY_YES
1779830726.5139425,75928.98514305189,75920.99654582221,0.6350677486936245,0.625,222.89,SELL_NO
1779830726.5409124,75928.98514305189,75920.99654582221,0.6419678139179124,0.625,233.89,BUY_YES
1779830726.6279092,75928.98514305189,75920.99654582221,0.6386563291013542,0.625,187.0,SELL_NO
1779830726.9837868,75928.98514305189,75920.99654582221,0.6355668825610935,0.625,196.0,SELL_NO
1779830727.2114186,75928.98514305189,75920.99654582221,0.6351195798062442,0.625,442.0,SELL_NO
1779830727.247482,75928.98514305189,75920.99654582221,0.5986846654627697,0.62,153.11,SELL_YES
1779830727.2609441,75928.98514305189,75920.99654582221,0.635686774027837,0.62,463.0,SELL_NO
1779830727.4388475,75928.98514305189,75920.99654582221,0.6800743633913715,0.615,90.0,BUY_YES
1779830727.4485698,75928.98514305189,75920.99654582221,0.6705760096859368,0.615,393.75,BUY_YES
1779830727.4691207,75928.98514305189,75920.99654582221,0.578665040372942,0.615,141.11,SELL_YES
1779830727.4792323,75928.98514305189,75920.99654582221,0.560132891704779,0.615,172.0,SELL_YES
1779830727.4884825,75928.98514305189,75920.99654582221,0.5634679572461615,0.615,166.32,SELL_YES
1779830727.9348207,75928.86132306987,75920.99654582221,0.6031544054619227,0.615,105.67999999999998,SELL_YES
1779830728.4740016,75928.86132306987,75920.99654582221,0.5939177571209009,0.615,210.11,SELL_YES
1779830728.5036774,75928.86132306987,75920.99654582221,0.6298605669242352,0.615,203.38,BUY_YES
1779830728.6437905,75928.86132306987,75920.99654582221,0.5514010968604667,0.615,177.0,SELL_YES
1779830728.6516428,75928.86132306987,75920.99654582221,0.553182609858254,0.615,201.28,SELL_YES
1779830728.660838,75928.86132306987,75920.99654582221,0.5715367147601348,0.615,177.0,SELL_YES
1779830728.6781075,75928.86132306987,75920.99654582221,0.6293411887687332,0.615,204.38,BUY_YES
1779830729.3661537,75929.33673933956,75920.99654582221,0.6277950143433213,0.615,85.61870184766883,BUY_YES
1779830729.4129086,75929.33673933956,75920.99654582221,0.5814192154302973,0.615,136.32,SELL_YES
1779830729.4682357,75929.33673933956,75920.99654582221,0.6643282294003577,0.615,88.38129815233117,BUY_YES
1779830729.4758623,75929.33673933956,75920.99654582221,0.659277476732299,0.615,216.0,BUY_YES
1779830729.5016565,75929.33673933956,75920.99654582221,0.5704129119660944,0.615,140.0,SELL_YES
1779830729.5782535,75929.33673933956,75920.99654582221,0.6420139160760515,0.615,404.38,BUY_YES
1779830730.0527015,75929.33673933956,75920.99654582221,0.6298601497853289,0.615,357.38,SELL_NO
1779830730.4104676,75929.33673933956,75920.99654582221,0.6410230809014439,0.615,334.0,BUY_YES
1779830730.7208333,75929.34228767069,75920.99654582221,0.6274932328741969,0.615,332.0,SELL_NO
1779830730.9518597,75929.34228767069,75920.99654582221,0.6277546608243809,0.615,330.74,SELL_NO
1779830731.4224668,75929.34228767069,75920.99654582221,0.6255627931547003,0.615,152.0,SELL_NO
1779830732.16741,75929.34228767069,75920.99654582221,0.6397458191533261,0.605,364.0,BUY_YES
1779830732.1748817,75929.34228767069,75920.99654582221,0.646162861744709,0.605,153.04,SELL_NO
1779830732.600125,75929.34228767069,75920.99654582221,0.6374069721349876,0.595,85.0,BUY_YES
1779830732.672516,75929.34228767069,75920.99654582221,0.5844612411111203,0.595,105.41,SELL_YES
1779830732.9687085,75929.34212743274,75920.99654582221,0.575010664739723,0.595,149.32,SELL_YES
1779830733.733185,75929.34212743274,75920.99654582221,0.5640591451360614,0.595,135.00000000000003,SELL_YES
1779830733.7439926,75929.34212743274,75920.99654582221,0.5723663087854126,0.595,193.43,SELL_YES
1779830734.5540612,75934.51731201932,75920.99654582221,0.5693130324183167,0.595,417.73,SELL_YES
1779830734.5667741,75934.51731201932,75920.99654582221,0.5596821695176585,0.595,417.73,SELL_YES
1779830734.9505782,75934.51731201932,75920.99654582221,0.6527773214919675,0.595,87.3,BUY_YES
1779830734.958671,75934.51731201932,75920.99654582221,0.6405033522361303,0.595,105.0,BUY_YES
1779830734.9797366,75934.51731201932,75920.99654582221,0.5744731497973687,0.595,194.02,SELL_YES
1779830735.082774,75934.51731201932,75920.99654582221,0.6074651578251051,0.595,92.3,BUY_YES
1779830735.22181,75934.51731201932,75920.99654582221,0.5795376496535785,0.595,223.0,SELL_YES
1779830735.2361906,75934.51731201932,75920.99654582221,0.6085289394044693,0.595,87.3,BUY_YES
1779830735.25171,75934.51731201932,75920.99654582221,0.6190326895757083,0.595,117.0,BUY_YES
1779830735.783192,75934.51731201932,75920.99654582221,0.6253849484253109,0.595,171.0,SELL_NO
1779830735.8533578,75934.51731201932,75920.99654582221,0.5300125704193276,0.595,236.32,SELL_YES
1779830735.8671923,75934.51731201932,75920.99654582221,0.5431147554029199,0.595,230.0,SELL_YES
1779830735.8772998,75934.41157064051,75920.99654582221,0.5648519692070166,0.595,196.54,SELL_YES
1779830735.8934603,75934.41157064051,75920.99654582221,0.6063039022093325,0.595,87.3,BUY_YES
1779830735.9020345,75934.41157064051,75920.99654582221,0.6203075651383915,0.595,87.3,BUY_YES
1779830737.119059,75934.41157064051,75920.99654582221,0.6588136616500886,0.595,83.96,BUY_YES
1779830741.4776628,75936.37050999996,75920.99654582221,0.6912877770062107,0.595,88.63,BUY_YES
1779830742.5615,75936.37050999996,75920.99654582221,0.6902568221216673,0.595,107.96,BUY_YES
1779830742.6238878,75936.37050999996,75920.99654582221,0.7007671853448354,0.595,91.00000000000001,BUY_YES
1779830742.8328943,75936.13089913146,75920.99654582221,0.6905933688500879,0.595,84.99999999999997,BUY_YES
1779830743.1927779,75936.13089913146,75920.99654582221,0.677229848932224,0.595,242.27,BUY_YES
1779830743.3989668,75936.13089913146,75920.99654582221,0.6953256025509399,0.595,92.99999999999997,BUY_YES
1779830743.4085195,75936.13089913146,75920.99654582221,0.6891275809868436,0.595,115.0,BUY_YES
1779830743.4327357,75936.13089913146,75920.99654582221,0.6919977520365428,0.595,83.80000000000001,BUY_YES
1779830743.5608876,75936.13089913146,75920.99654582221,0.691864443632013,0.595,356.07,BUY_YES
1779830743.5718462,75936.13089913146,75920.99654582221,0.6826821217320231,0.595,115.0,BUY_YES
1779830743.5828817,75936.13089913146,75920.99654582221,0.6974483579247706,0.595,354.4,BUY_YES
1779830743.5896475,75936.13089913146,75920.99654582221,0.6854770754869388,0.595,115.0,BUY_YES
1779830743.5990076,75936.13089913146,75920.99654582221,0.6629884588928252,0.595,251.0,BUY_YES
1779830743.6184494,75936.13089913146,75920.99654582221,0.6475705684161954,0.595,357.4,BUY_YES
1779830743.7257838,75936.13089913146,75920.99654582221,0.559497971637291,0.595,161.0,SELL_YES
1779830743.7354434,75936.13089913146,75920.99654582221,0.5648532039467273,0.595,126.42,SELL_YES
1779830743.9921486,75936.13089913146,75920.99654582221,0.6569629396493302,0.595,85.99999999999997,BUY_YES
1779830744.0007637,75936.13089913146,75920.99654582221,0.6618530501544323,0.595,115.0,BUY_YES
1779830744.0497334,75936.13089913146,75920.99654582221,0.7080149307314135,0.595,360.4,BUY_YES
1779830744.0604274,75936.13089913146,75920.99654582221,0.6861074909265844,0.595,115.0,BUY_YES
1779830744.075151,75936.13089913146,75920.99654582221,0.6566021765306211,0.595,251.0,BUY_YES
1779830744.0941708,75936.13089913146,75920.99654582221,0.5652346389515516,0.595,222.56,SELL_YES
1779830744.1031947,75936.13089913146,75920.99654582221,0.5496836432174247,0.595,126.42,SELL_YES
1779830744.1090238,75936.13089913146,75920.99654582221,0.5509145471894314,0.595,161.53,SELL_YES
1779830744.403869,75936.40206086215,75920.99654582221,0.6896348777122587,0.595,269.09,BUY_YES
1779830744.4118419,75936.40206086215,75920.99654582221,0.6646178347271022,0.595,119.55,BUY_YES
1779830744.4198146,75936.40206086215,75920.99654582221,0.6352820850680437,0.595,251.0,SELL_NO
1779830744.4333332,75936.40206086215,75920.99654582221,0.5745903711137804,0.595,226.43,SELL_YES
1779830744.8185306,75936.40206086215,75920.99654582221,0.527128754705824,0.595,93.12,SELL_YES
1779830744.826006,75936.40206086215,75920.99654582221,0.5406951085870431,0.595,175.0,SELL_YES
1779830744.8366773,75936.40206086215,75920.99654582221,0.5617056327752958,0.595,196.53,SELL_YES
1779830744.9523973,75936.40206086215,75920.99654582221,0.6917556678486757,0.595,241.0,BUY_YES
1779830744.9576793,75936.40206086215,75920.99654582221,0.6661988001072462,0.595,524.75,BUY_YES
1779830745.00003,75936.40206086215,75920.99654582221,0.4522561629057022,0.595,240.0,BUY_NO
1779830745.0070922,75936.40206086215,75920.99654582221,0.4613550590659075,0.595,120.0,BUY_NO
1779830745.211664,75936.40206086215,75920.99654582221,0.6609736856784372,0.595,145.72,BUY_YES
1779830745.9415529,75936.40206086215,75920.99654582221,0.7342928517144646,0.595,94.32,BUY_YES
1779830751.6741154,75936.40140627234,75920.99654582221,0.6501853895623225,0.675,1318.65,SELL_YES
1779830751.7031598,75936.40140627234,75920.99654582221,0.6883959972535116,0.675,218.12,SELL_NO
1779830752.054214,75936.40140627234,75920.99654582221,0.6093531293825316,0.675,79.49000000000007,SELL_YES
1779830752.0670302,75936.40140627234,75920.99654582221,0.6154403314542476,0.675,359.7,SELL_YES
1779830752.0773706,75936.40140627234,75920.99654582221,0.6341683148815351,0.675,195.6,SELL_YES
1779830752.1077645,75936.40140627234,75920.99654582221,0.6521050948989063,0.675,1332.65,SELL_YES
1779830752.1200433,75936.40140627234,75920.99654582221,0.6366523854233876,0.675,553.5000000000005,SELL_YES
1779830752.1450233,75936.40140627234,75920.99654582221,0.6878141865100853,0.675,202.63,BUY_YES
1779830752.1528363,75936.40140627234,75920.99654582221,0.6543546495067616,0.675,202.63,SELL_YES
1779830752.167802,75936.40140627234,75920.99654582221,0.595841758242221,0.675,837.11,BUY_NO
1779830752.2004387,75936.40140627234,75920.99654582221,0.6850078661693139,0.675,202.63,BUY_YES
1779830752.2079127,75936.40140627234,75920.99654582221,0.697752269546562,0.675,865.0,BUY_YES
1779830752.2160714,75936.40140627234,75920.99654582221,0.6633646560692338,0.675,1022.77,SELL_YES
1779830752.233225,75936.40140627234,75920.99654582221,0.6952116021024835,0.675,202.63,BUY_YES
1779830752.241723,75936.40140627234,75920.99654582221,0.7061956055318301,0.675,870.0,BUY_YES
1779830752.2588766,75936.40140627234,75920.99654582221,0.7232862513609835,0.675,170.85000000000002,BUY_YES
1779830752.280294,75936.40140627234,75920.99654582221,0.7286830126123063,0.675,105.0,BUY_YES
1779830752.3343663,75936.40140627234,75920.99654582221,0.6534903329926306,0.675,321.8,SELL_YES
1779830752.4186435,75936.40140627234,75920.99654582221,0.595963875203771,0.675,1071.5400000000002,SELL_YES
1779830752.44955,75936.40140627234,75920.99654582221,0.6918017226732386,0.675,202.05,BUY_YES
1779830752.6241245,75936.40140627234,75920.99654582221,0.6537490016935275,0.675,202.05,SELL_YES
1779830753.1085713,75936.84558773374,75920.99654582221,0.6959559249424375,0.675,877.91,BUY_YES
1779830753.1198308,75936.84558773374,75920.99654582221,0.6290752222605497,0.675,84.45999999999987,SELL_YES
1779830753.1258512,75936.84558773374,75920.99654582221,0.5981214611475221,0.675,359.7,SELL_YES
1779830753.134919,75936.84558773374,75920.99654582221,0.5756290366528549,0.675,195.6,SELL_YES
1779830753.1438558,75936.84558773374,75920.99654582221,0.5762823912489042,0.675,238.15000000000006,SELL_YES
1779830753.3635104,75936.84558773374,75920.99654582221,0.5714308986251836,0.675,781.86,BUY_NO
1779830753.4018664,75936.84558773374,75920.99654582221,0.6984767648805885,0.675,888.14,BUY_YES
1779830753.4175267,75936.84558773374,75920.99654582221,0.7100327647082804,0.675,71.98,BUY_YES
1779830753.7478886,75936.84558773374,75920.99654582221,0.6647765720144827,0.675,97.0,SELL_YES
1779830753.8184223,75936.84558773374,75920.99654582221,0.7157102965430856,0.675,108.44999999999999,BUY_YES
1779830753.8663547,75936.84558773374,75920.99654582221,0.6436549331613511,0.675,971.5699999999999,SELL_YES
1779830753.919716,75936.84558773374,75920.99654582221,0.5663859457582636,0.675,882.89,BUY_NO
1779830753.9647906,75936.84558773374,75920.99654582221,0.7006127821586651,0.675,874.73,BUY_YES
1779830753.9709687,75936.84558773374,75920.99654582221,0.7083030765275143,0.675,89.27,BUY_YES
1779830753.99627,75936.84558773374,75920.99654582221,0.638832572512165,0.675,770.6500000000001,SELL_YES
1779830754.038083,75936.84558773374,75920.99654582221,0.696543210762156,0.675,874.73,BUY_YES
1779830754.3726342,75936.84558773374,75920.99654582221,0.6647441336672906,0.675,101.73999999999995,SELL_YES
1779830754.5751076,75936.84558773374,75920.99654582221,0.6523313210521184,0.675,768.52,SELL_YES
1779830754.620753,75936.84558773374,75920.99654582221,0.6976023373040395,0.675,894.64,BUY_YES
1779830754.698264,75937.10828084634,75920.99654582221,0.649739067040442,0.675,794.45,SELL_YES
1779830754.7363677,75937.10828084634,75920.99654582221,0.6960268994728257,0.675,894.64,BUY_YES
1779830754.750768,75937.10828084634,75920.99654582221,0.6639399197360937,0.675,550.88,SELL_YES
1779830754.7665486,75937.10828084634,75920.99654582221,0.6397755158701596,0.675,641.7700000000001,SELL_YES
1779830754.8243635,75937.10828084634,75920.99654582221,0.5590331264751618,0.675,614.05,BUY_NO
1779830754.8740017,75937.10828084634,75920.99654582221,0.6991396648040278,0.675,866.71,BUY_YES
1779830754.8878958,75937.10828084634,75920.99654582221,0.7110441693410153,0.675,84.27,BUY_YES
1779830755.4351926,75937.10828084634,75920.99654582221,0.669720910220178,0.685,103.35,SELL_YES
1779830755.56583,75937.10828084634,75920.99654582221,0.7209205027284773,0.685,73.0,BUY_YES
1779830756.145774,75937.10828084634,75920.99654582221,0.6969972481946174,0.685,145.06999999999994,BUY_YES
1779830756.1653926,75937.10828084634,75920.99654582221,0.6617456235650457,0.685,227.91,SELL_YES
1779830756.2180119,75936.07589101806,75920.99654582221,0.700700985353667,0.685,801.5237258136552,BUY_YES
1779830756.230184,75936.07589101806,75920.99654582221,0.660478747597373,0.685,705.0,SELL_YES
1779830756.246023,75936.07589101806,75920.99654582221,0.6998962937817313,0.685,292.5462741863447,BUY_YES
1779830756.2652497,75936.07589101806,75920.99654582221,0.6450970353274011,0.685,162.38000000000005,SELL_YES
1779830756.2720642,75936.07589101806,75920.99654582221,0.637165967520146,0.685,248.38,SELL_YES
1779830756.3036416,75936.07589101806,75920.99654582221,0.7082146512238774,0.685,114.28,BUY_YES
1779830756.4361334,75936.07589101806,75920.99654582221,0.6980782632855497,0.685,86.99999999999989,BUY_YES
1779830757.03914,75936.07589101806,75920.99654582221,0.6971378504918403,0.685,75.33216067698027,BUY_YES
1779830757.593153,75936.07589101806,75920.99654582221,0.6987051531528015,0.685,73.65999999999985,BUY_YES
1779830758.4208188,75936.07594793997,75920.99654582221,0.7007010819618747,0.685,471.0525140814573,BUY_YES
1779830758.429717,75936.07594793997,75920.99654582221,0.7113293228489367,0.685,719.9874859185427,BUY_YES
1779830758.4422052,75936.07594793997,75920.99654582221,0.6451621453420622,0.685,681.81,SELL_YES
1779830758.4507039,75936.07594793997,75920.99654582221,0.6369128309125007,0.685,156.39,SELL_YES
1779830758.4693263,75936.07594793997,75920.99654582221,0.6708469981401195,0.685,272.26,SELL_YES
1779830758.4840903,75936.07594793997,75920.99654582221,0.7019644158214577,0.685,583.148738256388,BUY_YES
1779830758.4914033,75936.07594793997,75920.99654582221,0.7149988981372501,0.685,589.4412617436121,BUY_YES
1779830758.507119,75936.07594793997,75920.99654582221,0.6647544132968372,0.685,409.55,SELL_YES
1779830758.5400195,75936.07594793997,75920.99654582221,0.7306208892022759,0.685,279.15999999999997,BUY_YES
1779830760.5182087,75936.73655455055,75920.99654582221,0.7045655342451805,0.685,1035.64,SELL_NO
1779830760.5277884,75936.73655455055,75920.99654582221,0.6722036245874957,0.685,254.01,SELL_YES
1779830760.5359974,75936.73655455055,75920.99654582221,0.664686804054808,0.685,384.04,SELL_YES
1779830760.5556793,75936.73655455055,75920.99654582221,0.7090315600521708,0.6799999999999999,164.39,BUY_YES
1779830760.565753,75936.73655455055,75920.99654582221,0.7230799820495623,0.6799999999999999,1200.0300000000002,BUY_YES
1779830760.5819285,75936.73655455055,75920.99654582221,0.6609013718863238,0.685,332.32,SELL_YES
1779830760.5895605,75936.73655455055,75920.99654582221,0.6462545744992884,0.685,170.8,SELL_YES
1779830760.8765702,75937.06207355771,75920.99654582221,0.7126141342063366,0.685,74.25,BUY_YES
1779830761.315615,75937.06207355771,75920.99654582221,0.7088806899830447,0.685,91.87999999999988,BUY_YES
1779830761.3904104,75937.06207355771,75920.99654582221,0.7052552163730437,0.685,1186.65,SELL_NO
1779830761.4050803,75937.06207355771,75920.99654582221,0.6556044098952565,0.685,399.49,SELL_YES
1779830761.4139957,75937.06207355771,75920.99654582221,0.6436723970201073,0.685,168.39,SELL_YES
1779830761.5386972,75937.06207355771,75920.99654582221,0.7096602701471025,0.685,211.98,BUY_YES
1779830762.0174608,75937.06207355771,75920.99654582221,0.7095014577284114,0.6799999999999999,658.8578972353525,BUY_YES
1779830762.0242164,75937.06207355771,75920.99654582221,0.7178817319156977,0.6799999999999999,649.6021027646475,BUY_YES
1779830762.0409331,75937.06207355771,75920.99654582221,0.6538238966441252,0.6799999999999999,306.6,SELL_YES
1779830762.0498147,75937.06207355771,75920.99654582221,0.6389174627658148,0.6799999999999999,222.7,SELL_YES
1779830762.6156602,75937.30189501874,75920.99654582221,0.7022838165533465,0.675,80.0,BUY_YES
1779830762.784522,75937.30189501874,75920.99654582221,0.6637198603022778,0.675,119.41,SELL_YES
1779830762.8134077,75937.30189501874,75920.99654582221,0.7062365147041197,0.675,100.35000000000002,BUY_YES
1779830762.9762356,75937.30189501874,75920.99654582221,0.6631804750294431,0.675,113.67000000000002,SELL_YES
1779830765.275815,75937.36059139969,75920.99654582221,0.659909638546999,0.675,332.11,SELL_YES
1779830765.3104627,75937.41423587697,75920.99654582221,0.7030446903100173,0.675,741.5748999854154,BUY_YES
1779830765.3175755,75937.41423587697,75920.99654582221,0.6996026793018912,0.675,272.4251000145846,SELL_NO
1779830765.7239673,75937.41423587697,75920.99654582221,0.6578217994673822,0.675,278.35,SELL_YES
1779830765.7443235,75937.41423587697,75920.99654582221,0.7033014365709594,0.675,313.03405842540406,BUY_YES
1779830765.7510633,75937.41423587697,75920.99654582221,0.7009418701193144,0.675,698.8659415745959,SELL_NO
1779830765.7655668,75937.41423587697,75920.99654582221,0.6335750377826811,0.675,127.8,SELL_YES
1779830765.7728174,75937.41423587697,75920.99654582221,0.6032866692190542,0.675,258.37,SELL_YES
1779830765.7830539,75937.41423587697,75920.99654582221,0.5917936953995719,0.675,191.36,SELL_YES
1779830765.7899125,75937.41423587697,75920.99654582221,0.602043886795326,0.675,485.6,SELL_YES
1779830765.8294764,75937.41423587697,75920.99654582221,0.7172726922137895,0.675,214.14,BUY_YES
1779830765.8488765,75937.41423587697,75920.99654582221,0.7444203759296484,0.675,437.14,BUY_YES
1779830765.855344,75937.41423587697,75920.99654582221,0.7456889866816443,0.675,405.0,SELL_NO
1779830765.917605,75937.41423587697,75920.99654582221,0.5407984698382762,0.675,240.5,BUY_NO
1779830765.9256184,75937.41423587697,75920.99654582221,0.5601428147334258,0.675,223.49,SELL_YES
1779830765.9341834,75937.41423587697,75920.99654582221,0.5816356739967544,0.675,355.41,SELL_YES
1779830765.9584308,75937.41423587697,75920.99654582221,0.6521944128104935,0.675,370.99,SELL_YES
1779830765.9763992,75937.41423587697,75920.99654582221,0.6994744118494691,0.675,799.068451205344,BUY_YES
1779830765.9837074,75937.41423587697,75920.99654582221,0.7089005482194005,0.675,220.071548794656,SELL_NO
1779830766.7750275,75937.41423587697,75920.99654582221,0.7250731185183349,0.675,121.51000000000002,BUY_YES
1779830768.7117083,75936.92688829034,75920.99654582221,0.6963368242282891,0.675,225.82,SELL_NO
1779830768.7344534,75937.67956311964,75920.99654582221,0.6530629699820848,0.675,311.68,SELL_YES
1779830768.749649,75937.67956311964,75920.99654582221,0.6636234365781121,0.675,183.88,SELL_YES
1779830768.765375,75937.67956311964,75920.99654582221,0.6921692045333515,0.675,230.82,SELL_NO
1779830769.0213032,75937.67956311964,75920.99654582221,0.6979641463840609,0.675,145.69572400937568,BUY_YES
1779830769.0284412,75937.67956311964,75920.99654582221,0.6976001296651995,0.675,752.2642759906242,SELL_NO
1779830769.0467546,75937.67956311964,75920.99654582221,0.6305591170228424,0.675,138.39,SELL_YES
1779830769.0534973,75937.67956311964,75920.99654582221,0.5995311611717002,0.675,252.7,SELL_YES
1779830769.062589,75937.67956311964,75920.99654582221,0.5763093683321712,0.675,190.6,BUY_NO
1779830769.068925,75937.67956311964,75920.99654582221,0.5747024068211162,0.675,553.59,SELL_YES
1779830769.0812314,75937.67956311964,75920.99654582221,0.5954672864800603,0.675,235.5,SELL_YES
1779830769.1973248,75937.67956311964,75920.99654582221,0.8129710044030456,0.675,214.14,BUY_YES
1779830769.400811,75937.67956311964,75920.99654582221,0.8058429361633175,0.675,442.14,BUY_YES
1779830770.4566085,75938.41788689412,75920.99654582221,0.7125344573879134,0.675,77.93000000000009,BUY_YES
1779830771.1493428,75938.41788689412,75920.99654582221,0.711366921332738,0.675,1147.98,BUY_YES
1779830771.1706803,75938.41788689412,75920.99654582221,0.6558662426224088,0.675,155.39,SELL_YES
1779830771.8089116,75938.41668556911,75920.99654582221,0.7233768174151962,0.675,1189.53,BUY_YES
1779830771.8353665,75938.41668556911,75920.99654582221,0.6623506228903163,0.675,150.39,SELL_YES
1779830772.3750489,75938.41668556911,75920.99654582221,0.7318311829332151,0.675,74.51999999999995,BUY_YES
1779830773.5746088,75938.63832839757,75920.99654582221,0.7168243542014804,0.675,1139.56,BUY_YES
1779830773.590875,75938.63832839757,75920.99654582221,0.6649239634372105,0.675,155.23,SELL_YES
1779830774.17658,75938.63832839757,75920.99654582221,0.7117778955113417,0.675,171.53,SELL_NO
1779830774.1858659,75938.63832839757,75920.99654582221,0.6960092504988302,0.675,893.4,SELL_NO
1779830774.1921477,75938.63832839757,75920.99654582221,0.6617087879738887,0.675,157.23,SELL_YES
1779830774.1998312,75938.63832839757,75920.99654582221,0.6291233485751941,0.675,127.8,SELL_YES
1779830774.206443,75938.63832839757,75920.99654582221,0.5982794266136021,0.675,183.37,SELL_YES
1779830774.216102,75938.63832839757,75920.99654582221,0.5740619815355135,0.675,185.6,BUY_NO
1779830774.2225764,75938.63832839757,75920.99654582221,0.5699403718094801,0.675,512.7390488014935,BUY_NO
1779830776.9782429,75938.54086388063,75920.99654582221,0.6622638139532318,0.675,179.00000000000003,SELL_YES
1779830777.085899,75938.54086388063,75920.99654582221,0.6955614944027938,0.675,175.34,SELL_NO
1779830777.1012,75938.54086388063,75920.99654582221,0.6411659734607417,0.675,464.03000000000003,SELL_YES
1779830777.1067626,75938.54086388063,75920.99654582221,0.6335419990388653,0.675,464.03000000000003,SELL_YES
1779830777.1385858,75938.54086388063,75920.99654582221,0.707438542364702,0.675,343.3714519195805,BUY_YES
1779830777.1439075,75938.54086388063,75920.99654582221,0.7104805756458047,0.675,695.1285480804195,SELL_NO
1779830777.176387,75938.54086388063,75920.99654582221,0.5036378692454473,0.675,337.23,BUY_NO
1779830777.1851895,75938.54086388063,75920.99654582221,0.4973050608421885,0.675,132.8,SELL_YES
1779830777.191056,75938.54086388063,75920.99654582221,0.5070191812289999,0.675,183.37,BUY_NO
1779830777.1998925,75938.54086388063,75920.99654582221,0.5282212988463139,0.675,190.6,BUY_NO
1779830777.206046,75938.54086388063,75920.99654582221,0.5511824717830083,0.675,548.59,BUY_NO
1779830777.214089,75938.54086388063,75920.99654582221,0.5731233481938578,0.675,236.45,SELL_YES
1779830777.2210433,75938.54086388063,75920.99654582221,0.5939671807841649,0.675,230.5,SELL_YES
1779830777.2558215,75938.54086388063,75920.99654582221,0.7134355118644284,0.675,1008.03,BUY_YES
1779830777.2712977,75938.54086388063,75920.99654582221,0.7364364305238241,0.675,988.03,BUY_YES
1779830777.2784617,75938.54086388063,75920.99654582221,0.7374269705805938,0.675,221.43,BUY_YES
1779830777.455884,75938.54086388063,75920.99654582221,0.7234277627534259,0.675,731.4106925390515,BUY_YES
1779830777.4652882,75938.54086388063,75920.99654582221,0.7170068435049287,0.675,276.58930746094836,SELL_NO
1779830777.4772358,75938.54086388063,75920.99654582221,0.659687437374517,0.675,364.23,SELL_YES
1779830778.2760391,75937.57435970179,75920.99654582221,0.6485871968258451,0.675,497.03,SELL_YES
1779830778.326357,75937.57435970179,75920.99654582221,0.7182678243489865,0.675,97.41325684224557,BUY_YES
1779830778.3358939,75937.57435970179,75920.99654582221,0.7152596636847913,0.675,893.1367431577544,SELL_NO
1779830778.3519356,75937.57435970179,75920.99654582221,0.6146720041517477,0.675,252.7,SELL_YES
1779830778.357646,75937.57435970179,75920.99654582221,0.5863166667972525,0.675,186.35,SELL_YES
1779830778.3667881,75937.57435970179,75920.99654582221,0.5727699652726351,0.675,371.8982048737571,BUY_NO
1779830778.3729014,75937.57435970179,75920.99654582221,0.5914582729456666,0.675,176.69179512624294,SELL_YES
1779830778.381203,75937.57435970179,75920.99654582221,0.6112987851502517,0.675,230.5,SELL_YES
1779830778.6607106,75937.57435970179,75920.99654582221,0.7363785911983933,0.675,224.14,BUY_YES
1779830778.699881,75937.57435970179,75920.99654582221,0.7519841369580123,0.675,75.00386130788047,BUY_YES
1779830779.077187,75937.57435970179,75920.99654582221,0.6608252131999834,0.675,391.65,SELL_YES
1779830779.107523,75937.57435970179,75920.99654582221,0.7151301559248131,0.675,487.38635976538353,BUY_YES
1779830779.1181507,75937.57435970179,75920.99654582221,0.7166813384063461,0.675,483.1636402346164,SELL_NO
1779830779.132257,75937.57435970179,75920.99654582221,0.6505685140311188,0.675,138.38,SELL_YES
1779830779.1380875,75937.57435970179,75920.99654582221,0.6294139308085893,0.675,252.7,SELL_YES
1779830779.6526623,75938.59378764385,75920.99654582221,0.6539677551551492,0.675,518.52,SELL_YES
1779830779.683165,75938.59378764385,75920.99654582221,0.7145986693354092,0.675,840.1059024280012,BUY_YES
1779830780.1592515,75938.59378764385,75920.99654582221,0.7165656822366968,0.675,117.73409757199875,BUY_YES
1779830780.8423092,75938.59378764385,75920.99654582221,0.7330667702527804,0.675,85.49,BUY_YES
1779830780.9686112,75938.59378764385,75920.99654582221,0.72105252373027,0.675,742.5379938531041,BUY_YES
1779830780.9823923,75938.59378764385,75920.99654582221,0.6522239019818598,0.675,440.95,SELL_YES
1779830781.0017116,75938.59378764385,75920.99654582221,0.7013153681528328,0.675,297.84200614689587,SELL_NO
1779830781.1011305,75938.6085250106,75920.99654582221,0.627110041163092,0.675,279.7,SELL_YES
1779830781.483306,75938.6085250106,75920.99654582221,0.7430261140115214,0.675,81.83000000000001,BUY_YES
1779830781.4897337,75938.6085250106,75920.99654582221,0.73713628285013,0.675,255.08519667445853,BUY_YES
1779830781.640686,75938.6085250106,75920.99654582221,0.7130397185132369,0.675,235.82,SELL_NO
1779830781.6515822,75938.6085250106,75920.99654582221,0.6648476541713891,0.675,254.57,SELL_YES
1779830781.692725,75938.6085250106,75920.99654582221,0.7172600342636472,0.675,74.21753720136167,BUY_YES
1779830781.7031498,75938.6085250106,75920.99654582221,0.7168485133656202,0.675,882.7324627986384,SELL_NO
1779830781.7157676,75938.6085250106,75920.99654582221,0.6479307833124721,0.675,82.8,SELL_YES
1779830781.721003,75938.6085250106,75920.99654582221,0.6160342441468484,0.675,249.7,SELL_YES
1779830781.7261875,75938.6085250106,75920.99654582221,0.5911577887784911,0.675,424.35,BUY_NO
1779830781.7339532,75938.6085250106,75920.99654582221,0.6064577820042577,0.675,80.6,SELL_YES
1779830782.1665883,75938.6085250106,75920.99654582221,0.7167457961884895,0.675,128.15000000000006,BUY_YES
1779830782.1712945,75938.6085250106,75920.99654582221,0.7082494099146973,0.675,179.16,SELL_NO
1779830782.285281,75938.56863435221,75920.99654582221,0.618498022697989,0.675,199.92,BUY_NO
1779830782.2910962,75938.56863435221,75920.99654582221,0.6363158804136962,0.675,82.8,SELL_YES
1779830782.3078997,75938.56863435221,75920.99654582221,0.6852106600611454,0.675,305.95,SELL_NO
1779830782.4414475,75938.56863435221,75920.99654582221,0.7161263643398457,0.675,208.2806572270456,BUY_YES
1779830782.4491205,75938.56863435221,75920.99654582221,0.7119933165942047,0.675,785.8293427729543,SELL_NO
1779830782.6559553,75938.56863435221,75920.99654582221,0.5534937135292183,0.675,160.0,SELL_YES
1779830782.6625156,75938.56863435221,75920.99654582221,0.5272416242682698,0.675,153.36,BUY_NO
1779830782.6690245,75938.56863435221,75920.99654582221,0.5099041476148481,0.675,438.59,BUY_NO
1779830782.675697,75938.56863435221,75920.99654582221,0.531710729950651,0.675,155.6,BUY_NO
1779830782.681372,75938.56863435221,75920.99654582221,0.5544641655251236,0.675,150.5,BUY_NO
1779830782.6869917,75938.56863435221,75920.99654582221,0.5762409572488674,0.675,150.5,SELL_YES
1779830782.8823261,75938.56863435221,75920.99654582221,0.7415622384099502,0.675,410.83000000000004,BUY_YES
1779830783.4207325,75938.56863435221,75920.99654582221,0.6620252220812687,0.675,250.00000000000003,SELL_YES
1779830783.8589523,75937.8272992737,75920.99654582221,0.6612804291884443,0.675,86.37999999999994,SELL_YES
1779830784.9086006,75938.04066188622,75920.99654582221,0.6632228830415546,0.675,192.01000000000005,SELL_YES
1779830785.1999135,75938.04066188622,75920.99654582221,0.7353314219134511,0.675,97.99999999999999,BUY_YES
1779830785.3640425,75938.04066188622,75920.99654582221,0.728264273196395,0.6799999999999999,747.7390620321585,BUY_YES
1779830785.3772151,75938.04066188622,75920.99654582221,0.6582611335641058,0.6799999999999999,688.47,SELL_YES
1779830785.4015903,75938.04066188622,75920.99654582221,0.703322424814822,0.6799999999999999,746.0,SELL_NO
1779830785.4243014,75938.04066188622,75920.99654582221,0.7016993507607295,0.6799999999999999,726.0,SELL_NO
1779830785.4363813,75938.04066188622,75920.99654582221,0.634341881513187,0.6799999999999999,400.2151210789334,BUY_NO
1779830785.4464574,75938.04066188622,75920.99654582221,0.6034727391505786,0.685,340.83487892106655,SELL_YES
1779830785.454297,75938.04066188622,75920.99654582221,0.5748209625427999,0.685,157.64,BUY_NO
1779830785.4631817,75938.04066188622,75920.99654582221,0.5557774061595994,0.685,183.36,BUY_NO
1779830785.4802296,75938.04066188622,75920.99654582221,0.5454505819261285,0.685,681.05,SELL_YES
1779830785.526848,75938.04066188622,75920.99654582221,0.7022777715034504,0.685,695.0,SELL_NO
1779830785.5469658,75938.04066188622,75920.99654582221,0.6512652299559406,0.685,683.05,SELL_YES
1779830785.5695355,75938.04066188622,75920.99654582221,0.7046706597456336,0.685,655.0,SELL_NO
1779830785.5840604,75938.04066188622,75920.99654582221,0.6374814628407616,0.685,161.41000000000008,SELL_YES
1779830785.591853,75938.04066188622,75920.99654582221,0.6089010241097126,0.685,157.64,BUY_NO
1779830785.5999534,75938.04066188622,75920.99654582221,0.5941516233487368,0.685,183.36,BUY_NO
1779830785.609304,75938.04066188622,75920.99654582221,0.6007794443783914,0.685,543.59,BUY_NO
1779830785.6156895,75938.04066188622,75920.99654582221,0.6202404721594718,0.685,180.6,SELL_YES
1779830785.6551335,75938.04066188622,75920.99654582221,0.731671810184285,0.685,196.14,BUY_YES
1779830785.6645172,75938.04066188622,75920.99654582221,0.7433183456956736,0.685,358.14,BUY_YES
1779830785.6851108,75938.04066188622,75920.99654582221,0.7656316703132267,0.685,670.7,BUY_YES
1779830785.6996152,75938.04066188622,75920.99654582221,0.777544612954524,0.685,80.80999999999995,BUY_YES
1779830786.1256714,75938.04066188622,75920.99654582221,0.7254946316665941,0.685,134.6400000000001,BUY_YES
1779830786.1712782,75938.04066188622,75920.99654582221,0.7183696301084478,0.685,891.3,SELL_NO
1779830786.1860871,75938.04066188622,75920.99654582221,0.6638935929446718,0.685,749.07,SELL_YES
1779830786.2232804,75938.04066188622,75920.99654582221,0.716167392699809,0.685,122.94000000000008,BUY_YES
1779830786.2700284,75938.04066188622,75920.99654582221,0.7408862258409834,0.685,194.98000000000002,BUY_YES
1779830786.2845032,75938.04066188622,75920.99654582221,0.7533419145489342,0.685,976.24,BUY_YES
1779830786.3048117,75938.04066188622,75920.99654582221,0.6594633359485729,0.685,706.07,SELL_YES
1779830786.8830142,75938.0516207344,75920.99654582221,0.7292145068958088,0.685,129.98000000000002,BUY_YES
1779830788.767347,75939.30285837725,75920.99654582221,0.7391558805988182,0.685,922.73,BUY_YES
1779830788.7897089,75939.30285837725,75920.99654582221,0.6504879634062192,0.685,175.7186725649126,BUY_NO
1779830788.7989402,75939.30285837725,75920.99654582221,0.6442852847642564,0.685,433.41132743508746,SELL_YES
1779830788.8056488,75939.30285837725,75920.99654582221,0.6529882827700673,0.685,174.38,SELL_YES
1779830788.8420389,75939.30285837725,75920.99654582221,0.7421604735506591,0.685,207.67,BUY_YES
1779830788.8503199,75939.30285837725,75920.99654582221,0.7376300027110693,0.685,273.14,SELL_NO
1779830788.8733563,75939.30285837725,75920.99654582221,0.6406586353419391,0.685,110.36,SELL_YES
1779830788.885976,75939.30285837725,75920.99654582221,0.6321985308560573,0.685,513.59,SELL_YES
1779830789.6064339,75939.30285837725,75920.99654582221,0.7367581827139562,0.685,75.91,BUY_YES
1779830789.6831868,75939.35311464137,75920.99654582221,0.7513500822298467,0.685,1006.94,BUY_YES
1779830789.9006348,75939.35311464137,75920.99654582221,0.6609863046096587,0.685,584.1600000000001,SELL_YES
1779830790.7412667,75939.35311464137,75920.99654582221,0.728864331336079,0.685,81.04999999999997,BUY_YES
1779830791.0264919,75939.35311464137,75920.99654582221,0.7607705460195068,0.6799999999999999,1035.2,BUY_YES
1779830791.050173,75939.35311464137,75920.99654582221,0.6537710559848997,0.6799999999999999,437.49,SELL_YES
1779830791.5362897,75940.70209048087,75920.99654582221,0.7411599479521301,0.675,81.24000000000001,BUY_YES
1779830791.5468147,75940.70209048087,75920.99654582221,0.7397784501002895,0.675,179.73999999999998,BUY_YES
1779830792.0211346,75940.70209048087,75920.99654582221,0.7284114127010791,0.675,75.0,BUY_YES
1779830792.0871797,75940.70209048087,75920.99654582221,0.7204039324010892,0.675,78.09,BUY_YES
1779830792.3574808,75940.70209048087,75920.99654582221,0.6602556877857052,0.675,196.06,SELL_YES
1779830795.05454,75940.71248049704,75920.99654582221,0.7193625303798561,0.675,94.04753136046656,BUY_YES
1779830795.0712204,75940.71248049704,75920.99654582221,0.6575818454682932,0.675,650.03,SELL_YES
1779830795.0824847,75940.71248049704,75920.99654582221,0.6347263075630694,0.675,650.03,BUY_NO
1779830795.0916772,75940.71248049704,75920.99654582221,0.6524899921849159,0.675,223.89,SELL_YES
1779830795.1182928,75940.71248049704,75920.99654582221,0.7150959891970649,0.675,243.81577270886828,BUY_YES
1779830795.1264105,75940.71248049704,75920.99654582221,0.7284776373757054,0.675,562.4842272911317,BUY_YES
1779830795.1897902,75940.71248049704,75920.99654582221,0.6443265246764579,0.675,80.03,SELL_YES
1779830795.7499976,75940.71248049704,75920.99654582221,0.7323430540871756,0.675,72.25,BUY_YES
1779830800.4939873,75941.41957267246,75920.99654582221,0.7329493671523272,0.745,222.41,SELL_YES
1779830800.559691,75941.41957267246,75920.99654582221,0.7272427659409283,0.745,195.52,SELL_YES
1779830800.6320355,75941.41957267246,75920.99654582221,0.7239868550629195,0.745,424.0,SELL_YES
1779830800.686513,75941.41957267246,75920.99654582221,0.7143501364245463,0.75,417.24,SELL_YES
1779830800.695269,75941.41957267246,75920.99654582221,0.7135516632799814,0.745,271.66,SELL_YES
1779830800.7375338,75941.41957267246,75920.99654582221,0.7790463918372486,0.745,168.58,BUY_YES
1779830800.7471402,75941.41957267246,75920.99654582221,0.7831366558784253,0.745,239.16,SELL_NO
1779830801.2441213,75941.41957267246,75920.99654582221,0.7345971272332947,0.745,74.84,SELL_YES
1779830801.702418,75941.41957267246,75920.99654582221,0.7247580495834453,0.745,72.43,SELL_YES
1779830801.7695668,75941.41957267246,75920.99654582221,0.7260225128393254,0.745,241.84,SELL_YES
1779830801.8197987,75941.41957267246,75920.99654582221,0.7270578623372851,0.745,254.54,SELL_YES
1779830801.9777513,75941.41957267246,75920.99654582221,0.7330786359206958,0.745,81.99000000000001,SELL_YES
1779830802.5902414,75941.40483147588,75920.99654582221,0.7332893711532079,0.745,99.99999999999997,SELL_YES
1779830802.7458954,75941.40483147588,75920.99654582221,0.7158952433318155,0.745,532.89,SELL_YES
1779830803.341013,75941.40483147588,75920.99654582221,0.7321693042710301,0.745,273.59,SELL_YES
1779830803.6221182,75941.40483147588,75920.99654582221,0.7669322370515916,0.745,151.72329459429739,BUY_YES
1779830803.7377484,75941.40483147588,75920.99654582221,0.7332057748006303,0.745,234.1,SELL_YES
1779830803.7474287,75941.40483147588,75920.99654582221,0.7163530210172915,0.745,466.26,SELL_YES
1779830804.2489872,75941.40483147588,75920.99654582221,0.7341732653059274,0.745,116.04999999999998,SELL_YES
1779830804.298301,75941.40483147588,75920.99654582221,0.7665770771220173,0.745,178.83,BUY_YES
1779830804.5108578,75941.40483147588,75920.99654582221,0.7349349950079215,0.745,91.81000000000003,SELL_YES
1779830804.9468772,75941.48820663552,75920.99654582221,0.7750861675566625,0.745,230.0,SELL_NO
1779830804.9706414,75941.48820663552,75920.99654582221,0.7069495628666631,0.745,240.32,SELL_YES
1779830804.9828932,75941.48820663552,75920.99654582221,0.6980171589078172,0.745,630.0,SELL_YES
1779830805.132755,75941.48820663552,75920.99654582221,0.6861636750927891,0.745,80.66000000000003,SELL_YES
1779830805.3450782,75941.48820663552,75920.99654582221,0.7324322261835294,0.745,140.87,SELL_YES
1779830805.353169,75941.48820663552,75920.99654582221,0.7303862568125926,0.745,75.0,SELL_YES
1779830805.5660844,75941.48820663552,75920.99654582221,0.7031575967621936,0.745,564.3,BUY_NO
1779830805.5713031,75941.48820663552,75920.99654582221,0.712242441475348,0.745,439.93,SELL_YES
1779830805.5961382,75941.48820663552,75920.99654582221,0.7293072003115615,0.745,438.91,SELL_YES
1779830805.609064,75941.48820663552,75920.99654582221,0.7681244711131461,0.745,157.24,BUY_YES
1779830805.6198184,75941.48820663552,75920.99654582221,0.7801881971384473,0.745,230.0,BUY_YES
1779830805.6525505,75941.48820663552,75920.99654582221,0.7183783030166295,0.745,262.87,SELL_YES
1779830805.8025117,75941.48820663552,75920.99654582221,0.7003002326670301,0.745,70.32,SELL_YES
1779830805.8101225,75941.48820663552,75920.99654582221,0.7070884648245722,0.745,226.25,SELL_YES
1779830806.6580863,75943.89965492526,75920.99654582221,0.7864715142267288,0.745,77.16,BUY_YES
1779830809.6076987,75944.73008982815,75920.99654582221,0.7435108504033957,0.755,93.05418813715639,SELL_YES
1779830810.0241034,75944.73008982815,75920.99654582221,0.7205947178543608,0.755,303.46939677686714,BUY_NO
1779830810.3967392,75944.73008982815,75920.99654582221,0.7176834138400127,0.755,472.4606032231328,BUY_NO
1779830810.4513078,75944.73008982815,75920.99654582221,0.7129690183646066,0.76,740.53,BUY_NO
1779830810.5029757,75944.73008982815,75920.99654582221,0.6807449911873916,0.77,740.53,BUY_NO
1779830810.5113857,75944.73008982815,75920.99654582221,0.6959371218516331,0.77,416.69547602779494,BUY_NO
1779830810.5571148,75944.73008982815,75920.99654582221,0.8032574529594235,0.775,171.54,BUY_YES
1779830810.5657158,75944.73008982815,75920.99654582221,0.8112771144797445,0.775,258.53999999999996,BUY_YES
1779830810.591903,75944.73008982815,75920.99654582221,0.8140937368932996,0.78,245.45,BUY_YES
1779830810.656703,75944.73008982815,75920.99654582221,0.7985532135906045,0.785,118.45,BUY_YES
1779830810.7143385,75944.73008982815,75920.99654582221,0.7951605343954515,0.785,87.45,BUY_YES
1779830812.2190304,75944.9187776007,75920.99654582221,0.7742747386224511,0.785,194.25,SELL_YES
1779830812.2491944,75944.9187776007,75920.99654582221,0.8065313738734381,0.785,125.13,BUY_YES
1779830812.283202,75944.9187776007,75920.99654582221,0.7714039289068592,0.785,213.39,SELL_YES
1779830812.3176293,75944.9187776007,75920.99654582221,0.8055754062253717,0.785,106.86,BUY_YES
1779830812.3934708,75944.9187776007,75920.99654582221,0.7692080634333552,0.785,208.94,SELL_YES
1779830812.8164647,75944.97952847127,75920.99654582221,0.7693323370167425,0.785,425.15,SELL_YES
1779830812.8586507,75944.97952847127,75920.99654582221,0.8048024226154639,0.785,97.0,BUY_YES
1779830813.0808246,75944.97952847127,75920.99654582221,0.7697280464653712,0.785,147.92000000000002,SELL_YES
1779830813.1046267,75944.97952847127,75920.99654582221,0.7095275457077074,0.785,507.95,BUY_NO
1779830813.1837952,75944.97952847127,75920.99654582221,0.7291791836867353,0.785,498.7,BUY_NO
1779830813.511602,75944.97952847127,75920.99654582221,0.803815455526391,0.785,83.60000000000001,BUY_YES
1779830813.5804164,75944.97952847127,75920.99654582221,0.8192194757174478,0.785,100.0,BUY_YES
1779830813.5870764,75944.97952847127,75920.99654582221,0.8154070394119669,0.785,140.54,BUY_YES
1779830813.7709708,75944.97952847127,75920.99654582221,0.771622184529212,0.785,127.74000000000001,SELL_YES
1779830813.8923643,75944.97952847127,75920.99654582221,0.7746348806120203,0.785,111.85000000000002,SELL_YES
1779830813.9719799,75943.59608249152,75920.99654582221,0.7593454684589913,0.785,105.32000000000005,SELL_YES
1779830813.98274,75943.59608249152,75920.99654582221,0.7298198096317934,0.785,456.41999999999996,BUY_NO
1779830814.3387673,75943.59608249152,75920.99654582221,0.7313349067828718,0.785,319.67740354264606,BUY_NO
1779830814.4018834,75943.59608249152,75920.99654582221,0.6830652269857855,0.79,532.53,BUY_NO
1779830818.4320354,75944.17089892089,75920.99654582221,0.8059341021886524,0.795,67.08,BUY_YES
1779830818.4560573,75944.17089892089,75920.99654582221,0.8051702784713556,0.795,67.08,BUY_YES
1779830818.4950423,75944.17089892089,75920.99654582221,0.7848375445948488,0.795,134.16,SELL_YES
1779830818.5331068,75944.17089892089,75920.99654582221,0.8157457405083486,0.795,154.61,BUY_YES
1779830818.5545378,75944.17089892089,75920.99654582221,0.8138838932014641,0.795,216.69,BUY_YES
1779830818.5783892,75944.17089892089,75920.99654582221,0.7797424450420052,0.795,303.65,SELL_YES
1779830818.6195097,75944.17089892089,75920.99654582221,0.8285947206064782,0.795,720.0,BUY_YES
1779830818.6355689,75944.17089892089,75920.99654582221,0.7505049877032174,0.795,422.57,SELL_YES
1779830818.6434393,75944.17089892089,75920.99654582221,0.7291255159910014,0.795,365.0800000000001,SELL_YES
1779830818.713903,75944.17089892089,75920.99654582221,0.7357668302671183,0.795,264.98,BUY_NO
1779830818.8532672,75944.17089892089,75920.99654582221,0.8138657809574505,0.795,191.69,BUY_YES
1779830818.8867574,75944.17089892089,75920.99654582221,0.781914570515529,0.795,191.69,SELL_YES
1779830818.9180992,75944.17089892089,75920.99654582221,0.7307426230745797,0.795,264.78,BUY_NO
1779830819.3304563,75944.17089892089,75920.99654582221,0.7210355277640211,0.795,241.15,BUY_NO
1779830819.4105387,75944.17089892089,75920.99654582221,0.7310839561639159,0.795,261.9,BUY_NO
1779830819.4878,75944.17089892089,75920.99654582221,0.8051522291247524,0.795,64.58,BUY_YES
1779830819.5590575,75944.17089892089,75920.99654582221,0.7791043595633835,0.795,64.58,SELL_YES
1779830820.151052,75946.51134210033,75920.99654582221,0.8080929411505965,0.795,95.48,BUY_YES
1779830820.2047803,75946.51134210033,75920.99654582221,0.7845802858880029,0.795,95.48,SELL_YES
1779830820.2588515,75946.51134210033,75920.99654582221,0.8164752803855466,0.795,160.31,BUY_YES
1779830820.3015392,75946.51134210033,75920.99654582221,0.8264555508671351,0.795,685.76,BUY_YES
1779830820.32671,75946.51134210033,75920.99654582221,0.8351632917604329,0.795,203.18,BUY_YES
1779830820.3360205,75946.51134210033,75920.99654582221,0.8353812810439399,0.795,235.58,BUY_YES
1779830820.344776,75946.51134210033,75920.99654582221,0.8301300970302211,0.795,675.76,BUY_YES
1779830820.35961,75946.51134210033,75920.99654582221,0.7504215447394491,0.795,374.85,SELL_YES
1779830820.3683126,75946.51134210033,75920.99654582221,0.7178747236461206,0.795,744.49,SELL_YES
1779830820.3762045,75946.51134210033,75920.99654582221,0.7036187932393744,0.795,500.25,SELL_YES
1779830820.3856423,75946.51134210033,75920.99654582221,0.7087820292959076,0.795,340.9999999999998,SELL_YES
1779830821.087623,75946.51134210033,75920.99654582221,0.8154538234081625,0.795,217.49,BUY_YES
1779830821.2073376,75950.99846997666,75920.99654582221,0.8163382984548029,0.795,214.27,BUY_YES
1779830821.2390492,75950.99846997666,75920.99654582221,0.8256547657149557,0.795,676.31,BUY_YES
1779830821.2520816,75950.99846997666,75920.99654582221,0.7484335355209242,0.795,419.01,SELL_YES
1779830821.2715406,75950.99846997666,75920.99654582221,0.6699394158580795,0.795,425.14,SELL_YES
1779830821.2830167,75950.99846997666,75920.99654582221,0.6688253623206564,0.795,263.91999999999996,SELL_YES
1779830821.2910159,75950.99846997666,75920.99654582221,0.680518643558114,0.795,471.08000000000004,BUY_NO
1779830821.3537915,75950.99846997666,75920.99654582221,0.8182986600557858,0.795,199.47000000000003,BUY_YES
1779830821.3706496,75950.99846997666,75920.99654582221,0.8262507147341709,0.795,676.28,BUY_YES
1779830821.384864,75950.99846997666,75920.99654582221,0.7491157028674917,0.795,70.0,SELL_YES
1779830821.7662604,75950.99846997666,75920.99654582221,0.7071899211631467,0.795,498.44,SELL_YES
1779830821.7736158,75950.99846997666,75920.99654582221,0.72117295320928,0.795,203.2,SELL_YES
1779830821.8252068,75950.99846997666,75920.99654582221,0.8185163424991856,0.795,150.0,BUY_YES
1779830821.8343854,75950.99846997666,75920.99654582221,0.8224462977341491,0.795,349.34000000000003,BUY_YES
1779830821.8443542,75950.99846997666,75920.99654582221,0.8256145787274923,0.795,642.6262715929993,BUY_YES
1779830821.8574264,75950.99846997666,75920.99654582221,0.7486799146608825,0.795,393.66999999999996,SELL_YES
1779830821.8649163,75950.99846997666,75920.99654582221,0.7237676077456624,0.795,735.0,SELL_YES
1779830821.8716898,75950.99846997666,75920.99654582221,0.6950040820566266,0.795,117.40627159299936,SELL_YES
1779830822.2111964,75950.99846997666,75920.99654582221,0.8141363190429641,0.795,359.34000000000003,BUY_YES
1779830823.1052487,75951.21633179889,75920.99654582221,0.8568800133249876,0.795,692.0,BUY_YES
1779830823.1109943,75951.21633179889,75920.99654582221,0.8572013479600732,0.795,328.18,BUY_YES
1779830823.5945835,75951.21633179889,75920.99654582221,0.8525023401331475,0.795,64.63,BUY_YES
1779830823.7484727,75951.21633179889,75920.99654582221,0.8590792560344795,0.795,430.9,BUY_YES
1779830823.7558863,75951.21633179889,75920.99654582221,0.8501675413170784,0.795,874.28,BUY_YES
1779830823.7665737,75951.21633179889,75920.99654582221,0.7684436895603145,0.795,461.89,SELL_YES
1779830823.772691,75951.21633179889,75920.99654582221,0.7385782358462236,0.795,783.0,SELL_YES
1779830823.781021,75951.21633179889,75920.99654582221,0.7287417163651904,0.795,464.14,SELL_YES
1779830824.2436683,75951.21633179889,75920.99654582221,0.8446133107806358,0.795,434.11,BUY_YES
1779830824.2503996,75951.21633179889,75920.99654582221,0.8321088758712777,0.795,680.93,BUY_YES
1779830824.2608213,75951.21633179889,75920.99654582221,0.7519847746118202,0.795,451.9,SELL_YES
1779830824.3103194,75951.21633179889,75920.99654582221,0.5957586499617026,0.795,466.34000000000003,SELL_YES
1779830824.318326,75951.21633179889,75920.99654582221,0.5973001948545036,0.795,783.0,SELL_YES
1779830824.3241985,75951.21633179889,75920.99654582221,0.6120904627487658,0.795,481.9,BUY_NO
1779830824.3325179,75951.21633179889,75920.99654582221,0.6309859396113274,0.795,196.51,BUY_NO
1779830824.3373926,75951.21633179889,75920.99654582221,0.648936642630761,0.795,253.2,BUY_NO
1779830824.3992906,75951.21633179889,75920.99654582221,0.817369306015588,0.795,429.11,BUY_YES
1779830824.4135487,75951.21633179889,75920.99654582221,0.8278027156114763,0.795,675.0,BUY_YES
1779830824.4234042,75951.21633179889,75920.99654582221,0.7504283473551334,0.795,73.47,SELL_YES
1779830824.433564,75951.21633179889,75920.99654582221,0.6927813404647583,0.795,360.4,SELL_YES
1779830824.438089,75951.21633179889,75920.99654582221,0.6868972213980812,0.795,177.4,SELL_YES
1779830824.4755552,75951.50835606591,75920.99654582221,0.7342659734384507,0.795,439.64,SELL_YES
1779830824.485113,75951.50835606591,75920.99654582221,0.7437755551661842,0.795,507.3000000000002,SELL_YES
1779830824.5215518,75951.50835606591,75920.99654582221,0.8176396063870042,0.795,431.61,BUY_YES
1779830824.5331247,75951.50835606591,75920.99654582221,0.8262234006211386,0.795,681.81,BUY_YES
1779830824.6783786,75951.50835606591,75920.99654582221,0.7010224044173579,0.795,101.13000000000002,SELL_YES
1779830824.697179,75951.50835606591,75920.99654582221,0.7177027700866251,0.795,757.5999999999998,SELL_YES
1779830824.7060106,75951.50835606591,75920.99654582221,0.7312628808732013,0.795,196.51,SELL_YES
1779830825.0157776,75951.50835606591,75920.99654582221,0.8387415146117245,0.795,178.18,BUY_YES
1779830825.0234146,75951.50835606591,75920.99654582221,0.8356202673255291,0.795,431.61,BUY_YES
1779830825.0361435,75951.50835606591,75920.99654582221,0.8294052885266648,0.795,675.0,BUY_YES
1779830825.0556157,75951.50835606591,75920.99654582221,0.7498833777114733,0.795,488.79,SELL_YES
1779830825.0704408,75951.50835606591,75920.99654582221,0.7245926962716845,0.795,783.0,SELL_YES
1779830825.0829523,75951.50835606591,75920.99654582221,0.7199702628444572,0.795,71.18000000000029,SELL_YES
1779830825.5293515,75951.50835606591,75920.99654582221,0.8432949734971454,0.795,214.77000000000004,BUY_YES
1779830825.5413015,75951.50835606591,75920.99654582221,0.8460615009193737,0.795,135.0,BUY_YES
1779830826.022084,75951.50835606591,75920.99654582221,0.8283659838349196,0.795,420.61,BUY_YES
1779830826.2936616,75951.4799642242,75920.99654582221,0.8440990807922977,0.795,425.61,BUY_YES
1779830826.3030136,75951.4799642242,75920.99654582221,0.8485020082946333,0.795,904.69,BUY_YES
1779830826.31695,75951.4799642242,75920.99654582221,0.7719642028175877,0.795,400.65,SELL_YES
1779830826.3271463,75951.4799642242,75920.99654582221,0.751935933887941,0.795,783.0,SELL_YES
1779830826.8833125,75951.4799642242,75920.99654582221,0.8307737184835484,0.795,425.61,BUY_YES
1779830826.8944862,75951.4799642242,75920.99654582221,0.8267213596534172,0.795,139.81680392463772,BUY_YES
1779830826.9271004,75951.4799642242,75920.99654582221,0.7827311438550082,0.795,111.97,SELL_YES
1779830827.0024226,75951.4799642242,75920.99654582221,0.8263373958673488,0.795,535.1831960753623,SELL_NO
1779830827.0173793,75951.4799642242,75920.99654582221,0.7566076081003071,0.795,402.57,SELL_YES
1779830827.0259635,75951.4799642242,75920.99654582221,0.7478161147845017,0.795,608.0,SELL_YES
1779830827.0851893,75951.4799642242,75920.99654582221,0.835424133129597,0.795,238.18,BUY_YES
1779830827.6899567,75951.4799642242,75920.99654582221,0.8724376360435245,0.795,73.0,BUY_YES
1779830827.8068986,75951.4799642242,75920.99654582221,0.8676416866143127,0.795,527.52,BUY_YES
1779830827.932828,75951.48216464305,75920.99654582221,0.8364267787901197,0.795,884.1800000000001,BUY_YES
1779830827.946306,75951.48216464305,75920.99654582221,0.7574192055318841,0.795,328.53999999999996,SELL_YES
1779830827.9526503,75951.48216464305,75920.99654582221,0.7263162848262611,0.795,778.0,SELL_YES
1779830827.9604042,75951.48216464305,75920.99654582221,0.7141586180726005,0.795,666.51,SELL_YES
1779830828.0372765,75951.48216464305,75920.99654582221,0.8465325640991519,0.795,155.0,BUY_YES
1779830828.0649786,75951.48216464305,75920.99654582221,0.8554151924771742,0.795,191.0,BUY_YES
1779830828.0838337,75951.48216464305,75920.99654582221,0.8585215595611556,0.795,509.49,BUY_YES
1779830828.1362913,75951.48216464305,75920.99654582221,0.8457164354527468,0.795,514.49,BUY_YES
1779830828.1461058,75951.48216464305,75920.99654582221,0.8450313076541681,0.795,894.1800000000001,BUY_YES
1779830828.3438168,75951.48216464305,75920.99654582221,0.7648257033645048,0.795,334.11,SELL_YES
1779830828.3523777,75951.48216464305,75920.99654582221,0.7328750790625157,0.795,778.0,SELL_YES
1779830828.3634796,75951.48216464305,75920.99654582221,0.7195427941315123,0.795,666.51,SELL_YES
1779830828.5641744,75951.48216464305,75920.99654582221,0.870435743948721,0.795,525.27,BUY_YES
1779830828.5707715,75951.48216464305,75920.99654582221,0.8646066770877288,0.795,909.1800000000001,BUY_YES
1779830828.5861638,75951.48216464305,75920.99654582221,0.781776362479477,0.795,104.54,SELL_YES
1779830828.5949087,75951.48216464305,75920.99654582221,0.7471189728584433,0.795,402.57,SELL_YES
1779830828.6034749,75951.48216464305,75920.99654582221,0.7348023911149447,0.795,1078.0,SELL_YES
1779830828.6591742,75951.48216464305,75920.99654582221,0.7118517055000424,0.795,325.44,SELL_YES
1779830828.7495062,75951.48216464305,75920.99654582221,0.8166602400207625,0.795,497.95,BUY_YES
1779830829.1987636,75951.48216464305,75920.99654582221,0.8561115907262238,0.795,907.98,BUY_YES
1779830829.211439,75951.48216464305,75920.99654582221,0.7750804211481778,0.795,333.12,SELL_YES
1779830829.2188056,75951.48216464305,75920.99654582221,0.7428602814411897,0.795,778.0,SELL_YES
1779830829.2308495,75951.48216464305,75920.99654582221,0.7294229889597846,0.795,613.9968039246382,SELL_YES
1779830829.3789613,75951.14142797652,75920.99654582221,0.8647896978966417,0.795,361.0,BUY_YES
1779830830.8317826,75951.14142797652,75920.99654582221,0.8552014788132455,0.795,463.66,BUY_YES
1779830830.8387585,75951.14142797652,75920.99654582221,0.848222451350389,0.795,789.6400000000001,BUY_YES
1779830830.8676193,75951.14142797652,75920.99654582221,0.7667921445315691,0.795,446.07,SELL_YES
1779830830.874236,75951.14142797652,75920.99654582221,0.7369817836370782,0.795,957.49,SELL_YES
1779830830.8801613,75951.14142797652,75920.99654582221,0.7277956212343204,0.795,210.74000000000024,SELL_YES
1779830830.977816,75951.15645230941,75920.99654582221,0.8147376664669684,0.795,459.91,BUY_YES
1779830831.570691,75951.15645230941,75920.99654582221,0.8553268833370828,0.8,686.26,BUY_YES
1779830831.583442,75951.15645230941,75920.99654582221,0.7777123562229914,0.8049999999999999,193.94,SELL_YES
1779830831.639914,75951.15645230941,75920.99654582221,0.8250504504761179,0.815,160.89097439959096,BUY_YES
1779830831.656881,75951.15645230941,75920.99654582221,0.794953149103671,0.815,70.0,SELL_YES
1779830831.7825105,75951.15645230941,75920.99654582221,0.826019443257069,0.815,283.1033094223674,BUY_YES
1779830831.8322773,75951.15645230941,75920.99654582221,0.7735617216956631,0.815,380.34000000000003,SELL_YES
1779830832.286371,75951.15645230941,75920.99654582221,0.8258057582364846,0.815,195.40571617804164,BUY_YES
1779830832.538428,75951.15645230941,75920.99654582221,0.8340314864332594,0.815,157.91,BUY_YES
1779830832.6432958,75951.15645230941,75920.99654582221,0.8609096981241263,0.815,132.0,BUY_YES
1779830832.6529946,75951.15645230941,75920.99654582221,0.8594436098269347,0.815,418.83000000000004,BUY_YES
1779830832.7117262,75951.03295688232,75920.99654582221,0.8673757492379132,0.815,957.0899999999999,BUY_YES
1779830832.8024237,75951.03295688232,75920.99654582221,0.8382625192754702,0.815,88.23000000000002,BUY_YES
1779830833.2090893,75951.03295688232,75920.99654582221,0.8422587315694323,0.815,61.06000000000006,BUY_YES
1779830833.2264013,75951.03295688232,75920.99654582221,0.8469919094875121,0.815,1097.72,BUY_YES
1779830833.3641195,75951.03295688232,75920.99654582221,0.8402840844792816,0.815,94.07000000000008,BUY_YES
1779830833.4283028,75951.03295688232,75920.99654582221,0.8451352292617056,0.815,165.73000000000002,BUY_YES
1779830833.4877403,75951.03295688232,75920.99654582221,0.8520232592531474,0.815,166.23,BUY_YES
1779830833.880633,75951.03295688232,75920.99654582221,0.853637007830174,0.815,68.2399999999999,BUY_YES
1779830834.3335297,75951.03295688232,75920.99654582221,0.8711593955618038,0.815,62.389999999999986,BUY_YES
1779830834.3668032,75951.03295688232,75920.99654582221,0.8668268433849524,0.815,231.19,BUY_YES
1779830834.8181307,75951.02973071567,75920.99654582221,0.8769442058416566,0.815,1375.26,BUY_YES
1779830834.8299267,75951.02973071567,75920.99654582221,0.8706304825428648,0.815,390.28,BUY_YES
1779830834.8614192,75951.02973071567,75920.99654582221,0.7972550501348122,0.815,81.75,SELL_YES
1779830834.906173,75951.02973071567,75920.99654582221,0.8250664848931819,0.815,1019.39,SELL_NO
1779830834.9157107,75951.02973071567,75920.99654582221,0.7988569985848029,0.815,69.91,SELL_YES
1779830834.9262202,75951.02973071567,75920.99654582221,0.7844238818216707,0.815,125.63,SELL_YES
1779830834.9473224,75951.02973071567,75920.99654582221,0.7749953044279465,0.815,189.0,SELL_YES
1779830835.0243149,75951.02973071567,75920.99654582221,0.8496764744212865,0.815,274.6416475617225,BUY_YES
1779830835.0475874,75951.02973071567,75920.99654582221,0.8562459284555006,0.815,1399.0500000000002,BUY_YES
1779830835.100388,75951.02973071567,75920.99654582221,0.8039016042089678,0.815,63.91,SELL_YES
1779830835.2156703,75951.02973071567,75920.99654582221,0.8573191273721114,0.815,102.09000000000003,BUY_YES
1779830835.601731,75951.02973071567,75920.99654582221,0.86385420446496,0.815,1431.2400000000002,BUY_YES
1779830835.6173577,75951.02973071567,75920.99654582221,0.8581384964495777,0.815,1124.66,SELL_NO
1779830835.6504173,75951.02973071567,75920.99654582221,0.7936773892764163,0.815,122.72999999999999,SELL_YES
1779830835.6811328,75951.02973071567,75920.99654582221,0.8300940065493239,0.815,1113.27,SELL_NO
1779830835.6883278,75951.02973071567,75920.99654582221,0.7948084649013107,0.815,122.72999999999999,SELL_YES
1779830835.6983597,75951.02973071567,75920.99654582221,0.7674146513077436,0.815,244.44,SELL_YES
1779830835.7068334,75951.02973071567,75920.99654582221,0.7492574551185798,0.815,849.0,SELL_YES
1779830835.8061914,75951.02973071567,75920.99654582221,0.8583270884355197,0.815,296.02507020508347,BUY_YES
1779830835.837176,75951.02973071567,75920.99654582221,0.8665861936659234,0.815,64.46492979491666,BUY_YES
1779830835.8955405,75951.02973071567,75920.99654582221,0.8743314900115474,0.815,65.93999999999983,BUY_YES
1779830836.0815444,75951.58503479173,75920.99654582221,0.8712913831485054,0.815,156.36999999999998,BUY_YES
1779830836.6773336,75951.58503479173,75920.99654582221,0.8801037541652904,0.815,67.75999999999999,BUY_YES
1779830836.685663,75951.58503479173,75920.99654582221,0.8779899418698711,0.815,157.67,BUY_YES
1779830836.7139328,75951.58503479173,75920.99654582221,0.8777860479797208,0.815,1411.6000000000001,BUY_YES
1779830837.0524812,75951.58503479173,75920.99654582221,0.8680151371788294,0.815,69.90272654478758,BUY_YES
1779830837.3924131,75951.58503479173,75920.99654582221,0.8660791962118357,0.815,313.3672734552125,SELL_NO
1779830837.4231386,75951.58503479173,75920.99654582221,0.7891252157856212,0.815,117.72999999999999,SELL_YES
1779830837.4362328,75951.58503479173,75920.99654582221,0.7837318226765849,0.815,93.44,SELL_YES
1779830837.676011,75951.58503479173,75920.99654582221,0.8683843030569522,0.815,62.34000000000003,BUY_YES
1779830838.299973,75951.58005505546,75920.99654582221,0.8786131335319393,0.815,62.049999999999955,BUY_YES
1779830838.7041218,75951.58005505546,75920.99654582221,0.8757738007411544,0.815,61.506818091300374,BUY_YES
1779830839.1823635,75951.58005505546,75920.99654582221,0.8818272731138214,0.815,62.15999999999997,BUY_YES
1779830839.64925,75951.58005505546,75920.99654582221,0.8681818812908217,0.815,867.46,SELL_NO
1779830839.6592321,75951.58005505546,75920.99654582221,0.8586283371998427,0.815,586.33,SELL_NO
1779830839.6773422,75951.58005505546,75920.99654582221,0.7775852141444629,0.815,171.03,SELL_YES
1779830839.6855595,75951.58005505546,75920.99654582221,0.7461934856051181,0.815,282.44,SELL_YES
1779830839.694036,75951.58005505546,75920.99654582221,0.7272218166165264,0.815,456.0,BUY_NO
1779830839.7035737,75951.58005505546,75920.99654582221,0.7392685338165841,0.815,819.0699999999999,SELL_YES
1779830839.7673845,75951.58348869099,75920.99654582221,0.831976641438516,0.815,838.69,SELL_NO
1779830840.439653,75951.58348869099,75920.99654582221,0.8628877916640196,0.815,196.6499303233195,BUY_YES
1779830840.4500873,75951.58348869099,75920.99654582221,0.8600340101503341,0.815,491.8600696766805,SELL_NO
1779830840.4688659,75951.58348869099,75920.99654582221,0.7866842660326977,0.815,153.92000000000002,SELL_YES
1779830840.4830334,75951.58348869099,75920.99654582221,0.7633719150713305,0.815,282.44,SELL_YES
1779830840.4925814,75951.58348869099,75920.99654582221,0.7523012082827015,0.815,854.0,SELL_YES
1779830840.5957382,75951.58348869099,75920.99654582221,0.8661671991232752,0.815,215.89999999999995,BUY_YES
1779830840.773724,75951.58348869099,75920.99654582221,0.8897302048924114,0.815,64.36000000000001,BUY_YES
1779830841.3757608,75951.58348869099,75920.99654582221,0.8593858199896272,0.815,61.42000000000007,BUY_YES
1779830841.3859212,75951.58348869099,75920.99654582221,0.8659165289901457,0.815,1473.98,BUY_YES
1779830841.633207,75951.58348869099,75920.99654582221,0.835273501350011,0.815,826.04,SELL_NO
1779830841.7469933,75951.58348869099,75920.99654582221,0.8357298324201812,0.815,595.74,SELL_NO
1779830842.3090587,75951.51411627018,75920.99654582221,0.8832269791383782,0.815,1425.48,BUY_YES
1779830844.0496964,75951.59799238516,75920.99654582221,0.8840188450990087,0.815,1388.48,BUY_YES
1779830844.1424823,75951.59799238516,75920.99654582221,0.8718685670706554,0.815,829.2,SELL_NO
1779830844.1515515,75951.59799238516,75920.99654582221,0.8656643827927363,0.815,595.6,SELL_NO
1779830844.7845054,75951.59799238516,75920.99654582221,0.8862850502966336,0.815,1427.07,BUY_YES
1779830849.10495,75951.93554301764,75920.99654582221,0.8443023427743235,0.875,472.62,BUY_NO
1779830849.1181257,75951.93554301764,75920.99654582221,0.8472640389780529,0.875,803.57,SELL_YES
1779830850.3725853,75951.93554301764,75920.99654582221,0.847877564361343,0.875,501.78,BUY_NO
1779830850.3824315,75951.93554301764,75920.99654582221,0.8531513808356713,0.875,237.37000000000003,SELL_YES
1779830852.3331306,75951.93504301764,75920.99654582221,0.857340850693621,0.875,702.9,SELL_YES
1779830853.3602333,75951.93504301764,75920.99654582221,0.8551771149703457,0.875,696.09,SELL_YES
1779830853.892424,75951.93504301764,75920.99654582221,0.850792166724317,0.875,533.16,BUY_NO
1779830856.6207407,75951.93504301764,75920.99654582221,0.9193736166263184,0.875,184.66577852304727,BUY_YES
1779830857.57657,75942.8615345521,75920.99654582221,0.8312057789931531,0.875,567.71,SELL_YES
1779830857.5848572,75942.8615345521,75920.99654582221,0.8340309941865149,0.875,165.0,SELL_YES
1779830857.6559103,75942.8615345521,75920.99654582221,0.8861806063955264,0.875,576.3542214769527,SELL_NO
1779830857.6699014,75942.8615345521,75920.99654582221,0.8165567257667854,0.875,356.1,SELL_YES
1779830857.6801586,75942.8615345521,75920.99654582221,0.8021812496479443,0.875,132.71,SELL_YES
1779830857.7083192,75942.8615345521,75920.99654582221,0.8097365054618821,0.875,308.93,SELL_YES
1779830857.717609,75942.8615345521,75920.99654582221,0.818749680188788,0.875,505.71,BUY_NO
1779830857.7276525,75942.8615345521,75920.99654582221,0.8273121961793486,0.875,165.0,SELL_YES
1779830857.7746613,75942.8615345521,75920.99654582221,0.8874661076726412,0.875,775.98,SELL_NO
1779830857.784252,75942.8615345521,75920.99654582221,0.891145291000436,0.875,775.98,SELL_NO
1779830857.7947474,75942.8615345521,75920.99654582221,0.8489878020650341,0.875,313.93,SELL_YES
1779830857.802179,75942.8615345521,75920.99654582221,0.8245623660087198,0.875,505.71,BUY_NO
1779830857.8111913,75942.8615345521,75920.99654582221,0.8319906864043233,0.875,165.0,SELL_YES
1779830858.4108558,75942.8615345521,75920.99654582221,0.8243849352940864,0.875,172.3,SELL_YES
1779830858.956345,75941.90844993584,75920.99654582221,0.8145302398948335,0.875,322.31,SELL_YES
1779830858.9712698,75941.90844993584,75920.99654582221,0.8233037279000918,0.875,493.0,BUY_NO
1779830858.9808393,75941.90844993584,75920.99654582221,0.8316385415050871,0.875,173.58,SELL_YES
1779830859.0283678,75941.90844993584,75920.99654582221,0.8901927842604527,0.875,593.89,SELL_NO
1779830859.0606687,75941.90844993584,75920.99654582221,0.8191952242857965,0.875,163.62,SELL_YES
1779830859.2140446,75941.90844993584,75920.99654582221,0.8144480942106023,0.875,187.6,SELL_YES
1779830859.348688,75941.90844993584,75920.99654582221,0.8534023932172586,0.875,113.93,SELL_YES
1779830859.3827343,75941.90844993584,75920.99654582221,0.8886302037188606,0.875,519.63,SELL_NO
1779830859.3984358,75941.90844993584,75920.99654582221,0.8418908034327964,0.875,493.0,SELL_YES
1779830860.5703273,75941.90986493583,75920.99654582221,0.8207412640662591,0.875,115.28,SELL_YES
1779830860.580225,75941.90986493583,75920.99654582221,0.8292042008629461,0.875,428.0,BUY_NO
1779830860.593136,75941.90986493583,75920.99654582221,0.8448817912788087,0.875,72.2,SELL_YES
1779830860.6301324,75941.90986493583,75920.99654582221,0.8886537961848733,0.875,554.12,SELL_NO
1779830860.6477964,75941.90986493583,75920.99654582221,0.8348975601900641,0.875,423.0,BUY_NO
1779830861.0513284,75941.90986493583,75920.99654582221,0.8348399960295819,0.875,103.58,SELL_YES
1779830862.6267822,75941.91172993583,75920.99654582221,0.8290806289381571,0.865,147.79000000000002,SELL_YES
1779830862.6746824,75941.91172993583,75920.99654582221,0.8850706527023993,0.865,1107.26,SELL_NO
1779830862.9830487,75941.91172993583,75920.99654582221,0.5575601277664598,0.865,139.32,SELL_YES
1779830863.088546,75941.91172993583,75920.99654582221,0.8016139182802656,0.865,99.32,SELL_YES
1779830863.1665373,75941.91172993583,75920.99654582221,0.8339880926170055,0.865,79.32,SELL_YES
1779830863.4318426,75941.91235993584,75920.99654582221,0.8342000743701489,0.865,72.65,SELL_YES
1779830863.559003,75941.91235993584,75920.99654582221,0.8301300275873237,0.865,65.65,SELL_YES
1779830866.547332,75941.91069993583,75920.99654582221,0.8090067377274985,0.75,66.28,BUY_YES
1779830866.9341729,75941.74088162885,75920.99654582221,0.8217314469973721,0.75,96.83,BUY_YES
1779830867.683166,75941.74088162885,75920.99654582221,0.8108390371825402,0.75,69.66,BUY_YES
1779830867.75386,75941.74088162885,75920.99654582221,0.8082028309925124,0.745,159.89,BUY_YES
1779830868.1805425,75941.74088162885,75920.99654582221,0.8146452574708621,0.735,217.62,BUY_YES
1779830868.1907892,75941.74088162885,75920.99654582221,0.8148404405359392,0.735,252.5,BUY_YES
1779830868.4003887,75941.75570662884,75920.99654582221,0.7967619859538619,0.73,83.39603354437895,BUY_YES
1779830868.4479418,75941.75570662884,75920.99654582221,0.7976356226658263,0.73,146.25953587373533,BUY_YES
1779830868.6109223,75941.75570662884,75920.99654582221,0.8055964993049675,0.73,241.48999999999998,BUY_YES
1779830868.711835,75941.75570662884,75920.99654582221,0.8150188801075164,0.74,81.67999999999999,BUY_YES
1779830869.3621967,75941.75570662884,75920.99654582221,0.817099233459942,0.725,372.18,BUY_YES
1779830869.369977,75941.75570662884,75920.99654582221,0.8167978824831699,0.725,251.5,SELL_NO
1779830869.5199227,75941.75570662884,75920.99654582221,0.8030403225813998,0.725,199.49903673059453,BUY_YES
1779830869.5314336,75941.75570662884,75920.99654582221,0.7930880294208545,0.725,215.02096326940546,SELL_NO
1779830869.570987,75941.75570662884,75920.99654582221,0.6918531769088853,0.71,162.19,SELL_YES
1779830869.82019,75941.75570662884,75920.99654582221,0.6890620385300702,0.71,300.0,SELL_YES
1779830870.3498425,75941.57174709316,75920.99654582221,0.6849140153662243,0.71,446.25,BUY_NO
1779830871.5886714,75941.57174709316,75920.99654582221,0.7767787163478899,0.705,79.16,BUY_YES
1779830871.8344908,75941.57224709317,75920.99654582221,0.784058065915967,0.705,110.41325464571855,BUY_YES
1779830871.8440845,75941.57224709317,75920.99654582221,0.7815826573798323,0.705,251.95674535428145,SELL_NO
1779830871.8528714,75941.57224709317,75920.99654582221,0.7597097457876538,0.705,279.29,SELL_NO
1779830871.873868,75941.57224709317,75920.99654582221,0.6683060093942113,0.705,210.25,SELL_YES
1779830871.8834016,75941.57224709317,75920.99654582221,0.65551185938561,0.705,86.92,SELL_YES
1779830871.9346344,75941.57224709317,75920.99654582221,0.6426147123487631,0.705,210.25,SELL_YES
1779830871.946842,75941.57224709317,75920.99654582221,0.6485988336961308,0.705,91.92,SELL_YES
1779830872.081377,75941.57224709317,75920.99654582221,0.7631709096014094,0.705,107.40785989844517,BUY_YES
1779830872.118268,75941.57224709317,75920.99654582221,0.6910987101614128,0.705,314.97,SELL_YES
1779830872.3895864,75941.57224709317,75920.99654582221,0.7638477300597012,0.705,90.48,BUY_YES
1779830872.434895,75941.57224709317,75920.99654582221,0.7819408807219282,0.705,361.71,BUY_YES
1779830872.4463987,75941.57224709317,75920.99654582221,0.7794536460507772,0.705,217.6,SELL_NO
1779830872.6753016,75941.57224709317,75920.99654582221,0.7763871774160628,0.71,142.14,BUY_YES
1779830872.7107155,75941.57224709317,75920.99654582221,0.690189839483647,0.71,265.7027681114564,BUY_NO
1779830872.918346,75941.57224709317,75920.99654582221,0.7760064117433422,0.71,125.3,BUY_YES
1779830872.946731,75941.57224709317,75920.99654582221,0.7811170481211338,0.71,125.3,BUY_YES
1779830873.3927722,75944.55331,75920.99654582221,0.8386523965209317,0.705,72.59,BUY_YES
1779830873.4032495,75944.55331,75920.99654582221,0.8379781312188864,0.705,242.0,BUY_YES
1779830873.4113681,75944.55331,75920.99654582221,0.8335764072564134,0.705,348.98,BUY_YES
1779830873.5899112,75944.55331,75920.99654582221,0.7969475930811817,0.705,96.18,BUY_YES
1779830873.6507206,75944.55331,75920.99654582221,0.8183238446237492,0.705,126.5,BUY_YES
1779830873.6605277,75944.55331,75920.99654582221,0.818423756020682,0.705,232.0,BUY_YES
1779830873.6691253,75944.55331,75920.99654582221,0.8152672435558347,0.705,343.32,BUY_YES
1779830873.6778953,75944.55331,75920.99654582221,0.816969723737404,0.705,123.97,BUY_YES
1779830873.68567,75944.55331,75920.99654582221,0.8143536319569845,0.705,232.0,BUY_YES
1779830873.7238872,75944.55331,75920.99654582221,0.8030302974157659,0.705,146.47,BUY_YES
1779830873.7332273,75944.55331,75920.99654582221,0.8026359411466433,0.705,232.0,BUY_YES
1779830874.0014956,75944.55331,75920.99654582221,0.8279140781146404,0.705,115.0,BUY_YES
1779830874.0112166,75944.55331,75920.99654582221,0.8269984020098973,0.705,343.32,BUY_YES
1779830874.100306,75944.55331,75920.99654582221,0.7892440392686199,0.705,256.47,BUY_YES
1779830874.2649803,75944.55331,75920.99654582221,0.8039949041051546,0.705,146.945238611861,BUY_YES
1779830874.4069617,75944.55331,75920.99654582221,0.8131146612100392,0.705,138.5517119773922,BUY_YES
1779830874.4468725,75944.55331,75920.99654582221,0.8158153569071763,0.705,226.47,BUY_YES
1779830874.455448,75944.55331,75920.99654582221,0.8151885768811048,0.705,172.0,BUY_YES
1779830874.8250663,75944.87049,75920.99654582221,0.841424142885526,0.705,203.41,BUY_YES
1779830874.8355863,75944.87049,75920.99654582221,0.8417527028829105,0.705,172.0,BUY_YES
1779830874.8497925,75944.87049,75920.99654582221,0.8406987948110066,0.705,294.24,BUY_YES
1779830875.0812767,75944.87049,75920.99654582221,0.8271165550825856,0.705,77.0,BUY_YES
1779830875.1340177,75944.87049,75920.99654582221,0.8346126862729588,0.705,221.32,BUY_YES
1779830875.1443892,75944.87049,75920.99654582221,0.8338467425160506,0.705,172.0,BUY_YES
1779830875.2916753,75944.87049,75920.99654582221,0.8492195416128168,0.705,246.6,BUY_YES
1779830875.3004034,75944.87049,75920.99654582221,0.848072352355095,0.705,172.0,BUY_YES
1779830875.3129997,75944.87049,75920.99654582221,0.8530502372345543,0.705,246.6,BUY_YES
1779830875.3203337,75944.87049,75920.99654582221,0.851040732541979,0.705,172.0,BUY_YES
1779830875.3304083,75944.87049,75920.99654582221,0.855289685437393,0.705,232.14000000000001,BUY_YES
1779830875.3396041,75944.87049,75920.99654582221,0.8526837567801256,0.705,172.0,BUY_YES
1779830875.3511498,75944.87049,75920.99654582221,0.8488755746379637,0.705,253.32,BUY_YES
1779830875.6249764,75944.87049,75920.99654582221,0.813463156341498,0.705,219.14000000000001,BUY_YES
1779830875.7324545,75944.87049,75920.99654582221,0.8128554366794049,0.705,219.14000000000001,BUY_YES
1779830876.212431,75944.854625,75920.99654582221,0.8565357981875797,0.705,71.33,BUY_YES
1779830876.2211163,75944.854625,75920.99654582221,0.8558152566126452,0.705,167.0,BUY_YES
1779830876.2294514,75944.854625,75920.99654582221,0.8537783148426672,0.705,177.0,BUY_YES
1779830876.5657365,75944.854625,75920.99654582221,0.8159046717976762,0.705,71.33,BUY_YES
1779830876.662123,75944.854625,75920.99654582221,0.8402599036319293,0.705,108.83,BUY_YES
1779830876.67004,75944.854625,75920.99654582221,0.8394910342569365,0.705,167.0,BUY_YES
1779830876.957066,75944.854625,75920.99654582221,0.8518240974041499,0.705,91.42,BUY_YES
1779830877.2346315,75944.854625,75920.99654582221,0.8427095211864833,0.705,186.3,BUY_YES
1779830877.24384,75944.854625,75920.99654582221,0.8408795864757059,0.705,172.0,BUY_YES
1779830877.5090258,75944.854625,75920.99654582221,0.8238965065456011,0.705,132.55,BUY_YES
1779830877.569404,75944.94177,75920.99654582221,0.8375188810903098,0.705,97.26987266265496,BUY_YES
1779830878.501159,75944.94177,75920.99654582221,0.8365496115471286,0.705,126.5,BUY_YES
1779830878.821643,75944.94177,75920.99654582221,0.8398372213550879,0.705,177.0,BUY_YES
1779830879.2569494,75944.69856196432,75920.99654582221,0.831166039914697,0.705,112.41,BUY_YES
1779830879.7818897,75944.69856196432,75920.99654582221,0.8547611902924594,0.705,117.49000000000001,BUY_YES
1779830879.7913709,75944.69856196432,75920.99654582221,0.8537950561851873,0.705,177.0,BUY_YES
1779830879.9049022,75944.69856196432,75920.99654582221,0.8558298343262608,0.705,97.49000000000001,BUY_YES
1779830879.9146264,75944.69856196432,75920.99654582221,0.855978986332425,0.705,177.0,BUY_YES
1779830880.2675433,75944.69856196432,75920.99654582221,0.835646003944202,0.705,92.49,BUY_YES
1779830880.508777,75944.69856196432,75920.99654582221,0.8464502158998326,0.705,160.0,BUY_YES
1779830880.6553864,75944.69856196432,75920.99654582221,0.8567732076329455,0.705,83.49,BUY_YES
1779830880.666469,75944.69856196432,75920.99654582221,0.8545828607408362,0.705,160.0,BUY_YES
1779830880.8258805,75945.00827453096,75920.99654582221,0.8342320743671443,0.705,78.49,BUY_YES
1779830880.9757013,75945.00827453096,75920.99654582221,0.8353206527220495,0.705,91.94,BUY_YES
1779830881.4336827,75945.00827453096,75920.99654582221,0.8358178431695296,0.705,73.94,BUY_YES
1779830885.9677207,75945.3552013377,75920.99654582221,0.8576965281737603,0.735,187.99,BUY_YES
1779830886.0186512,75945.3552013377,75920.99654582221,0.8724164152274305,0.735,141.82598584654625,BUY_YES
1779830886.4829752,75945.3552013377,75920.99654582221,0.8676781513267368,0.745,280.28,BUY_YES
1779830887.3397849,75945.3552013377,75920.99654582221,0.8681588171297216,0.745,115.28503146828734,BUY_YES
1779830887.3532574,75945.3552013377,75920.99654582221,0.8691470678510617,0.745,153.38030769798206,BUY_YES
1779830888.1392024,75945.08362096577,75920.99654582221,0.8593280478225893,0.745,233.46,SELL_NO
1779830888.2867053,75945.08362096577,75920.99654582221,0.8259919656562716,0.745,238.46,SELL_NO
1779830888.9775436,75945.08362096577,75920.99654582221,0.8703974110929129,0.745,97.0,BUY_YES
1779830889.5059369,75945.10753238018,75920.99654582221,0.8732048157184435,0.745,234.46,BUY_YES
1779830889.6499357,75945.10753238018,75920.99654582221,0.8727605236539504,0.745,234.8957790184868,BUY_YES
1779830890.067748,75945.10753238018,75920.99654582221,0.8778666281187163,0.745,238.12,BUY_YES
1779830891.6492324,75945.15039254249,75920.99654582221,0.8748502584580167,0.745,67.49770294446353,BUY_YES
1779830891.6971164,75945.15039254249,75920.99654582221,0.888477629106705,0.745,165.50229705553647,BUY_YES
1779830891.7049778,75945.15039254249,75920.99654582221,0.8919796320391673,0.745,239.68,BUY_YES
1779830891.7154462,75945.15039254249,75920.99654582221,0.8915734165750832,0.745,187.39082422248612,BUY_YES
1779830892.1938193,75945.15039254249,75920.99654582221,0.8797023039886368,0.745,95.0,BUY_YES
1779830892.4909136,75945.10175668157,75920.99654582221,0.8896784451247692,0.745,368.01,BUY_YES
1779830899.0562358,75944.87786646881,75920.99654582221,0.8677390019551776,0.675,308.78999999999996,BUY_YES
1779830899.0738587,75944.87786646881,75920.99654582221,0.8738520518574187,0.675,303.0,BUY_YES
1779830899.0817997,75944.87786646881,75920.99654582221,0.8788697912510355,0.675,190.70999999999998,BUY_YES
1779830899.0884376,75944.87786646881,75920.99654582221,0.8820481235627852,0.675,198.7341344631932,BUY_YES
1779830899.0990026,75944.87786646881,75920.99654582221,0.8873771351874867,0.675,229.99999999999997,BUY_YES
1779830899.7106304,75944.87786646881,75920.99654582221,0.8903172580019512,0.675,596.9200000000001,BUY_YES
1779830899.7191873,75944.87786646881,75920.99654582221,0.8872963492116079,0.675,274.25,BUY_YES
1779830899.878753,75944.87786646881,75920.99654582221,0.8574723680738486,0.675,73.83999999999997,BUY_YES
1779830901.1255062,75944.56887257236,75920.99654582221,0.8777326086609109,0.675,76.67000000000002,BUY_YES
1779830901.3476608,75944.28572674897,75920.99654582221,0.8739855590381668,0.675,76.83000000000004,BUY_YES
1779830901.450115,75944.28572674897,75920.99654582221,0.8699997118172864,0.675,149.99999999999994,BUY_YES
1779830902.6853833,75944.28572674897,75920.99654582221,0.8784878355087237,0.675,953.57,BUY_YES
1779830902.694354,75944.28572674897,75920.99654582221,0.8742993875100427,0.675,115.0,BUY_YES
1779830902.8027892,75944.28572674897,75920.99654582221,0.861357537165397,0.675,74.0,BUY_YES
1779830903.1222205,75944.28572674897,75920.99654582221,0.8629541047772828,0.675,77.0,BUY_YES
1779830903.2088628,75944.28572674897,75920.99654582221,0.8715097595502621,0.675,77.5,BUY_YES
1779830903.4584694,75935.37778741692,75920.99654582221,0.7809847441166894,0.675,792.06,SELL_NO
1779830903.467121,75935.37778741692,75920.99654582221,0.7747390346949974,0.675,223.91659315167317,SELL_NO
1779830903.5187438,75935.37778741692,75920.99654582221,0.6646379865634872,0.675,154.7,BUY_NO
1779830907.7604132,75931.72067599602,75920.99654582221,0.6997382388608889,0.645,153.0,SELL_NO
1779830915.9199407,75931.66634494223,75920.99654582221,0.6537776103836745,0.665,209.44,BUY_NO
1779830915.9655268,75931.66634494223,75920.99654582221,0.7065036956120145,0.665,153.55,SELL_NO
1779830917.0727787,75931.66634494223,75920.99654582221,0.6540034771804805,0.665,501.3,BUY_NO
1779830917.0892937,75931.66634494223,75920.99654582221,0.654933582167712,0.67,501.3,SELL_YES
1779830920.8103945,75931.49655,75920.99654582221,0.7275721965390773,0.675,244.01,SELL_NO
1779830921.2278352,75931.49655,75920.99654582221,0.7152535097898672,0.675,239.01,SELL_NO
1779830949.825373,75940.99288406811,75920.99654582221,0.767517812198591,0.945,570.04,SELL_YES
1779830949.8380961,75940.99288406811,75920.99654582221,0.7750176993455548,0.945,252.24,SELL_YES
1779830949.847494,75940.99288406811,75920.99654582221,0.773165133740612,0.945,570.04,SELL_YES
1779830949.855499,75940.99288406811,75920.99654582221,0.780903137948466,0.945,252.24,SELL_YES
1779830949.8673103,75940.99288406811,75920.99654582221,0.7870256285666498,0.945,58.389999999999986,SELL_YES
1779830949.8755188,75940.99288406811,75920.99654582221,0.794065811580321,0.945,207.22,SELL_YES
1779830949.8831189,75940.99288406811,75920.99654582221,0.8019509999850626,0.945,256.5,SELL_YES
1779830949.891011,75940.99288406811,75920.99654582221,0.810195235427862,0.945,465.8,BUY_NO
1779830949.8996136,75940.99288406811,75920.99654582221,0.8191854736564689,0.945,327.53999999999996,SELL_YES
1779830950.2788582,75940.99288406811,75920.99654582221,0.9066009433863417,0.945,638.43,SELL_YES
1779830950.2914171,75940.99288406811,75920.99654582221,0.9091533065250422,0.945,75.94,SELL_YES
1779830950.3269217,75940.99288406811,75920.99654582221,0.9148948309551058,0.945,633.43,SELL_YES
1779830950.3487744,75940.99288406811,75920.99654582221,0.9130811938614648,0.945,616.76,SELL_YES
1779830950.4290674,75940.99288406811,75920.99654582221,0.9019364033652626,0.945,541.3699999999999,SELL_YES
1779830950.4380472,75940.99288406811,75920.99654582221,0.9002700041904554,0.945,244.54,SELL_YES
1779830950.5018826,75940.99288406811,75920.99654582221,0.9025547239942947,0.945,368.7,SELL_YES
1779830950.5142064,75940.99288406811,75920.99654582221,0.9031667757704543,0.945,244.54,SELL_YES
1779830950.653166,75940.99288406811,75920.99654582221,0.9079973736736849,0.945,395.71999999999997,SELL_YES
1779830950.6684496,75940.99288406811,75920.99654582221,0.9087157597572887,0.945,75.94,SELL_YES
1779830950.6823592,75940.99288406811,75920.99654582221,0.9102130957316915,0.945,395.71999999999997,SELL_YES
1779830950.6914115,75940.99288406811,75920.99654582221,0.9119400460758073,0.945,75.94,SELL_YES
1779830950.742357,75940.99288406811,75920.99654582221,0.9204174437722497,0.945,180.0,SELL_YES
1779830950.9777718,75940.99288406811,75920.99654582221,0.916424606101922,0.945,560.72,SELL_YES
1779830951.0200653,75940.99288406811,75920.99654582221,0.9215058583138547,0.945,59.43000000000001,SELL_YES
1779830951.0753267,75940.99288406811,75920.99654582221,0.9160118212044709,0.945,574.15,SELL_YES
1779830951.1057172,75940.99288406811,75920.99654582221,0.9159884668322902,0.945,78.57,SELL_YES
1779830951.1980531,75940.99288406811,75920.99654582221,0.9200116100936278,0.945,58.0,SELL_YES
1779830951.2442636,75940.99288406811,75920.99654582221,0.9187926632108884,0.945,80.0,SELL_YES
1779830951.4096632,75940.99288406811,75920.99654582221,0.9262397316249699,0.945,78.0,SELL_YES
1779830951.4296963,75940.99288406811,75920.99654582221,0.927628146569904,0.945,75.0,SELL_YES
1779830951.4375477,75940.99288406811,75920.99654582221,0.927844532263167,0.945,58.389999999999986,SELL_YES
1779830951.5481596,75940.99288406811,75920.99654582221,0.9280081411602723,0.945,61.0,SELL_YES
1779830951.853074,75940.99288406811,75920.99654582221,0.9074377265292727,0.945,655.27,SELL_YES
1779830951.8575797,75940.99288406811,75920.99654582221,0.9088654809947555,0.945,75.94,SELL_YES
1779830951.885768,75940.99288406811,75920.99654582221,0.9091529302562273,0.945,599.7,SELL_YES
1779830951.897295,75940.99288406811,75920.99654582221,0.9111971700687674,0.945,75.94,SELL_YES
1779830951.9375832,75940.99288406811,75920.99654582221,0.9225711727665672,0.945,67.16000000000003,SELL_YES
1779830952.110978,75940.99288406811,75920.99654582221,0.9255890591581925,0.945,64.0,SELL_YES
1779830952.1911106,75940.99288406811,75920.99654582221,0.9097620145873965,0.945,649.77,SELL_YES
1779830952.1992905,75940.99288406811,75920.99654582221,0.9112012321532063,0.945,75.94,SELL_YES
1779830952.270849,75940.99288406811,75920.99654582221,0.9235628358549224,0.945,57.22,SELL_YES
1779830952.6517007,75941.8524345453,75920.99654582221,0.9275275891959247,0.945,66.47000000000003,SELL_YES
1779830952.7839298,75941.8524345453,75920.99654582221,0.9273826369076323,0.945,63.0,SELL_YES
1779830953.0427732,75941.86017885491,75920.99654582221,0.9185295832694359,0.945,609.77,SELL_YES
1779830953.069235,75941.86017885491,75920.99654582221,0.9123366213911571,0.945,609.77,SELL_YES
1779830953.07735,75941.86017885491,75920.99654582221,0.9142304755955021,0.945,70.94,SELL_YES
1779830953.1776602,75941.86017885491,75920.99654582221,0.9317724971616045,0.945,59.0,SELL_YES
1779830953.5329437,75941.86017885491,75920.99654582221,0.921359158671026,0.945,645.52,SELL_YES
1779830953.6084137,75941.86017885491,75920.99654582221,0.9283972855181316,0.945,56.0,SELL_YES
1779830953.7516782,75941.86017885491,75920.99654582221,0.9323189658154982,0.945,57.0,SELL_YES
1779830953.7934647,75941.86017885491,75920.99654582221,0.9200579716926213,0.945,671.03,SELL_YES
1779830953.8243477,75941.86017885491,75920.99654582221,0.9128778027255778,0.945,651.03,SELL_YES
1779830953.833739,75941.86017885491,75920.99654582221,0.9147698456690512,0.945,70.94,SELL_YES
1779830953.9521718,75941.86017885491,75920.99654582221,0.9330002304439791,0.945,57.0,SELL_YES
1779830954.2722638,75941.86017885491,75920.99654582221,0.9328614126415349,0.945,72.0,SELL_YES
1779830954.435873,75941.86017885491,75920.99654582221,0.9339226970708561,0.945,57.0,SELL_YES
1779830954.5466383,75941.86017885491,75920.99654582221,0.9251090556697489,0.945,611.12,SELL_YES
1779830954.5987024,75941.86017885491,75920.99654582221,0.9312372278275115,0.945,57.0,SELL_YES
1779830954.6433413,75941.86017885491,75920.99654582221,0.9219384486024661,0.945,577.22,SELL_YES
1779830954.687024,75941.86017885491,75920.99654582221,0.9168323421071232,0.945,537.22,SELL_YES
1779830954.7072604,75941.86017885491,75920.99654582221,0.9181892021699952,0.945,62.86999999999995,SELL_YES
1779830954.7510514,75941.86017885491,75920.99654582221,0.9232665522436433,0.945,55.69,SELL_YES
1779830954.849324,75941.86017885491,75920.99654582221,0.9190230460297175,0.945,621.85,SELL_YES
1779830955.1418583,75941.86017885491,75920.99654582221,0.9254070791622945,0.945,76.22,SELL_YES
1779830955.2336485,75941.86017885491,75920.99654582221,0.9321268524524989,0.945,66.43,SELL_YES
1779830955.3149107,75941.86017885491,75920.99654582221,0.934708042429737,0.945,63.51999999999998,SELL_YES
1779830955.4229379,75941.86017885491,75920.99654582221,0.9244339409488902,0.945,626.22,SELL_YES
1779830955.4537504,75941.86017885491,75920.99654582221,0.9168128791201688,0.945,609.55,SELL_YES
1779830955.5018542,75941.86017885491,75920.99654582221,0.9148835700265087,0.95,596.55,SELL_YES
1779830955.5590632,75941.86017885491,75920.99654582221,0.9257091692180636,0.955,71.0,SELL_YES
1779830955.9642425,75941.86017885491,75920.99654582221,0.9424274453155042,0.955,164.63,SELL_YES
1779830956.0095584,75941.86017885491,75920.99654582221,0.9436663073621262,0.955,55.5,SELL_YES
1779830956.3060327,75942.2796701818,75920.99654582221,0.9322226111729334,0.955,371.65,SELL_YES
1779830956.3320832,75942.2796701818,75920.99654582221,0.9303890595642967,0.955,366.65,SELL_YES
1779830956.4267495,75942.2796701818,75920.99654582221,0.9320161128012383,0.955,375.65,SELL_YES
1779830956.6711493,75942.2796701818,75920.99654582221,0.9295177692581645,0.955,375.65,SELL_YES
1779830956.7190948,75942.2796701818,75920.99654582221,0.9298028435057966,0.955,361.65,SELL_YES
1779830956.7729716,75942.2796701818,75920.99654582221,0.9309530486068267,0.955,370.65,SELL_YES
1779830956.791083,75942.2796701818,75920.99654582221,0.9279256354790656,0.955,377.65,SELL_YES
1779830956.921459,75942.2796701818,75920.99654582221,0.9350264848268727,0.955,374.65,SELL_YES
1779830956.9453223,75942.2796701818,75920.99654582221,0.932191890182374,0.955,364.65,SELL_YES
1779830956.9739223,75942.2796701818,75920.99654582221,0.9315531263913107,0.955,355.65,SELL_YES
1779830957.039214,75942.2796701818,75920.99654582221,0.9302979711521626,0.955,364.65,SELL_YES
1779830957.0576966,75942.2796701818,75920.99654582221,0.9256886563076684,0.955,364.65,SELL_YES
1779830957.0896523,75942.44135781728,75920.99654582221,0.9218159137522258,0.955,364.65,SELL_YES
1779830957.0975754,75942.44135781728,75920.99654582221,0.9231358802796523,0.955,237.0,SELL_YES
1779830972.7112854,75942.3318041244,75920.99654582221,0.9752569392560435,0.965,444.87,BUY_YES
1779830973.021078,75942.3318041244,75920.99654582221,0.975365176724566,0.965,75.0,BUY_YES
1779830973.0443695,75942.3318041244,75920.99654582221,0.9757004906005252,0.965,511.62,BUY_YES
1779830973.4584095,75942.3318041244,75920.99654582221,0.9772781400286076,0.965,535.62,BUY_YES
1779830973.693068,75942.35249334224,75920.99654582221,0.9787757658593167,0.965,510.31,BUY_YES
1779830974.3649037,75942.35249334224,75920.99654582221,0.9791379886289463,0.965,520.31,BUY_YES
1779830974.513955,75942.35249334224,75920.99654582221,0.979450186633268,0.965,505.87,BUY_YES
1779830975.0054321,75942.35249334224,75920.99654582221,0.9790986462591552,0.965,500.71,BUY_YES
1779831000.0185776,75941.92754765146,75941.92754765146,0.9421068179408837,0.9421068179408837,21840.47,BUY_NO
1779831000.3751383,75941.92754765146,75941.92754765146,0.5254928420670707,0.5254928420670707,237.41749808789064,SELL_YES
1779831000.3846698,75941.92754765146,75941.92754765146,0.5241000596308054,0.5241000596308054,180.6177512347531,SELL_YES
1779831000.3941267,75941.92754765146,75941.92754765146,0.5227769173949905,0.5227769173949905,172.56408323296773,SELL_YES
1779831000.4044898,75941.92754765146,75941.92754765146,0.521519933453021,0.521519933453021,164.18393782507883,SELL_YES
1779831000.4152768,75941.92754765146,75941.92754765146,0.5203257999385881,0.5203257999385881,156.2068366548442,SELL_YES
1779831000.4246395,75941.92754765146,75941.92754765146,0.5191913741679026,0.5191913741679026,148.60947906173806,SELL_YES
1779831000.4348607,75941.92754765146,75941.92754765146,0.5181136708517555,0.5181136708517555,141.3695845131938,SELL_YES
1779831000.446289,75941.92754765146,75941.92754765146,0.5170898540051734,0.5170898540051734,134.4590951324085,SELL_YES
1779831000.4588354,75941.92754765146,75941.92754765146,0.516117229432294,0.516117229432294,127.90654516481072,SELL_YES
1779831000.4675636,75941.92754765146,75941.92754765146,0.5151932370838735,0.5151932370838735,121.65199719370435,SELL_YES
1779831000.479247,75941.92754765146,75941.92754765146,0.514315445685914,0.514315445685914,115.69601596409257,SELL_YES
1779831000.4884892,75941.92754765146,75941.92754765146,0.5134815449123643,0.5134815449123643,110.0262168313343,SELL_YES
1779831000.4996145,75941.92754765146,75941.92754765146,0.5126893404469299,0.5126893404469299,104.62985908041128,SELL_YES
1779831000.5117056,75941.92754765146,75941.92754765146,0.5119367475845095,0.5119367475845095,99.49158647514219,SELL_YES
1779831000.5219169,75941.92754765146,75941.92754765146,0.5112217855304443,0.5112217855304443,94.60279048539815,SELL_YES
1779831000.532896,75941.92754765146,75941.92754765146,0.5105425728320213,0.5105425728320213,5000.0,BUY_NO
1779831000.545659,75941.92754765146,75941.92754765146,0.5098973222250676,0.5098973222250676,176.29109822175724,SELL_YES
1779831000.5560994,75941.92754765146,75941.92754765146,0.5092843353400273,0.5092843353400273,80.7615520516897,SELL_YES
1779831000.564364,75941.92754765146,75941.92754765146,0.5087019987424909,0.5087019987424909,77.28474803343852,SELL_YES
1779831000.5717561,75941.92754765146,75941.92754765146,0.5081487798185446,0.5081487798185446,73.46514671870182,SELL_YES
1779831000.580842,75941.92754765146,75941.92754765146,0.5076232228778763,0.5076232228778763,69.83858454641927,SELL_YES
1779831000.588653,75941.92754765146,75941.92754765146,0.50712394467583,0.50712394467583,66.3888134854285,SELL_YES
1779831000.5981596,75941.92754765146,75941.92754765146,0.5066496314690189,0.5066496314690189,63.107419803952894,SELL_YES
1779831000.6042223,75941.92754765146,75941.92754765146,0.5061990346146304,0.5061990346146304,59.98645608544393,SELL_YES
1779831000.6082938,75941.92754765146,75941.92754765146,0.5057709680677229,0.5057709680677229,57.01843304970794,SELL_YES
1779831000.6155589,75941.92754765146,75941.92754765146,0.5053643056775291,0.5053643056775291,54.19608484407229,SELL_YES
1779831000.6292732,75941.92754765146,75941.92754765146,0.5049779779724491,0.5049779779724491,51.51235403019632,SELL_YES
1779831000.6457863,75941.92754765146,75941.92754765146,0.5042623088739143,0.5042623088739143,95.61294358991245,SELL_YES
1779831000.6606197,75941.92754765146,75941.92754765146,0.5036164207762794,0.5036164207762794,86.22172474624767,SELL_YES
1779831000.9320383,75941.92754765146,75941.92754765146,0.5030335457653896,0.5030335457653896,77.87297802105684,SELL_YES
1779831000.9499822,75941.92754765146,75941.92754765146,0.5025075263186803,0.5025075263186803,70.32813682311831,SELL_YES
1779831000.9673285,75941.92754765146,75941.92754765146,0.502032798012189,0.502032798012189,63.51228228728189,SELL_YES
1779831000.9849832,75941.92754765146,75941.92754765146,0.5016043594226974,0.5016043594226974,57.3533379941303,SELL_YES
1779831001.0081844,75941.92754765146,75941.92754765146,0.5012176985952926,0.5012176985952926,51.78843452009204,SELL_YES
1779831001.0330026,75941.92754765146,75941.92754765146,0.5007072377407417,0.5007072377407417,68.42029207511769,SELL_YES
1779831001.0605094,75941.92754765146,75941.92754765146,0.500269590645971,0.500269590645971,58.68174939840954,SELL_YES
1779831001.2318168,75941.9209077473,75941.92754765146,0.49832149812062687,0.49832149812062687,11087.018120544632,BUY_NO
1779831001.271609,75941.9209077473,75941.92754765146,0.4980934717443764,0.4980934717443764,7605.75,BUY_NO
1779831001.4987473,75942.58567050981,75941.92754765146,0.5003624973319998,0.5003624973319998,5044.110000000001,BUY_NO
1779831001.799353,75942.58567050981,75941.92754765146,0.5029242286916333,0.5029242286916333,21344.200000000004,BUY_NO
1779831001.9080837,75942.58567050981,75941.92754765146,0.5042188166833859,0.5042188166833859,73242.16,BUY_NO
1779831001.9367754,75942.58567050981,75941.92754765146,0.5043531795667726,0.5043531795667726,6023.0,BUY_NO
1779831002.809238,75942.59229352375,75941.92754765146,0.5050202370677596,0.5050202370677596,5032.220000000001,BUY_NO
1779831002.982406,75942.59229352375,75941.92754765146,0.5050285477449988,0.5050285477449988,6421.029999999999,BUY_NO
1779831003.0125976,75942.59229352375,75941.92754765146,0.50502937997925,0.50502937997925,6021.029999999999,BUY_NO
1779831003.0546718,75942.59229352375,75941.92754765146,0.5050303424581404,0.5050303424581404,6021.029999999999,BUY_NO
1779831003.0863314,75942.59229352375,75941.92754765146,0.5050312064512471,0.5050312064512471,6031.029999999999,BUY_NO
1779831003.1133718,75942.59229352375,75941.92754765146,0.5050316916881366,0.5050316916881366,6021.029999999999,BUY_NO
1779831003.2352443,75942.59229352375,75941.92754765146,0.5050343751885346,0.5050343751885346,8701.399999999994,BUY_NO
1779831003.257035,75942.59229352375,75941.92754765146,0.5050347288932657,0.5050347288932657,10642.0,BUY_NO
1779831003.2709725,75942.59229352375,75941.92754765146,0.5050349596654029,0.5050349596654029,10618.0,BUY_NO
1779831003.6266186,75942.59229352375,75941.92754765146,0.5050399186284815,0.5050399186284815,30045.0,BUY_NO
1779831003.6489396,75942.59229352375,75941.92754765146,0.5050402056656068,0.5050402056656068,50005.01000000001,BUY_NO
1779831003.6581757,75942.59229352375,75941.92754765146,0.5050403484309232,0.5050403484309232,44380.0,BUY_NO
1779831003.6687984,75942.59229352375,75941.92754765146,0.5050404921980775,0.5050404921980775,42955.0,BUY_NO
1779831003.6774943,75942.59229352375,75941.92754765146,0.5050406354407074,0.5050406354407074,8736.0,BUY_NO
1779831003.6876595,75942.59229352375,75941.92754765146,0.505040779311413,0.505040779311413,8132.0,BUY_NO
1779831003.6977143,75942.59229352375,75941.92754765146,0.5050409236946061,0.5050409236946061,56252.0,BUY_NO
1779831003.705855,75942.59229352375,75941.92754765146,0.505041067097825,0.505041067097825,61078.0,BUY_NO
1779831003.7170973,75942.59229352375,75941.92754765146,0.5050412119478179,0.5050412119478179,11526.0,BUY_NO
1779831003.7275393,75942.59229352375,75941.92754765146,0.5050413575592022,0.5050413575592022,11305.0,BUY_NO
1779831003.753912,75942.59229352375,75941.92754765146,0.5050419228968247,0.5050419228968247,7949.0,BUY_NO
1779831003.7606347,75942.59229352375,75941.92754765146,0.505042058331318,0.505042058331318,10514.0,BUY_NO
1779831003.7687716,75942.59229352375,75941.92754765146,0.5050421932324523,0.5050421932324523,5005.010000000009,BUY_NO
1779831003.7883258,75942.59229352375,75941.92754765146,0.5050425921489432,0.5050425921489432,7180.0,BUY_NO
1779831003.7988446,75942.59229352375,75941.92754765146,0.505042723417241,0.505042723417241,10000.0,BUY_NO
1779831003.8156831,75942.59229352375,75941.92754765146,0.5050429865724751,0.5050429865724751,8084.0,BUY_NO
1779831003.848998,75942.59229352375,75941.92754765146,0.5050435116783862,0.5050435116783862,9740.77999999997,BUY_NO
1779831003.8606453,75942.59229352375,75941.92754765146,0.5050436443657417,0.5050436443657417,7990.0,BUY_NO
1779831003.8848171,75942.59229352375,75941.92754765146,0.5050440424521494,0.5050440424521494,6260.0,BUY_NO
1779831003.8973107,75942.59229352375,75941.92754765146,0.5050441767265956,0.5050441767265956,5005.010000000009,BUY_NO
1779831003.9175506,75942.59229352375,75941.92754765146,0.5050445727711937,0.5050445727711937,5024.0,BUY_NO
1779831003.9351473,75942.59229352375,75941.92754765146,0.5050448357794577,0.5050448357794577,6466.0,BUY_NO
1779831003.9610884,75942.59229352375,75941.92754765146,0.5050452291074652,0.5050452291074652,13626.079999999958,BUY_NO
1779831003.9874809,75942.59229352375,75941.92754765146,0.5050456216223832,0.5050456216223832,5442.010000000009,BUY_NO
1779831003.9989138,75942.59229352375,75941.92754765146,0.505045754903465,0.505045754903465,27000.0,BUY_NO
1779831004.0083666,75942.59229352375,75941.92754765146,0.5050458887760922,0.5050458887760922,11500.0,BUY_NO
1779831004.0195098,75942.59229352375,75941.92754765146,0.5050460245085855,0.5050460245085855,8041.0,BUY_NO
1779831004.0711071,75942.59229352375,75941.92754765146,0.5050466089234689,0.5050466089234689,7806.0,BUY_NO
1779831004.0838547,75942.59229352375,75941.92754765146,0.5050468963039118,0.5050468963039118,9077.01000000001,BUY_NO
1779831004.109748,75942.59229352375,75941.92754765146,0.5050474494115957,0.5050474494115957,5394.880000000005,BUY_NO
1779831004.147478,75942.59229352375,75941.92754765146,0.5050480997637719,0.5050480997637719,6352.130000000005,BUY_NO
1779831004.1846852,75942.59229352375,75941.92754765146,0.5050486328486781,0.5050486328486781,5072.359999999986,BUY_NO
1779831004.202439,75942.59229352375,75941.92754765146,0.5050488999703421,0.5050488999703421,5418.70000000007,BUY_NO
1779831004.2187777,75942.59229352375,75941.92754765146,0.5050491636881336,0.5050491636881336,5015.109999999986,BUY_NO
1779831004.235639,75942.59229352375,75941.92754765146,0.5050494286529328,0.5050494286529328,20000.0,BUY_NO
1779831004.2673733,75942.59229352375,75941.92754765146,0.5050500721667069,0.5050500721667069,8024.0,BUY_NO
1779831004.2832377,75942.59229352375,75941.92754765146,0.5050503193576262,0.5050503193576262,9137.0,BUY_NO
1779831004.5099452,75942.59229352375,75941.92754765146,0.5050506104773389,0.5050506104773389,5005.010000000009,BUY_NO
1779831004.5228603,75942.59229352375,75941.92754765146,0.5050511661681972,0.5050511661681972,8310.0,BUY_NO
1779831004.550953,75942.59229352375,75941.92754765146,0.5050521818292105,0.5050521818292105,6381.0,BUY_NO
1779831004.5587368,75942.59229352375,75941.92754765146,0.5050524173726314,0.5050524173726314,5005.0,BUY_NO
1779831004.5674307,75942.59229352375,75941.92754765146,0.5050526478301962,0.5050526478301962,12345.0,BUY_NO
1779831004.5769935,75942.59229352375,75941.92754765146,0.5050528741251815,0.5050528741251815,38209.0,BUY_NO
1779831004.595359,75942.59229352375,75941.92754765146,0.5050533140175503,0.5050533140175503,6095.0,BUY_NO
1779831004.6052902,75942.59229352375,75941.92754765146,0.5050535287847453,0.5050535287847453,5734.0,BUY_NO
1779831004.6189208,75942.59229352375,75941.92754765146,0.505053743306929,0.505053743306929,5005.010000000009,BUY_NO
1779831004.6469398,75942.59229352375,75941.92754765146,0.5050545571143362,0.5050545571143362,5306.199999999953,BUY_NO
1779831004.6562853,75942.59229352375,75941.92754765146,0.5050547489880951,0.5050547489880951,5005.010000000009,BUY_NO
1779831004.676186,75942.59229352375,75941.92754765146,0.5050553011380963,0.5050553011380963,22957.0,BUY_NO
1779831004.6916764,75942.59229352375,75941.92754765146,0.5050556512133615,0.5050556512133615,5038.0,BUY_NO
1779831004.7073822,75942.59229352375,75941.92754765146,0.505055991113077,0.505055991113077,9249.01000000001,BUY_NO
1779831004.7218127,75942.59229352375,75941.92754765146,0.5050563205015366,0.5050563205015366,5809.0,BUY_NO
1779831004.7309942,75942.59229352375,75941.92754765146,0.505056481742415,0.505056481742415,5213.0,BUY_NO
1779831004.748132,75942.59229352375,75941.92754765146,0.5050567994276896,0.5050567994276896,5096.699999999953,BUY_NO
1779831004.7690158,75942.59229352375,75941.92754765146,0.5050572632950625,0.5050572632950625,5773.0,BUY_NO
1779831004.7844155,75942.59229352375,75941.92754765146,0.5050575602526454,0.5050575602526454,7215.0,BUY_NO
1779831004.8035574,75942.59229352375,75941.92754765146,0.5050579909137117,0.5050579909137117,10500.0,BUY_NO
1779831004.819099,75942.59229352375,75941.92754765146,0.5050582710295466,0.5050582710295466,8937.0,BUY_NO
1779831004.8341079,75942.59229352375,75941.92754765146,0.5050585472446394,0.5050585472446394,5985.0,BUY_NO
1779831004.8424544,75942.59229352375,75941.92754765146,0.5050586830274746,0.5050586830274746,5005.010000000009,BUY_NO
1779831004.8548274,75942.59229352375,75941.92754765146,0.505058950225779,0.505058950225779,5555.0,BUY_NO
1779831004.8772416,75942.59229352375,75941.92754765146,0.5050593425432429,0.5050593425432429,5553.0,BUY_NO
1779831004.884892,75942.59229352375,75941.92754765146,0.5050594712711668,0.5050594712711668,13000.0,BUY_NO
1779831004.9159958,75942.59229352375,75941.92754765146,0.5050599914052643,0.5050599914052643,7509.0,BUY_NO
1779831004.9349933,75942.59229352375,75941.92754765146,0.5050603663317221,0.5050603663317221,9774.01000000001,BUY_NO
1779831004.9530172,75942.59229352375,75941.92754765146,0.5050606152909768,0.5050606152909768,19506.0,BUY_NO
1779831004.9979117,75942.59229352375,75941.92754765146,0.5050613472827246,0.5050613472827246,8826.5,BUY_NO
1779831005.04068,75942.59229352375,75941.92754765146,0.5050619699487873,0.5050619699487873,8049.0,BUY_NO
1779831005.1095839,75942.59229352375,75941.92754765146,0.5050627801815041,0.5050627801815041,8831.349999999977,BUY_NO
1779831005.1435084,75942.59229352375,75941.92754765146,0.5050635670092173,0.5050635670092173,5009.0,BUY_NO
1779831005.1756003,75942.59229352375,75941.92754765146,0.5050640678334382,0.5050640678334382,5005.010000000009,BUY_NO
1779831005.215036,75942.59229352375,75941.92754765146,0.5050647910406675,0.5050647910406675,7254.0,BUY_NO
1779831005.259941,75942.59229352375,75941.92754765146,0.5050656917316092,0.5050656917316092,5069.0,BUY_NO
1779831005.5120988,75942.59229352375,75941.92754765146,0.5050669950819758,0.5050669950819758,5020.0,BUY_NO
1779831005.5210729,75942.59229352375,75941.92754765146,0.5050672323518258,0.5050672323518258,10188.0,BUY_NO
1779831005.5521512,75942.59229352375,75941.92754765146,0.5050683256794916,0.5050683256794916,5101.0,BUY_NO
1779831005.5933306,75942.59229352375,75941.92754765146,0.5050697737680453,0.5050697737680453,29461.000000000116,BUY_NO
1779831005.6301897,75942.59229352375,75941.92754765146,0.5050706892741585,0.5050706892741585,6812.0,BUY_NO
1779831005.6540232,75942.59229352375,75941.92754765146,0.5050712445504631,0.5050712445504631,6812.0,BUY_NO
1779831005.7080822,75942.59229352375,75941.92754765146,0.5050724800105842,0.5050724800105842,13556.0,BUY_NO
1779831005.7184222,75942.59229352375,75941.92754765146,0.5050725957097422,0.5050725957097422,6074.0,BUY_NO
1779831005.730217,75942.59229352375,75941.92754765146,0.5050727147534544,0.5050727147534544,7155.0,BUY_NO
1779831005.7571988,75942.59229352375,75941.92754765146,0.5050731905542641,0.5050731905542641,18262.0,BUY_NO
1779831005.786614,75942.59229352375,75941.92754765146,0.505073760644072,0.505073760644072,7155.0,BUY_NO
1779831005.8616168,75942.59229352375,75941.92754765146,0.5050751174197073,0.5050751174197073,10858.0,BUY_NO
1779831005.8964431,75942.59229352375,75941.92754765146,0.5050757099101439,0.5050757099101439,6916.0,BUY_NO
1779831005.9245772,75942.59229352375,75941.92754765146,0.5050761094705413,0.5050761094705413,7176.0,BUY_NO
1779831005.9396327,75942.59229352375,75941.92754765146,0.5050763112880639,0.5050763112880639,12174.0,BUY_NO
1779831006.994998,75942.14240291806,75942.59229352375,0.7448734745231894,0.505,101.83,BUY_YES
1779831007.0082097,75942.14240291806,75942.59229352375,0.7307666837813803,0.505,236.34,BUY_YES
1779831007.016756,75942.14240291806,75942.59229352375,0.6971622409364862,0.505,255.0,BUY_YES
1779831007.0276253,75942.14240291806,75942.59229352375,0.6628041288896618,0.505,367.41,BUY_YES
1779831007.036757,75942.14240291806,75942.59229352375,0.6301639224451786,0.505,316.0,BUY_YES
1779831007.0618386,75942.14240291806,75942.59229352375,0.5991557263229196,0.505,211.0,BUY_YES
1779831007.0890918,75942.14240291806,75942.59229352375,0.48987102131330723,0.505,417.79,BUY_NO
1779831007.0982978,75942.14240291806,75942.59229352375,0.46587747024764187,0.505,417.79,BUY_NO
1779831007.1754553,75942.14240291806,75942.59229352375,0.3711840465795854,0.505,194.5,BUY_NO
1779831007.1840453,75942.14240291806,75942.59229352375,0.35312484425060614,0.505,416.79,BUY_NO
1779831007.1927583,75942.14240291806,75942.59229352375,0.3618038486502988,0.505,194.5,BUY_NO
1779831007.2021887,75942.14240291806,75942.59229352375,0.38848337599557015,0.505,249.22,BUY_NO
1779831007.2117565,75942.14240291806,75942.59229352375,0.4185592071957916,0.505,280.0,BUY_NO
1779831007.2256615,75942.14240291806,75942.59229352375,0.44713124683600197,0.505,245.0,BUY_NO
1779831007.2482624,75942.14240291806,75942.59229352375,0.5245579027560171,0.505,99.86,BUY_YES
1779831007.255662,75942.14240291806,75942.59229352375,0.5478300076182162,0.505,229.24,BUY_YES
1779831007.2640715,75942.14240291806,75942.59229352375,0.566694254914479,0.505,255.0,BUY_YES
1779831007.2716365,75942.14240291806,75942.59229352375,0.5580184340777741,0.505,368.0,BUY_YES
1779831007.9491684,75942.14240291806,75942.59229352375,0.4682748926548176,0.505,304.97,BUY_NO
1779831007.9721687,75942.14240291806,75942.59229352375,0.5236491373289428,0.505,106.81,BUY_YES
1779831007.9916365,75942.14240291806,75942.59229352375,0.48500990120844156,0.505,151.0,BUY_NO
1779831008.5493853,75942.14240291806,75942.59229352375,0.45538338047460325,0.505,496.97,BUY_NO
1779831008.5572555,75942.14240291806,75942.59229352375,0.4761513192956418,0.505,194.5,BUY_NO
1779831008.5775955,75942.14240291806,75942.59229352375,0.5206847088917416,0.505,104.84,BUY_YES
1779831009.4358108,75942.1440611882,75942.59229352375,0.4913194563015618,0.505,100.0,BUY_NO
1779831009.7691991,75942.14633254324,75942.59229352375,0.4549995226276928,0.505,104.0,BUY_NO
1779831010.614483,75942.14633254324,75942.59229352375,0.47346030171087694,0.505,102.0,BUY_NO
1779831011.1669655,75942.14633254324,75942.59229352375,0.46992773447245173,0.505,498.97,BUY_NO
1779831011.2013836,75942.14633254324,75942.59229352375,0.5167782513321968,0.505,117.84,BUY_YES
1779831011.8888319,75942.14633254324,75942.59229352375,0.4530927317706032,0.505,469.97,BUY_NO
1779831011.8957362,75942.14633254324,75942.59229352375,0.47413722721799834,0.505,244.5,BUY_NO
1779831011.912124,75942.14633254324,75942.59229352375,0.5231504907540252,0.505,132.84,BUY_YES
1779831012.102168,75942.14633254324,75942.59229352375,0.46762032654851327,0.505,474.97,BUY_NO
1779831012.1260648,75942.14633254324,75942.59229352375,0.5263353239800067,0.505,117.84,BUY_YES
1779831012.7205174,75942.14633254324,75942.59229352375,0.45506115123197877,0.505,104.0,BUY_NO
1779831012.738674,75942.14861358008,75942.59229352375,0.4652388940003288,0.505,244.5,BUY_NO
1779831012.764367,75942.14861358008,75942.59229352375,0.5340642598546884,0.505,244.24,BUY_YES
1779831013.6685622,75942.14861358008,75942.59229352375,0.4634028486614262,0.505,103.0,BUY_NO
1779831013.6812434,75942.14861358008,75942.59229352375,0.4729781584595934,0.505,292.12,SELL_YES
1779831013.6939268,75942.14861358008,75942.59229352375,0.5433947015447244,0.505,277.24,BUY_YES
1779831014.7409236,75942.3526845362,75942.59229352375,0.4878591771632023,0.505,487.97,BUY_NO
1779831015.106612,75942.3526845362,75942.59229352375,0.4776879924351152,0.505,107.79999999999995,BUY_NO
1779831015.2411766,75942.3526845362,75942.59229352375,0.4707882196303269,0.505,559.13,BUY_NO
1779831016.5169797,75942.69622581547,75942.59229352375,0.47468236976442024,0.505,485.13,BUY_NO
1779831016.547534,75942.69622581547,75942.59229352375,0.51956995673481,0.505,137.92,BUY_YES
1779831016.5639992,75942.69622581547,75942.59229352375,0.47552944544708453,0.505,470.13,BUY_NO
1779831016.5862339,75942.69622581547,75942.59229352375,0.5211085919400887,0.505,147.92,BUY_YES
1779831016.6182208,75942.69622581547,75942.59229352375,0.48112685911244657,0.505,244.5,SELL_YES
1779831016.6679828,75942.69622581547,75942.59229352375,0.5957552112687674,0.505,251.32,BUY_YES
1779831016.6751153,75942.69622581547,75942.59229352375,0.5734582002774509,0.505,270.0,BUY_YES
1779831016.6844857,75942.69622581547,75942.59229352375,0.5453943128147286,0.505,321.0,BUY_YES
1779831016.7022336,75942.69622581547,75942.59229352375,0.46903369894952784,0.505,284.2,BUY_NO
1779831016.7122436,75942.69622581547,75942.59229352375,0.4498270542963799,0.505,275.0,BUY_NO
1779831016.7307754,75942.69622581547,75942.59229352375,0.4040621622204582,0.505,308.0,BUY_NO
1779831016.7377431,75942.69622581547,75942.59229352375,0.4255545471288741,0.505,307.13,BUY_NO
1779831016.7707143,75942.69622581547,75942.59229352375,0.5700443807806037,0.505,286.0,BUY_YES
1779831017.338962,75942.69622581547,75942.59229352375,0.472286948610968,0.505,448.57,BUY_NO
1779831017.3622372,75942.69622581547,75942.59229352375,0.5252928368161561,0.505,108.72,BUY_YES
1779831017.9150136,75942.70791565551,75942.59229352375,0.4668728095382287,0.505,373.57,BUY_NO
1779831017.937983,75942.70791565551,75942.59229352375,0.5169981824536901,0.505,98.11,BUY_YES
1779831018.3581235,75942.70791565551,75942.59229352375,0.48166883256036797,0.505,102.0,BUY_NO
1779831018.6030028,75942.70791565551,75942.59229352375,0.5269386828484242,0.505,259.66,BUY_YES
1779831018.6678705,75942.70791565551,75942.59229352375,0.38948689258599145,0.505,239.5,BUY_NO
1779831018.6930606,75942.70791565551,75942.59229352375,0.39105324090001603,0.505,259.99,BUY_NO
1779831019.6492803,75942.71176461063,75942.59229352375,0.46750788573271557,0.505,454.57,BUY_NO
1779831019.8241086,75942.71176461063,75942.59229352375,0.48347771459832334,0.505,457.57,BUY_NO
1779831019.9722764,75942.71176461063,75942.59229352375,0.49438255530652525,0.505,109.00000000000006,SELL_YES
1779831020.3045137,75942.71176461063,75942.59229352375,0.5205004374530414,0.505,112.2,BUY_YES
1779831020.5339818,75942.71176461063,75942.59229352375,0.47664336101957233,0.505,247.67,SELL_YES
1779831020.5555477,75942.71176461063,75942.59229352375,0.5418897599424309,0.505,259.66,BUY_YES
1779831021.0382125,75942.64335857003,75942.59229352375,0.47627123409144373,0.505,466.57,BUY_NO
1779831021.059231,75942.64335857003,75942.59229352375,0.5227975260651039,0.505,128.27,BUY_YES
1779831021.5149233,75942.64335857003,75942.59229352375,0.46854120434401075,0.505,488.57,BUY_NO
1779831021.7640786,75942.64335857003,75942.59229352375,0.5225440777322953,0.505,153.46,BUY_YES
1779831022.5579653,75942.92970322286,75942.59229352375,0.45268191807060343,0.505,523.57,BUY_NO
1779831022.5667748,75942.92970322286,75942.59229352375,0.4739061683106684,0.505,239.5,BUY_NO
1779831022.7102306,75942.92970322286,75942.59229352375,0.47626129204086626,0.505,527.17,BUY_NO
1779831023.1312704,75942.92970322286,75942.59229352375,0.4946245292458332,0.505,119.0,SELL_YES
1779831025.6714103,75942.92970322286,75942.59229352375,0.47009081728086066,0.505,114.36000000000001,BUY_NO
1779831025.7141924,75942.92970322286,75942.59229352375,0.47763037126579566,0.505,249.44,SELL_YES
1779831025.8182726,75942.92970322286,75942.59229352375,0.4785875952603532,0.505,164.08000000000004,BUY_NO
1779831026.5387022,75942.6893861877,75942.59229352375,0.4757363224839601,0.505,100.16999999999996,BUY_NO
1779831026.619242,75942.6893861877,75942.59229352375,0.47272230990369446,0.505,156.0000000000001,BUY_NO
1779831027.4516535,75942.6893861877,75942.59229352375,0.4728691699228315,0.505,114.00000000000011,BUY_NO
1779831027.601178,75942.6893861877,75942.59229352375,0.4796583014292327,0.51,1065.91,BUY_NO
1779831028.5738783,75942.6893861877,75942.59229352375,0.4889999127004918,0.515,190.0,BUY_NO
1779831028.7081683,75942.6893861877,75942.59229352375,0.5027273545282244,0.515,272.44,SELL_YES
1779831028.8750484,75942.6893861877,75942.59229352375,0.5008862242475922,0.515,171.63,SELL_YES
1779831028.9143934,75942.6893861877,75942.59229352375,0.4952825622574875,0.515,333.00000000000006,SELL_YES
1779831030.6343646,75941.52078128066,75942.59229352375,0.5102906037452046,0.545,300.14,BUY_NO
1779831030.6452754,75941.52078128066,75942.59229352375,0.4997843914682856,0.545,313.61,BUY_NO
1779831030.6886892,75941.52078128066,75942.59229352375,0.4419053362330729,0.545,334.14,BUY_NO
1779831030.6981196,75941.52078128066,75942.59229352375,0.44767245282458407,0.545,313.61,BUY_NO
1779831031.6458464,75944.55341982724,75942.59229352375,0.4417804445154026,0.545,322.85,BUY_NO
1779831031.6545405,75944.55341982724,75942.59229352375,0.4522884854656752,0.545,313.61,BUY_NO
1779831031.6669052,75944.55341982724,75942.59229352375,0.47873469170461436,0.545,437.04,BUY_NO
1779831031.6759074,75944.55341982724,75942.59229352375,0.5042979571193836,0.545,381.07,SELL_YES
1779831031.7012224,75944.55341982724,75942.59229352375,0.5735712109852314,0.545,223.95,BUY_YES
1779831031.7097268,75944.55341982724,75942.59229352375,0.592574692189178,0.545,169.01,BUY_YES
1779831031.717509,75944.55341982724,75942.59229352375,0.598438742394022,0.545,324.83,BUY_YES
1779831031.7379797,75944.55341982724,75942.59229352375,0.5213961815396194,0.545,314.64,SELL_YES
1779831032.0215025,75944.55341982724,75942.59229352375,0.48331607317161285,0.545,369.43,BUY_NO
1779831032.0343642,75944.55341982724,75942.59229352375,0.4954680134957786,0.545,313.61,BUY_NO
1779831032.0637364,75944.55341982724,75942.59229352375,0.5638299755385056,0.545,202.74,BUY_YES
1779831032.0722177,75944.55341982724,75942.59229352375,0.5690677462648426,0.545,163.56,BUY_YES
1779831032.158751,75943.49048807503,75942.59229352375,0.4604002707321088,0.545,380.63,BUY_NO
1779831032.721414,75943.49048807503,75942.59229352375,0.5615374396536994,0.545,202.74,BUY_YES
1779831032.8109004,75943.49048807503,75942.59229352375,0.4910638518796172,0.545,313.61,BUY_NO
1779831033.8999135,75943.49048807503,75942.59229352375,0.45898387808589525,0.545,93.63,SELL_YES
1779831033.913253,75943.49048807503,75942.59229352375,0.4694992457547384,0.545,437.04,BUY_NO
1779831033.9208863,75943.49048807503,75942.59229352375,0.49552428346700145,0.545,376.07,SELL_YES
1779831034.393939,75943.49048807503,75942.59229352375,0.655190443984506,0.545,96.50999999999999,BUY_YES
1779831034.4011698,75943.49048807503,75942.59229352375,0.6393676580312907,0.545,169.31,BUY_YES
1779831034.409045,75943.49048807503,75942.59229352375,0.6114510023604575,0.545,319.83,BUY_YES
1779831034.4305296,75943.49048807503,75942.59229352375,0.5257456472805941,0.545,115.37,SELL_YES
1779831034.445595,75943.49048807503,75942.59229352375,0.4804891331982305,0.545,381.68,SELL_YES
1779831034.6351833,75943.49048807503,75942.59229352375,0.5673410407722599,0.52,299.26,BUY_YES
1779831034.732097,75943.49048807503,75942.59229352375,0.5691498438684734,0.545,304.22,BUY_YES
1779831035.3992972,75943.49048807503,75942.59229352375,0.4731312891423429,0.545,127.0,BUY_NO
1779831035.4912148,75943.49048807503,75942.59229352375,0.5559072260491692,0.545,280.77,BUY_YES
1779831035.5048406,75943.49048807503,75942.59229352375,0.5232964194621827,0.545,144.0,SELL_YES
1779831035.984388,75943.67726050943,75942.59229352375,0.5561298870881385,0.545,155.42000000000002,BUY_YES
1779831036.2179477,75943.67726050943,75942.59229352375,0.5130492448333237,0.545,173.18,BUY_NO
1779831036.2335913,75943.67726050943,75942.59229352375,0.5594998281797816,0.545,515.24,BUY_YES
1779831037.1170106,75943.67726050943,75942.59229352375,0.5637456156149914,0.545,497.79,BUY_YES
1779831037.130235,75943.67726050943,75942.59229352375,0.5162485443606987,0.545,173.18,BUY_NO
1779831037.281215,75943.67726050943,75942.59229352375,0.5589564251991765,0.545,165.81,BUY_YES
1779831037.6865633,75943.04142161805,75942.59229352375,0.5572767013789657,0.545,739.66,SELL_NO
1779831037.6999347,75943.04142161805,75942.59229352375,0.5312537169778155,0.545,173.18,SELL_YES
1779831037.7661657,75943.04142161805,75942.59229352375,0.500258449720217,0.545,173.18,BUY_NO
1779831037.784589,75943.04142161805,75942.59229352375,0.570107838328871,0.545,729.36,BUY_YES
1779831039.5845017,75943.13829686979,75942.59229352375,0.5598898147111834,0.545,686.16,BUY_YES
1779831039.5945685,75943.13829686979,75942.59229352375,0.5347530787893805,0.545,162.31,SELL_YES
1779831039.8907275,75943.13829686979,75942.59229352375,0.5263781580226742,0.545,162.31,SELL_YES
1779831039.901346,75943.13829686979,75942.59229352375,0.5715812876154633,0.545,604.87,BUY_YES
1779831040.6729753,75943.13829686979,75942.59229352375,0.5581472845227695,0.545,151.9000000000001,SELL_NO
1779831040.7814486,75943.13829686979,75942.59229352375,0.5121172930123575,0.545,160.13,BUY_NO
1779831040.795648,75943.13829686979,75942.59229352375,0.5587108569436526,0.545,704.92,SELL_NO
1779831042.3966093,75943.08430791947,75942.59229352375,0.5344266748344938,0.545,160.13,SELL_YES
1779831042.404204,75943.08430791947,75942.59229352375,0.556631976522062,0.545,422.97,SELL_NO
1779831043.2319055,75943.99214669442,75942.59229352375,0.5676304049037755,0.545,374.77,BUY_YES
1779831043.2434583,75943.99214669442,75942.59229352375,0.5855487009466279,0.545,374.77,BUY_YES
1779831043.2573004,75943.99214669442,75942.59229352375,0.5660020641710757,0.545,202.61,SELL_NO
1779831043.384504,75943.99214669442,75942.59229352375,0.5620025655714604,0.545,354.85,BUY_YES
1779831044.095819,75943.99214669442,75942.59229352375,0.568594424655459,0.545,458.44,BUY_YES
1779831044.9871602,75944.00925413323,75942.59229352375,0.57438008194995,0.535,447.54,BUY_YES
1779831044.9984741,75944.00925413323,75942.59229352375,0.5762893170878534,0.535,207.92,BUY_YES
1779831045.6969435,75944.00925413323,75942.59229352375,0.5456386482511949,0.535,136.13,SELL_NO
1779831046.2235196,75944.00925413323,75942.59229352375,0.49543588025589647,0.535,130.0,BUY_NO
1779831046.5094662,75943.38491344322,75942.59229352375,0.523149000484457,0.535,136.36,SELL_YES
1779831046.5274606,75943.38491344322,75942.59229352375,0.5501557939497932,0.535,201.3,SELL_NO
1779831046.9300547,75943.38491344322,75942.59229352375,0.48375946149471005,0.535,190.57,BUY_NO
1779831046.9571333,75943.38491344322,75942.59229352375,0.5504398790905406,0.535,221.27,SELL_NO
1779831047.3102653,75943.38491344322,75942.59229352375,0.4740483491174646,0.535,100.0,SELL_YES
1779831048.2327342,75944.24017383148,75942.59229352375,0.5545188378560487,0.535,103.58999999999997,BUY_YES
1779831048.7230456,75944.24017383148,75942.59229352375,0.5556681385881889,0.535,94.83999999999997,BUY_YES
1779831048.8191628,75944.24017383148,75942.59229352375,0.4979502517194041,0.535,114.81,BUY_NO
1779831049.2339568,75944.24017383148,75942.59229352375,0.5539474956999353,0.535,97.0,BUY_YES
1779831049.4530785,75944.24017383148,75942.59229352375,0.5610212621254941,0.535,398.42,BUY_YES
1779831049.4628,75944.24017383148,75942.59229352375,0.51460364099377,0.535,212.44,SELL_YES
1779831049.4692833,75944.24017383148,75942.59229352375,0.5146308097659716,0.535,114.81,SELL_YES
1779831049.501372,75944.24017383148,75942.59229352375,0.5750713980258804,0.535,403.3,BUY_YES
1779831049.5107858,75944.24017383148,75942.59229352375,0.5561270726460811,0.535,111.28,SELL_NO
1779831049.5242107,75944.24017383148,75942.59229352375,0.5751212951104967,0.535,401.44,BUY_YES
1779831049.535525,75944.24017383148,75942.59229352375,0.5553771705445357,0.535,111.28,SELL_NO
1779831049.5483084,75944.24017383148,75942.59229352375,0.5737030797982947,0.535,391.44,BUY_YES
1779831049.5685787,75944.24017383148,75942.59229352375,0.5204943241251352,0.535,201.8,SELL_YES
1779831049.6855912,75944.30786709645,75942.59229352375,0.5701668574344713,0.535,200.38,BUY_YES
1779831049.7083127,75944.30786709645,75942.59229352375,0.5129485745345704,0.535,114.81,SELL_YES
1779831049.9705637,75944.30786709645,75942.59229352375,0.54944544233852,0.535,441.81,SELL_NO
1779831049.9821658,75944.30786709645,75942.59229352375,0.5248644000635734,0.535,201.8,SELL_YES
1779831049.995017,75944.30786709645,75942.59229352375,0.5121035649904089,0.535,114.81,SELL_YES
1779831050.2738729,75944.30786709645,75942.59229352375,0.5552669785985898,0.535,192.99,SELL_NO
1779831050.7668254,75944.30786709645,75942.59229352375,0.5489547786396353,0.535,147.77000000000004,SELL_NO
1779831051.385041,75944.30786709645,75942.59229352375,0.5493801063161499,0.535,461.18,SELL_NO
1779831051.3999138,75944.30786709645,75942.59229352375,0.506570886728493,0.535,201.8,BUY_NO
1779831051.4159842,75944.37989847214,75942.59229352375,0.5092193306796845,0.535,114.81,SELL_YES
1779831051.4580312,75944.37989847214,75942.59229352375,0.5752288157095833,0.535,200.05,BUY_YES
1779831051.474486,75944.37989847214,75942.59229352375,0.5461075365347161,0.535,429.54,SELL_NO
1779831051.4828787,75944.37989847214,75942.59229352375,0.5204417603573359,0.535,191.16,SELL_YES
1779831051.4906409,75944.37989847214,75942.59229352375,0.5075818116242431,0.535,114.81,SELL_YES
1779831051.7488964,75944.37989847214,75942.59229352375,0.5538333461293398,0.535,101.37,BUY_YES
1779831052.4979236,75944.37989847214,75942.59229352375,0.5501250265316119,0.535,425.3,SELL_NO
1779831052.5084991,75944.37989847214,75942.59229352375,0.5062816436446813,0.535,191.16,BUY_NO
1779831052.516761,75944.37989847214,75942.59229352375,0.5058690337865236,0.535,114.81,SELL_YES
1779831052.5603194,75944.37989847214,75942.59229352375,0.5586373317501498,0.535,206.77,SELL_NO
1779831053.023628,75944.37989847214,75942.59229352375,0.489426414724684,0.535,195.54,BUY_NO
1779831053.0354419,75944.37989847214,75942.59229352375,0.5134995873339714,0.535,114.81,SELL_YES
1779831053.04741,75944.37989847214,75942.59229352375,0.5592929879358447,0.535,352.29,BUY_YES
1779831053.056172,75944.37989847214,75942.59229352375,0.5551235226015334,0.535,206.73,SELL_NO
1779831053.3855097,75945.64505770327,75942.59229352375,0.5484506770593228,0.535,366.29,SELL_NO
1779831053.3999908,75945.64505770327,75942.59229352375,0.5108884846403126,0.535,144.64,BUY_NO
1779831053.4101412,75945.64505770327,75942.59229352375,0.5102999328088133,0.535,114.81,SELL_YES
1779831053.4393547,75945.64505770327,75942.59229352375,0.5566804510564145,0.535,220.35,SELL_NO
1779831054.1781192,75945.64505770327,75942.59229352375,0.5450744510050678,0.535,343.93,SELL_NO
1779831054.18587,75945.64505770327,75942.59229352375,0.5246107733957432,0.535,144.64,SELL_YES
1779831054.234287,75945.64505770327,75942.59229352375,0.5486593669441413,0.535,347.2,SELL_NO
1779831054.2508795,75945.64505770327,75942.59229352375,0.5109006920224627,0.535,144.64,BUY_NO
1779831054.2616365,75945.64505770327,75942.59229352375,0.5095457783347837,0.535,116.28,SELL_YES
1779831054.6227827,75945.64505770327,75942.59229352375,0.5715620607088113,0.535,192.56,BUY_YES
1779831055.138471,75945.81497261813,75942.59229352375,0.5499178046919652,0.535,117.07,SELL_NO
1779831055.7765424,75945.81497261813,75942.59229352375,0.5749724926526065,0.535,432.36,BUY_YES
1779831055.793873,75945.81497261813,75942.59229352375,0.5160641172343302,0.535,144.64,SELL_YES
1779831056.5532877,75947.69239491936,75942.59229352375,0.5663455353146661,0.535,422.29,BUY_YES
1779831056.5701356,75947.69239491936,75942.59229352375,0.5160898265604642,0.535,173.36,SELL_YES
1779831056.6302028,75947.69239491936,75942.59229352375,0.555015608948556,0.535,192.88,SELL_NO
1779831056.7580829,75947.69239491936,75942.59229352375,0.5695303357060723,0.535,171.21,SELL_NO
1779831056.7876399,75947.69239491936,75942.59229352375,0.5105658623299225,0.535,133.28,SELL_YES
1779831056.8010483,75947.69239491936,75942.59229352375,0.5235762992947366,0.535,168.36,SELL_YES
1779831056.8180447,75947.69239491936,75942.59229352375,0.5639076350546004,0.535,397.32,BUY_YES
1779831056.843022,75947.69239491936,75942.59229352375,0.5058482585804729,0.535,133.28,SELL_YES
1779831057.497318,75947.69239491936,75942.59229352375,0.5879563149417796,0.535,110.94,BUY_YES
1779831057.5083337,75947.69239491936,75942.59229352375,0.5800554822343295,0.535,175.05,BUY_YES
1779831057.5429356,75947.69239491936,75942.59229352375,0.49504018590017607,0.535,240.0,SELL_YES
1779831057.9256468,75947.69239491936,75942.59229352375,0.5823254749528561,0.535,171.21,BUY_YES
1779831057.9752643,75947.69239491936,75942.59229352375,0.4916065568442516,0.535,201.3,SELL_YES
1779831059.075408,75947.3519643449,75942.59229352375,0.5721452194637855,0.535,437.3,BUY_YES
1779831059.0985963,75947.3519643449,75942.59229352375,0.5190094997916256,0.535,162.72,SELL_YES
1779831059.2883067,75947.3519643449,75942.59229352375,0.5176420751143208,0.535,100.00000000000001,SELL_YES
1779831059.8253696,75947.3519643449,75942.59229352375,0.5813119796914576,0.535,435.95,BUY_YES
1779831059.8544621,75947.3519643449,75942.59229352375,0.5138169712051008,0.535,208.21,SELL_YES
1779831060.851043,75948.21972968442,75942.59229352375,0.5784857306341806,0.535,433.19,BUY_YES
1779831060.8628101,75948.21972968442,75942.59229352375,0.5550559779722701,0.535,185.91,SELL_NO
1779831060.8768797,75948.21972968442,75942.59229352375,0.5036678439215203,0.535,208.21,BUY_NO
1779831060.8861709,75948.21972968442,75942.59229352375,0.49332264648719637,0.535,133.28,BUY_NO
1779831060.898503,75948.21972968442,75942.59229352375,0.5000122227194728,0.535,235.0,SELL_YES
1779831060.931192,75948.21972968442,75942.59229352375,0.5920026732632031,0.535,171.21,BUY_YES
1779831060.9555092,75948.21972968442,75942.59229352375,0.6330952224238637,0.535,300.0,BUY_YES
1779831060.9653454,75948.21972968442,75942.59229352375,0.6095754171869427,0.535,121.0,BUY_YES
1779831061.0354056,75948.21972968442,75942.59229352375,0.494251913427296,0.535,201.3,SELL_YES
1779831061.5554569,75948.21972968442,75942.59229352375,0.6107485478562411,0.535,389.89,BUY_YES
1779831061.5786335,75948.21972968442,75942.59229352375,0.5224567003005948,0.535,201.82,SELL_YES
1779831061.67712,75948.21972968442,75942.59229352375,0.5612121621174486,0.535,179.56,SELL_NO
1779831061.699478,75948.21972968442,75942.59229352375,0.5144363628238473,0.535,133.28,SELL_YES
1779831062.6748955,75948.21784415662,75942.59229352375,0.5855053672810985,0.535,94.86000000000001,BUY_YES
1779831062.8068943,75948.21784415662,75942.59229352375,0.5630436822847974,0.535,467.67,BUY_YES
1779831062.8180008,75948.21784415662,75942.59229352375,0.520571084624635,0.535,201.82,SELL_YES
1779831063.2389963,75948.21784415662,75942.59229352375,0.5592142531032452,0.535,208.18,SELL_NO
1779831063.265088,75948.21784415662,75942.59229352375,0.5062941927339477,0.535,133.28,SELL_YES
1779831063.4594185,75948.21784415662,75942.59229352375,0.5701669928682647,0.535,449.62,BUY_YES
1779831063.4892735,75948.21784415662,75942.59229352375,0.5132254623311753,0.535,197.56,SELL_YES
1779831063.6937947,75947.8020068753,75942.59229352375,0.5732869959384,0.535,193.91,BUY_YES
1779831064.5483978,75947.8020068753,75942.59229352375,0.5775831034205823,0.535,425.08,BUY_YES
1779831064.5654597,75947.8020068753,75942.59229352375,0.5221752642680844,0.535,193.3,SELL_YES
1779831065.1735349,75947.8020068753,75942.59229352375,0.5563893358387664,0.535,188.12,SELL_NO
1779831065.2004616,75947.8020068753,75942.59229352375,0.506331201806763,0.535,133.28,SELL_YES
1779831065.3927057,75948.28191246778,75942.59229352375,0.5743330438695186,0.535,141.37,BUY_YES
1779831065.4014537,75948.28191246778,75942.59229352375,0.5682098084868825,0.535,321.21,SELL_NO
1779831065.4219875,75948.28191246778,75942.59229352375,0.4947438774136897,0.535,235.0,SELL_YES
1779831065.4307895,75948.28191246778,75942.59229352375,0.49470950491167176,0.535,201.3,SELL_YES
1779831066.1389527,75948.28191246778,75942.59229352375,0.5552302276986356,0.535,109.98000000000002,BUY_YES
1779831066.2080925,75948.28191246778,75942.59229352375,0.553210432464141,0.535,629.68,SELL_NO
1779831066.4341762,75948.28191246778,75942.59229352375,0.5122090536596052,0.535,158.17,BUY_NO
1779831066.4462183,75948.28191246778,75942.59229352375,0.5093250326134174,0.535,126.81,SELL_YES
1779831066.4670594,75948.28191246778,75942.59229352375,0.5559373684493092,0.535,200.65,SELL_NO
1779831066.5017083,75948.28191246778,75942.59229352375,0.5034040041537108,0.535,325.0,SELL_YES
1779831066.5875342,75948.28191246778,75942.59229352375,0.650770976623264,0.535,313.56,BUY_YES
1779831066.597777,75948.28191246778,75942.59229352375,0.6221154991715516,0.535,150.0,BUY_YES
1779831066.6538484,75948.28191246778,75942.59229352375,0.4934972877777965,0.535,214.56,SELL_YES
1779831066.6809099,75948.28191246778,75942.59229352375,0.5596309091660292,0.535,102.87,BUY_YES
1779831067.3657672,75950.45493770306,75942.59229352375,0.6094251736745233,0.535,567.56,BUY_YES
1779831067.375245,75950.45493770306,75942.59229352375,0.5882274684555255,0.535,181.28,BUY_YES
1779831067.3920183,75950.45493770306,75942.59229352375,0.513778029118293,0.535,152.17,BUY_NO
1779831069.6884499,75950.56082758923,75942.59229352375,0.6308301268845993,0.535,96.56000000000006,BUY_YES
1779831070.0853705,75950.56082758923,75942.59229352375,0.6093868693281929,0.535,491.27,BUY_YES
1779831070.093865,75950.56082758923,75942.59229352375,0.5891432375913483,0.535,196.74,BUY_YES
1779831070.1122007,75950.56082758923,75942.59229352375,0.5139607039218635,0.535,202.17,BUY_NO
1779831070.1202478,75950.56082758923,75942.59229352375,0.5112168992308629,0.535,126.81,SELL_YES
1779831070.1709352,75950.56082758923,75942.59229352375,0.5805439096283117,0.535,321.22,BUY_YES
1779831070.1949515,75950.56082758923,75942.59229352375,0.49741870488372913,0.535,331.6,SELL_YES
1779831070.5758247,75950.56082758923,75942.59229352375,0.6192125240589399,0.535,461.96,BUY_YES
1779831070.82595,75950.56082758923,75942.59229352375,0.5201112229787919,0.535,212.17,SELL_YES
1779831071.043944,75949.60569737927,75942.59229352375,0.5935289703343751,0.535,190.22,BUY_YES
1779831071.0584376,75949.60569737927,75942.59229352375,0.5735739629256177,0.535,326.22,SELL_NO
1779831071.0993354,75949.60569737927,75942.59229352375,0.5104587520099846,0.535,126.81,SELL_YES
1779831071.2650313,75949.60569737927,75942.59229352375,0.5770653124471451,0.535,155.0,SELL_NO
1779831072.6131327,75949.60866989261,75942.59229352375,0.6070750760320384,0.535,477.89,BUY_YES
1779831072.623041,75949.60866989261,75942.59229352375,0.5869600297741102,0.535,211.08,BUY_YES
1779831072.6549094,75949.60866989261,75942.59229352375,0.5225150142651809,0.535,157.06,SELL_YES
1779831073.2413948,75949.60866989261,75942.59229352375,0.608818573376452,0.535,502.08,BUY_YES
1779831073.250501,75949.60866989261,75942.59229352375,0.5868234121378457,0.535,197.36,BUY_YES
1779831073.2717383,75949.60866989261,75942.59229352375,0.5102659521793742,0.535,172.0,BUY_NO
1779831073.2814622,75949.60866989261,75942.59229352375,0.5019387924836767,0.535,109.94,BUY_NO
1779831073.417518,75949.60866989261,75942.59229352375,0.5660669305806292,0.535,326.22,SELL_NO
1779831073.4403906,75949.60866989261,75942.59229352375,0.4981874061971082,0.535,300.0,SELL_YES
1779831073.5653677,75949.60866989261,75942.59229352375,0.5887887142720262,0.535,155.0,BUY_YES
1779831073.5719159,75949.60866989261,75942.59229352375,0.6075924966840446,0.535,433.02,BUY_YES
1779831073.58227,75949.60866989261,75942.59229352375,0.5896922608898054,0.535,197.36,BUY_YES
1779831073.601664,75949.60866989261,75942.59229352375,0.5171871743089441,0.535,132.0,SELL_YES
1779831073.613202,75949.60866989261,75942.59229352375,0.5097115928378775,0.535,109.94,SELL_YES
1779831074.0642564,75949.60866989261,75942.59229352375,0.6083972087210594,0.535,99.25,BUY_YES
1779831074.6207633,75949.60632759084,75942.59229352375,0.5714707523124716,0.535,326.22,SELL_NO
1779831074.643996,75949.60632759084,75942.59229352375,0.4990492589541576,0.535,306.6,SELL_YES
1779831075.1016538,75949.60632759084,75942.59229352375,0.6224346655384322,0.535,99.37,BUY_YES
1779831075.118892,75949.60632759084,75942.59229352375,0.6306985504576648,0.535,552.83,BUY_YES
1779831075.1271727,75949.60632759084,75942.59229352375,0.606830012106809,0.535,199.25,BUY_YES
1779831075.1352706,75949.60632759084,75942.59229352375,0.5779311596627531,0.535,326.22,SELL_NO
1779831075.157307,75949.60632759084,75942.59229352375,0.5047511408220804,0.535,122.0,BUY_NO
1779831075.1686287,75949.60632759084,75942.59229352375,0.4937448533578093,0.535,109.94,BUY_NO
1779831075.1807191,75949.60632759084,75942.59229352375,0.49630581001700186,0.535,306.6,SELL_YES
1779831075.212895,75949.60632759084,75942.59229352375,0.5939599798297763,0.535,155.0,BUY_YES
1779831075.219804,75949.60632759084,75942.59229352375,0.5952299785457165,0.535,141.0,SELL_NO
1779831083.1239464,75960.32769964078,75942.59229352375,0.5818945918439596,0.725,229.49,SELL_YES
1779831083.1342273,75960.32769964078,75942.59229352375,0.5882628675240794,0.725,367.0,BUY_NO
1779831083.1439989,75960.32769964078,75942.59229352375,0.608294787826119,0.725,414.12,SELL_YES
1779831083.1537938,75960.32769964078,75942.59229352375,0.627380048434813,0.725,157.9,BUY_NO
1779831083.1645088,75960.32769964078,75942.59229352375,0.6455110460130723,0.725,388.96,BUY_NO
1779831083.2008367,75960.32769964078,75942.59229352375,0.7494305153386045,0.725,241.03000000000003,BUY_YES
1779831083.215098,75960.32769964078,75942.59229352375,0.7712836517215669,0.725,508.21000000000004,BUY_YES
1779831083.329048,75960.32769964078,75942.59229352375,0.762771422945969,0.725,208.49,BUY_YES
1779831083.6616871,75960.32769964078,75942.59229352375,0.7488573158931016,0.715,121.55,BUY_YES
1779831083.72811,75960.32769964078,75942.59229352375,0.7918738373957437,0.715,80.0,BUY_YES
1779831083.892043,75960.32769964078,75942.59229352375,0.7039399497505586,0.715,148.46,SELL_YES
1779831084.1733534,75960.54828806725,75942.59229352375,0.7419004741095179,0.715,98.43,BUY_YES
1779831084.4439979,75960.54828806725,75942.59229352375,0.7033655713936525,0.715,186.84,SELL_YES
1779831084.466697,75960.54828806725,75942.59229352375,0.7400399818143892,0.715,234.1,BUY_YES
1779831085.1822608,75960.54828806725,75942.59229352375,0.7575519813801316,0.715,254.92,BUY_YES
1779831085.756591,75960.54828806725,75942.59229352375,0.7038384826393557,0.715,213.0,SELL_YES
1779831085.9690268,75961.348860712,75942.59229352375,0.704308799797837,0.715,101.44,SELL_YES
1779831086.6378953,75961.348860712,75942.59229352375,0.7048653702724791,0.715,70.82000000000005,SELL_YES
1779831086.9029949,75961.348860712,75942.59229352375,0.6981734773992918,0.715,183.38,SELL_YES
1779831086.9370017,75961.348860712,75942.59229352375,0.7381025703011466,0.715,128.0,BUY_YES
1779831087.4917462,75961.348860712,75942.59229352375,0.6943986053090714,0.715,227.0,SELL_YES
1779831088.999549,75961.348860712,75942.59229352375,0.702825701188461,0.715,172.0,SELL_YES
1779831089.072949,75961.348860712,75942.59229352375,0.7029648626585165,0.715,136.54999999999995,SELL_YES
1779831089.7824476,75961.348860712,75942.59229352375,0.69747453450704,0.715,141.24,SELL_YES
1779831089.8738496,75961.348860712,75942.59229352375,0.7049766713795652,0.715,153.0,SELL_YES
1779831089.953835,75961.348860712,75942.59229352375,0.7049208185360678,0.715,92.12,SELL_YES
1779831090.0506225,75961.348860712,75942.59229352375,0.6924452758974912,0.72,931.29,BUY_NO
1779831090.0685143,75961.348860712,75942.59229352375,0.6671093630161792,0.72,931.29,BUY_NO
1779831090.0812705,75961.348860712,75942.59229352375,0.6801379590010509,0.72,237.0,SELL_YES
1779831090.1166074,75965.22083800439,75942.59229352375,0.6790345237497548,0.725,946.29,BUY_NO
1779831090.1257446,75965.22083800439,75942.59229352375,0.6926325131064913,0.725,222.0,SELL_YES
1779831090.806674,75965.22083800439,75942.59229352375,0.6830422341366789,0.725,738.54,BUY_NO
1779831090.9250028,75965.22083800439,75942.59229352375,0.7818086752231973,0.735,86.25999999999999,BUY_YES
1779831091.1141877,75965.22083800439,75942.59229352375,0.7766458734342838,0.745,158.03,BUY_YES
1779831092.082726,75965.99095073022,75942.59229352375,0.7827351476001707,0.745,69.9,BUY_YES
1779831092.7522235,75965.99095073022,75942.59229352375,0.7657059869558718,0.745,135.57999999999998,BUY_YES
1779831093.238322,75965.99095073022,75942.59229352375,0.7690589792680005,0.745,126.58,BUY_YES
1779831093.2563405,75965.99095073022,75942.59229352375,0.7715207624107524,0.745,125.24,BUY_YES
1779831093.363652,75965.99095073022,75942.59229352375,0.764719992485005,0.745,118.94999999999999,BUY_YES
1779831093.3826196,75965.99095073022,75942.59229352375,0.7334836262535587,0.745,350.11,SELL_YES
1779831093.4156299,75965.99095073022,75942.59229352375,0.785012890670963,0.745,218.44,BUY_YES
1779831093.4369314,75965.99095073022,75942.59229352375,0.7342067229683338,0.75,350.11,SELL_YES
1779831093.4833777,75965.99095073022,75942.59229352375,0.7190791403580147,0.75,470.9,BUY_NO
1779831093.5206642,75965.99095073022,75942.59229352375,0.7761340152121332,0.75,220.51,BUY_YES
1779831093.6781898,75965.3402719285,75942.59229352375,0.7447475041687817,0.755,85.0,SELL_YES
1779831093.9949062,75965.3402719285,75942.59229352375,0.7448732268885544,0.76,85.0,SELL_YES
1779831094.0454023,75965.3402719285,75942.59229352375,0.775151410972625,0.755,133.20000000000002,BUY_YES
1779831095.250682,75969.93724525832,75942.59229352375,0.8072712666937082,0.765,269.69,BUY_YES
1779831095.287661,75969.93724525832,75942.59229352375,0.7526448426715888,0.765,73.0,SELL_YES
1779831095.4595695,75969.93724525832,75942.59229352375,0.795319408763984,0.765,265.0,SELL_NO
1779831095.7382088,75969.93724525832,75942.59229352375,0.7306599602943692,0.765,242.55,SELL_YES
1779831095.7446876,75969.93724525832,75942.59229352375,0.7196391792869828,0.765,507.87,BUY_NO
1779831095.7954156,75969.93724525832,75942.59229352375,0.8157629178344608,0.765,361.06,BUY_YES
1779831095.8081822,75969.93724525832,75942.59229352375,0.8180710587430282,0.765,246.63,BUY_YES
1779831095.8177834,75969.93724525832,75942.59229352375,0.8090544455353658,0.765,434.65999999999997,BUY_YES
1779831095.832512,75969.93724525832,75942.59229352375,0.748781956271995,0.765,77.9,SELL_YES
1779831095.8382845,75969.93724525832,75942.59229352375,0.7321624592133422,0.765,666.87,SELL_YES
1779831096.0226414,75969.93724525832,75942.59229352375,0.7996710633198858,0.765,223.55,BUY_YES
1779831096.0379834,75969.93724525832,75942.59229352375,0.7971530093057216,0.765,216.4,BUY_YES
1779831096.1645985,75969.93724525832,75942.59229352375,0.7954795845691558,0.765,272.41,SELL_NO
1779831096.1792018,75969.93724525832,75942.59229352375,0.7444094412566251,0.765,363.49,SELL_YES
1779831096.219922,75969.93724525832,75942.59229352375,0.7350731387892953,0.765,483.98,SELL_YES
1779831096.5466998,75969.93724525832,75942.59229352375,0.7912317354896908,0.765,110.0,BUY_YES
1779831096.6538146,75969.93724525832,75942.59229352375,0.7906322999662352,0.765,326.4,BUY_YES
1779831096.6821,75969.93724525832,75942.59229352375,0.7487665834395129,0.765,176.77,SELL_YES
1779831096.730156,75969.93724525832,75942.59229352375,0.7955042821976508,0.765,377.3,SELL_NO
1779831096.7429605,75969.93724525832,75942.59229352375,0.7409250455715087,0.765,139.0,SELL_YES
1779831096.7510383,75969.93724525832,75942.59229352375,0.734739889400654,0.765,297.0,SELL_YES
1779831096.8039122,75973.36271413555,75942.59229352375,0.8068164964921742,0.765,463.93,SELL_NO
1779831096.819743,75973.36271413555,75942.59229352375,0.7241361495150082,0.765,610.0,SELL_YES
1779831097.34629,75973.36271413555,75942.59229352375,0.8611995365000795,0.765,160.0,BUY_YES
1779831097.3555872,75973.36271413555,75942.59229352375,0.8603360737255032,0.765,473.01,BUY_YES
1779831097.3642757,75973.36271413555,75942.59229352375,0.8574433250096516,0.765,429.62,BUY_YES
1779831097.6025608,75973.36271413555,75942.59229352375,0.8217034608038624,0.765,75.0,BUY_YES
1779831097.6952472,75973.36271413555,75942.59229352375,0.8387008589084457,0.765,74.99999999999997,BUY_YES
1779831097.7757442,75973.36271413555,75942.59229352375,0.8460592934216549,0.765,65.0,BUY_YES
1779831097.8410506,75973.36271413555,75942.59229352375,0.8484899244350016,0.765,65.0,BUY_YES
1779831098.2567139,75973.36271413555,75942.59229352375,0.8695981236494443,0.765,65.08000000000004,BUY_YES
1779831098.462787,75974.07413503007,75942.59229352375,0.8551650156694193,0.765,94.66000000000003,BUY_YES
1779831098.4701085,75974.07413503007,75942.59229352375,0.8531729051443928,0.765,124.99999999999994,BUY_YES
1779831098.5261657,75974.07413503007,75942.59229352375,0.8448701901843564,0.765,75.0,BUY_YES
1779831098.533622,75974.07413503007,75942.59229352375,0.8521266806751385,0.765,846.4100000000001,BUY_YES
1779831098.5419445,75974.07413503007,75942.59229352375,0.8387988883545867,0.765,826.29,BUY_YES
1779831098.5587838,75974.07413503007,75942.59229352375,0.7506748315753383,0.765,122.71,SELL_YES
1779831098.565077,75974.07413503007,75942.59229352375,0.7424135547546274,0.765,87.86,SELL_YES
1779831098.9304554,75974.07413503007,75942.59229352375,0.7949632196285332,0.765,743.61,BUY_YES
1779831099.0247211,75974.07413503007,75942.59229352375,0.7931612226173824,0.765,695.25,BUY_YES
1779831099.0845273,75974.07413503007,75942.59229352375,0.814474807932309,0.765,81.45999999999998,BUY_YES
1779831099.0945199,75974.07413503007,75942.59229352375,0.8126762163733862,0.765,828.0,BUY_YES
1779831099.180001,75974.07413503007,75942.59229352375,0.8299339522185267,0.765,64.85000000000002,BUY_YES
1779831099.2474391,75974.07413503007,75942.59229352375,0.8459981921623452,0.765,891.56,BUY_YES
1779831099.253861,75974.07413503007,75942.59229352375,0.8426749642476632,0.765,844.61,BUY_YES
1779831099.262969,75974.07413503007,75942.59229352375,0.8160069246330476,0.765,491.4,SELL_NO
1779831099.288571,75974.07413503007,75942.59229352375,0.7506621244615309,0.765,82.76,SELL_YES
1779831099.3842857,75974.07413503007,75942.59229352375,0.7981763148293534,0.765,842.1700000000001,BUY_YES
1779831099.4247396,75974.07413503007,75942.59229352375,0.7972571620693111,0.765,850.87,BUY_YES
1779831099.7183394,75974.07413503007,75942.59229352375,0.8124623652296445,0.765,862.52,BUY_YES
1779831099.7988017,75974.07413503007,75942.59229352375,0.8157406040863374,0.765,69.73000000000002,BUY_YES
1779831099.817532,75974.07413503007,75942.59229352375,0.8135812327377998,0.765,820.0,BUY_YES
1779831099.8584876,75974.07413503007,75942.59229352375,0.7420660110407599,0.765,135.82999999999998,SELL_YES
1779831099.9647794,75974.60809745558,75942.59229352375,0.795864945548203,0.765,65.93000000000006,BUY_YES
1779831100.1524253,75974.60809745558,75942.59229352375,0.8337966625196727,0.765,558.01,BUY_YES
1779831100.2817607,75974.60809745558,75942.59229352375,0.8590092811504437,0.765,82.0,BUY_YES
1779831100.7526755,75974.60809745558,75942.59229352375,0.8811368638569816,0.765,880.19,BUY_YES
1779831100.765166,75974.60809745558,75942.59229352375,0.8786055267552724,0.765,525.0,BUY_YES
1779831100.7857316,75974.60809745558,75942.59229352375,0.873146235750662,0.765,452.83000000000004,BUY_YES
1779831100.7934864,75974.60809745558,75942.59229352375,0.8499069249795985,0.765,252.19,BUY_YES
1779831100.9172482,75974.60809745558,75942.59229352375,0.7851463428949719,0.765,537.21,SELL_NO
1779831100.9874904,75974.60809745558,75942.59229352375,0.7912172384403559,0.765,315.19,SELL_NO
1779831101.0071387,75974.60809745558,75942.59229352375,0.7969421170903043,0.765,260.0,SELL_NO
1779831101.025001,75974.60809745558,75942.59229352375,0.785306402842519,0.765,526.81,SELL_NO
1779831101.0527313,75974.60809745558,75942.59229352375,0.7317364625103346,0.765,88.2,SELL_YES
1779831101.0633364,75974.60809745558,75942.59229352375,0.7215294541115089,0.765,759.0,SELL_YES
1779831101.1293125,75974.60809745558,75942.59229352375,0.7870520930714294,0.765,327.43,SELL_NO
1779831101.1728225,75974.60809745558,75942.59229352375,0.8125423865448206,0.765,265.0,BUY_YES
1779831101.1889539,75974.60809745558,75942.59229352375,0.8200701882889915,0.765,265.0,SELL_NO
1779831101.2695837,75974.60809745558,75942.59229352375,0.7798762459005996,0.765,516.26,SELL_NO
1779831101.3027468,75974.60809745558,75942.59229352375,0.7789506853026145,0.765,552.03,SELL_NO
1779831101.5671396,75974.60809745558,75942.59229352375,0.7438038832925064,0.765,88.2,SELL_YES
1779831101.6359274,75974.60809745558,75942.59229352375,0.795984610454514,0.765,441.50000000000006,BUY_YES
1779831101.6512034,75974.60809745558,75942.59229352375,0.7973101253340277,0.765,260.0,SELL_NO
1779831101.672397,75974.60809745558,75942.59229352375,0.7256314181433822,0.76,159.0,SELL_YES
1779831101.702905,75974.32248155275,75942.59229352375,0.7844290976446521,0.76,567.8,SELL_NO
1779831101.7135248,75974.32248155275,75942.59229352375,0.7291068161911355,0.76,213.31,SELL_YES
1779831101.719295,75974.32248155275,75942.59229352375,0.7082120484614508,0.76,609.1,BUY_NO
1779831101.7639546,75974.32248155275,75942.59229352375,0.8094697766888017,0.755,70.0,BUY_YES
1779831101.7705028,75974.32248155275,75942.59229352375,0.8165542111969293,0.755,525.19,BUY_YES
1779831101.9998171,75974.32248155275,75942.59229352375,0.8218539707300746,0.755,706.4,BUY_YES
1779831102.4827557,75974.32248155275,75942.59229352375,0.7856177306854523,0.755,392.71000000000004,BUY_YES
1779831102.5834596,75974.32248155275,75942.59229352375,0.7855985282125133,0.755,86.34,BUY_YES
1779831102.590876,75974.32248155275,75942.59229352375,0.7852708655749774,0.755,285.19,SELL_NO
1779831102.605071,75974.32248155275,75942.59229352375,0.7366952132252558,0.755,119.68,SELL_YES
1779831102.6133628,75974.32248155275,75942.59229352375,0.7313469381994226,0.755,159.0,SELL_YES
1779831103.5358336,75974.32248155275,75942.59229352375,0.8626846804588213,0.755,67.72999999999999,BUY_YES
1779831103.5477798,75974.32248155275,75942.59229352375,0.8612827501968376,0.755,275.0,BUY_YES
1779831103.5560796,75974.32248155275,75942.59229352375,0.8561836880884075,0.755,766.4,BUY_YES
1779831103.5714533,75974.32248155275,75942.59229352375,0.8312923237874779,0.755,516.43,SELL_NO
1779831103.603909,75974.32248155275,75942.59229352375,0.7149247982382837,0.755,600.0,BUY_NO
1779831103.9457767,75974.32248155275,75942.59229352375,0.8668305652402017,0.755,82.66,BUY_YES
1779831104.6682007,75974.32248155275,75942.59229352375,0.8724403537229743,0.755,65.35000000000001,BUY_YES
1779831105.9246976,75974.32248155275,75942.59229352375,0.8622772016144034,0.755,276.57,BUY_YES
1779831105.9385796,75974.32248155275,75942.59229352375,0.8540659769990289,0.755,470.09,BUY_YES
1779831105.958275,75974.32248155275,75942.59229352375,0.7449689356090902,0.755,119.37,SELL_YES
1779831105.9810045,75974.32248155275,75942.59229352375,0.7343972704378865,0.755,159.0,SELL_YES
1779831106.0732806,75974.32248155275,75942.59229352375,0.8301844124836077,0.755,255.79,BUY_YES
1779831106.0853179,75974.32248155275,75942.59229352375,0.8303893700808305,0.755,536.4,SELL_NO
1779831106.095913,75974.29468761545,75942.59229352375,0.8298232513604222,0.755,217.6,BUY_YES
1779831106.1034675,75974.29468761545,75942.59229352375,0.8232884609807569,0.755,500.88,BUY_YES
1779831106.1179788,75974.29468761545,75942.59229352375,0.7416589230252572,0.755,94.37,SELL_YES
1779831106.1227458,75974.29468761545,75942.59229352375,0.7323449732626097,0.755,159.0,SELL_YES
1779831106.2006998,75974.29468761545,75942.59229352375,0.8249038853990199,0.755,255.46,BUY_YES
1779831106.2058456,75974.29468761545,75942.59229352375,0.818258646293287,0.755,500.88,BUY_YES
1779831106.21841,75974.29468761545,75942.59229352375,0.7379964925631155,0.755,94.37,SELL_YES
1779831106.2227812,75974.29468761545,75942.59229352375,0.7299650251029013,0.755,159.0,SELL_YES
1779831106.2714756,75974.29468761545,75942.59229352375,0.8030059017082174,0.755,243.46,BUY_YES
1779831106.2765465,75974.29468761545,75942.59229352375,0.8002015362524314,0.755,285.09,SELL_NO
1779831106.2908983,75974.29468761545,75942.59229352375,0.7272287585593729,0.755,248.37,SELL_YES
1779831106.2981684,75974.29468761545,75942.59229352375,0.7199939385023766,0.755,575.0,SELL_YES
1779831106.3261375,75974.29468761545,75942.59229352375,0.8178628201693626,0.755,505.78999999999996,BUY_YES
1779831106.3333945,75974.29468761545,75942.59229352375,0.8155538750718025,0.755,551.4,SELL_NO
1779831106.6068945,75974.29468761545,75942.59229352375,0.837980404415781,0.755,68.0,BUY_YES
1779831106.7849166,75974.29468761545,75942.59229352375,0.8604991707917223,0.755,263.40999999999997,BUY_YES
1779831106.8177843,75974.29468761545,75942.59229352375,0.8643605650730292,0.755,69.0,BUY_YES
1779831106.8598785,75974.29468761545,75942.59229352375,0.8626394885481425,0.755,66.44,BUY_YES
1779831106.8724122,75974.29468761545,75942.59229352375,0.8602101679802617,0.755,65.00000000000003,BUY_YES
1779831106.879539,75974.29468761545,75942.59229352375,0.8532184562853222,0.755,538.71,BUY_YES
1779831106.930166,75974.29468761545,75942.59229352375,0.8407927100872402,0.755,72.08999999999997,BUY_YES
1779831107.3200786,75974.29468761545,75942.59229352375,0.8513880932286266,0.755,69.02000000000001,BUY_YES
1779831107.3396735,75974.29468761545,75942.59229352375,0.8579987402784683,0.755,100.0,BUY_YES
1779831107.4879105,75973.77943219218,75942.59229352375,0.8670741447448319,0.755,73.42000000000007,BUY_YES
1779831107.8184566,75973.77943219218,75942.59229352375,0.8746417575124137,0.755,872.56,BUY_YES
1779831107.8805401,75973.77943219218,75942.59229352375,0.8333021980754449,0.755,919.67,BUY_YES
1779831107.8862717,75973.77943219218,75942.59229352375,0.8256793898684655,0.755,645.88,BUY_YES
1779831107.9024425,75973.77943219218,75942.59229352375,0.7330748737713114,0.755,206.86,SELL_YES
1779831107.9078739,75973.77943219218,75942.59229352375,0.7156465890877993,0.755,580.0,BUY_NO
1779831107.992631,75973.77943219218,75942.59229352375,0.8673303640372542,0.755,771.4,BUY_YES
1779831107.9996889,75973.77943219218,75942.59229352375,0.8469786059723785,0.755,775.9000000000001,BUY_YES
1779831108.0223837,75973.77943219218,75942.59229352375,0.6956576668322487,0.755,245.70000000000002,SELL_YES
1779831108.0316575,75973.77943219218,75942.59229352375,0.67102417964299,0.755,252.3,SELL_YES
1779831108.038353,75973.77943219218,75942.59229352375,0.6619592896244834,0.755,307.92,SELL_YES
1779831108.172088,75973.77943219218,75942.59229352375,0.8099181196652311,0.755,79.55000000000007,BUY_YES
1779831108.2507923,75973.77943219218,75942.59229352375,0.8386117736578396,0.755,68.47000000000003,BUY_YES
1779831108.5018702,75973.77943219218,75942.59229352375,0.8536993061544575,0.755,66.44000000000005,BUY_YES
1779831108.5416315,75973.77943219218,75942.59229352375,0.8543469564438307,0.755,686.67,BUY_YES
1779831108.5505385,75973.77943219218,75942.59229352375,0.8468212086955498,0.755,585.88,BUY_YES
1779831108.617672,75973.77943219218,75942.59229352375,0.8337975662042743,0.755,786.4,BUY_YES
1779831108.6402502,75958.47200276545,75942.59229352375,0.720466490247831,0.755,206.86,SELL_YES
1779831108.6487021,75958.47200276545,75942.59229352375,0.7085597397173631,0.755,580.0,BUY_NO
1779831108.706726,75958.47200276545,75942.59229352375,0.8358661970698475,0.755,518.71,SELL_NO
1779831108.7321966,75958.47200276545,75942.59229352375,0.6956325585075955,0.755,245.70000000000002,SELL_YES
1779831108.7372742,75958.47200276545,75942.59229352375,0.6771736525614624,0.755,247.3,SELL_YES
1779831108.7421153,75958.47200276545,75942.59229352375,0.6735582545529885,0.755,144.12,SELL_YES
1779831108.7863145,75958.47200276545,75942.59229352375,0.7700172976725975,0.755,363.82,SELL_NO
1779831108.8001292,75958.47200276545,75942.59229352375,0.7289118971066882,0.755,206.86,SELL_YES
1779831108.8047411,75958.47200276545,75942.59229352375,0.7244823303263691,0.755,580.0,SELL_YES
1779831108.825173,75958.47200276545,75942.59229352375,0.7946963231452827,0.755,217.42999999999998,BUY_YES
1779831108.835076,75958.47200276545,75942.59229352375,0.8032698021709596,0.755,335.09,SELL_NO
1779831109.1932352,75958.47200276545,75942.59229352375,0.7127181465067266,0.755,101.4,SELL_YES
1779831109.9850333,75958.47200276545,75942.59229352375,0.7739204139202505,0.755,488.09,SELL_NO
1779831109.99365,75958.47200276545,75942.59229352375,0.719368685861056,0.755,212.66,SELL_YES
1779831110.0069125,75956.05117653149,75942.59229352375,0.7008749951815363,0.755,586.6,BUY_NO
1779831110.051135,75956.05117653149,75942.59229352375,0.7918879639868832,0.755,179.29999999999998,BUY_YES
1779831110.0627134,75956.05117653149,75942.59229352375,0.7973867472604392,0.755,330.0,SELL_NO
1779831110.098187,75956.05117653149,75942.59229352375,0.7086193737377582,0.755,101.4,SELL_YES
1779831110.6005642,75956.05117653149,75942.59229352375,0.7171997634812775,0.755,231.13,SELL_YES
1779831110.6162527,75956.05117653149,75942.59229352375,0.7654042283926854,0.755,520.01,SELL_NO
1779831110.6243927,75956.05117653149,75942.59229352375,0.7095637230643236,0.755,586.6,BUY_NO
1779831110.6565907,75956.05117653149,75942.59229352375,0.7934495856538634,0.755,205.60999999999999,BUY_YES
1779831110.6789627,75956.05117653149,75942.59229352375,0.8079079925037954,0.755,330.0,SELL_NO
1779831110.692641,75956.05117653149,75942.59229352375,0.7105425147088731,0.755,101.4,SELL_YES
1779831110.7024636,75956.05117653149,75942.59229352375,0.7031151783299917,0.755,144.3,SELL_YES
1779831110.7363322,75956.05117653149,75942.59229352375,0.7662847652549937,0.755,315.16999999999996,SELL_NO
1779831110.8050473,75956.05117653149,75942.59229352375,0.6948691621488614,0.755,121.2,SELL_YES
1779831111.20864,75956.05117653149,75942.59229352375,0.6828345210656487,0.755,136.1,SELL_YES
1779831111.8865538,75955.16105,75942.59229352375,0.6568861879701596,0.755,230.32999999999998,SELL_YES
1779831111.8960931,75955.16105,75942.59229352375,0.6735418785716516,0.755,581.6,BUY_NO
1779831111.901789,75955.16105,75942.59229352375,0.6893647846430689,0.755,245.70000000000002,SELL_YES
1779831111.9271755,75955.16105,75942.59229352375,0.7690054911548193,0.755,717.53,SELL_NO
1779831111.9490404,75955.16105,75942.59229352375,0.6853778838371042,0.755,121.2,SELL_YES
1779831111.9555812,75955.16105,75942.59229352375,0.700608989645249,0.755,230.32999999999998,SELL_YES
1779831111.96183,75955.16105,75942.59229352375,0.7150785401629864,0.755,581.6,BUY_NO
1779831111.9813807,75955.16105,75942.59229352375,0.7660747527036283,0.755,741.17,SELL_NO
1779831112.0081437,75955.16105,75942.59229352375,0.7755265441108368,0.755,709.71,SELL_NO
1779831112.0226233,75955.16105,75942.59229352375,0.7307547692592711,0.755,230.32999999999998,SELL_YES
1779831112.033793,75955.16105,75942.59229352375,0.7189309576078348,0.755,581.6,BUY_NO
1779831112.3216786,75955.16105,75942.59229352375,0.7967713643156481,0.755,160.97000000000003,BUY_YES
1779831112.3371253,75955.16105,75942.59229352375,0.8039585549042566,0.755,335.0,SELL_NO
1779831112.4012697,75955.16105,75942.59229352375,0.8356943153316642,0.755,72.91999999999996,BUY_YES
1779831112.4361186,75955.16105,75942.59229352375,0.8229250656978045,0.755,515.79,BUY_YES
1779831112.470635,75955.16105,75942.59229352375,0.7104333332707631,0.755,101.4,SELL_YES
1779831112.4773083,75955.16105,75942.59229352375,0.700405650515902,0.755,144.3,SELL_YES
1779831112.5578701,75955.16105,75942.59229352375,0.7659768489599766,0.755,257.97,SELL_NO
1779831112.692565,75955.16105,75942.59229352375,0.6943715093520996,0.755,121.2,SELL_YES
1779831113.1815588,75954.811475,75942.59229352375,0.6983864522926917,0.755,235.32999999999998,SELL_YES
1779831113.1891623,75954.811475,75942.59229352375,0.7127365725134569,0.755,576.6,BUY_NO
1779831113.2147725,75954.811475,75942.59229352375,0.7754588451449993,0.755,462.91,SELL_NO
1779831113.4813275,75954.811475,75942.59229352375,0.7142747904452762,0.755,101.4,SELL_YES
1779831113.5165608,75954.811475,75942.59229352375,0.7709313645815328,0.755,302.49000000000007,SELL_NO
1779831113.549185,75954.811475,75942.59229352375,0.6995517881926968,0.755,144.3,SELL_YES
1779831113.969244,75954.811475,75942.59229352375,0.6928248567523159,0.755,184.3,SELL_YES
1779831114.4653792,75954.81024,75942.59229352375,0.6190269632583856,0.755,275.22,SELL_YES
1779831114.4736333,75954.81024,75942.59229352375,0.6285805565759622,0.755,173.8,BUY_NO
1779831115.224759,75954.81024,75942.59229352375,0.6633903316439467,0.755,223.32999999999998,SELL_YES
1779831115.233632,75954.81024,75942.59229352375,0.6797208150617493,0.755,576.6,BUY_NO
1779831115.2403631,75954.81024,75942.59229352375,0.6952347743086618,0.755,240.70000000000002,SELL_YES
1779831115.2724493,75954.81024,75942.59229352375,0.7733204729560491,0.755,695.49,SELL_NO
1779831117.3843257,75954.70913,75942.59229352375,0.6343169323918406,0.755,67.0,SELL_YES
1779831118.178936,75954.711655,75942.59229352375,0.6857627313245159,0.755,290.33,SELL_YES
1779831118.1862476,75954.711655,75942.59229352375,0.70097459475829,0.755,576.6,BUY_NO
1779831118.214915,75954.711655,75942.59229352375,0.7663576509707521,0.755,650.95,SELL_NO
1779831118.2829857,75954.711655,75942.59229352375,0.7122555051243962,0.755,101.4,SELL_YES
1779831119.4967859,75954.711655,75942.59229352375,0.6887048431880035,0.755,340.33000000000004,SELL_YES
1779831119.5064464,75954.711655,75942.59229352375,0.7028394000862327,0.755,586.22,BUY_NO
1779831119.5389245,75954.711655,75942.59229352375,0.7678006017856626,0.755,304.38,SELL_NO
1779831119.5629888,75954.711655,75942.59229352375,0.7924085373500518,0.755,129.87,BUY_YES
1779831119.5695665,75954.711655,75942.59229352375,0.7953924820059607,0.755,280.0,SELL_NO
1779831120.7705479,75954.795905,75942.59229352375,0.6713388319713076,0.755,240.70000000000002,SELL_YES
1779831120.7817845,75954.795905,75942.59229352375,0.6812372469202275,0.755,336.27,SELL_YES
1779831120.789759,75954.795905,75942.59229352375,0.6952802525156105,0.755,570.0,BUY_NO
1779831120.8002691,75954.795905,75942.59229352375,0.71001623988983,0.755,101.4,SELL_YES
1779831120.834001,75954.795905,75942.59229352375,0.7733539036171774,0.755,320.38,SELL_NO
1779831120.8515537,75954.795905,75942.59229352375,0.7916885288342753,0.755,177.8,BUY_YES
1779831121.0980117,75954.795905,75942.59229352375,0.7112687696182286,0.755,325.0,SELL_YES
1779831121.1246176,75954.795905,75942.59229352375,0.7044134374462399,0.755,202.4,SELL_YES
1779831121.5481079,75954.795905,75942.59229352375,0.6963016794810317,0.755,656.89,SELL_YES
1779831121.5549638,75954.795905,75942.59229352375,0.7094268451307435,0.755,270.0,BUY_NO
1779831121.591862,75954.795905,75942.59229352375,0.7718545762291318,0.755,305.38,SELL_NO
1779831121.6662178,75954.795905,75942.59229352375,0.7668884253922894,0.755,330.38,SELL_NO
1779831121.6749701,75954.795905,75942.59229352375,0.7399022370742487,0.755,172.8,SELL_YES
1779831121.6836987,75954.795905,75942.59229352375,0.7322054965696803,0.755,486.0,SELL_YES
1779831121.7195795,75954.795905,75942.59229352375,0.7966432888752524,0.755,469.51,BUY_YES
1779831121.8911703,75954.795905,75942.59229352375,0.7096170043234424,0.755,270.0,BUY_NO
1779831121.9383547,75954.795905,75942.59229352375,0.7891441001499236,0.755,68.89999999999998,BUY_YES
1779831122.3848138,75954.795905,75942.59229352375,0.7140128195166635,0.755,101.4,SELL_YES
1779831123.05923,75954.795905,75942.59229352375,0.679237965476995,0.755,378.6,SELL_YES
1779831123.338844,75954.745985,75942.59229352375,0.6847262411420055,0.755,197.2,SELL_YES
1779831124.033243,75954.745985,75942.59229352375,0.6871622406815706,0.755,649.8,SELL_YES
1779831124.043759,75954.745985,75942.59229352375,0.7010607510463706,0.755,276.6,BUY_NO
1779831124.0801563,75954.745985,75942.59229352375,0.7658211405104381,0.755,351.38,SELL_NO
1779831124.1502492,75954.745985,75942.59229352375,0.7139650114374554,0.755,101.4,SELL_YES
1779831124.839074,75954.72201,75942.59229352375,0.6987468919128986,0.755,649.8,SELL_YES
1779831124.8496728,75954.72201,75942.59229352375,0.7122914151984889,0.755,324.6,BUY_NO
1779831124.872624,75954.72201,75942.59229352375,0.7749416353775387,0.755,382.82,SELL_NO
1779831124.9523575,75954.72201,75942.59229352375,0.7716775468306891,0.755,372.82,SELL_NO
1779831124.9644928,75954.72201,75942.59229352375,0.7323227011683783,0.755,644.8,SELL_YES
1779831124.9959986,75954.72201,75942.59229352375,0.7237565476372214,0.755,334.22,SELL_YES
1779831125.023252,75954.72201,75942.59229352375,0.7756217012117923,0.755,306.98,SELL_NO
1779831125.0650866,75954.72201,75942.59229352375,0.7079027813103619,0.755,101.4,SELL_YES
1779831125.401683,75954.72201,75942.59229352375,0.7281106451362864,0.755,624.8,SELL_YES
1779831125.423173,75954.72201,75942.59229352375,0.7698245012703013,0.755,329.38,SELL_NO
1779831125.4455273,75954.72201,75942.59229352375,0.7246412912332503,0.755,334.22,SELL_YES
1779831125.4973872,75954.72201,75942.59229352375,0.7839274939028215,0.755,243.17657231664634,BUY_YES
1779831125.7084694,75954.72201,75942.59229352375,0.7148958456543264,0.755,101.4,SELL_YES
1779831125.8352494,75954.72201,75942.59229352375,0.7207357738975451,0.755,590.6,SELL_YES
1779831125.8727958,75954.72201,75942.59229352375,0.770427973659742,0.755,265.48,SELL_NO
1779831125.8980832,75954.72201,75942.59229352375,0.7144215539120373,0.755,324.6,BUY_NO
1779831126.6602201,75954.790355,75942.59229352375,0.679365942107033,0.755,111.02000000000001,SELL_YES
1779831126.6685045,75954.790355,75942.59229352375,0.6784399520727932,0.755,275.6,SELL_YES
1779831127.0133247,75954.790355,75942.59229352375,0.7659388954978369,0.755,380.04,SELL_NO
1779831127.0318227,75954.790355,75942.59229352375,0.7254006950093397,0.755,521.0,SELL_YES
1779831127.050721,75954.790355,75942.59229352375,0.7129673690913103,0.755,334.22,BUY_NO
1779831127.1255114,75954.790355,75942.59229352375,0.7829042915457812,0.755,354.05999999999995,BUY_YES
1779831127.4196086,75954.790355,75942.59229352375,0.7148022022045686,0.755,101.4,SELL_YES
1779831128.1175375,75954.790355,75942.59229352375,0.6646473479930114,0.755,569.0,SELL_YES
1779831128.127255,75954.790355,75942.59229352375,0.6801434038029996,0.755,270.0,BUY_NO
1779831128.135898,75954.790355,75942.59229352375,0.6956362336128497,0.755,192.7,SELL_YES
1779831139.2131853,75954.9873,75942.59229352375,0.675488408298071,0.575,130.0,BUY_YES
1779831139.221733,75954.9873,75942.59229352375,0.6674904686671742,0.575,145.17,BUY_YES
1779831139.253665,75954.9873,75942.59229352375,0.5646913372684165,0.575,512.94,SELL_YES
1779831141.7482274,75954.9873,75942.59229352375,0.6511933926581507,0.575,94.5,BUY_YES
1779831141.768923,75954.9873,75942.59229352375,0.5492641434241818,0.575,630.72,BUY_NO
1779831143.2539496,75954.925805,75942.59229352375,0.5558940352190332,0.575,740.77,BUY_NO
1779831143.3433623,75954.925805,75942.59229352375,0.5589831402560715,0.575,762.67,SELL_YES
1779831143.4349215,75954.925805,75942.59229352375,0.5601004952544438,0.575,837.67,SELL_YES
1779831145.3082314,75954.66012,75942.59229352375,0.5573448760047611,0.575,886.34,BUY_NO
1779831146.2219362,75954.66181,75942.59229352375,0.5491443456350872,0.575,753.93,BUY_NO
1779831146.3733168,75954.66181,75942.59229352375,0.5624720184397114,0.575,741.54,SELL_YES
1779831146.4808288,75954.66181,75942.59229352375,0.5427754011200052,0.575,738.27,BUY_NO
1779831148.3353987,75954.906935,75942.59229352375,0.5465118127239956,0.575,811.03,BUY_NO
1779831148.7966588,75954.906935,75942.59229352375,0.5429332114146997,0.575,777.01,BUY_NO
1779831148.997733,75954.906935,75942.59229352375,0.6841047621139527,0.59,83.91,BUY_YES
1779831149.007094,75954.906935,75942.59229352375,0.6698962276067034,0.595,88.15,BUY_YES
1779831149.0150342,75954.906935,75942.59229352375,0.6504747280359934,0.595,220.6,SELL_NO
1779831149.0344229,75954.906935,75942.59229352375,0.5591270199498596,0.595,885.73,SELL_YES
1779831149.09263,75954.906935,75942.59229352375,0.6546538633033716,0.61,88.15,BUY_YES
1779831149.1040664,75954.906935,75942.59229352375,0.6570391237631199,0.61,220.6,BUY_YES
1779831151.283285,75954.906435,75942.59229352375,0.6396464021093566,0.605,85.98000000000002,BUY_YES
1779831151.402314,75954.906435,75942.59229352375,0.6393277935818522,0.605,93.78,BUY_YES
1779831151.8089304,75954.898125,75942.59229352375,0.7068133094961155,0.605,121.25999999999999,BUY_YES
1779831152.4479604,75954.898125,75942.59229352375,0.6465034587320827,0.605,83.15,BUY_YES
1779831152.45583,75954.898125,75942.59229352375,0.6382114192327338,0.605,167.03,SELL_NO
1779831152.4724195,75954.898125,75942.59229352375,0.5855318824300279,0.605,308.03,SELL_YES
1779831152.5095878,75954.898125,75942.59229352375,0.6496914857236817,0.605,383.68,SELL_NO
1779831152.887787,75954.898125,75942.59229352375,0.5638697234172569,0.605,84.0,SELL_YES
1779831153.0815256,75954.89721,75942.59229352375,0.6561794819448205,0.605,199.0,SELL_NO
1779831153.80288,75954.89721,75942.59229352375,0.6446755477036125,0.605,86.0,BUY_YES
1779831153.9927511,75954.89721,75942.59229352375,0.6559289491397536,0.605,89.91,BUY_YES
1779831154.022783,75954.89721,75942.59229352375,0.696940562141537,0.605,83.15,BUY_YES
1779831154.0327547,75954.89721,75942.59229352375,0.696657716993938,0.605,156.21,BUY_YES
1779831154.041733,75954.89721,75942.59229352375,0.6829101848085825,0.605,383.68,BUY_YES
1779831154.0579052,75954.89721,75942.59229352375,0.5941272945241716,0.605,168.92,SELL_YES
1779831154.0705013,75954.89721,75942.59229352375,0.5806609451619807,0.605,140.92,SELL_YES
1779831155.3470418,75954.89721,75942.59229352375,0.7125261240222341,0.6,106.4,BUY_YES
1779831155.3572254,75954.89721,75942.59229352375,0.7084138374754047,0.6,114.72,BUY_YES
1779831155.3660352,75954.89721,75942.59229352375,0.6948047022789716,0.6,156.21,BUY_YES
1779831155.375878,75954.89721,75942.59229352375,0.6708629547993342,0.6,224.0,BUY_YES
1779831156.058589,75954.89721,75942.59229352375,0.7062497608925984,0.6,83.20999999999998,BUY_YES
1779831156.9424145,75954.9022,75942.59229352375,0.7018297072772685,0.595,126.3,BUY_YES
1779831157.6906264,75954.9022,75942.59229352375,0.664878008700963,0.595,124.65,BUY_YES
1779831158.3145704,75954.89866,75942.59229352375,0.6809978409822541,0.595,114.72,BUY_YES
1779831158.3224227,75954.89866,75942.59229352375,0.6689093858459783,0.595,156.21,BUY_YES
1779831158.3349235,75954.89866,75942.59229352375,0.6464709282650303,0.595,233.65,SELL_NO
1779831158.3575819,75954.89866,75942.59229352375,0.565670894267082,0.595,284.77,BUY_NO
1779831158.609615,75954.89866,75942.59229352375,0.5799120680684472,0.595,332.07,SELL_YES
1779831159.1685972,75954.89866,75942.59229352375,0.580867845513079,0.595,318.64,SELL_YES
1779831160.5702696,75954.87117,75942.59229352375,0.5799035516774623,0.595,431.45,SELL_YES
1779831163.111548,75954.88493,75942.59229352375,0.583212467629835,0.595,565.23,SELL_YES
1779831163.4860437,75954.88493,75942.59229352375,0.7623391463366288,0.605,108.9,BUY_YES
1779831163.4960878,75954.88493,75942.59229352375,0.7485637169401889,0.605,141.21,BUY_YES
1779831163.5035868,75954.88493,75942.59229352375,0.7250607825576219,0.605,149.68,BUY_YES
1779831163.5146751,75954.88493,75942.59229352375,0.695151255394576,0.605,155.0,BUY_YES
1779831164.5776756,75954.885105,75942.59229352375,0.6972986473715956,0.615,89.69,BUY_YES
1779831164.7131848,75954.885105,75942.59229352375,0.6702638152666021,0.615,84.83,BUY_YES
1779831166.784124,75954.883645,75942.59229352375,0.5955502579379288,0.635,250.96533122247456,BUY_NO
1779831166.7964697,75954.883645,75942.59229352375,0.6027854493796345,0.635,234.90466877752544,SELL_YES
1779831166.8045475,75954.883645,75942.59229352375,0.5891837291917356,0.635,485.87,BUY_NO
1779831167.6697023,75954.889315,75942.59229352375,0.6838167406665417,0.64,367.49,BUY_YES
1779831167.8849325,75954.889315,75942.59229352375,0.5909514920580963,0.645,179.99,BUY_NO
1779831168.7195787,75954.47097,75942.59229352375,0.697598009480693,0.645,286.92,BUY_YES
1779831168.7530808,75954.47097,75942.59229352375,0.628981287066279,0.645,211.51,SELL_YES
1779831168.8845868,75954.47097,75942.59229352375,0.7084230956922828,0.645,77.0,BUY_YES
1779831169.218789,75954.47097,75942.59229352375,0.6986041818862452,0.645,81.43,BUY_YES
1779831169.288324,75954.47097,75942.59229352375,0.6322264933906928,0.645,200.65,SELL_YES
1779831169.2983432,75954.47097,75942.59229352375,0.6296184982336004,0.645,200.65,SELL_YES
1779831169.3279598,75954.47097,75942.59229352375,0.6784554116845496,0.645,93.98,BUY_YES
1779831169.6743305,75954.47097,75942.59229352375,0.6996954905219155,0.645,77.88000000000001,BUY_YES
1779831170.8533773,75954.29746,75942.59229352375,0.6913423681588887,0.645,250.0,BUY_YES
1779831171.825168,75954.29746,75942.59229352375,0.7239091195116757,0.645,90.0,BUY_YES
1779831171.835243,75954.29746,75942.59229352375,0.7206799518519987,0.645,120.19,BUY_YES
1779831171.8465214,75954.29746,75942.59229352375,0.7079857983869322,0.645,399.0,BUY_YES
1779831171.9978993,75954.297565,75942.59229352375,0.613610236804238,0.645,243.48,BUY_NO
1779831172.0174813,75954.297565,75942.59229352375,0.6660511612920484,0.645,461.44,SELL_NO
1779831172.381074,75954.297565,75942.59229352375,0.6788618879716102,0.645,98.00000000000006,BUY_YES
1779831172.689571,75954.297565,75942.59229352375,0.7032100796036103,0.645,80.00000000000006,BUY_YES
1779831172.7852514,75954.297565,75942.59229352375,0.7117724384414952,0.645,81.63,BUY_YES
1779831172.7950733,75954.297565,75942.59229352375,0.7066322685152141,0.645,95.19,BUY_YES
1779831173.1388142,75954.297565,75942.59229352375,0.6827061919681765,0.645,159.53,SELL_NO
1779831173.338749,75954.297565,75942.59229352375,0.6786008010411706,0.645,90.83000000000004,BUY_YES
1779831173.3738198,75954.297565,75942.59229352375,0.689896171788889,0.64,598.44,BUY_YES
1779831173.5278914,75954.238925,75942.59229352375,0.7097799969343304,0.635,115.0,BUY_YES
1779831173.599237,75954.238925,75942.59229352375,0.7110782904065523,0.635,80.31,BUY_YES
1779831173.608296,75954.238925,75942.59229352375,0.7056084797581784,0.635,105.41,BUY_YES
1779831173.6192148,75954.238925,75942.59229352375,0.6922266508740238,0.635,154.0,SELL_NO
1779831173.9348824,75954.238925,75942.59229352375,0.5681124953123723,0.635,170.59,BUY_NO
1779831173.9929805,75954.238925,75942.59229352375,0.6523111204257172,0.635,470.31,SELL_NO
1779831174.0100067,75954.238925,75942.59229352375,0.6069084012273503,0.635,235.57,BUY_NO
1779831174.2017722,75954.238925,75942.59229352375,0.6807235416917341,0.635,89.62,BUY_YES
1779831174.2989504,75954.238925,75942.59229352375,0.6924251186957285,0.635,81.76999999999998,BUY_YES
1779831174.3089395,75954.238925,75942.59229352375,0.6875735660838314,0.635,93.22,BUY_YES
1779831174.4595387,75954.238925,75942.59229352375,0.6991510132899323,0.63,618.59,BUY_YES
1779831174.468367,75954.238925,75942.59229352375,0.6950070674229305,0.63,93.22,BUY_YES
1779831175.0392337,75954.238925,75942.59229352375,0.7007691420731927,0.625,110.0,BUY_YES
1779831175.5003288,75946.53827490572,75942.59229352375,0.5796946840583814,0.625,190.45,BUY_NO
1779831175.5113544,75946.53827490572,75942.59229352375,0.583862754404197,0.625,100.01,SELL_YES
1779831176.5818808,75946.53827490572,75942.59229352375,0.5872730899616895,0.625,87.15,SELL_YES
1779831176.9396627,75946.03513,75942.59229352375,0.587795609929351,0.625,177.9,BUY_NO
1779831177.217266,75946.03513,75942.59229352375,0.5927220512455653,0.625,105.68,SELL_YES
1779831177.25414,75946.03513,75942.59229352375,0.6357215579471283,0.625,196.53,SELL_NO
1779831177.3730433,75946.03513,75942.59229352375,0.5697067958448108,0.625,155.28,BUY_NO
1779831177.3823528,75946.03513,75942.59229352375,0.5822141006947931,0.625,105.68,SELL_YES
1779831177.411967,75946.03513,75942.59229352375,0.6432477740466549,0.625,237.25,SELL_NO
1779831177.4755614,75946.03513,75942.59229352375,0.6138600659198864,0.625,139.28,SELL_YES
1779831177.4997315,75946.03513,75942.59229352375,0.6379509920320247,0.625,238.68,SELL_NO
1779831178.1549006,75946.03513,75942.59229352375,0.6263766910322167,0.615,229.98,SELL_NO
1779831178.5033529,75946.0581,75942.59229352375,0.5525704366123597,0.615,82.76,SELL_YES
1779831181.7311487,75946.05786,75942.59229352375,0.5404288245814365,0.615,122.44,SELL_YES
1779831181.7728095,75946.05786,75942.59229352375,0.6285963066211236,0.615,299.16,SELL_NO
1779831182.1647606,75946.058845,75942.59229352375,0.5393186116370496,0.615,87.8,SELL_YES
1779831182.2654874,75946.058845,75942.59229352375,0.6268520505263026,0.615,343.45,SELL_NO
1779831182.3076758,75946.058845,75942.59229352375,0.5154640876414974,0.615,96.99,SELL_YES
1779831182.3680222,75946.058845,75942.59229352375,0.501091085463135,0.615,92.1,SELL_YES
1779831182.375155,75946.058845,75942.59229352375,0.5090565861233945,0.615,273.0,BUY_NO
1779831182.3866293,75946.058845,75942.59229352375,0.5300441038670852,0.615,151.57,BUY_NO
1779831182.392577,75946.058845,75942.59229352375,0.5521251655160724,0.615,102.44,SELL_YES
1779831182.4294274,75946.058845,75942.59229352375,0.6687181343207033,0.615,82.35,BUY_YES
1779831188.997775,75944.12043960634,75942.59229352375,0.5833508691145322,0.395,99.4,SELL_NO
1779831189.0255136,75944.12043960634,75942.59229352375,0.5988210698160313,0.395,96.9,SELL_NO
1779831189.23683,75944.12043960634,75942.59229352375,0.5422865539425352,0.395,94.24,SELL_NO
1779831189.8373702,75944.12043960634,75942.59229352375,0.520096580821469,0.395,88.79,SELL_NO
1779831189.8568983,75944.12043960634,75942.59229352375,0.5182385125659849,0.395,88.79,SELL_NO
1779831189.9359913,75944.12043960634,75942.59229352375,0.526648134185297,0.395,86.29,SELL_NO
1779831192.0891745,75943.9650314271,75942.59229352375,0.5475531906085832,0.395,88.84,SELL_NO
1779831192.2034698,75943.15915239179,75942.59229352375,0.5158651078796055,0.395,86.34,SELL_NO
1779831199.001639,75942.14535708875,75942.59229352375,0.4863411503113414,0.4,239.75,BUY_YES
1779831199.0162773,75942.14535708875,75942.59229352375,0.4706839060562611,0.4,239.75,BUY_YES
1779831199.3365223,75942.14535708875,75942.59229352375,0.48378026773270666,0.405,89.36000000000001,SELL_NO
1779831199.444502,75942.14535708875,75942.59229352375,0.4797221605129489,0.405,89.49000000000001,SELL_NO
1779831199.7237613,75941.81791627956,75942.59229352375,0.49063135707040034,0.405,444.39,BUY_YES
1779831200.1042998,75941.81791627956,75942.59229352375,0.5062522836297864,0.405,106.72999999999996,SELL_NO
1779831200.6537082,75941.81791627956,75942.59229352375,0.5117277213042214,0.405,405.82,BUY_YES
1779831200.712674,75941.81791627956,75942.59229352375,0.5026056271688699,0.405,96.0,SELL_NO
1779831200.8234127,75941.81791627956,75942.59229352375,0.49985751953593505,0.405,480.82,BUY_YES
1779831200.832401,75941.81791627956,75942.59229352375,0.4956475157280914,0.405,92.13,SELL_NO
1779831200.9530022,75941.81791627956,75942.59229352375,0.46750591793407703,0.405,86.0,SELL_NO
1779831201.04634,75941.81791627956,75942.59229352375,0.4832430266046151,0.405,89.98999999999995,SELL_NO
1779831201.665162,75940.627655,75942.59229352375,0.46713405686646203,0.405,96.0,SELL_NO
1779831202.4317763,75940.627655,75942.59229352375,0.48046528413435663,0.405,530.16,BUY_YES
1779831202.443277,75940.627655,75942.59229352375,0.47538507501273053,0.405,103.2,SELL_NO
1779831202.4525201,75940.627655,75942.59229352375,0.46427496182320854,0.405,125.0,BUY_YES
1779831202.590139,75940.627655,75942.59229352375,0.41831050993208796,0.405,117.0,SELL_NO
1779831202.6760733,75940.627655,75942.59229352375,0.4442038651334141,0.405,88.03999999999996,SELL_NO
1779831203.0190773,75940.627655,75942.59229352375,0.48066860980479503,0.405,670.13,BUY_YES
1779831203.0316405,75940.627655,75942.59229352375,0.47179998621890545,0.405,98.9,SELL_NO
1779831203.044261,75940.627655,75942.59229352375,0.4583349707798129,0.405,130.97,SELL_NO
1779831203.3165228,75940.637845,75942.59229352375,0.44361203400745297,0.405,101.06999999999994,SELL_NO
1779831203.4648454,75940.637845,75942.59229352375,0.45726270482248127,0.405,87.32000000000005,SELL_NO
1779831203.563225,75940.637845,75942.59229352375,0.46556703131704674,0.405,90.63,SELL_NO
1779831204.2928588,75940.637845,75942.59229352375,0.4733636208410169,0.405,104.25999999999999,SELL_NO
1779831204.972317,75940.63418,75942.59229352375,0.47856649561613607,0.405,89.74000000000001,SELL_NO
1779831205.2427053,75940.63418,75942.59229352375,0.46897507465378313,0.405,87.16999999999996,SELL_NO
1779831205.2583027,75940.63418,75942.59229352375,0.49075576606028526,0.405,780.79,BUY_YES
1779831205.2686267,75940.63418,75942.59229352375,0.4807748981484899,0.405,95.87,SELL_NO
1779831205.281196,75940.63418,75942.59229352375,0.4666282737371406,0.405,175.0,BUY_YES
1779831205.2918196,75940.63418,75942.59229352375,0.4473741498153558,0.405,164.99,SELL_NO
1779831205.9185917,75940.63418,75942.59229352375,0.43120816349055363,0.4,96.40000000000009,SELL_NO
1779831206.792165,75940.63418,75942.59229352375,0.46598204876758686,0.395,105.6,SELL_NO
1779831206.8063135,75940.63418,75942.59229352375,0.4617102066435539,0.395,115.88999999999999,SELL_NO
1779831207.0565784,75941.62,75942.59229352375,0.4669941267437912,0.395,100.0,SELL_NO
1779831207.1091504,75941.62,75942.59229352375,0.48535416118809477,0.395,100.00000000000003,SELL_NO
1779831207.5464869,75941.62,75942.59229352375,0.4932240852388908,0.395,100.87,SELL_NO
1779831207.5758812,75941.62,75942.59229352375,0.48335360779753406,0.395,124.0,BUY_YES
1779831207.7880187,75941.62,75942.59229352375,0.47232328242448834,0.395,89.10000000000002,SELL_NO
1779831208.4725044,75941.62,75942.59229352375,0.4844967764255039,0.395,101.54999999999995,SELL_NO
1779831208.620637,75941.62,75942.59229352375,0.49179202015586543,0.395,599.39,BUY_YES
1779831208.6819656,75941.62,75942.59229352375,0.4644769517145355,0.395,1033.11,BUY_YES
1779831208.6897879,75941.62,75942.59229352375,0.4417531041288087,0.395,135.0,SELL_NO
1779831209.4088726,75940.16064,75942.59229352375,0.4412505908108479,0.395,96.99999999999994,SELL_NO
1779831209.4191973,75940.16064,75942.59229352375,0.44069920158775866,0.39,325.0,SELL_NO
1779831209.4305859,75940.16064,75942.59229352375,0.46700778433674095,0.39,578.67,BUY_YES
1779831209.4376006,75940.16064,75942.59229352375,0.4614241379596738,0.39,987.28,BUY_YES
1779831209.7334714,75940.16064,75942.59229352375,0.4886588329526581,0.375,82.0,SELL_NO
1779831209.817752,75940.16064,75942.59229352375,0.4481946501658777,0.375,87.53,SELL_NO
1779831209.8295448,75940.16064,75942.59229352375,0.44295244973721887,0.365,556.51,BUY_YES
1779831209.837263,75940.16064,75942.59229352375,0.4214684623526128,0.365,999.28,SELL_NO
1779831210.4781137,75941.15,75942.59229352375,0.44396673207469095,0.36,101.0,SELL_NO
1779831210.4884121,75941.15,75942.59229352375,0.4412466259859762,0.36,240.85,BUY_YES
1779831210.5007381,75941.15,75942.59229352375,0.4261905696721588,0.36,272.53,SELL_NO
1779831211.9989998,75940.13080935577,75942.59229352375,0.4782197049174566,0.325,105.0,SELL_NO
1779831212.0076993,75940.13080935577,75942.59229352375,0.474761373845467,0.325,119.0,SELL_NO
1779831212.0170712,75940.13080935577,75942.59229352375,0.464184202569723,0.325,188.47,BUY_YES
1779831212.0260515,75940.13080935577,75942.59229352375,0.4464237801457898,0.325,289.92,BUY_YES
1779831212.0394092,75940.13080935577,75942.59229352375,0.42519637711700076,0.325,356.0,BUY_YES
1779831212.0478325,75940.13080935577,75942.59229352375,0.40593871483356214,0.325,105.0,SELL_NO
1779831212.057536,75940.13080935577,75942.59229352375,0.38789896036941984,0.325,119.0,SELL_NO
1779831212.066245,75940.13080935577,75942.59229352375,0.3698585476632213,0.325,188.47,SELL_NO
1779831212.0958283,75940.13080935577,75942.59229352375,0.2929939380060058,0.325,86.97999999999999,BUY_NO
1779831212.1048713,75940.13080935577,75942.59229352375,0.2829566201505594,0.325,463.0,BUY_NO
1779831212.2046502,75940.13080935577,75942.59229352375,0.37318982848342924,0.325,80.0,SELL_NO
1779831212.969102,75940.13080935577,75942.59229352375,0.45231421524022836,0.325,84.6,SELL_NO
1779831212.980407,75940.13080935577,75942.59229352375,0.4496598048501192,0.325,88.69999999999999,SELL_NO
1779831213.018738,75940.13080935577,75942.59229352375,0.4573416482759826,0.325,164.36,BUY_YES
1779831213.0295186,75940.13080935577,75942.59229352375,0.4523661591170452,0.325,148.53,BUY_YES
1779831213.0364146,75940.13080935577,75942.59229352375,0.43959025288333703,0.325,186.7,BUY_YES
1779831213.0452332,75940.13080935577,75942.59229352375,0.4215326744177658,0.325,85.0,SELL_NO
1779831213.053692,75940.13080935577,75942.59229352375,0.4033485462416425,0.325,196.5,SELL_NO
1779831213.1011243,75940.13080935577,75942.59229352375,0.29754528903613287,0.325,83.36,BUY_NO
1779831213.1125925,75940.13080935577,75942.59229352375,0.29369341032177493,0.325,184.34,BUY_NO
1779831213.1327882,75940.13080935577,75942.59229352375,0.3369855337865565,0.325,92.69,SELL_NO
1779831213.4829535,75940.13080935577,75942.59229352375,0.4296569964196863,0.325,108.25,SELL_NO
1779831214.2678425,75940.39782237074,75942.59229352375,0.45148032775299907,0.325,116.28999999999999,SELL_NO
1779831214.2799468,75940.39782237074,75942.59229352375,0.4511713599006631,0.325,85.0,SELL_NO
1779831214.2889485,75940.39782237074,75942.59229352375,0.4453377610325242,0.325,385.0,BUY_YES
1779831214.298201,75940.39782237074,75942.59229352375,0.42533600509065966,0.325,125.0,SELL_NO
1779831214.3081548,75940.39782237074,75942.59229352375,0.405388046340413,0.325,220.0,SELL_NO
1779831214.5189922,75940.39782237074,75942.59229352375,0.3644399328042014,0.325,454.88,SELL_NO
1779831214.5304048,75940.39782237074,75942.59229352375,0.3645692750222213,0.325,127.5,SELL_NO
1779831214.6655552,75940.39782237074,75942.59229352375,0.4244815789783069,0.325,78.32,SELL_NO
1779831215.238719,75940.39782237074,75942.59229352375,0.46337996817619076,0.325,78.0,SELL_NO
1779831215.4718268,75940.39782237074,75942.59229352375,0.4503493056962397,0.325,195.0,BUY_YES
1779831215.4826846,75940.39782237074,75942.59229352375,0.44581075377113283,0.325,165.0,BUY_YES
1779831215.7029278,75941.31319849298,75942.59229352375,0.46098929141993955,0.325,101.45,SELL_NO
1779831215.7379158,75941.31319849298,75942.59229352375,0.4879856144273167,0.325,383.11,BUY_YES
1779831215.746206,75941.31319849298,75942.59229352375,0.4841762530342646,0.325,100.0,SELL_NO
1779831215.7627711,75941.31319849298,75942.59229352375,0.5014081648608942,0.325,409.11,BUY_YES
1779831215.7700336,75941.31319849298,75942.59229352375,0.4950377450298939,0.325,100.0,SELL_NO
1779831215.7787275,75941.31319849298,75942.59229352375,0.4834025879865195,0.325,322.5,BUY_YES
1779831215.785742,75941.31319849298,75942.59229352375,0.4616831354564368,0.325,225.3,BUY_YES
1779831215.7946668,75941.31319849298,75942.59229352375,0.43932166930715905,0.325,196.5,BUY_YES
1779831215.8032784,75941.31319849298,75942.59229352375,0.41785558584180105,0.325,392.0,SELL_NO
1779831215.8113325,75941.31319849298,75942.59229352375,0.397462806549711,0.325,135.0,SELL_NO
1779831215.841482,75941.31319849298,75942.59229352375,0.3011993285142204,0.325,86.13,BUY_NO
1779831215.853274,75941.31319849298,75942.59229352375,0.29207195755114124,0.325,808.32,BUY_NO
1779831215.864072,75941.31319849298,75942.59229352375,0.3584183413180533,0.325,486.95,SELL_NO
1779831215.8713012,75941.31319849298,75942.59229352375,0.3724441594904174,0.325,327.72,SELL_NO
1779831216.3182306,75941.31319849298,75942.59229352375,0.40708014673237963,0.325,84.99000000000001,SELL_NO
1779831216.3724115,75941.31319849298,75942.59229352375,0.4189605935685353,0.325,80.0,SELL_NO
1779831216.3886578,75941.31319849298,75942.59229352375,0.4136769340100477,0.325,220.3,BUY_YES
1779831216.404476,75941.31319849298,75942.59229352375,0.39887986663434777,0.325,191.5,SELL_NO
1779831216.565797,75941.31319849298,75942.59229352375,0.3504166677234902,0.325,564.69,SELL_NO
1779831216.7284794,75941.31319849298,75942.59229352375,0.4212255835367118,0.325,412.72,BUY_YES
1779831216.7926059,75941.31319849298,75942.59229352375,0.4304603822208635,0.325,225.3,BUY_YES
1779831216.80184,75941.31319849298,75942.59229352375,0.4180967859209447,0.325,196.5,BUY_YES
1779831216.813194,75941.31319849298,75942.59229352375,0.4007119119263823,0.325,407.0,SELL_NO
1779831217.0947428,75941.31319849298,75942.59229352375,0.3024730386991322,0.325,75.18,BUY_NO
1779831217.101827,75941.31319849298,75942.59229352375,0.29378042024635587,0.325,802.23,BUY_NO
1779831217.1180027,75941.31319849298,75942.59229352375,0.3584413275492103,0.325,150.0,SELL_NO
1779831217.1329546,75941.31319849298,75942.59229352375,0.4051589016724685,0.325,130.0,SELL_NO
1779831217.1412163,75941.31319849298,75942.59229352375,0.41756570359436757,0.325,145.0,SELL_NO
1779831217.1505883,75941.31319849298,75942.59229352375,0.4188587755715748,0.325,104.04,SELL_NO
1779831217.2998316,75941.31319849298,75942.59229352375,0.4603159782364199,0.325,530.85,BUY_YES
1779831217.310686,75941.31319849298,75942.59229352375,0.4535214619236803,0.325,93.0,SELL_NO
1779831217.3182223,75941.31319849298,75942.59229352375,0.44248129832637184,0.325,412.72,BUY_YES
1779831217.330921,75941.31319849298,75942.59229352375,0.42149775675078327,0.325,170.31,BUY_YES
1779831217.339631,75941.31319849298,75942.59229352375,0.4009636809209328,0.325,211.5,SELL_NO
1779831217.3786914,75941.31319849298,75942.59229352375,0.3001873714577044,0.325,106.13,BUY_NO
1779831217.3882632,75941.31319849298,75942.59229352375,0.28909748899010895,0.325,797.0,BUY_NO
1779831217.5554605,75940.87340632844,75942.59229352375,0.5377106404078196,0.325,147.15,SELL_NO
1779831217.5645618,75940.87340632844,75942.59229352375,0.5316193491704487,0.325,407.0,BUY_YES
1779831217.5738041,75940.87340632844,75942.59229352375,0.5080423570739053,0.325,145.0,BUY_YES
1779831217.5832868,75940.87340632844,75942.59229352375,0.4841731587506156,0.325,140.0,BUY_YES
1779831217.593049,75940.87340632844,75942.59229352375,0.46081278901567196,0.325,104.04,SELL_NO
1779831217.6026154,75940.87340632844,75942.59229352375,0.438414978368134,0.325,135.0,SELL_NO
1779831218.2328582,75940.87340632844,75942.59229352375,0.41102989024971837,0.325,103.0,SELL_NO
1779831218.5397997,75940.87340632844,75942.59229352375,0.4560952052746997,0.325,91.0,SELL_NO
1779831219.821082,75940.87374675155,75942.59229352375,0.477464185694635,0.325,77.02999999999999,SELL_NO
1779831219.949078,75940.87374675155,75942.59229352375,0.47340942233112865,0.325,354.24,BUY_YES
1779831219.958821,75940.87374675155,75942.59229352375,0.4692841756850482,0.325,121.16000000000001,SELL_NO
1779831219.967879,75940.87374675155,75942.59229352375,0.46494675394723567,0.325,227.72,BUY_YES
1779831220.1222942,75940.87374675155,75942.59229352375,0.4784320671547462,0.325,375.89,BUY_YES
1779831220.1299238,75940.87374675155,75942.59229352375,0.47348036876375726,0.325,111.34,SELL_NO
1779831220.1482122,75940.87374675155,75942.59229352375,0.46599016167687557,0.325,222.5,BUY_YES
1779831220.1575792,75940.87374675155,75942.59229352375,0.4507674048409908,0.325,179.99,BUY_YES
1779831220.1739147,75940.87374675155,75942.59229352375,0.4316717488665561,0.325,191.5,BUY_YES
1779831220.1833208,75940.87374675155,75942.59229352375,0.4113842270794074,0.325,302.0,SELL_NO
1779831220.1993465,75940.87374675155,75942.59229352375,0.3763074925292373,0.325,358.89,BUY_YES
1779831220.20785,75940.87374675155,75942.59229352375,0.358165461878519,0.325,139.34,SELL_NO
1779831220.2305515,75940.87374675155,75942.59229352375,0.31085947845144035,0.325,150.36,BUY_NO
1779831220.2396636,75940.87374675155,75942.59229352375,0.30130988329020936,0.325,365.95,BUY_NO
1779831220.2683153,75940.87374675155,75942.59229352375,0.36162264865349336,0.325,75.0,SELL_NO
1779831220.2811418,75940.87374675155,75942.59229352375,0.36865547190007125,0.325,222.5,SELL_NO
1779831220.6555643,75940.87374675155,75942.59229352375,0.39725581877139665,0.325,82.28000000000002,SELL_NO
1779831220.8099477,75940.87374675155,75942.59229352375,0.46499478406785555,0.315,421.23,BUY_YES
1779831220.8189678,75940.87374675155,75942.59229352375,0.46248552304993557,0.315,113.0,SELL_NO
1779831220.8298817,75940.87374675155,75942.59229352375,0.45930379935834775,0.315,227.72,BUY_YES
1779831220.839031,75940.87374675155,75942.59229352375,0.4443992082215919,0.315,184.99,BUY_YES
1779831220.8507779,75940.87374675155,75942.59229352375,0.425525124443689,0.315,161.5,BUY_YES
1779831220.861756,75940.87374675155,75942.59229352375,0.4057998100749173,0.315,272.0,SELL_NO
1779831220.9086385,75940.87374675155,75942.59229352375,0.2859550329524146,0.315,749.0,BUY_NO
1779831221.0815935,75940.33904542949,75942.59229352375,0.5102762247720516,0.305,83.42,SELL_NO
1779831221.3348567,75940.33904542949,75942.59229352375,0.4863424840006313,0.305,75.64,SELL_NO
1779831221.4617307,75940.33904542949,75942.59229352375,0.47629964783688167,0.305,100.0,SELL_NO
1779831222.3140728,75940.33904542949,75942.59229352375,0.42452373251854725,0.305,73.0,SELL_NO
1779831222.9312272,75939.697485,75942.59229352375,0.4240506922873979,0.305,93.13999999999999,SELL_NO
1779831223.1172278,75939.697485,75942.59229352375,0.43143606204095414,0.305,127.1,SELL_NO
1779831223.1234374,75939.697485,75942.59229352375,0.4104106283747806,0.305,268.64,SELL_NO
1779831223.129759,75939.697485,75942.59229352375,0.39039009695604154,0.305,227.72,SELL_NO
1779831223.138147,75939.697485,75942.59229352375,0.3713705921082395,0.305,140.0,SELL_NO
1779831223.1646464,75939.697485,75942.59229352375,0.29023648749110603,0.305,923.54,BUY_NO
1779831223.1887283,75939.697485,75942.59229352375,0.38610450444784644,0.305,153.0,SELL_NO
1779831223.1973894,75939.697485,75942.59229352375,0.39443520372068575,0.305,287.0,SELL_NO
1779831223.4107018,75939.697485,75942.59229352375,0.40941521946888687,0.305,115.0,SELL_NO
1779831223.419958,75939.697485,75942.59229352375,0.3894444584954425,0.305,111.02,SELL_NO
1779831223.4297168,75939.697485,75942.59229352375,0.3704722355706704,0.305,220.5,SELL_NO
1779831223.6873562,75939.697485,75942.59229352375,0.29074448520509494,0.305,886.77,BUY_NO
1779831223.710311,75939.697485,75942.59229352375,0.3689750973964384,0.305,222.5,SELL_NO
1779831223.7177477,75939.697485,75942.59229352375,0.3760315423524011,0.305,140.0,SELL_NO
1779831223.800422,75939.697485,75942.59229352375,0.37611442617965385,0.305,153.0,SELL_NO
1779831223.9596455,75939.697485,75942.59229352375,0.37070163636711834,0.305,116.02,SELL_NO
1779831223.967509,75939.697485,75942.59229352375,0.3526665545487624,0.305,230.7,SELL_NO
1779831223.9879959,75939.697485,75942.59229352375,0.28956326859135195,0.305,962.07,BUY_NO
1779831224.0070238,75939.697485,75942.59229352375,0.36665246033005994,0.305,222.5,SELL_NO
1779831224.0192292,75939.697485,75942.59229352375,0.37108953697307895,0.305,140.0,SELL_NO
1779831224.514833,75939.697485,75942.59229352375,0.4373676064164991,0.31,208.0,BUY_YES
1779831224.5248473,75939.697485,75942.59229352375,0.42309197541840043,0.31,302.0,SELL_NO
1779831224.53381,75939.697485,75942.59229352375,0.4034396584830079,0.315,210.0,SELL_NO
1779831224.5708945,75939.697485,75942.59229352375,0.2868788873506186,0.32,972.77,BUY_NO
1779831225.2418034,75939.697485,75942.59229352375,0.44260638860972573,0.335,82.6,SELL_NO
1779831225.253379,75939.697485,75942.59229352375,0.4380982752877057,0.335,147.5,BUY_YES
1779831225.2652013,75939.697485,75942.59229352375,0.4263621588684845,0.335,145.3,BUY_YES
1779831225.2776735,75939.697485,75942.59229352375,0.41056010378313745,0.335,233.38,SELL_NO
1779831225.2867029,75939.697485,75942.59229352375,0.39168037348889334,0.335,302.0,SELL_NO
1779831225.484469,75939.697485,75942.59229352375,0.3681660428869573,0.335,87.49000000000001,SELL_NO
1779831225.723644,75939.697485,75942.59229352375,0.4000928239790315,0.335,93.22999999999999,SELL_NO
1779831226.1594849,75939.698615,75942.59229352375,0.4546390146304639,0.335,80.75999999999999,SELL_NO
1779831226.4672842,75939.698615,75942.59229352375,0.4426785591589804,0.335,91.00000000000003,SELL_NO
1779831227.0430713,75939.698615,75942.59229352375,0.44810181769544355,0.335,329.52,BUY_YES
1779831227.0866177,75939.698615,75942.59229352375,0.43899922173035266,0.335,109.23,SELL_NO
1779831227.100316,75939.698615,75942.59229352375,0.45126900077626747,0.335,230.44,BUY_YES
1779831227.1216137,75939.698615,75942.59229352375,0.4422922464389183,0.335,109.23,SELL_NO
1779831227.1301284,75939.698615,75942.59229352375,0.43343951430491157,0.335,135.31,SELL_NO
1779831227.1365473,75939.698615,75942.59229352375,0.4196046497247131,0.335,170.0,BUY_YES
1779831227.1441681,75939.698615,75942.59229352375,0.4022757555174794,0.335,272.0,SELL_NO
1779831227.1768472,75939.698615,75942.59229352375,0.3206788572506692,0.335,126.24,BUY_NO
1779831227.1976733,75939.698615,75942.59229352375,0.3018486253478409,0.335,146.24,BUY_NO
1779831227.8333726,75940.29783173557,75942.59229352375,0.41930945909819256,0.335,113.33,SELL_NO
1779831227.8420866,75940.29783173557,75942.59229352375,0.4131837558496688,0.335,99.0,SELL_NO
1779831227.887704,75940.29783173557,75942.59229352375,0.3777397717420805,0.335,130.0,SELL_NO
1779831232.1573493,75940.82088460942,75942.59229352375,0.4471406271049775,0.33999999999999997,174.8,BUY_YES
1779831232.1650019,75940.82088460942,75942.59229352375,0.43581079187657357,0.33999999999999997,150.31,BUY_YES
1779831232.1722515,75940.82088460942,75942.59229352375,0.4356420518918689,0.33999999999999997,174.8,BUY_YES
1779831232.1811702,75940.82088460942,75942.59229352375,0.4257490537366587,0.345,150.31,BUY_YES
1779831232.187327,75940.82088460942,75942.59229352375,0.4111403613934686,0.345,220.4,SELL_NO
1779831232.1943846,75940.82088460942,75942.59229352375,0.39282956781015743,0.345,277.0,SELL_NO
1779831232.3670568,75940.82088460942,75942.59229352375,0.3570033985829318,0.345,179.08,SELL_NO
1779831232.515073,75940.82088460942,75942.59229352375,0.4002201505745166,0.345,79.81999999999996,SELL_NO
1779831232.828757,75940.82088460942,75942.59229352375,0.4157029945575719,0.345,116.93,SELL_NO
1779831232.8554134,75940.79310840114,75942.59229352375,0.4130393128323038,0.345,192.0,BUY_YES
1779831232.9582098,75940.79310840114,75942.59229352375,0.3839570111350376,0.345,84.0,SELL_NO
1779831233.208751,75940.79310840114,75942.59229352375,0.44541209429121226,0.345,250.0,BUY_YES
1779831233.2221582,75940.79310840114,75942.59229352375,0.4440545122216112,0.345,302.0,BUY_YES
1779831233.4229672,75940.79310840114,75942.59229352375,0.4906068616451449,0.345,447.85,BUY_YES
1779831233.7065797,75940.79310840114,75942.59229352375,0.48401394428480204,0.345,199.12,BUY_YES
1779831233.7212195,75940.79310840114,75942.59229352375,0.4685299045240042,0.345,265.0,BUY_YES
1779831233.8303845,75940.79310840114,75942.59229352375,0.4094684136880186,0.345,81.98000000000002,SELL_NO
1779831233.9095085,75940.79310840114,75942.59229352375,0.40601262637369595,0.345,150.0,BUY_YES
1779831234.1472483,75940.79310840114,75942.59229352375,0.4547285362724992,0.345,77.43999999999994,SELL_NO
1779831234.7673905,75940.79310840114,75942.59229352375,0.4746866175922339,0.345,165.59000000000003,BUY_YES
1779831237.9298356,75940.92426566494,75942.59229352375,0.40290568882047684,0.415,351.62,BUY_NO
1779831238.2719164,75940.92426566494,75942.59229352375,0.39631984829257055,0.415,359.41,BUY_NO
1779831238.9075794,75940.92426566494,75942.59229352375,0.396787128455468,0.415,342.44,BUY_NO
1779831239.0147367,75939.87633177136,75942.59229352375,0.46174015382407757,0.415,116.55,SELL_NO
1779831239.0202112,75939.87633177136,75942.59229352375,0.45705895618432063,0.415,311.09,SELL_NO
1779831241.3713408,75940.76510224515,75942.59229352375,0.46761427985487725,0.415,89.64,SELL_NO
1779831242.432729,75940.76510224515,75942.59229352375,0.4611087012279141,0.415,129.69,SELL_NO
1779831242.8665316,75940.76510224515,75942.59229352375,0.4049271114720713,0.415,194.85999999999999,BUY_NO
1779831245.155947,75940.72219708057,75942.59229352375,0.4039695654422083,0.415,333.86,BUY_NO
1779831245.7903574,75941.27605507565,75942.59229352375,0.40393895193259877,0.425,323.11,BUY_NO
1779831245.8143735,75941.27605507565,75942.59229352375,0.4033951291148454,0.425,323.11,BUY_NO
1779831245.8352516,75941.27605507565,75942.59229352375,0.403596069129725,0.425,323.11,BUY_NO
1779831245.8626006,75941.27605507565,75942.59229352375,0.44593545612520513,0.425,280.9,SELL_NO
1779831246.4204206,75941.27605507565,75942.59229352375,0.4553536618216881,0.425,117.58,SELL_NO
1779831249.1772485,75941.26580789455,75942.59229352375,0.47135292926772837,0.435,95.37,SELL_NO
1779831249.7676697,75941.26580789455,75942.59229352375,0.4463917331934814,0.435,90.64000000000004,SELL_NO
1779831249.7867076,75941.26580789455,75942.59229352375,0.42370690578150194,0.435,221.86,BUY_NO
1779831249.8147912,75941.26580789455,75942.59229352375,0.42275415163514996,0.435,194.86,BUY_NO
1779831250.6504242,75941.26580789455,75942.59229352375,0.4883135646680308,0.435,480.37,SELL_NO
1779831250.6594603,75941.26580789455,75942.59229352375,0.47339005663599987,0.435,197.58,SELL_NO
1779831250.6873074,75941.26580789455,75942.59229352375,0.42479679236220746,0.435,259.56,BUY_NO
1779831250.9833755,75941.71522701562,75942.59229352375,0.4883148515282496,0.435,101.09000000000003,SELL_NO
1779831251.5685456,75941.71522701562,75942.59229352375,0.48538884964274825,0.435,498.36,SELL_NO
1779831251.5781336,75941.71522701562,75942.59229352375,0.4714980493797958,0.435,204.0,SELL_NO
1779831251.5992732,75941.71522701562,75942.59229352375,0.42416158583640395,0.435,260.7,BUY_NO
1779831251.6748016,75941.71522701562,75942.59229352375,0.45267746248079327,0.435,517.36,SELL_NO
1779831251.6947854,75941.71522701562,75942.59229352375,0.41518332952265824,0.435,259.01,BUY_NO
1779831251.7144988,75941.71522701562,75942.59229352375,0.44630300376094445,0.435,506.36,SELL_NO
1779831251.7348359,75941.71522701562,75942.59229352375,0.41825585763302986,0.435,257.32,BUY_NO
1779831252.2548335,75941.71522701562,75942.59229352375,0.48998906058106906,0.435,327.65533122249104,SELL_NO
1779831252.70559,75941.35617357555,75942.59229352375,0.5031873899403603,0.435,593.17,BUY_YES
1779831252.7484188,75941.35617357555,75942.59229352375,0.4207836544378361,0.435,302.14,BUY_NO
1779831252.7654457,75941.35617357555,75942.59229352375,0.44865659721883844,0.435,302.14,SELL_NO
1779831252.8146052,75941.35617357555,75942.59229352375,0.49986259366372315,0.435,429.79,BUY_YES
1779831252.8628926,75941.35617357555,75942.59229352375,0.4219284338053579,0.435,302.14,BUY_NO
1779831253.1968558,75941.35617357555,75942.59229352375,0.47810388288955946,0.435,192.58,SELL_NO
1779831253.2043595,75941.35617357555,75942.59229352375,0.46986299850681146,0.435,100.2,SELL_NO
1779831254.545766,75940.78674693836,75942.59229352375,0.42460025684238695,0.435,388.84,BUY_NO
1779831254.557866,75940.78674693836,75942.59229352375,0.45716912125457154,0.435,277.63,SELL_NO
1779831254.5667765,75940.78674693836,75942.59229352375,0.45698785145771853,0.435,120.56999999999994,SELL_NO
1779831254.8178213,75940.78674693836,75942.59229352375,0.4182058124110433,0.435,409.84,BUY_NO
1779831254.8411746,75940.78674693836,75942.59229352375,0.45276563363130146,0.435,272.4,SELL_NO
1779831254.882842,75940.78674693836,75942.59229352375,0.4216289663080467,0.435,364.84,BUY_NO
1779831254.8966305,75940.78674693836,75942.59229352375,0.4451985565632071,0.435,259.9,SELL_NO
1779831254.947506,75940.78674693836,75942.59229352375,0.4202200443980149,0.435,354.9,BUY_NO
1779831254.9702342,75940.78674693836,75942.59229352375,0.45498860007255176,0.435,259.9,SELL_NO
1779831255.004152,75940.78674693836,75942.59229352375,0.42261468761742654,0.435,357.9,BUY_NO
1779831255.02271,75940.78674693836,75942.59229352375,0.4464407567314918,0.435,239.15,SELL_NO
1779831255.0475159,75940.78674693836,75942.59229352375,0.4246697915368289,0.435,375.9,BUY_NO
1779831255.0615396,75940.78674693836,75942.59229352375,0.4479031392168583,0.435,244.45,SELL_NO
1779831255.1138651,75940.78674693836,75942.59229352375,0.4230389967552144,0.435,367.9,BUY_NO
1779831255.126592,75940.78674693836,75942.59229352375,0.44797213548844084,0.435,239.45,SELL_NO
1779831255.3527498,75940.78674693836,75942.59229352375,0.42089834155731953,0.435,398.9,BUY_NO
1779831255.3675358,75940.78674693836,75942.59229352375,0.45030867240426936,0.435,241.99,SELL_NO
1779831255.882576,75940.7860520085,75942.59229352375,0.4627078100905092,0.435,92.0,SELL_NO
1779831255.8920314,75940.7860520085,75942.59229352375,0.4607646990763745,0.435,247.58,SELL_NO
1779831256.0376022,75940.7860520085,75942.59229352375,0.4523196909739275,0.435,361.99,SELL_NO
1779831256.1663475,75940.7860520085,75942.59229352375,0.44630894433652574,0.435,171.36999999999978,SELL_NO
1779831256.2620513,75940.7860520085,75942.59229352375,0.49675950400292934,0.435,335.12000000000023,BUY_YES
1779831256.8172297,75940.7860520085,75942.59229352375,0.49723224600005295,0.435,486.49,BUY_YES
1779831258.5630162,75941.00276512325,75942.59229352375,0.4990588513105774,0.435,584.69,BUY_YES
1779831259.4811723,75941.47655968135,75942.59229352375,0.4789622416222481,0.415,207.2,BUY_YES
1779831259.802408,75941.47655968135,75942.59229352375,0.4839421354729,0.415,261.89,BUY_YES
1779831260.2901704,75941.47655968135,75942.59229352375,0.4855429440318651,0.415,262.89,BUY_YES
1779831260.4033773,75941.47655968135,75942.59229352375,0.49181621295175587,0.415,298.89,BUY_YES
1779831260.5421758,75941.47655968135,75942.59229352375,0.4894470535074665,0.415,300.89,BUY_YES
1779831264.3947256,75939.11321,75942.59229352375,0.3949056103027941,0.405,985.41,BUY_NO
1779831265.2695444,75939.11321,75942.59229352375,0.3937435043006909,0.405,85.68999999999994,BUY_NO
1779831266.1828873,75939.11321,75942.59229352375,0.36437911609248635,0.405,969.46,BUY_NO
1779831266.4767299,75939.11321,75942.59229352375,0.3845688143962658,0.405,166.58,BUY_NO
1779831268.6543489,75939.11321,75942.59229352375,0.36078160889774386,0.405,860.35,BUY_NO
1779831268.6717935,75939.11321,75942.59229352375,0.37075928792120005,0.405,185.18,BUY_NO
1779831269.3159516,75939.11321,75942.59229352375,0.3799067828252741,0.405,219.86,BUY_NO
1779831269.5762362,75939.11321,75942.59229352375,0.3583426088275762,0.405,884.07,BUY_NO
1779831269.5875728,75939.11321,75942.59229352375,0.3640982157016697,0.405,178.58,BUY_NO
1779831269.6394746,75939.11321,75942.59229352375,0.39096303552611783,0.405,858.73,BUY_NO
1779831270.177809,75939.11321,75942.59229352375,0.37139196056682955,0.405,85.78000000000009,BUY_NO
1779831270.186617,75939.11321,75942.59229352375,0.37357002721512,0.405,170.0,BUY_NO
1779831271.4845166,75939.11321,75942.59229352375,0.3624138727964613,0.405,220.86,BUY_NO
1779831271.941078,75939.11321,75942.59229352375,0.36835394281688977,0.405,88.69000000000005,BUY_NO
1779831271.9615157,75939.11321,75942.59229352375,0.3698526030603804,0.405,130.0,BUY_NO
1779831273.0094683,75939.11321,75942.59229352375,0.3660823557681711,0.405,88.28000000000009,BUY_NO
1779831274.4705598,75926.83532864021,75942.59229352375,0.10381559715329264,0.405,94.04000000000008,BUY_NO
1779831274.6886349,75926.83532864021,75942.59229352375,0.06769799409841111,0.405,745.95,BUY_NO
1779831274.7024393,75926.83532864021,75942.59229352375,0.06864253402481856,0.405,116.73,BUY_NO
1779831274.7093928,75926.83532864021,75942.59229352375,0.06571040732357762,0.405,745.95,BUY_NO
1779831274.7242537,75926.83532864021,75942.59229352375,0.06764051000540026,0.405,116.73,BUY_NO
1779831274.7344773,75926.83532864021,75942.59229352375,0.07139441343846839,0.405,85.0,BUY_NO
1779831274.749849,75926.83532864021,75942.59229352375,0.0767135632043079,0.405,740.25,BUY_NO
1779831274.7559278,75926.83532864021,75942.59229352375,0.08108878655443286,0.405,110.0,BUY_NO
1779831274.7654388,75926.83532864021,75942.59229352375,0.08722034555621955,0.405,85.0,BUY_NO
1779831274.798627,75926.83532864021,75942.59229352375,0.10477941372900741,0.405,718.15,BUY_NO
1779831274.8066833,75926.83532864021,75942.59229352375,0.10767396482649706,0.405,110.0,BUY_NO
1779831274.817962,75926.83532864021,75942.59229352375,0.11239024128544693,0.405,85.0,BUY_NO
1779831274.8519945,75926.83532864021,75942.59229352375,0.12180276380449798,0.405,679.15,BUY_NO
1779831274.8634758,75926.83532864021,75942.59229352375,0.1242440495854865,0.405,110.0,BUY_NO
1779831274.870264,75926.83532864021,75942.59229352375,0.12853791391832212,0.405,85.0,BUY_NO
1779831274.950916,75926.83532864021,75942.59229352375,0.12791902907638417,0.405,89.0,BUY_NO
1779831275.0711958,75926.83532864021,75942.59229352375,0.0975227110820427,0.405,194.86,BUY_NO
1779831275.430837,75926.83532864021,75942.59229352375,0.06952770570640211,0.405,100.0,BUY_NO
1779831275.8881507,75925.51847614467,75942.59229352375,0.04826325404588833,0.405,875.86,BUY_NO
1779831275.8979242,75925.51847614467,75942.59229352375,0.04909222439824255,0.405,110.0,BUY_NO
1779831275.9084961,75925.51847614467,75942.59229352375,0.050216359789193865,0.405,138.0,BUY_NO
1779831275.9360282,75925.51847614467,75942.59229352375,0.05433187595104344,0.405,650.0,BUY_NO
1779831275.9454973,75925.51847614467,75942.59229352375,0.0559674228511513,0.405,110.0,BUY_NO
1779831276.1797543,75925.51847614467,75942.59229352375,0.05887299083844647,0.405,138.0,BUY_NO
1779831276.4260776,75925.51847614467,75942.59229352375,0.05478506164805143,0.405,588.0,BUY_NO
1779831276.4366982,75925.51847614467,75942.59229352375,0.05465069202727043,0.405,90.0,BUY_NO
1779831276.4482758,75925.51847614467,75942.59229352375,0.05534307213235652,0.405,138.0,BUY_NO
1779831276.5267503,75925.51847614467,75942.59229352375,0.06148255223168145,0.405,583.0,BUY_NO
1779831276.5349994,75925.51847614467,75942.59229352375,0.061538652906087864,0.405,90.0,BUY_NO
1779831276.5415099,75925.51847614467,75942.59229352375,0.06276530792995148,0.405,138.0,BUY_NO
1779831276.665315,75925.51847614467,75942.59229352375,0.06256521494289709,0.405,577.5,BUY_NO
1779831276.6758032,75925.51847614467,75942.59229352375,0.06240687215001174,0.405,90.0,BUY_NO
1779831276.685267,75925.51847614467,75942.59229352375,0.06306739541182262,0.405,138.0,BUY_NO
1779831277.4363935,75924.05980457227,75942.59229352375,0.0402443512507531,0.405,551.9,BUY_NO
1779831277.4523208,75924.05980457227,75942.59229352375,0.04023874007469838,0.405,102.0,BUY_NO
1779831277.5473506,75924.05980457227,75942.59229352375,0.035469399873558446,0.405,138.0,BUY_NO
1779831280.1582556,75912.8475307924,75942.59229352375,0.010078407379860186,0.405,548.64,BUY_NO
1779831280.1973457,75912.8475307924,75942.59229352375,0.010060670135895134,0.405,527.97,BUY_NO
1779831280.2356856,75912.8475307924,75942.59229352375,0.010040249807721916,0.405,511.97,BUY_NO
1779831280.27251,75912.8475307924,75942.59229352375,0.010028107941892815,0.405,516.97,BUY_NO
1779831281.5558429,75911.38487065957,75942.59229352375,0.010000066101980414,0.405,478.67,BUY_NO
1779831281.6046,75911.38487065957,75942.59229352375,0.010000046161478269,0.405,463.0,BUY_NO
1779831281.642198,75911.38487065957,75942.59229352375,0.010000033932928334,0.405,442.0,BUY_NO
1779831281.8711534,75911.38487065957,75942.59229352375,0.010000004831904488,0.405,460.58,BUY_NO
1779831282.4929702,75911.38487065957,75942.59229352375,0.010000000353201232,0.405,445.58,BUY_NO
1779831300.0598009,75897.58604902518,75897.58604902518,0.23522355704530784,0.23522355704530784,20761.6,BUY_YES
1779831300.150247,75898.05122851254,75897.58604902518,0.4885053918460723,0.4885053918460723,2070.7500000000023,SELL_NO
1779831300.3815122,75898.05122851254,75897.58604902518,0.5135801222537687,0.5135801222537687,1651.65,SELL_NO
1779831300.4034972,75898.05122851254,75897.58604902518,0.6019530319514586,0.6019530319514586,68.0,SELL_NO
1779831300.413249,75898.05122851254,75897.58604902518,0.6213553803538856,0.6213553803538856,5000.0,BUY_YES
1779831300.448737,75898.05122851254,75897.58604902518,0.7454336274419822,0.7454336274419822,348.0,SELL_NO
1779831300.4627154,75898.05122851254,75897.58604902518,0.757661946069883,0.757661946069883,183.92,SELL_NO
1779831300.501132,75898.05122851254,75897.58604902518,0.8277496716387579,0.8277496716387579,60.0,SELL_NO
1779831300.5124595,75898.05122851254,75897.58604902518,0.83586218805682,0.83586218805682,253.7,SELL_NO
1779831300.5184715,75898.05122851254,75897.58604902518,0.8435690786539789,0.8435690786539789,286.1,SELL_NO
1779831300.5495026,75898.05122851254,75897.58604902518,0.8766945444018868,0.8766945444018868,66.70999999999913,SELL_NO
1779831300.5573506,75898.05122851254,75897.58604902518,0.8823598171817923,0.8823598171817923,171.72000000000116,SELL_NO
1779831300.584218,75898.05122851254,75897.58604902518,0.9148308457796958,0.9148308457796958,62.82999999999811,SELL_NO
1779831300.5911448,75898.05122851254,75897.58604902518,0.9185893034907109,0.9185893034907109,300.0,SELL_NO
1779831300.6145458,75898.05122851254,75897.58604902518,0.934743764307514,0.934743764307514,2559.34,SELL_NO
1779831300.6784134,75898.05122851254,75897.58604902518,0.9644002705920304,0.9644002705920304,4595.0,SELL_NO
1779831300.6858692,75898.05122851254,75897.58604902518,0.9656802570624288,0.9656802570624288,300.0,SELL_NO
1779831300.6959877,75898.05122851254,75897.58604902518,0.9668962442093073,0.9668962442093073,110.0,SELL_NO
1779831300.7133212,75898.05122851254,75897.58604902518,0.9701914173789548,0.9701914173789548,8005.0,BUY_YES
1779831300.7521484,75898.05122851254,75897.58604902518,0.978732876377283,0.978732876377283,78.18000000000029,SELL_NO
1779831300.7920775,75898.05122851254,75897.58604902518,0.9839116960915224,0.9839116960915224,2065.199999999997,SELL_NO
1779831300.799135,75898.05122851254,75897.58604902518,0.9842161112869462,0.9842161112869462,110.0,SELL_NO
1779831300.8044722,75898.05122851254,75897.58604902518,0.9845053057225989,0.9845053057225989,2020.2000000000044,SELL_NO
1779831300.8134,75898.05122851254,75897.58604902518,0.9847800404364688,0.9847800404364688,69.3,SELL_NO
1779831300.8313503,75898.05122851254,75897.58604902518,0.9855245371692173,0.9855245371692173,2042.0,SELL_NO
1779831300.8374221,75898.05122851254,75897.58604902518,0.9857483103107564,0.9857483103107564,68.0,SELL_NO
1779831300.849937,75898.05122851254,75897.58604902518,0.9859608947952185,0.9859608947952185,140.0,SELL_NO
1779831300.8693824,75898.05122851254,75897.58604902518,0.9867101235662977,0.9867101235662977,1149.3699999999963,SELL_NO
1779831301.19043,75898.05122851254,75897.58604902518,0.9888206256120534,0.9888206256120534,24072.33,BUY_YES
1779831301.3996081,75898.05122851254,75897.58604902518,0.9898941572437693,0.9898941572437693,5086.009999999995,BUY_YES
1779831301.4156594,75898.05122851254,75897.58604902518,0.9899137904135327,0.9899137904135327,6021.030000000013,BUY_YES
1779831301.434306,75898.05122851254,75897.58604902518,0.9899332926653616,0.9899332926653616,6197.75,BUY_YES
1779831301.4592185,75898.05122851254,75897.58604902518,0.9899534157802986,0.9899534157802986,6060.419999999998,BUY_YES
1779831301.5188076,75898.05122851254,75897.58604902518,0.9899772820416295,0.9899772820416295,6371.369999999995,BUY_YES
1779831301.7569141,75898.05122851254,75897.58604902518,0.9899841352023784,0.9899841352023784,14623.020000000004,BUY_YES
1779831301.797904,75898.05122851254,75897.58604902518,0.9899900012206632,0.9899900012206632,8941.039999999994,BUY_YES
1779831301.8039541,75898.05122851254,75897.58604902518,0.9899905011596299,0.9899905011596299,8609.0,BUY_YES
1779831301.8337388,75898.05122851254,75897.58604902518,0.9899933666054997,0.9899933666054997,5395.459999999992,BUY_YES
1779831301.8410764,75898.05122851254,75897.58604902518,0.9899936982752247,0.9899936982752247,5000.0,BUY_YES
1779831302.1247919,75897.61604881138,75897.58604902518,0.6572531803624334,0.6572531803624334,5816.6600000000035,BUY_YES
1779831302.4848201,75897.61604881138,75897.58604902518,0.5495990206788719,0.5495990206788719,153162.73,BUY_YES
1779831302.8818634,75897.94899059719,75897.58604902518,0.5005960973785144,0.5005960973785144,153404.52,BUY_YES
1779831302.8936937,75897.94899059719,75897.58604902518,0.5006477171080279,0.5006477171080279,30000.0,BUY_YES
1779831302.9023128,75897.94899059719,75897.58604902518,0.5006967596437057,0.5006967596437057,42955.0,BUY_YES
1779831302.914618,75897.94899059719,75897.58604902518,0.500743355467534,0.500743355467534,56252.00000000003,BUY_YES
1779831302.9248998,75897.94899059719,75897.58604902518,0.500787626024936,0.500787626024936,8132.0,BUY_YES
1779831302.9354122,75897.94899059719,75897.58604902518,0.5008296876809102,0.5008296876809102,11305.0,BUY_YES
1779831302.9474795,75897.94899059719,75897.58604902518,0.5008696515651783,0.5008696515651783,61078.0,BUY_YES
1779831302.9581916,75897.94899059719,75897.58604902518,0.5009076219701218,0.5009076219701218,44380.0,BUY_YES
1779831302.9681659,75897.94899059719,75897.58604902518,0.5009436982451397,0.5009436982451397,7949.0,BUY_YES
1779831302.9871936,75897.94899059719,75897.58604902518,0.5010105431084366,0.5010105431084366,11041.0,BUY_YES
1779831302.9971752,75897.94899059719,75897.58604902518,0.5010414860966503,0.5010414860966503,10514.0,BUY_YES
1779831303.0137172,75897.94899059719,75897.58604902518,0.5010988187327866,0.5010988187327866,12129.0,BUY_YES
1779831303.0425415,75897.94899059719,75897.58604902518,0.5011745396894471,0.5011745396894471,11932.0,BUY_YES
1779831303.0535467,75897.94899059719,75897.58604902518,0.5011973076687958,0.5011973076687958,5734.0,BUY_YES
1779831303.0630379,75897.94899059719,75897.58604902518,0.5012189414287929,0.5012189414287929,5233.0,BUY_YES
1779831303.081776,75897.94899059719,75897.58604902518,0.5012590293417883,0.5012590293417883,12706.0,BUY_YES
1779831303.1010451,75897.94899059719,75897.58604902518,0.5012952275284421,0.5012952275284421,5010.0,BUY_YES
1779831303.118875,75897.94899059719,75897.58604902518,0.5013279120764028,0.5013279120764028,14897.0,BUY_YES
1779831303.129827,75897.94899059719,75897.58604902518,0.5013430450330633,0.5013430450330633,5213.0,BUY_YES
1779831303.1535532,75897.94899059719,75897.58604902518,0.5013840755610571,0.5013840755610571,10185.0,BUY_YES
1779831303.1667914,75897.94899059719,75897.58604902518,0.5013964166283918,0.5013964166283918,7990.0,BUY_YES
1779831303.1965935,75897.94899059719,75897.58604902518,0.5014399435014253,0.5014399435014253,5241.0,BUY_YES
1779831303.2117357,75897.94899059719,75897.58604902518,0.5014585975810808,0.5014585975810808,5113.0,BUY_YES
1779831303.4685988,75897.94899059719,75897.58604902518,0.5014835402797815,0.5014835402797815,7041.0,BUY_YES
1779831303.4854887,75897.94899059719,75897.58604902518,0.5014981793942505,0.5014981793942505,6564.0,BUY_YES
1779831303.5055199,75897.94899059719,75897.58604902518,0.501517528899335,0.501517528899335,8289.0,BUY_YES
1779831303.5391262,75897.94899059719,75897.58604902518,0.501539148455669,0.501539148455669,9021.359999999986,BUY_YES
1779831303.5689116,75897.94899059719,75897.58604902518,0.50155273218276,0.50155273218276,5389.0,BUY_YES
1779831303.600681,75897.94899059719,75897.58604902518,0.5015679263642834,0.5015679263642834,5525.0,BUY_YES
1779831303.635872,75897.94899059719,75897.58604902518,0.501580359330728,0.501580359330728,9163.099999999977,BUY_YES
1779831303.6888115,75897.94899059719,75897.58604902518,0.501592792779955,0.501592792779955,6425.859999999986,BUY_YES
1779831303.7217004,75897.94899059719,75897.58604902518,0.5016007558415222,0.5016007558415222,5887.0,BUY_YES
1779831303.738822,75897.94899059719,75897.58604902518,0.5016041842529486,0.5016041842529486,18028.0,BUY_YES
1779831303.7678516,75897.94899059719,75897.58604902518,0.501610106918282,0.501610106918282,7763.790000000037,BUY_YES
1779831303.8051383,75897.94899059719,75897.58604902518,0.5016160606184819,0.5016160606184819,15952.0,BUY_YES
1779831303.8549676,75897.94899059719,75897.58604902518,0.5016223194602935,0.5016223194602935,9175.119999999995,BUY_YES
1779831303.9095008,75897.94899059719,75897.58604902518,0.50162683758263,0.50162683758263,7970.369999999995,BUY_YES
1779831303.9327407,75897.94899059719,75897.58604902518,0.5016283730935355,0.5016283730935355,7545.959999999963,BUY_YES
1779831303.9775944,75897.94899059719,75897.58604902518,0.501630899537254,0.501630899537254,8634.70000000007,BUY_YES
1779831303.9928505,75897.94899059719,75897.58604902518,0.5016316076250523,0.5016316076250523,5564.0,BUY_YES
1779831304.0134392,75897.94899059719,75897.58604902518,0.5016322631994348,0.5016322631994348,9966.0,BUY_YES
1779831304.035191,75898.71123609591,75897.58604902518,0.5020357758818166,0.5020357758818166,13000.0,BUY_YES
1779831304.0970922,75898.71123609591,75897.58604902518,0.5048708897283408,0.5048708897283408,10171.0,BUY_YES
1779831304.1198566,75898.71123609591,75897.58604902518,0.5055602557905255,0.5055602557905255,27494.699999999953,BUY_YES
1779831304.1340854,75898.71123609591,75897.58604902518,0.5059643420041045,0.5059643420041045,20439.20000000007,BUY_YES
1779831304.1496456,75898.71123609591,75897.58604902518,0.5063290627931815,0.5063290627931815,12601.0,BUY_YES
1779831304.166161,75898.71123609591,75897.58604902518,0.5066582605970937,0.5066582605970937,5620.0,BUY_YES
1779831304.188011,75898.71123609591,75897.58604902518,0.5070929292599508,0.5070929292599508,9408.0,BUY_YES
1779831304.237928,75898.71123609591,75897.58604902518,0.5079726884044987,0.5079726884044987,5280.0,BUY_YES
1779831304.48265,75898.71123609591,75897.58604902518,0.5082208571900623,0.5082208571900623,8347.0,BUY_YES
1779831304.5260603,75898.71123609591,75897.58604902518,0.5086162498122119,0.5086162498122119,9329.0,BUY_YES
1779831304.6176424,75898.71123609591,75897.58604902518,0.5091213786640821,0.5091213786640821,14204.0,BUY_YES
1779831304.6760495,75898.71123609591,75897.58604902518,0.509321805250034,0.509321805250034,8228.0,BUY_YES
1779831304.7299073,75898.71123609591,75897.58604902518,0.5094551853684598,0.5094551853684598,6842.0,BUY_YES
1779831304.7478933,75898.71123609591,75897.58604902518,0.5094808944063236,0.5094808944063236,7153.0,BUY_YES
1779831304.785357,75898.71123609591,75897.58604902518,0.5095251709695588,0.5095251709695588,11379.0,BUY_YES
1779831304.8396146,75898.71123609591,75897.58604902518,0.5095974419028754,0.5095974419028754,42860.0,BUY_YES
1779831304.8919551,75898.71123609591,75897.58604902518,0.5096349723953277,0.5096349723953277,6325.0,BUY_YES
1779831304.9012623,75898.71123609591,75897.58604902518,0.5096393489666393,0.5096393489666393,8166.89,BUY_YES
1779831304.9640944,75898.71123609591,75897.58604902518,0.509670421594453,0.509670421594453,9593.0,BUY_YES
1779831304.97234,75898.71123609591,75897.58604902518,0.5096731079124336,0.5096731079124336,6235.999999999999,BUY_YES
1779831304.984024,75898.71123609591,75897.58604902518,0.5096756734306253,0.5096756734306253,6870.22,BUY_YES
1779831304.992884,75898.71123609591,75897.58604902518,0.509678120922604,0.509678120922604,6928.0,BUY_YES
1779831305.002528,75898.71123609591,75897.58604902518,0.5096804571973754,0.5096804571973754,50005.00999999989,BUY_YES
1779831305.013643,75898.71123609591,75897.58604902518,0.5096826895183523,0.5096826895183523,19271.4,BUY_YES
1779831305.0232255,75898.71123609591,75897.58604902518,0.5096848213106349,0.5096848213106349,6862.0,BUY_YES
1779831305.0408566,75898.71123609591,75897.58604902518,0.50968880235848,0.50968880235848,15461.0,BUY_YES
1779831305.0542955,75898.71123609591,75897.58604902518,0.5096906644616372,0.5096906644616372,6074.0,BUY_YES
1779831305.0822568,75898.71123609591,75897.58604902518,0.509695778734279,0.509695778734279,6222.0,BUY_YES
1779831305.0918627,75898.71123609591,75897.58604902518,0.5096973354971717,0.5096973354971717,9074.0,BUY_YES
1779831305.107938,75898.71123609591,75897.58604902518,0.5097002481327774,0.5097002481327774,6847.37,BUY_YES
1779831305.1485991,75898.71123609591,75897.58604902518,0.5097085953921046,0.5097085953921046,27435.0,BUY_YES
1779831305.1671374,75898.71123609591,75897.58604902518,0.5097105416630197,0.5097105416630197,16000.0,BUY_YES
1779831305.441199,75898.71123609591,75897.58604902518,0.5097171616834949,0.5097171616834949,5212.010000000009,BUY_YES
1779831305.4490569,75898.71123609591,75897.58604902518,0.5097180631052373,0.5097180631052373,5005.010000000009,BUY_YES
1779831305.4580605,75898.71123609591,75897.58604902518,0.5097189298960094,0.5097189298960094,5005.010000000009,BUY_YES
1779831305.4746065,75898.71123609591,75897.58604902518,0.5097205645443107,0.5097205645443107,5075.009999999893,BUY_YES
1779831305.492513,75898.71123609591,75897.58604902518,0.5097220802133732,0.5097220802133732,5005.010000000009,BUY_YES
1779831305.5040915,75898.71123609591,75897.58604902518,0.509722799531143,0.509722799531143,5005.010000000009,BUY_YES
1779831305.516665,75898.71123609591,75897.58604902518,0.5097234974666593,0.5097234974666593,5005.010000000009,BUY_YES
1779831305.5305839,75898.71123609591,75897.58604902518,0.5097241766505937,0.5097241766505937,5005.010000000009,BUY_YES
1779831305.5405226,75898.71123609591,75897.58604902518,0.509724833404452,0.509724833404452,5005.010000000009,BUY_YES
1779831305.5519717,75898.71123609591,75897.58604902518,0.5097254706025063,0.5097254706025063,5005.010000000009,BUY_YES
1779831305.5622427,75898.71123609591,75897.58604902518,0.5097260878565706,0.5097260878565706,5005.010000000009,BUY_YES
1779831305.5702543,75898.71123609591,75897.58604902518,0.509726683542933,0.509726683542933,5005.010000000009,BUY_YES
1779831305.5825427,75898.71123609591,75897.58604902518,0.5097272637025736,0.5097272637025736,5005.010000000009,BUY_YES
1779831305.5903819,75898.71123609591,75897.58604902518,0.5097278239501769,0.5097278239501769,5005.010000000009,BUY_YES
1779831305.6020713,75898.71123609591,75897.58604902518,0.5097283697494487,0.5097283697494487,5005.010000000009,BUY_YES
1779831306.6786919,75906.66604095472,75897.94899059719,0.4450127566049836,0.635,170.18,BUY_NO
1779831306.6871667,75906.66604095472,75897.94899059719,0.4544002650743201,0.635,175.06,BUY_NO
1779831306.6966734,75906.66604095472,75897.94899059719,0.477853549503591,0.635,145.77,BUY_NO
1779831306.7103145,75906.66604095472,75897.94899059719,0.503101669755735,0.635,155.0,BUY_NO
1779831306.718865,75906.66604095472,75897.94899059719,0.5274465862679483,0.635,135.0,BUY_NO
1779831306.731363,75906.66604095472,75897.94899059719,0.5505742569545509,0.635,210.0,BUY_NO
1779831306.7630684,75906.66604095472,75897.94899059719,0.6499807365846582,0.635,272.37,BUY_YES
1779831306.828081,75906.66604095472,75897.94899059719,0.6996170405768364,0.635,332.0,BUY_YES
1779831306.8406801,75906.66604095472,75897.94899059719,0.6679586849597354,0.635,420.36,BUY_YES
1779831306.8646224,75906.66604095472,75897.94899059719,0.5782681461499596,0.635,164.43,BUY_NO
1779831306.872659,75906.66604095472,75897.94899059719,0.5857195623889957,0.635,175.06,BUY_NO
1779831306.8827062,75906.66604095472,75897.94899059719,0.6033364509916671,0.635,145.77,BUY_NO
1779831306.9025307,75906.66604095472,75897.94899059719,0.656699396736597,0.635,274.37,BUY_YES
1779831307.5299242,75906.66604095472,75897.94899059719,0.5354241026962203,0.635,88.32999999999998,SELL_YES
1779831307.56589,75906.66604095472,75897.94899059719,0.568401613152333,0.635,243.05,BUY_NO
1779831307.5729702,75906.66604095472,75897.94899059719,0.5866616064868915,0.635,210.73,BUY_NO
1779831307.595371,75906.66604095472,75897.94899059719,0.6597183864499001,0.635,179.47,BUY_YES
1779831307.602694,75906.66604095472,75897.94899059719,0.6655109791425818,0.635,303.04,BUY_YES
1779831307.6188512,75906.66604095472,75897.94899059719,0.5969328516502229,0.635,160.77,BUY_NO
1779831307.7563453,75906.66604095472,75897.94899059719,0.593000367634057,0.635,170.0,BUY_NO
1779831307.8316312,75906.66604095472,75897.94899059719,0.6743688065453549,0.635,386.0,BUY_YES
1779831307.8546305,75906.66604095472,75897.94899059719,0.5644268556644962,0.635,174.0,BUY_NO
1779831307.8636518,75906.66604095472,75897.94899059719,0.5603456192282148,0.635,184.0,BUY_NO
1779831309.6153555,75906.76869811903,75897.94899059719,0.5450148041825558,0.635,87.57999999999998,SELL_YES
1779831310.2817345,75906.76869811903,75897.94899059719,0.5659628857738389,0.635,295.26,BUY_NO
1779831310.291775,75906.76869811903,75897.94899059719,0.5775631498680208,0.635,210.73,BUY_NO
1779831310.301648,75906.76869811903,75897.94899059719,0.5972241802808341,0.635,215.77,BUY_NO
1779831310.321257,75906.76869811903,75897.94899059719,0.6531454711255668,0.635,84.47,BUY_YES
1779831310.3330247,75906.76869811903,75897.94899059719,0.668417953780967,0.635,223.38,BUY_YES
1779831310.3415506,75906.76869811903,75897.94899059719,0.6670103790086834,0.635,336.0,BUY_YES
1779831310.3688927,75906.76869811903,75897.94899059719,0.5844075462271711,0.635,234.86,BUY_NO
1779831310.624267,75906.76869811903,75897.94899059719,0.544533715355249,0.635,88.85000000000002,SELL_YES
1779831310.8988886,75906.76869811903,75897.94899059719,0.5376321080892205,0.635,401.11,BUY_NO
1779831310.9078522,75906.76869811903,75897.94899059719,0.5507065836433441,0.635,198.73,BUY_NO
1779831310.9173934,75906.76869811903,75897.94899059719,0.5715209904833364,0.635,225.77,BUY_NO
1779831311.1330972,75906.76869811903,75897.94899059719,0.5968808364098712,0.635,393.11,BUY_NO
1779831311.1931238,75906.76869811903,75897.94899059719,0.6111833994706932,0.635,100.0,SELL_YES
1779831311.3979807,75906.76869811903,75897.94899059719,0.6145893656713028,0.635,205.97,BUY_NO
1779831311.916668,75906.76869811903,75897.94899059719,0.6075638047781693,0.635,100.0,SELL_YES
1779831312.1737828,75906.76869811903,75897.94899059719,0.6012069519008766,0.635,225.77,BUY_NO
1779831312.6667943,75906.76869811903,75897.94899059719,0.6159795099856831,0.635,79.99999999999999,SELL_YES
1779831312.8506322,75909.45797814442,75897.94899059719,0.624205839119682,0.635,82.0,SELL_YES
1779831313.0841067,75909.45797814442,75897.94899059719,0.6464541117111449,0.635,88.17,BUY_YES
1779831315.1399577,75909.03291287825,75897.94899059719,0.647900502295621,0.635,232.1,BUY_YES
1779831315.202571,75909.03291287825,75897.94899059719,0.6504732190595661,0.635,252.97,BUY_YES
1779831315.8819275,75909.03291287825,75897.94899059719,0.5980491884953083,0.635,83.58,SELL_YES
1779831315.888643,75909.03291287825,75897.94899059719,0.6066745187984834,0.635,220.06,BUY_NO
1779831316.2838573,75906.92841875213,75897.94899059719,0.6046862048034974,0.635,185.76,BUY_NO
1779831316.3133035,75906.92841875213,75897.94899059719,0.6579642527978716,0.635,242.82,BUY_YES
1779831316.71757,75906.92841875213,75897.94899059719,0.5384583709451037,0.635,87.33999999999999,SELL_YES
1779831317.2064288,75906.92841875213,75897.94899059719,0.5729347025191479,0.635,84.10000000000002,SELL_YES
1779831317.9861972,75906.92841875213,75897.94899059719,0.5734442278204612,0.635,170.02,BUY_NO
1779831317.9989865,75906.92841875213,75897.94899059719,0.5836587515881791,0.635,240.06,BUY_NO
1779831318.008116,75906.92841875213,75897.94899059719,0.6032344457275296,0.635,235.76,BUY_NO
1779831318.0384643,75906.92841875213,75897.94899059719,0.6517937193902283,0.635,89.41,BUY_YES
1779831318.0519893,75906.92841875213,75897.94899059719,0.6588627206513811,0.635,246.84,BUY_YES
1779831318.1544356,75910.6047907907,75897.94899059719,0.5228002390825592,0.635,84.0,SELL_YES
1779831318.1639316,75910.6047907907,75897.94899059719,0.5297791984804341,0.635,264.86,BUY_NO
1779831318.171858,75910.6047907907,75897.94899059719,0.5516103929611741,0.635,234.0,BUY_NO
1779831318.2352126,75910.6047907907,75897.94899059719,0.6718285583742643,0.635,371.0,BUY_YES
1779831318.2657022,75910.6047907907,75897.94899059719,0.5638066001571334,0.635,234.0,BUY_NO
1779831318.283618,75910.6047907907,75897.94899059719,0.5769097683433048,0.635,222.02,BUY_NO
1779831318.2912934,75910.6047907907,75897.94899059719,0.5917041785315114,0.635,240.06,BUY_NO
1779831318.8515306,75910.6047907907,75897.94899059719,0.6233969853808948,0.635,229.58,BUY_NO
1779831318.891691,75910.6047907907,75897.94899059719,0.6852444448259193,0.635,83.53,BUY_YES
1779831318.9028714,75910.6047907907,75897.94899059719,0.686994573088562,0.635,236.91,BUY_YES
1779831318.9582512,75910.6047907907,75897.94899059719,0.5393852616202016,0.635,249.58,BUY_NO
1779831318.968181,75910.6047907907,75897.94899059719,0.5476125400409932,0.635,260.72,BUY_NO
1779831318.9750948,75910.6047907907,75897.94899059719,0.5687846338001828,0.635,230.0,BUY_NO
1779831318.9854603,75910.6047907907,75897.94899059719,0.5898454021101737,0.635,274.0,BUY_NO
1779831319.1561944,75910.6047907907,75897.94899059719,0.768921356878979,0.635,90.16,BUY_YES
1779831319.1646311,75910.6047907907,75897.94899059719,0.7559697561669609,0.635,236.68,BUY_YES
1779831319.2022064,75910.6047907907,75897.94899059719,0.6785743867962578,0.635,95.16,BUY_YES
1779831319.2190042,75910.6047907907,75897.94899059719,0.6153742276017949,0.635,238.87,BUY_NO
1779831319.3026245,75910.6047907907,75897.94899059719,0.6565513646828287,0.635,236.65,BUY_YES
1779831319.3223293,75910.6047907907,75897.94899059719,0.5983362804241243,0.635,275.72,BUY_NO
1779831319.6422892,75910.6047907907,75897.94899059719,0.5230735344432202,0.635,230.0,BUY_NO
1779831319.6495028,75910.6047907907,75897.94899059719,0.5436494722770833,0.635,294.85,BUY_NO
1779831319.6632097,75910.6047907907,75897.94899059719,0.5659669986632291,0.635,239.0,BUY_NO
1779831319.707502,75910.6047907907,75897.94899059719,0.6741826407980825,0.635,381.32,BUY_YES
1779831319.756952,75910.6047907907,75897.94899059719,0.5682518360706519,0.635,85.0,SELL_YES
1779831319.7668257,75910.6047907907,75897.94899059719,0.5682581796289263,0.635,229.0,BUY_NO
1779831322.4867039,75912.33412,75897.94899059719,0.6241906683041015,0.635,150.03,BUY_NO
1779831322.5001688,75912.33412,75897.94899059719,0.6459840078181975,0.635,95.16,BUY_YES
1779831323.7715638,75912.33412,75897.94899059719,0.624560894371251,0.635,124.9,SELL_YES
1779831324.4866421,75915.6909389138,75897.94899059719,0.6497592293907624,0.635,110.16,BUY_YES
1779831324.4995375,75915.6909389138,75897.94899059719,0.6057905542985642,0.635,258.22,BUY_NO
1779831324.506627,75915.6909389138,75897.94899059719,0.6142440716892023,0.635,255.06,SELL_YES
1779831324.5229568,75915.6909389138,75897.94899059719,0.6641289532345804,0.635,234.01,BUY_YES
1779831324.896085,75915.6909389138,75897.94899059719,0.6655108160120267,0.635,397.32,BUY_YES
1779831324.9814177,75915.6909389138,75897.94899059719,0.48973163397557556,0.635,283.22,BUY_NO
1779831324.986685,75915.6909389138,75897.94899059719,0.5079780484838491,0.635,270.06,BUY_NO
1779831325.0117133,75915.6909389138,75897.94899059719,0.5855401899793174,0.635,235.75,BUY_NO
1779831325.0215955,75915.6909389138,75897.94899059719,0.6071052638494027,0.635,278.22,BUY_NO
1779831325.0390477,75915.6909389138,75897.94899059719,0.6568207174421858,0.635,95.16,BUY_YES
1779831325.0468328,75915.6909389138,75897.94899059719,0.6656464332632597,0.635,244.0,BUY_YES
1779831325.0789032,75915.6909389138,75897.94899059719,0.6069248878704475,0.635,270.06,BUY_NO
1779831325.0897548,75915.6909389138,75897.94899059719,0.6239573598593621,0.635,272.22,SELL_YES
1779831325.1018882,75915.6909389138,75897.94899059719,0.6567665010629254,0.635,95.16,BUY_YES
1779831325.109022,75915.6909389138,75897.94899059719,0.6669946391554484,0.635,243.98,BUY_YES
1779831325.1330643,75915.6909389138,75897.94899059719,0.6129394758083662,0.635,270.06,BUY_NO
1779831325.1496496,75915.6909389138,75897.94899059719,0.5828473185001328,0.635,259.22,BUY_NO
1779831325.1552877,75915.6909389138,75897.94899059719,0.592388295109376,0.635,285.06,BUY_NO
1779831325.1684604,75915.6909389138,75897.94899059719,0.6468195490774069,0.635,95.16,BUY_YES
1779831325.177814,75915.6909389138,75897.94899059719,0.6588465527843681,0.635,243.98,BUY_YES
1779831325.2387736,75915.6909389138,75897.94899059719,0.5867672463192869,0.635,272.22,BUY_NO
1779831325.247646,75915.6909389138,75897.94899059719,0.5992578761076508,0.635,285.06,BUY_NO
1779831325.2641742,75915.6909389138,75897.94899059719,0.6539551350472146,0.635,87.34,BUY_YES
1779831325.272481,75915.6909389138,75897.94899059719,0.6675987457622786,0.635,243.98,BUY_YES
1779831325.720298,75915.6909389138,75897.94899059719,0.6164024764649849,0.635,223.8,BUY_NO
1779831325.7422988,75915.6909389138,75897.94899059719,0.6456914269489554,0.635,87.34,BUY_YES
1779831325.902836,75918.04533488855,75897.94899059719,0.6551807875447557,0.635,244.01,BUY_YES
1779831325.947126,75918.04533488855,75897.94899059719,0.5322484655423539,0.635,242.82,BUY_NO
1779831325.9538221,75918.04533488855,75897.94899059719,0.5449347312767798,0.635,285.06,BUY_NO
1779831325.9612644,75918.04533488855,75897.94899059719,0.5669300488856286,0.635,205.75,BUY_NO
1779831325.9673927,75918.04533488855,75897.94899059719,0.5880835464413471,0.635,299.0,BUY_NO
1779831325.982841,75918.04533488855,75897.94899059719,0.64540688063015,0.635,87.34,BUY_YES
1779831325.992434,75918.04533488855,75897.94899059719,0.6626365365986424,0.635,243.83,BUY_YES
1779831325.9995744,75918.04533488855,75897.94899059719,0.675313282075497,0.635,357.0,BUY_YES
1779831328.8382013,75918.91050868905,75897.94899059719,0.7192679557962296,0.635,87.77000000000001,BUY_YES
1779831328.898002,75918.91050868905,75897.94899059719,0.6866632329636202,0.635,170.11,BUY_YES
1779831328.904763,75918.91050868905,75897.94899059719,0.669784386695712,0.635,243.01,BUY_YES
1779831328.9182658,75918.91050868905,75897.94899059719,0.6116152363640648,0.635,164.82,BUY_NO
1779831328.925873,75918.91050868905,75897.94899059719,0.5999885712224018,0.635,235.06,BUY_NO
1779831329.224531,75918.91050868905,75897.94899059719,0.6768971868698405,0.635,387.0,BUY_YES
1779831329.247496,75918.91050868905,75897.94899059719,0.5613391974094688,0.635,230.75,BUY_NO
1779831329.2536752,75918.91050868905,75897.94899059719,0.5707405117679055,0.635,299.0,BUY_NO
1779831329.3748674,75918.91050868905,75897.94899059719,0.6841279125922557,0.635,290.0,BUY_YES
1779831329.4015958,75918.91050868905,75897.94899059719,0.5831052862050862,0.635,374.94,SELL_YES
1779831329.4475887,75918.91050868905,75897.94899059719,0.6886114520805058,0.635,270.0,BUY_YES
1779831329.9002664,75918.91050868905,75897.94899059719,0.70770824367553,0.635,204.48,BUY_YES
1779831329.931655,75918.91050868905,75897.94899059719,0.6593058647294127,0.635,219.48,BUY_YES
1779831330.6329267,75917.67312120611,75897.94899059719,0.7184618559272997,0.635,83.16999999999999,BUY_YES
1779831330.6409676,75917.67312120611,75897.94899059719,0.7116172863610598,0.635,300.48,BUY_YES
1779831330.6498659,75917.67312120611,75897.94899059719,0.6804418376699481,0.635,387.0,BUY_YES
1779831332.3142316,75919.00584398136,75897.94899059719,0.6804055258703796,0.635,157.48000000000002,BUY_YES
1779831332.5702393,75919.00584398136,75897.94899059719,0.698165312308158,0.635,240.97,BUY_YES
1779831332.6073108,75919.00584398136,75897.94899059719,0.7056778454919924,0.635,245.58,BUY_YES
1779831332.6691186,75919.00584398136,75897.94899059719,0.7066721545784619,0.635,264.74,BUY_YES
1779831332.7046895,75919.00584398136,75897.94899059719,0.7069002418902347,0.635,270.72,BUY_YES
1779831332.714061,75919.00584398136,75897.94899059719,0.7025120782771898,0.635,450.36,BUY_YES
1779831332.7208974,75919.00584398136,75897.94899059719,0.6686377701674123,0.635,387.0,BUY_YES
1779831333.000919,75919.00584398136,75897.94899059719,0.689023469599328,0.635,316.51,BUY_YES
1779831333.0085387,75919.00584398136,75897.94899059719,0.6826528810472716,0.635,455.29,BUY_YES
1779831333.461288,75919.00584398136,75897.94899059719,0.6641336023540508,0.63,330.53,BUY_YES
1779831333.467188,75919.00584398136,75897.94899059719,0.6645016574184273,0.63,454.82,BUY_YES
1779831333.4797065,75919.00584398136,75897.94899059719,0.6035375385113864,0.63,96.91,SELL_YES
1779831333.485676,75919.00584398136,75897.94899059719,0.581654256096819,0.63,130.75,BUY_NO
1779831333.4957273,75919.00584398136,75897.94899059719,0.5761218171160066,0.625,284.0,BUY_NO
1779831334.2307858,75919.0018792371,75897.94899059719,0.7230485158881468,0.625,115.0,BUY_YES
1779831334.3015144,75919.0018792371,75897.94899059719,0.6770790620969152,0.625,341.0,BUY_YES
1779831335.1078181,75919.0018792371,75897.94899059719,0.7082166914429707,0.625,82.16,BUY_YES
1779831335.1793723,75919.0018792371,75897.94899059719,0.6628655026634913,0.625,165.57,BUY_YES
1779831335.186461,75919.0018792371,75897.94899059719,0.6529927639254677,0.625,225.77,BUY_YES
1779831335.1988847,75919.0018792371,75897.94899059719,0.6021765527814316,0.625,231.78,BUY_NO
1779831335.2065828,75919.0018792371,75897.94899059719,0.6038600666542363,0.625,137.75,SELL_YES
1779831335.6163,75918.99947602018,75897.94899059719,0.6834649226743847,0.625,453.01,BUY_YES
1779831335.8198428,75918.99947602018,75897.94899059719,0.6082962889399132,0.625,210.62,BUY_NO
1779831335.8373928,75918.99947602018,75897.94899059719,0.650055198260395,0.625,123.57,BUY_YES
1779831335.8458242,75918.99947602018,75897.94899059719,0.6527122670124857,0.625,214.41,BUY_YES
1779831335.866448,75918.99947602018,75897.94899059719,0.598953118057162,0.625,142.75,BUY_NO
1779831336.2892833,75918.99947602018,75897.94899059719,0.7199118043732687,0.625,145.18,BUY_YES
1779831336.2973475,75918.99947602018,75897.94899059719,0.7128643040507465,0.625,81.22999999999999,BUY_YES
1779831336.309419,75918.99947602018,75897.94899059719,0.6983096031780598,0.625,453.01,BUY_YES
1779831336.7160943,75919.0230981285,75897.94899059719,0.7302266053686479,0.625,291.26,BUY_YES
1779831336.7234871,75919.0230981285,75897.94899059719,0.7082002849065179,0.625,282.0,BUY_YES
1779831336.730541,75919.0230981285,75897.94899059719,0.6743935145355551,0.625,453.01,BUY_YES
1779831336.9682868,75919.0230981285,75897.94899059719,0.5899356621708637,0.625,146.62,BUY_NO
1779831337.0172741,75919.0230981285,75897.94899059719,0.5608221938254166,0.625,82.75,SELL_YES
1779831337.0240726,75919.0230981285,75897.94899059719,0.5718086729642489,0.625,194.0,BUY_NO
1779831337.1483066,75919.0230981285,75897.94899059719,0.7412420849651162,0.625,293.06,BUY_YES
1779831337.2177167,75919.0230981285,75897.94899059719,0.6490313008974377,0.625,282.0,BUY_YES
1779831337.2300212,75919.0230981285,75897.94899059719,0.5998402075513611,0.625,147.95,BUY_NO
1779831338.2955594,75919.0230981285,75897.94899059719,0.7001368494472394,0.625,339.19,BUY_YES
1779831338.3032675,75919.0230981285,75897.94899059719,0.6808345536484476,0.625,289.09,BUY_YES
1779831338.7047546,75919.02525440577,75897.94899059719,0.6780686774017217,0.625,453.01,BUY_YES
1779831338.9527187,75919.02525440577,75897.94899059719,0.6831144608473392,0.625,393.46,BUY_YES
1779831338.9748144,75919.02525440577,75897.94899059719,0.5996732198692994,0.625,184.05,BUY_NO
1779831338.9835413,75919.02525440577,75897.94899059719,0.5943056510563107,0.625,107.0,SELL_YES
1779831339.0961316,75919.02525440577,75897.94899059719,0.6819093188496047,0.625,319.65,BUY_YES
1779831339.3506088,75919.02525440577,75897.94899059719,0.6851330324669251,0.625,310.0,SELL_NO
1779831339.368957,75919.02525440577,75897.94899059719,0.6118263576925248,0.625,135.0,SELL_YES
1779831340.0010238,75919.02525440577,75897.94899059719,0.6950741249190211,0.625,754.0,SELL_NO
1779831340.2896583,75919.02525440577,75897.94899059719,0.4543207260190068,0.625,80.65999999999997,SELL_YES
1779831341.0915306,75919.02575791541,75897.94899059719,0.7010973411728427,0.625,228.06,BUY_YES
1779831341.0978353,75919.02575791541,75897.94899059719,0.6692002553883791,0.625,218.62,BUY_YES
1779831341.107996,75919.02575791541,75897.94899059719,0.6055625374916137,0.625,397.55,BUY_NO
1779831341.1150439,75919.02575791541,75897.94899059719,0.6039232300896084,0.625,107.0,SELL_YES
1779831341.1465757,75919.02575791541,75897.94899059719,0.6575156102075076,0.625,418.0,SELL_NO
1779831341.162023,75919.02575791541,75897.94899059719,0.5797948616867921,0.625,194.86,BUY_NO
1779831341.1683474,75919.02575791541,75897.94899059719,0.5784049839993209,0.625,369.0,BUY_NO
1779831341.198937,75919.02575791541,75897.94899059719,0.6776014959553429,0.625,378.06,BUY_YES
1779831341.7202644,75919.07375791542,75897.94899059719,0.7183561276916094,0.625,93.0,BUY_YES
1779831342.666432,75919.07375791542,75897.94899059719,0.7215804212822142,0.625,362.19,BUY_YES
1779831342.6759245,75919.07375791542,75897.94899059719,0.6909319878701855,0.625,245.06,BUY_YES
1779831342.6988132,75919.07375791542,75897.94899059719,0.6024733987648264,0.625,312.54,BUY_NO
1779831343.2761557,75919.07375791542,75897.94899059719,0.7191705376416988,0.625,487.0,BUY_YES
1779831343.2868774,75919.07375791542,75897.94899059719,0.6846070042623141,0.625,428.33,BUY_YES
1779831343.5706804,75918.62135629205,75897.94899059719,0.6428768224229604,0.625,107.13999999999999,BUY_YES
1779831343.6187463,75918.62135629205,75897.94899059719,0.6395289334572448,0.625,477.33,SELL_NO
1779831343.6287606,75918.62135629205,75897.94899059719,0.6146423690078908,0.625,253.89,SELL_YES
1779831343.7060075,75918.62135629205,75897.94899059719,0.6885477449177732,0.625,536.33,BUY_YES
1779831343.7457762,75918.62135629205,75897.94899059719,0.6116847452432251,0.625,99.02,SELL_YES
1779831343.7777703,75918.62135629205,75897.94899059719,0.6609084178433527,0.625,501.33,BUY_YES
1779831344.0021834,75918.62135629205,75897.94899059719,0.6506435744281976,0.625,245.06,SELL_NO
1779831344.0185056,75918.62135629205,75897.94899059719,0.5775874559054442,0.625,97.86,SELL_YES
1779831344.0623708,75918.62135629205,75897.94899059719,0.5671022775364462,0.625,92.86,SELL_YES
1779831344.0833392,75918.62135629205,75897.94899059719,0.6442319590923857,0.625,511.8,BUY_YES
1779831344.1208546,75918.62135629205,75897.94899059719,0.594430138360684,0.625,87.86,SELL_YES
1779831344.136337,75918.62135629205,75897.94899059719,0.6502463750637053,0.625,567.8,BUY_YES
1779831344.1644425,75918.62135629205,75897.94899059719,0.5964707913280846,0.625,82.86,SELL_YES
1779831344.1837115,75918.62135629205,75897.94899059719,0.6515760991076783,0.625,566.33,BUY_YES
1779831344.3735247,75918.62135629205,75897.94899059719,0.659155978016406,0.625,99.0,BUY_YES
1779831344.3831606,75918.62135629205,75897.94899059719,0.6556395659921608,0.625,238.29,BUY_YES
1779831344.3987172,75918.62135629205,75897.94899059719,0.5912836793464717,0.625,82.76,SELL_YES
1779831344.4065573,75918.62135629205,75897.94899059719,0.5839583474421303,0.625,145.86,BUY_NO
1779831344.4632854,75918.62135629205,75897.94899059719,0.6577988482703719,0.625,487.0,SELL_NO
1779831344.4775758,75918.62135629205,75897.94899059719,0.6652821963711733,0.625,442.33,SELL_NO
1779831344.775158,75918.62135629205,75897.94899059719,0.6977913045537267,0.625,735.98,BUY_YES
1779831344.8052306,75918.62135629205,75897.94899059719,0.5808245791111125,0.625,295.0,BUY_NO
1779831344.8877082,75918.2118194622,75897.94899059719,0.7264753541864631,0.625,103.15000000000003,BUY_YES
1779831344.8973522,75918.2118194622,75897.94899059719,0.7240248120626407,0.625,1071.0,BUY_YES
1779831345.1851254,75918.2118194622,75897.94899059719,0.6528227619236701,0.625,120.99999999999994,BUY_YES
1779831345.2088575,75918.2118194622,75897.94899059719,0.6094361745953271,0.625,170.0,BUY_NO
1779831345.856754,75918.2118194622,75897.94899059719,0.7141423140969702,0.625,454.12,BUY_YES
1779831345.8653057,75918.2118194622,75897.94899059719,0.6863163064661245,0.625,239.25,BUY_YES
1779831345.8907905,75918.2118194622,75897.94899059719,0.6064008780902721,0.625,257.86,BUY_NO
1779831345.9773781,75918.2118194622,75897.94899059719,0.6950901387675383,0.625,482.0,BUY_YES
1779831346.4236877,75918.2118194622,75897.94899059719,0.7112809078928337,0.625,316.81,BUY_YES
1779831346.458901,75918.21156197992,75897.94899059719,0.6134634666435541,0.625,257.86,SELL_YES
1779831346.4913752,75918.21156197992,75897.94899059719,0.6666175950888961,0.625,232.46,BUY_YES
1779831346.6478748,75918.21156197992,75897.94899059719,0.724669245413592,0.625,84.41000000000003,BUY_YES
1779831347.038572,75918.21156197992,75897.94899059719,0.6862036344241008,0.625,477.0,BUY_YES
1779831347.4019983,75918.21156197992,75897.94899059719,0.6660338366187631,0.625,412.33,SELL_NO
1779831347.417369,75918.21156197992,75897.94899059719,0.607157737800053,0.625,113.37,SELL_YES
1779831347.7879004,75918.21156197992,75897.94899059719,0.5624400755264977,0.625,410.07,BUY_NO
1779831347.7961514,75918.21156197992,75897.94899059719,0.5809588905794588,0.625,182.0,BUY_NO
1779831347.8121207,75918.21156197992,75897.94899059719,0.6378462881132013,0.625,146.5,SELL_NO
1779831347.8212204,75918.21156197992,75897.94899059719,0.6594721678858025,0.625,107.46,BUY_YES
1779831347.8291202,75918.21156197992,75897.94899059719,0.6601491143052298,0.625,408.0,SELL_NO
1779831347.8418143,75918.21156197992,75897.94899059719,0.5775937849498225,0.625,180.86,BUY_NO
1779831347.8499715,75918.21156197992,75897.94899059719,0.5712337060614743,0.625,320.0,BUY_NO
1779831347.8833957,75918.21156197992,75897.94899059719,0.6684742881228546,0.625,349.33,SELL_NO
1779831348.6853647,75918.62434187831,75897.94899059719,0.7051045877815606,0.625,141.5,BUY_YES
1779831348.6943622,75918.62434187831,75897.94899059719,0.6767020834723325,0.625,113.02,BUY_YES
1779831348.7142322,75918.62434187831,75897.94899059719,0.5951944731576746,0.625,373.59,BUY_NO
1779831348.7466981,75918.62434187831,75897.94899059719,0.6552785781695215,0.625,413.03,SELL_NO
1779831348.7584703,75918.62434187831,75897.94899059719,0.6023727387609772,0.625,236.0,SELL_YES
1779831348.932565,75918.62434187831,75897.94899059719,0.6667369975856766,0.625,339.0,SELL_NO
1779831349.3686426,75918.62434187831,75897.94899059719,0.5908261712006471,0.625,98.32000000000005,SELL_YES
1779831349.6478548,75918.6245110681,75897.94899059719,0.6845437663275126,0.625,266.0,BUY_YES
1779831350.1895013,75918.6245110681,75897.94899059719,0.6867732972807504,0.625,266.63,BUY_YES
1779831350.279486,75918.6245110681,75897.94899059719,0.6956277803775034,0.625,415.0,SELL_NO
1779831350.3803484,75918.6245110681,75897.94899059719,0.5360979167903904,0.625,201.29000000000002,BUY_NO
1779831357.7986376,75916.9974572059,75897.94899059719,0.6224079506984344,0.655,1009.46,BUY_NO
1779831357.8169265,75916.9974572059,75897.94899059719,0.6711857691947103,0.655,165.67,SELL_NO
1779831357.84643,75916.9974572059,75897.94899059719,0.6852602416283053,0.655,94.44,BUY_YES
1779831357.884913,75916.9974572059,75897.94899059719,0.640655422340839,0.655,78.64999999999986,SELL_YES
1779831358.442027,75916.9974572059,75897.94899059719,0.694512588328647,0.655,134.0,BUY_YES
1779831358.491509,75916.9974572059,75897.94899059719,0.6263281811049664,0.655,619.76,BUY_NO
1779831358.8311598,75916.9974572059,75897.94899059719,0.6958768683304812,0.655,170.0,SELL_NO
1779831359.2454932,75917.18544989,75897.94899059719,0.6085310255664466,0.655,910.85,BUY_NO
1779831359.2666974,75917.18544989,75897.94899059719,0.6712674214895699,0.655,165.67,SELL_NO
1779831359.3008435,75917.18544989,75897.94899059719,0.6843974807815294,0.655,94.44,BUY_YES
1779831359.3389409,75917.18544989,75897.94899059719,0.6142895086985563,0.655,922.74,BUY_NO
1779831359.3486366,75917.18544989,75897.94899059719,0.6308097879653607,0.655,608.66,SELL_YES
1779831359.3623633,75917.18544989,75897.94899059719,0.665830833638738,0.655,164.15,SELL_NO
1779831359.373418,75917.18544989,75897.94899059719,0.6974373273589609,0.655,228.44,BUY_YES
1779831359.3818076,75917.18544989,75897.94899059719,0.7112460996280446,0.655,407.87,BUY_YES
1779831359.3891358,75917.18544989,75897.94899059719,0.7173294630781972,0.655,313.24,SELL_NO
1779831359.4986997,75917.18544989,75897.94899059719,0.6103077692329316,0.655,319.6,BUY_NO
1779831359.6083398,75917.18544989,75897.94899059719,0.6071233009972233,0.655,890.71,BUY_NO
1779831359.616217,75917.18544989,75897.94899059719,0.6249625634859213,0.655,606.94,BUY_NO
1779831359.9090297,75917.18544989,75897.94899059719,0.6770260278687417,0.655,164.15,BUY_YES
1779831360.0119314,75917.18544989,75897.94899059719,0.6926747264753046,0.655,228.44,BUY_YES
1779831360.2005382,75917.18544989,75897.94899059719,0.7069191592713828,0.655,407.87,BUY_YES
1779831360.3661516,75917.18544989,75897.94899059719,0.7211944763760729,0.655,298.24,SELL_NO
1779831361.7143247,75918.4214321018,75897.94899059719,0.71934144209727,0.655,150.0,BUY_YES
1779831364.66682,75917.73456198309,75897.94899059719,0.6838897072982443,0.655,162.71,BUY_YES
1779831364.685794,75917.73456198309,75897.94899059719,0.6191369003367347,0.655,674.52,BUY_NO
1779831364.7105267,75917.73456198309,75897.94899059719,0.6857702405333459,0.655,94.44,BUY_YES
1779831364.7321196,75917.73456198309,75897.94899059719,0.6953856242351221,0.655,134.0,BUY_YES
1779831365.7729542,75917.73456198309,75897.94899059719,0.6951782712693589,0.655,165.0,SELL_NO
1779831366.2879474,75916.4216212473,75897.94899059719,0.6447761982217541,0.655,151.34000000000003,SELL_YES
1779831369.6263173,75916.4216212473,75897.94899059719,0.6320329553564159,0.655,657.73,BUY_NO
1779831369.644017,75916.4216212473,75897.94899059719,0.6767566781021342,0.655,150.13,BUY_YES
1779831369.6516318,75916.4216212473,75897.94899059719,0.6448881493264912,0.655,652.73,SELL_YES
1779831369.665338,75916.4216212473,75897.94899059719,0.6738118113613791,0.655,150.13,SELL_NO
1779831369.7926495,75916.03399616759,75897.94899059719,0.6849798775582862,0.655,94.44,BUY_YES
1779831370.3342583,75916.03399616759,75897.94899059719,0.6200521063511802,0.655,623.74,BUY_NO
1779831370.3586318,75916.03399616759,75897.94899059719,0.6680270515313741,0.655,150.13,SELL_NO
1779831370.3848927,75916.03399616759,75897.94899059719,0.6880720482532294,0.655,228.44,BUY_YES
1779831370.4838722,75916.03399616759,75897.94899059719,0.6327970908972321,0.655,550.43,BUY_NO
1779831370.5014603,75916.03399616759,75897.94899059719,0.6704311961221312,0.655,150.13,SELL_NO
1779831370.6857953,75916.03399616759,75897.94899059719,0.644607444965608,0.655,110.28000000000009,SELL_YES
1779831370.7334867,75916.03399616759,75897.94899059719,0.6861508147968617,0.655,228.44,BUY_YES
1779831371.5652988,75907.66252739051,75897.94899059719,0.5867308452576953,0.655,641.16,BUY_NO
1779831371.5723987,75907.66252739051,75897.94899059719,0.6029105721772139,0.655,579.78,BUY_NO
1779831371.582911,75907.66252739051,75897.94899059719,0.6222650435683531,0.655,319.6,SELL_YES
1779831371.6018069,75907.66252739051,75897.94899059719,0.6747132417294166,0.655,145.13,BUY_YES
1779831371.610375,75907.66252739051,75897.94899059719,0.6904775796429458,0.655,223.44,BUY_YES
1779831371.6175196,75907.66252739051,75897.94899059719,0.7053552676277839,0.655,170.0,BUY_YES
1779831371.6280897,75907.66252739051,75897.94899059719,0.7159012261464187,0.655,537.73,BUY_YES
1779831371.6687834,75907.66252739051,75897.94899059719,0.6082688795766393,0.655,446.5,SELL_YES
1779831372.0586634,75907.66252739051,75897.94899059719,0.7259338426798508,0.655,256.0,SELL_NO
1779831372.267937,75907.66252739051,75897.94899059719,0.6149261797690591,0.655,350.14,BUY_NO
1779831372.5021808,75907.66252739051,75897.94899059719,0.6010403857132918,0.655,79.0,SELL_YES
1779831372.571697,75907.66252739051,75897.94899059719,0.5849765121090227,0.655,84.0,SELL_YES
1779831373.045759,75907.66252739051,75897.94899059719,0.5926288887895081,0.655,979.81,BUY_NO
1779831373.0548732,75907.66252739051,75897.94899059719,0.6087859939113432,0.655,552.59,BUY_NO
1779831373.0830913,75907.66252739051,75897.94899059719,0.6794988094532509,0.655,136.13,BUY_YES
1779831373.0944436,75907.66252739051,75897.94899059719,0.6942451921946319,0.655,228.44,BUY_YES
1779831373.1023817,75907.66252739051,75897.94899059719,0.7050886886390444,0.655,170.0,BUY_YES
1779831373.2153134,75906.19415716332,75897.94899059719,0.6140642737887723,0.655,89.32999999999993,SELL_YES
1779831373.3221514,75906.19415716332,75897.94899059719,0.6024568812110003,0.655,80.5,SELL_YES
1779831373.8487957,75906.19415716332,75897.94899059719,0.5717379923644561,0.655,91.90999999999997,SELL_YES
1779831373.9038587,75906.19415716332,75897.94899059719,0.5462883868098215,0.655,1177.03,BUY_NO
1779831373.9210927,75906.19415716332,75897.94899059719,0.5981719401452337,0.655,559.93,BUY_NO
1779831373.9709866,75906.19415716332,75897.94899059719,0.6757551766829137,0.655,134.13,BUY_YES
1779831374.248824,75906.19415716332,75897.94899059719,0.5591213704805577,0.655,81.78999999999996,SELL_YES
1779831374.2941992,75906.19415716332,75897.94899059719,0.5384054979740439,0.655,1138.79,BUY_NO
1779831374.3023872,75906.19415716332,75897.94899059719,0.5576848012025419,0.655,559.86,BUY_NO
1779831374.5576184,75906.19415716332,75897.94899059719,0.6866315358778656,0.655,132.03,BUY_YES
1779831374.5671983,75906.19415716332,75897.94899059719,0.6966040739921749,0.655,228.44,BUY_YES
1779831374.5801835,75906.19415716332,75897.94899059719,0.6990260886666185,0.655,170.0,SELL_NO
1779831374.8108778,75906.19415716332,75897.94899059719,0.6118858804954675,0.655,319.6,BUY_NO
1779831374.8783412,75905.57943198974,75897.94899059719,0.705900141940152,0.655,384.49,SELL_NO
1779831374.9244359,75905.57943198974,75897.94899059719,0.5322548524336617,0.655,109.31999999999994,SELL_YES
1779831374.931545,75905.57943198974,75897.94899059719,0.5301216339850069,0.655,446.5,BUY_NO
1779831374.940517,75905.57943198974,75897.94899059719,0.5526059220091915,0.655,260.87,BUY_NO
1779831375.4429643,75905.57943198974,75897.94899059719,0.6336977412276108,0.655,79.99999999999989,SELL_YES
1779831375.5007715,75905.57943198974,75897.94899059719,0.5871798544254638,0.655,1126.77,BUY_NO
1779831375.7684174,75905.57943198974,75897.94899059719,0.6323356379455255,0.655,556.78,SELL_YES
1779831375.7890666,75905.57943198974,75897.94899059719,0.6831846283765475,0.655,130.51,BUY_YES
1779831375.7992437,75905.57943198974,75897.94899059719,0.6956336435417827,0.655,218.0,BUY_YES
1779831375.8105495,75905.57943198974,75897.94899059719,0.7004531805075275,0.655,180.84,SELL_NO
1779831375.8398855,75905.57943198974,75897.94899059719,0.6442831822135515,0.655,109.09000000000003,SELL_YES
1779831375.9694264,75905.57943198974,75897.94899059719,0.5534630490952762,0.655,1195.91,BUY_NO
1779831375.9808836,75905.57943198974,75897.94899059719,0.572485636716795,0.655,570.07,BUY_NO
1779831375.9927683,75905.57943198974,75897.94899059719,0.5933613548809552,0.655,319.6,BUY_NO
1779831376.0015936,75905.57943198974,75897.94899059719,0.6131932871369075,0.655,446.5,SELL_YES
1779831376.3441553,75905.57943198974,75897.94899059719,0.6830885773310555,0.655,130.51,BUY_YES
1779831376.3554537,75905.57943198974,75897.94899059719,0.6983770750656363,0.655,218.0,BUY_YES
1779831376.365742,75905.57943198974,75897.94899059719,0.711545695081188,0.655,558.84,BUY_YES
1779831376.3774362,75905.57943198974,75897.94899059719,0.7155383653981136,0.655,222.16,SELL_NO
1779831376.5776148,75905.57943198974,75897.94899059719,0.5600765662227521,0.655,90.15999999999985,SELL_YES
1779831377.3456743,75905.63319256266,75897.94899059719,0.5709644462962911,0.655,76.95999999999992,SELL_YES
1779831377.3549528,75905.63319256266,75897.94899059719,0.5750355642979503,0.655,255.87,BUY_NO
1779831377.4042892,75905.63319256266,75897.94899059719,0.583239419590267,0.655,628.4,SELL_YES
1779831377.4482434,75905.63319256266,75897.94899059719,0.7264362740533704,0.655,261.0,SELL_NO
1779831377.6105742,75905.63319256266,75897.94899059719,0.580174950171685,0.655,86.57999999999993,SELL_YES
1779831378.052528,75905.63319256266,75897.94899059719,0.5848372924784652,0.655,169.92000000000007,BUY_NO
1779831378.331085,75905.63319256266,75897.94899059719,0.5652064234546442,0.655,80.2199999999998,SELL_YES
1779831378.6538923,75901.23146348915,75897.94899059719,0.5222865812180759,0.655,1289.14,BUY_NO
1779831378.7807083,75901.23146348915,75897.94899059719,0.5417628294536665,0.655,392.64,BUY_NO
1779831379.0403566,75901.23146348915,75897.94899059719,0.6853985833101214,0.655,130.51,BUY_YES
1779831379.054275,75901.23146348915,75897.94899059719,0.690062330531781,0.655,233.0,BUY_YES
1779831379.3563006,75901.23146348915,75897.94899059719,0.5424675512327133,0.655,80.73000000000002,SELL_YES
1779831379.3726096,75901.23146348915,75897.94899059719,0.5447344494520636,0.655,319.6,BUY_NO
1779831379.3984106,75901.23146348915,75897.94899059719,0.5487080456575091,0.655,446.5,BUY_NO
1779831379.4065068,75901.23146348915,75897.94899059719,0.5705840763554408,0.655,255.87,BUY_NO
1779831379.4783802,75901.23146348915,75897.94899059719,0.695454643423947,0.655,180.84,SELL_NO
1779831379.5661643,75901.23146348915,75897.94899059719,0.5543335388737646,0.655,1270.87,BUY_NO
1779831379.9500763,75901.23146348915,75897.94899059719,0.6314251020807452,0.655,399.35,SELL_YES
1779831379.9745455,75901.23146348915,75897.94899059719,0.6793743394382453,0.655,127.39,BUY_YES
1779831379.9840522,75901.23146348915,75897.94899059719,0.6860813088219061,0.655,233.0,BUY_YES
1779831380.9515333,75900.97060283765,75897.94899059719,0.5564470267933205,0.655,319.6,BUY_NO
1779831381.301794,75900.97060283765,75897.94899059719,0.5272323654230191,0.655,78.24000000000001,SELL_YES
1779831382.2536027,75900.97060283765,75897.94899059719,0.5462032189838136,0.655,446.5,BUY_NO
1779831382.2676904,75900.97060283765,75897.94899059719,0.5681358876172578,0.655,255.87,BUY_NO
1779831382.4690127,75900.65409257438,75897.94899059719,0.6424756064255103,0.655,89.66000000000008,SELL_YES
1779831382.490779,75900.65409257438,75897.94899059719,0.6157022159127128,0.655,1250.98,BUY_NO
1779831382.952402,75900.65409257438,75897.94899059719,0.6323538030036732,0.655,397.43,SELL_YES
1779831383.0412807,75900.65409257438,75897.94899059719,0.6305377025719294,0.655,208.44527275372093,BUY_NO
1779831383.0522687,75900.65409257438,75897.94899059719,0.5995108174433329,0.655,1005.614727246279,BUY_NO
1779831383.1813715,75900.65409257438,75897.94899059719,0.6429239328019957,0.655,87.51999999999998,SELL_YES
1779831383.246777,75900.65409257438,75897.94899059719,0.6411625813208819,0.655,91.07000000000016,SELL_YES
1779831383.2823234,75900.65409257438,75897.94899059719,0.6047998076807815,0.655,86.28999999999996,SELL_YES
1779831383.2886395,75900.65409257438,75897.94899059719,0.6068984316021419,0.655,386.73,BUY_NO
1779831383.303735,75900.65409257438,75897.94899059719,0.6087791936733092,0.655,319.6,BUY_NO
1779831383.7378476,75900.65409257438,75897.94899059719,0.5920454720921109,0.655,1464.1,BUY_NO
1779831383.7497041,75900.65409257438,75897.94899059719,0.6047170210085431,0.655,402.34,BUY_NO
1779831383.7573595,75900.65409257438,75897.94899059719,0.6239811699581159,0.655,319.6,SELL_YES
1779831383.9579422,75900.65409257438,75897.94899059719,0.6300509843813371,0.655,1419.18,SELL_YES
1779831384.1654441,75898.74758464069,75897.94899059719,0.6075436860218176,0.655,394.25,BUY_NO
1779831384.2045057,75898.74758464069,75897.94899059719,0.6913113274941775,0.66,233.0,BUY_YES
1779831384.7494884,75898.74758464069,75897.94899059719,0.5408683477957842,0.665,97.99,SELL_YES
1779831384.803331,75898.74758464069,75897.94899059719,0.5454617244578973,0.665,319.6,BUY_NO
1779831384.8174195,75898.74758464069,75897.94899059719,0.5658866565824449,0.665,451.5,BUY_NO
1779831384.8260527,75898.74758464069,75897.94899059719,0.5870923237533225,0.665,255.87,SELL_YES
1779831384.8809636,75898.74758464069,75897.94899059719,0.7085226642028759,0.665,558.84,BUY_YES
1779831384.892529,75898.74758464069,75897.94899059719,0.7238238538933842,0.665,169.46,BUY_YES
1779831384.9322906,75898.74758464069,75897.94899059719,0.6537556755851595,0.665,85.09000000000002,SELL_YES
1779831384.9878666,75898.74758464069,75897.94899059719,0.6006684832859666,0.665,85.17999999999998,SELL_YES
1779831385.0898204,75898.74758464069,75897.94899059719,0.5684434837350121,0.665,79.06,SELL_YES
1779831385.3336844,75898.74758464069,75897.94899059719,0.5049769263857279,0.665,336.83,BUY_NO
1779831386.5590208,75898.74758464069,75897.94899059719,0.5028642970349575,0.665,77.15999999999997,SELL_YES
1779831386.6092618,75898.74758464069,75897.94899059719,0.516018992437541,0.665,95.0,SELL_YES
1779831386.6402788,75898.74758464069,75897.94899059719,0.517650217931286,0.665,85.96000000000004,SELL_YES
1779831386.9686086,75898.74890814336,75897.94899059719,0.48477670324687056,0.665,78.89999999999998,SELL_YES
1779831387.318918,75898.74890814336,75897.94899059719,0.4846115069759068,0.665,78.16999999999996,SELL_YES
1779831387.622294,75898.74890814336,75897.94899059719,0.4922007331540605,0.665,79.31999999999994,SELL_YES
1779831387.7042108,75898.74890814336,75897.94899059719,0.47869069909397954,0.665,1001.31,BUY_NO
1779831387.713277,75898.74890814336,75897.94899059719,0.4957956832002199,0.665,663.69,BUY_NO
1779831387.7652395,75898.74890814336,75897.94899059719,0.5530334948959063,0.665,81.94000000000005,SELL_YES
1779831387.7991598,75898.74890814336,75897.94899059719,0.572734741379483,0.665,372.85,BUY_NO
1779831387.8057163,75898.74890814336,75897.94899059719,0.5928052163557547,0.665,319.6,BUY_NO
1779831387.8181095,75898.74890814336,75897.94899059719,0.6126649555379668,0.665,221.5,SELL_YES
1779831387.8583558,75898.74890814336,75897.94899059719,0.6980253355445637,0.665,250.65,BUY_YES
1779831387.873171,75898.74890814336,75897.94899059719,0.7115140593600632,0.665,588.84,BUY_YES
1779831387.880556,75898.74890814336,75897.94899059719,0.7163691794553425,0.665,183.38,SELL_NO
1779831388.3339272,75898.74890814336,75897.94899059719,0.5168946100293913,0.665,95.22000000000003,SELL_YES
1779831388.346876,75898.74890814336,75897.94899059719,0.5201582069344183,0.665,260.87,BUY_NO
1779831388.3561964,75898.74890814336,75897.94899059719,0.5403054832546486,0.665,918.4,BUY_NO
1779831388.4723246,75898.74890814336,75897.94899059719,0.620475380397319,0.665,77.86000000000001,SELL_YES
1779831389.1734045,75899.14737685892,75897.94899059719,0.4882140673067971,0.665,88.22000000000003,SELL_YES
1779831389.186631,75899.14737685892,75897.94899059719,0.49476910296886834,0.665,164.4,BUY_NO
1779831389.1975782,75899.14737685892,75897.94899059719,0.5128157436643517,0.665,226.36,BUY_NO
1779831389.208061,75899.14737685892,75897.94899059719,0.5359438808516772,0.665,224.3,BUY_NO
1779831389.7025692,75899.14737685892,75897.94899059719,0.5066580548264461,0.665,80.16999999999996,SELL_YES
1779831389.9411128,75899.14737685892,75897.94899059719,0.5093254747050288,0.665,871.91,BUY_NO
1779831390.0027978,75899.14737685892,75897.94899059719,0.5256472322795107,0.665,652.75,BUY_NO
1779831390.2800431,75899.14737685892,75897.94899059719,0.5488648706655351,0.665,372.85,BUY_NO
1779831390.2853734,75899.14737685892,75897.94899059719,0.5709216271322584,0.665,319.6,BUY_NO
1779831390.308494,75899.14737685892,75897.94899059719,0.6819388865686029,0.665,152.23,SELL_NO
1779831390.3135653,75899.14737685892,75897.94899059719,0.6958619365145909,0.665,269.84000000000003,BUY_YES
1779831390.3215406,75899.14737685892,75897.94899059719,0.7124575951014456,0.665,428.0,SELL_NO
1779831390.3917632,75899.14737685892,75897.94899059719,0.45587699725094066,0.665,80.44999999999993,SELL_YES
1779831390.4170752,75899.14737685892,75897.94899059719,0.46769725033782283,0.665,221.5,BUY_NO
1779831390.4246676,75899.14737685892,75897.94899059719,0.48822688014419013,0.665,260.87,BUY_NO
1779831390.4380155,75899.14737685892,75897.94899059719,0.5130536324430099,0.665,918.4,BUY_NO
1779831393.3056517,75898.6277241431,75897.94899059719,0.48546206965073346,0.665,78.55000000000007,SELL_YES
1779831393.3507288,75898.6277241431,75897.94899059719,0.519128281325046,0.665,81.75999999999999,SELL_YES
1779831395.5151055,75898.6277241431,75897.94899059719,0.48260477359238074,0.665,812.71,BUY_NO
1779831395.534651,75898.6277241431,75897.94899059719,0.5021455308550307,0.665,645.18,BUY_NO
1779831395.541401,75898.6277241431,75897.94899059719,0.5265382543122791,0.665,372.85,BUY_NO
1779831395.5497298,75898.6277241431,75897.94899059719,0.5497113415966651,0.665,319.6,BUY_NO
1779831395.5570343,75898.6277241431,75897.94899059719,0.5717257745168318,0.665,221.5,BUY_NO
1779831395.5659125,75898.6277241431,75897.94899059719,0.5926394857909902,0.665,260.87,SELL_YES
1779831395.5987701,75898.6277241431,75897.94899059719,0.6825300087898702,0.665,180.73,SELL_NO
1779831395.6108384,75898.6277241431,75897.94899059719,0.6979035083503767,0.665,270.45,BUY_YES
1779831395.6191747,75898.6277241431,75897.94899059719,0.7125083329328579,0.665,398.12,SELL_NO
1779831395.6416013,75898.6277241431,75897.94899059719,0.7506100284800213,0.665,414.24,BUY_YES
1779831395.6500716,75898.6277241431,75897.94899059719,0.7556977146934593,0.665,390.0,BUY_YES
1779831396.7022355,75898.58237287345,75897.94899059719,0.5038983841866226,0.665,84.41999999999996,SELL_YES
1779831397.3007877,75898.58237287345,75897.94899059719,0.4889581765521418,0.665,89.13999999999999,SELL_YES
1779831397.4701476,75898.58237287345,75897.94899059719,0.4887519082278855,0.665,913.95,BUY_NO
1779831397.4805791,75898.58237287345,75897.94899059719,0.5051454474118677,0.665,671.34,BUY_NO
1779831397.4882612,75898.58237287345,75897.94899059719,0.5293881750412743,0.665,372.85,BUY_NO
1779831397.497628,75898.58237287345,75897.94899059719,0.5524187662892106,0.665,319.6,BUY_NO
1779831397.507583,75898.58237287345,75897.94899059719,0.57429782797475,0.665,221.5,BUY_NO
1779831397.518124,75898.58237287345,75897.94899059719,0.5950829365760125,0.665,260.87,SELL_YES
1779831397.5371838,75898.58237287345,75897.94899059719,0.6333996819530628,0.665,892.95,SELL_YES
1779831397.5568109,75898.58237287345,75897.94899059719,0.6842598023145071,0.665,98.65,BUY_YES
1779831397.5652206,75898.58237287345,75897.94899059719,0.6995468121987817,0.665,270.45,BUY_YES
1779831397.5707808,75898.58237287345,75897.94899059719,0.7140694715888426,0.665,418.12,BUY_YES
1779831397.5845842,75898.58237287345,75897.94899059719,0.7232667408760657,0.665,148.24,BUY_YES
1779831398.014396,75898.58237287345,75897.94899059719,0.5664741477398761,0.665,656.2,BUY_NO
1779831398.0235608,75898.58237287345,75897.94899059719,0.5876504403528823,0.665,372.85,BUY_NO
1779831398.0347085,75898.58237287345,75897.94899059719,0.6077679183352381,0.665,319.6,SELL_YES
1779831398.2920394,75897.37710187123,75897.94899059719,0.6437482178776166,0.665,86.61000000000001,SELL_YES
1779831398.3347507,75897.37710187123,75897.94899059719,0.5999049466794033,0.665,950.18,BUY_NO
1779831398.421774,75897.37710187123,75897.94899059719,0.6183579564316276,0.665,656.02,BUY_NO
1779831398.6672592,75897.37710187123,75897.94899059719,0.6124620015540782,0.665,372.85,SELL_YES
1779831398.7008672,75897.37710187123,75897.94899059719,0.6861344485116041,0.665,240.76,BUY_YES
1779831398.779091,75897.37710187123,75897.94899059719,0.6220792496563581,0.665,319.6,SELL_YES
1779831398.8231137,75897.37710187123,75897.94899059719,0.6972265405274972,0.665,171.45,SELL_NO
1779831398.964733,75897.37710187123,75897.94899059719,0.5529172367846703,0.665,150.0,BUY_NO
1779831399.8660185,75897.37710187123,75897.94899059719,0.47257738264638705,0.665,875.96,BUY_NO
1779831399.9038744,75897.37710187123,75897.94899059719,0.5307342629196968,0.665,514.47,BUY_NO
1779831399.9105647,75897.37710187123,75897.94899059719,0.553697549773712,0.665,522.85,BUY_NO
1779831399.9485724,75897.37710187123,75897.94899059719,0.6870780973469661,0.665,173.57999999999998,BUY_YES
1779831400.4092367,75897.37710187123,75897.94899059719,0.5344913128913765,0.665,895.44,BUY_NO
1779831400.4184349,75897.37710187123,75897.94899059719,0.5487123953436178,0.665,485.42,BUY_NO
1779831400.428633,75897.37710187123,75897.94899059719,0.5707767755764369,0.665,522.85,BUY_NO
1779831400.436829,75897.37710187123,75897.94899059719,0.591737936797615,0.665,319.6,BUY_NO
1779831400.4583335,75897.37710187123,75897.94899059719,0.6169987011763961,0.665,883.73,BUY_NO
1779831400.4678981,75897.37710187123,75897.94899059719,0.6356487661175763,0.665,485.42,SELL_YES
1779831400.489162,75897.37710187123,75897.94899059719,0.6861881108500569,0.665,173.57999999999998,BUY_YES
1779831400.4984903,75897.37710187123,75897.94899059719,0.7013787053075541,0.665,171.45,SELL_NO
1779831400.5075374,75897.37710187123,75897.94899059719,0.7158097700421764,0.665,551.36,BUY_YES
1779831400.7070901,75897.37710187123,75897.94899059719,0.5400669261266263,0.665,81.63999999999999,SELL_YES
1779831400.8026402,75897.37710187123,75897.94899059719,0.516252683056706,0.665,76.01999999999998,SELL_YES
1779831401.2737956,75897.37710187123,75897.94899059719,0.5002795301556656,0.665,89.50999999999999,SELL_YES
1779831401.389097,75897.37710187123,75897.94899059719,0.48879560392377636,0.665,927.04,BUY_NO
1779831401.410584,75897.37710187123,75897.94899059719,0.5295865031083548,0.665,508.13,BUY_NO
1779831401.4190686,75897.37710187123,75897.94899059719,0.552607177952937,0.665,522.85,BUY_NO
1779831401.462709,75897.37710187123,75897.94899059719,0.6853817268481062,0.665,117.69,BUY_YES
1779831401.4758353,75897.37710187123,75897.94899059719,0.6525244092989785,0.665,933.56,SELL_YES
1779831401.5029027,75897.37710187123,75897.94899059719,0.689384466560377,0.665,216.69,BUY_YES
1779831401.5689144,75897.37710187123,75897.94899059719,0.6434269163092006,0.665,514.69,SELL_YES
1779831401.5988462,75897.37710187123,75897.94899059719,0.7061804659504843,0.665,584.5699999999999,BUY_YES
1779831401.6290205,75897.7854718525,75897.94899059719,0.7191158227207263,0.665,153.24,BUY_YES
1779831401.75665,75897.7854718525,75897.94899059719,0.6016361880634506,0.665,522.85,BUY_NO
1779831402.0205584,75897.7854718525,75897.94899059719,0.5475558562414814,0.665,852.9,BUY_NO
1779831402.031315,75897.7854718525,75897.94899059719,0.5617383825794754,0.665,492.69,BUY_NO
1779831402.0412621,75897.7854718525,75897.94899059719,0.5831514634505016,0.665,522.85,BUY_NO
1779831402.0735197,75897.7854718525,75897.94899059719,0.6858519146944791,0.665,110.22,BUY_YES
1779831402.0854704,75897.7854718525,75897.94899059719,0.6972799442298553,0.665,270.45,BUY_YES
1779831402.1626124,75897.7854718525,75897.94899059719,0.6004238381601695,0.665,87.88999999999999,SELL_YES
1779831402.1873975,75897.7854718525,75897.94899059719,0.5985212542084013,0.665,319.6,SELL_YES
1779831402.198016,75897.7854718525,75897.94899059719,0.5954134842196832,0.665,216.5,SELL_YES
1779831402.4939117,75897.7854718525,75897.94899059719,0.4850565322047346,0.665,265.87,BUY_NO
1779831402.7823262,75897.7854718525,75897.94899059719,0.4851358537531103,0.665,928.4,BUY_NO
1779831402.789597,75897.7854718525,75897.94899059719,0.5103790610654548,0.665,304.4,BUY_NO
1779831402.7988179,75897.7854718525,75897.94899059719,0.534360108012182,0.665,182.66,BUY_NO
1779831402.8083658,75897.7854718525,75897.94899059719,0.5571421026115729,0.665,179.6,SELL_YES
1779831402.8692267,75897.7854718525,75897.94899059719,0.7028332270276927,0.665,248.0,BUY_YES
1779831402.8801038,75897.7854718525,75897.94899059719,0.7170108389360362,0.665,368.36,BUY_YES
1779831402.8916938,75897.7854718525,75897.94899059719,0.7296142133527429,0.665,271.86,SELL_NO
1779831403.2231627,75897.7854718525,75897.94899059719,0.5176486071211285,0.665,169.6,BUY_NO
1779831406.4224267,75897.95996732714,75897.94899059719,0.5407564021743414,0.47,266.58,BUY_YES
1779831600.3500342,75916.86123576947,75916.86123576947,0.06761973926056751,0.505,379.22,BUY_NO
1779831780.347871,75933.81975514711,75916.86123576947,0.5221981654048446,0.505,281.53,BUY_YES
1779831780.3691816,75933.81975514711,75916.86123576947,0.49183844676313887,0.505,101.30000000000001,BUY_NO
1779831790.068454,75942.85345720836,75916.86123576947,0.860048654384497,0.505,258.05000000000007,BUY_YES
1779831790.495515,75942.87421604226,75916.86123576947,0.8679657418347704,0.505,99.83999999999992,BUY_YES
1779831790.58465,75942.87421604226,75916.86123576947,0.8741284237802577,0.505,302.34999999999997,BUY_YES
1779831790.920222,75942.87421604226,75916.86123576947,0.8595769367054162,0.505,103.62000000000006,BUY_YES
1779831790.9274793,75942.87421604226,75916.86123576947,0.8630736020852935,0.505,225.0,BUY_YES
1779831791.0835705,75942.87421604226,75916.86123576947,0.8547030310398258,0.505,224.99999999999994,BUY_YES
1779831791.4362128,75942.87421604226,75916.86123576947,0.8558073465125606,0.505,116.69000000000005,BUY_YES
1779831791.5901425,75942.86824058369,75916.86123576947,0.8531956294004969,0.505,111.94000000000005,BUY_YES
1779831792.0289593,75942.86824058369,75916.86123576947,0.8350250652779216,0.505,98.88,BUY_YES
1779831792.5202744,75942.86824058369,75916.86123576947,0.8611874084459606,0.505,98.63999999999999,BUY_YES
1779831792.5824106,75942.86824058369,75916.86123576947,0.8461499588176713,0.505,103.23,BUY_YES
1779831793.7621443,75942.9842338253,75916.86123576947,0.822779454613606,0.505,225.0,BUY_YES
1779831793.9420729,75939.56945248545,75916.86123576947,0.851492371739976,0.505,230.27999999999997,BUY_YES
1779831794.040027,75939.56945248545,75916.86123576947,0.8237012986062705,0.505,225.0,BUY_YES
1779831794.4345584,75939.56945248545,75916.86123576947,0.8259743418996531,0.505,240.0,BUY_YES
1779831794.584247,75939.56945248545,75916.86123576947,0.8001736217088528,0.505,225.39999999999998,BUY_YES
1779831794.9167957,75939.56945248545,75916.86123576947,0.8208044576692275,0.505,245.60000000000002,BUY_YES
1779831795.065668,75939.56945248545,75916.86123576947,0.8291226237117121,0.505,260.99,BUY_YES
1779831795.1107228,75939.56945248545,75916.86123576947,0.8292035345882456,0.505,113.0,BUY_YES
1779831795.5165482,75935.73330417232,75916.86123576947,0.7920158271403278,0.505,233.68999999999994,BUY_YES
1779831795.746601,75935.73330417232,75916.86123576947,0.8231565175679609,0.505,109.82000000000005,BUY_YES
1779831796.0347703,75935.73330417232,75916.86123576947,0.8024396361474776,0.505,276.27,BUY_YES
1779831796.186835,75935.73330417232,75916.86123576947,0.791616240516744,0.505,120.01999999999998,BUY_YES
1779831796.31457,75935.73330417232,75916.86123576947,0.778832815341962,0.505,104.28999999999996,BUY_YES
1779831796.3383102,75935.73330417232,75916.86123576947,0.7837050087432658,0.505,277.4,BUY_YES
1779831796.7242265,75934.62345970483,75916.86123576947,0.768483920598309,0.505,230.0,BUY_YES
1779831796.8035047,75934.62345970483,75916.86123576947,0.7713033172405782,0.505,113.69999999999993,BUY_YES
1779831796.8973873,75934.62345970483,75916.86123576947,0.764113541664226,0.505,225.0,BUY_YES
1779831797.3308258,75934.62345970483,75916.86123576947,0.5196536169020471,0.505,107.6099999999999,BUY_YES
1779831797.3780816,75934.62345970483,75916.86123576947,0.5549259303637692,0.505,249.67000000000007,BUY_YES
1779831797.9180214,75932.76028677312,75916.86123576947,0.7758499174328018,0.505,288.96000000000004,BUY_YES
1779831798.5534508,75932.76028677312,75916.86123576947,0.7448997194006507,0.505,224.99999999999994,BUY_YES
1779831798.8080645,75932.76028677312,75916.86123576947,0.7457055918544419,0.505,251.99999999999994,BUY_YES
1779831799.2690616,75932.26037924293,75916.86123576947,0.7445051012960859,0.505,225.0,BUY_YES
1779831799.5017734,75932.26037924293,75916.86123576947,0.7322083141475749,0.505,229.60000000000002,BUY_YES
1779831799.9359822,75932.26037924293,75916.86123576947,0.7428893092728729,0.505,278.11,BUY_YES
1779831800.1073449,75932.26037924293,75916.86123576947,0.7345761814763233,0.505,230.0,BUY_YES
1779831800.518079,75932.26037924293,75916.86123576947,0.7320707975276468,0.505,225.0,BUY_YES
1779831801.0075512,75932.25736824873,75916.86123576947,0.7369569530891436,0.505,235.19000000000005,BUY_YES
1779831801.3521175,75932.25736824873,75916.86123576947,0.7392857789548606,0.505,231.12000000000006,BUY_YES
1779831801.6689334,75932.25736824873,75916.86123576947,0.7256223872877011,0.505,237.77999999999997,BUY_YES
1779831801.847046,75932.17216674895,75916.86123576947,0.8688410821428627,0.505,270.51,BUY_YES
1779831802.2141967,75932.17216674895,75916.86123576947,0.7659718835677666,0.505,225.0,BUY_YES
1779831802.3872004,75932.17216674895,75916.86123576947,0.7569728967155888,0.505,270.29,BUY_YES
1779831802.757699,75932.17216674895,75916.86123576947,0.7392214250551281,0.505,230.00000000000006,BUY_YES
1779831802.9455307,75932.17216674895,75916.86123576947,0.7355390124144564,0.505,234.26999999999998,BUY_YES
1779831803.086591,75932.0306770689,75916.86123576947,0.7386607384842702,0.505,230.28999999999996,BUY_YES
1779831803.447292,75932.0306770689,75916.86123576947,0.7307140430248754,0.505,225.0,BUY_YES
1779831803.630258,75932.0306770689,75916.86123576947,0.7443471066812595,0.505,231.0,BUY_YES
1779831804.1391144,75932.0306770689,75916.86123576947,0.6818108372143022,0.505,225.0,BUY_YES
1779831804.2701712,75932.0306770689,75916.86123576947,0.7227081600168902,0.505,245.0,BUY_YES
1779831804.425152,75927.09692614853,75916.86123576947,0.7126693350393122,0.505,225.0,BUY_YES
1779831804.7935843,75927.09692614853,75916.86123576947,0.6737253866205437,0.505,230.0,BUY_YES
1779831804.9511242,75927.09692614853,75916.86123576947,0.6759644473041246,0.505,230.0,BUY_YES
1779831805.0281997,75927.09692614853,75916.86123576947,0.6669706895811743,0.505,230.0,BUY_YES
1779831805.3548133,75927.09692614853,75916.86123576947,0.6697525120685807,0.505,225.0,BUY_YES
1779831805.4286368,75927.09692614853,75916.86123576947,0.6723972608850837,0.505,235.0,BUY_YES
1779831805.6150863,75927.09692614853,75916.86123576947,0.6781216192006694,0.505,265.0,BUY_YES
1779831806.100416,75927.08724928458,75916.86123576947,0.6982911587957417,0.505,241.95000000000005,BUY_YES
1779831806.6130888,75927.08724928458,75916.86123576947,0.6669665455354481,0.505,225.0,BUY_YES
1779831806.8208451,75927.08724928458,75916.86123576947,0.6816807922173601,0.505,255.0,BUY_YES
1779831807.3712208,75927.08724928458,75916.86123576947,0.6856778977328808,0.505,253.01999999999998,BUY_YES
1779831807.564811,75926.78376662418,75916.86123576947,0.6587701369317726,0.505,227.0,BUY_YES
1779831808.2039802,75926.78376662418,75916.86123576947,0.6597371437301472,0.505,225.0,BUY_YES
1779831808.6825259,75926.78376662418,75916.86123576947,0.668145457639401,0.505,230.0,BUY_YES
1779831808.8976545,75926.67732605973,75916.86123576947,0.6680869118558578,0.505,235.0,BUY_YES
1779831809.3776877,75926.67732605973,75916.86123576947,0.6769626404099537,0.505,235.0,BUY_YES
1779831809.5219727,75926.67732605973,75916.86123576947,0.6189156897376681,0.505,225.0,BUY_YES
1779831809.9556782,75926.67732605973,75916.86123576947,0.6481132968257358,0.505,235.0,BUY_YES
1779831810.1017802,75926.67732605973,75916.86123576947,0.6664690310203215,0.505,225.0,BUY_YES
1779831810.2849653,75926.75774069491,75916.86123576947,0.668012936568301,0.505,230.0,BUY_YES
1779831810.6999755,75926.75774069491,75916.86123576947,0.672724076145444,0.505,235.0,BUY_YES
1779831810.8264372,75926.75774069491,75916.86123576947,0.6643380023381924,0.505,225.0,BUY_YES
1779831811.3032293,75926.75774069491,75916.86123576947,0.6798868163739474,0.505,260.0,BUY_YES
1779831811.449887,75926.75774069491,75916.86123576947,0.6709211965880284,0.505,225.0,BUY_YES
1779831811.629337,75926.75665633091,75916.86123576947,0.6724949764181,0.505,255.0,BUY_YES
1779831811.9973345,75926.75665633091,75916.86123576947,0.6716048732417407,0.505,225.0,BUY_YES
1779831812.6768785,75926.75665633091,75916.86123576947,0.6841174497017501,0.505,225.0,BUY_YES
1779831813.633113,75926.75355173605,75916.86123576947,0.6845345017801004,0.505,100.40000000000003,BUY_YES
1779831813.7469928,75926.75355173605,75916.86123576947,0.6749096867390199,0.505,246.95999999999992,BUY_YES
1779831814.1058834,75926.75355173605,75916.86123576947,0.6742800730959563,0.505,230.34000000000003,BUY_YES
1779831814.2866967,75926.75355173605,75916.86123576947,0.6899422381669684,0.505,288.99,BUY_YES
1779831814.417558,75926.75355173605,75916.86123576947,0.6612926729114104,0.505,225.0,BUY_YES
1779831814.882146,75926.75355173605,75916.86123576947,0.6767578357398186,0.505,254.0,BUY_YES
1779831815.0267475,75926.75355173605,75916.86123576947,0.673260956145731,0.505,230.14999999999998,BUY_YES
1779831815.1450994,75926.75355173605,75916.86123576947,0.67030115722628,0.505,225.0,BUY_YES
1779831815.593533,75926.75355173605,75916.86123576947,0.6775993605882409,0.505,247.49,BUY_YES
1779831815.8114455,75926.7410138941,75916.86123576947,0.6747893171065188,0.505,225.0,BUY_YES
1779831816.6194508,75926.7410138941,75916.86123576947,0.6742868898889857,0.505,225.0,BUY_YES
1779831816.866685,75926.7410138941,75916.86123576947,0.6777464639941482,0.505,225.0,BUY_YES
1779831817.6179678,75925.48068,75916.86123576947,0.6705689419385943,0.505,285.88,BUY_YES
1779831818.0665116,75925.48068,75916.86123576947,0.6599880428334506,0.505,235.0,BUY_YES
1779831818.2317066,75925.48068,75916.86123576947,0.6522070741475463,0.505,225.0,BUY_YES
1779831818.7696288,75925.48068,75916.86123576947,0.663996588848331,0.505,234.11,BUY_YES
1779831818.8716152,75925.48068,75916.86123576947,0.6557728829026604,0.505,225.0,BUY_YES
1779831819.0897553,75925.48068,75916.86123576947,0.6652574346297011,0.505,240.0,BUY_YES
1779831819.4826317,75925.45154,75916.86123576947,0.6598049439200211,0.505,225.0,BUY_YES
1779831819.7680542,75925.45154,75916.86123576947,0.653246878166275,0.505,225.0,BUY_YES
1779831820.3403084,75925.45154,75916.86123576947,0.6555177972469357,0.505,230.0,BUY_YES
1779831820.5551972,75925.45154,75916.86123576947,0.6582040851586043,0.505,225.0,BUY_YES
1779831821.048358,75925.45154,75916.86123576947,0.6663448314127567,0.505,225.0,BUY_YES
1779831822.4206667,75925.45154,75916.86123576947,0.6588069423903972,0.505,225.00000000000006,BUY_YES
1779831822.8705783,75925.45154,75916.86123576947,0.682091399500996,0.505,167.13,BUY_YES
1779831823.4002495,75925.45154,75916.86123576947,0.6812647628600644,0.505,296.57000000000005,BUY_YES
1779831824.1303318,75925.45154,75916.86123576947,0.6668164311714602,0.505,105.60000000000002,BUY_YES
1779831826.5798821,75925.05707,75916.86123576947,0.6208486065541416,0.505,206.58,BUY_YES
1779831826.606605,75925.05707,75916.86123576947,0.48354887335683727,0.505,1796.18,BUY_NO
1779831841.228259,75916.59676738008,75916.86123576947,0.48183971861971275,0.505,101.52999999999997,BUY_NO
1779831842.6797957,75913.49888927872,75916.86123576947,0.4408700809502858,0.505,107.43000000000006,BUY_NO
1779831842.695159,75913.49888927872,75916.86123576947,0.443956606224918,0.505,219.86,BUY_NO
1779831843.5760767,75913.49888927872,75916.86123576947,0.43526715532179344,0.505,297.52,BUY_NO
1779831843.592128,75913.49888927872,75916.86123576947,0.4258042610061437,0.505,236.0,BUY_NO
1779831843.751851,75913.49888927872,75916.86123576947,0.42550122109719135,0.505,370.4,BUY_NO
1779831843.7639327,75913.49888927872,75916.86123576947,0.44309797236516435,0.505,876.4,BUY_NO
1779831844.247902,75913.49888927872,75916.86123576947,0.4935469172952724,0.505,641.75,BUY_NO
1779831844.38857,75913.49888927872,75916.86123576947,0.49200874709510944,0.505,110.48999999999978,BUY_NO
1779831844.4457927,75913.49888927872,75916.86123576947,0.47588065819188163,0.505,102.57000000000016,BUY_NO
1779831844.7809157,75904.88141433206,75916.86123576947,0.2872689933234586,0.505,107.21000000000004,BUY_NO
1779831845.1741335,75904.88141433206,75916.86123576947,0.2675637787948076,0.505,102.51999999999998,BUY_NO
1779831845.378047,75904.88141433206,75916.86123576947,0.2596618728735746,0.505,134.67000000000007,BUY_NO
1779831845.5627973,75904.88141433206,75916.86123576947,0.26219018276448053,0.505,101.16000000000031,BUY_NO
1779831845.7190027,75904.88141433206,75916.86123576947,0.26365173662522795,0.505,103.89999999999986,BUY_NO
1779831846.4328241,75904.88141433206,75916.86123576947,0.25805001659774973,0.505,127.40999999999985,BUY_NO
1779831846.9302218,75904.88141433206,75916.86123576947,0.2595363233676732,0.505,109.0,BUY_NO
1779831846.9885428,75904.88141433206,75916.86123576947,0.25462730539520184,0.505,121.42999999999984,BUY_NO
1779831847.2663908,75904.88141433206,75916.86123576947,0.24904600225588386,0.505,111.54999999999995,BUY_NO
1779831847.8499238,75904.88141433206,75916.86123576947,0.2536763559490844,0.505,111.19000000000028,BUY_NO
1779831848.1058934,75904.88141433206,75916.86123576947,0.25473381333300066,0.505,107.08999999999992,BUY_NO
1779831849.692209,75904.43544936972,75916.86123576947,0.2443809212193926,0.505,103.03999999999996,BUY_NO
1779831854.2060862,75903.4586,75916.86123576947,0.2060476730124747,0.505,300.0000000000001,BUY_NO
1779831854.2356489,75903.4586,75916.86123576947,0.20204446726090095,0.505,300.0,BUY_NO
1779831855.0043871,75903.4586,75916.86123576947,0.19868626514531412,0.505,300.0,BUY_NO
1779831855.2121003,75903.4586,75916.86123576947,0.2249750741612668,0.505,140.6,BUY_NO
1779831857.4659784,75903.15288391241,75916.86123576947,0.2371647096977114,0.505,170.60000000000002,BUY_NO
1779831861.6328406,75901.44638239862,75916.86123576947,0.20108684523003378,0.505,320.6,BUY_NO
1779831872.4884667,75895.71330319715,75916.86123576947,0.07038824239473393,0.505,327.68,BUY_NO
1779831872.7380757,75895.71330319715,75916.86123576947,0.0951601482890087,0.505,224.99999999999994,BUY_NO
1779831872.9232745,75895.71330319715,75916.86123576947,0.07552646721852871,0.505,234.99999999999994,BUY_NO
1779831873.0385437,75895.71330319715,75916.86123576947,0.06612360081078536,0.505,234.99999999999994,BUY_NO
1779831873.1498802,75895.71330319715,75916.86123576947,0.06485738912898324,0.505,239.99999999999994,BUY_NO
1779831873.5128741,75895.71330319715,75916.86123576947,0.06128646488844814,0.505,234.99999999999994,BUY_NO
1779831873.6264129,75895.71330319715,75916.86123576947,0.0612562799106963,0.505,244.99999999999994,BUY_NO
1779831873.7848938,75895.71330319715,75916.86123576947,0.05964273637702868,0.505,229.99999999999994,BUY_NO
1779831874.1241927,75895.71330319715,75916.86123576947,0.06039268667303436,0.505,224.99999999999994,BUY_NO
1779831874.2449694,75897.08104224884,75916.86123576947,0.0611494508837002,0.505,224.99999999999994,BUY_NO
1779831874.3178046,75897.08104224884,75916.86123576947,0.06665890647692929,0.505,224.99999999999994,BUY_NO
1779831874.4431746,75897.08104224884,75916.86123576947,0.07026399973785817,0.505,229.99999999999994,BUY_NO
1779831874.526822,75897.08104224884,75916.86123576947,0.06955238474249152,0.505,239.99999999999994,BUY_NO
1779831875.0655806,75897.08104224884,75916.86123576947,0.06512613399802317,0.505,239.99999999999994,BUY_NO
1779831875.1477401,75897.08104224884,75916.86123576947,0.06497835165934099,0.505,242.99999999999994,BUY_NO
1779831875.3463936,75897.08104224884,75916.86123576947,0.06437610414944704,0.505,226.99999999999994,BUY_NO
1779831875.7180853,75897.08104224884,75916.86123576947,0.06329070171760183,0.505,224.99999999999994,BUY_NO
1779831875.937313,75897.08104224884,75916.86123576947,0.06263949830809543,0.505,239.99999999999994,BUY_NO
1779831876.1782043,75897.08104224884,75916.86123576947,0.061207788857167864,0.505,224.99999999999994,BUY_NO
1779831877.1448421,75897.08104224884,75916.86123576947,0.06091815794043795,0.505,224.99999999999994,BUY_NO
1779831877.7111187,75897.06043015746,75916.86123576947,0.05509702249935567,0.505,254.99999999999994,BUY_NO
1779831877.835693,75897.06043015746,75916.86123576947,0.05564513327958209,0.505,224.99999999999994,BUY_NO
1779831877.9610293,75897.06043015746,75916.86123576947,0.055040860439689206,0.505,224.99999999999994,BUY_NO
1779831878.3371313,75897.06043015746,75916.86123576947,0.05334729799235346,0.505,229.99999999999994,BUY_NO
1779831878.5008516,75897.06043015746,75916.86123576947,0.052173109620150315,0.505,239.99999999999994,BUY_NO
1779831902.4557836,75897.089983592,75896.56710202814,0.5150497483084822,0.505,1452.9,SELL_NO
1779831924.0200422,75898.61032471764,75897.08616278443,0.4924945215618009,0.4924945215618009,500000.0,BUY_YES
1779831930.1692333,75898.54146808769,75897.08616278443,0.49258363481195244,0.49258363481195244,450958.72,BUY_YES
1779831931.1951342,75899.27740213406,75897.08616278443,0.4931345297766397,0.4931345297766397,22520.0,BUY_YES
1779831931.2056878,75899.27740213406,75897.08616278443,0.4937409177272115,0.4937409177272115,6854.0,BUY_YES
1779831931.213931,75899.27740213406,75897.08616278443,0.49439170983709635,0.49439170983709635,22854.0,BUY_YES
1779831933.542844,75899.70424671055,75897.08616278443,0.49530097645165977,0.49530097645165977,19205.0,BUY_YES
1779831939.7112813,75904.68126821103,75897.08616278443,0.4987748604123771,0.4987748604123771,6854.0,BUY_YES
1779831939.896491,75904.68126821103,75897.08616278443,0.50212938080897,0.50212938080897,16454.0,BUY_YES
1779831945.6219974,75908.76540648709,75897.08616278443,0.5074661789998213,0.5074661789998213,14515.0,BUY_YES
1779831948.3289263,75907.8205760584,75897.08616278443,0.5121271922333203,0.5121271922333203,16853.0,BUY_YES
1779831956.9977047,75908.8587640723,75897.08616278443,0.5219405930041036,0.5219405930041036,6066.0,BUY_YES
1779831960.3819098,75908.93627597533,75897.08616278443,0.5354863024696246,0.5354863024696246,7205.0,BUY_YES
1779831961.9648712,75905.77396102603,75897.08616278443,0.5449364544396245,0.5449364544396245,3841.449267955497,BUY_YES
1779831961.9774818,75905.77396102603,75897.08616278443,0.5470505341784302,0.5470505341784302,674.5507320445031,BUY_YES
1779831962.5642073,75905.6843771665,75897.08616278443,0.5730428608462222,0.5730428608462222,70174.0,BUY_YES
1779831962.6284595,75905.6843771665,75897.08616278443,0.5818612689331493,0.5818612689331493,84083.41,BUY_YES
1779831962.636278,75905.6843771665,75897.08616278443,0.5825460636594325,0.5825460636594325,50015.01999999999,BUY_YES
1779831962.6790934,75905.6843771665,75897.08616278443,0.5852931551637984,0.5852931551637984,50582.96000000002,BUY_YES
1779831962.7005775,75905.6843771665,75897.08616278443,0.5863931362934697,0.5863931362934697,68234.04999999999,BUY_YES
1779832200.84222,75901.33223512415,75901.33223512415,0.651782875058469,0.505,258.64,BUY_YES
1779832200.9269214,75901.33223512415,75901.33223512415,0.4874806207684419,0.505,245.8,BUY_NO
1779832200.9523969,75901.33223512415,75901.33223512415,0.5532925863745808,0.505,266.64,BUY_YES
1779832200.966643,75901.33223512415,75901.33223512415,0.5469078473779834,0.505,266.64,BUY_YES
1779832200.9967859,75901.33223512415,75901.33223512415,0.48451347775896414,0.505,230.5,BUY_NO
1779832201.165454,75901.33223512415,75901.33223512415,0.6101645274637595,0.505,116.0,BUY_YES
1779832202.3590548,75901.0831086226,75901.33223512415,0.5300865138371039,0.505,108.0,BUY_YES
1779832202.5945702,75901.0831086226,75901.33223512415,0.5219206613151958,0.505,124.0,BUY_YES
1779832202.8545702,75901.0831086226,75901.33223512415,0.5253482195388093,0.505,425.64,BUY_YES
1779832202.8701575,75901.0831086226,75901.33223512415,0.4815786277211697,0.505,225.5,BUY_NO
1779832202.9267876,75901.0831086226,75901.33223512415,0.5360249610310439,0.505,491.64,BUY_YES
1779832202.9443762,75901.0831086226,75901.33223512415,0.48950513331756174,0.505,215.5,BUY_NO
1779832203.300274,75901.0831086226,75901.33223512415,0.5214733532905648,0.505,405.64,BUY_YES
1779832203.319052,75901.0831086226,75901.33223512415,0.4760646823906463,0.505,215.5,BUY_NO
1779832203.6930945,75901.0831086226,75901.33223512415,0.5247939205598173,0.505,341.64,BUY_YES
1779832203.7113447,75901.0831086226,75901.33223512415,0.48039321983583877,0.505,215.5,BUY_NO
1779832203.7505636,75901.0831086226,75901.33223512415,0.5213660866231709,0.505,318.64,BUY_YES
1779832203.7675877,75901.0831086226,75901.33223512415,0.47896689958490757,0.505,207.5,BUY_NO
1779832203.7755907,75901.0831086226,75901.33223512415,0.4945343003211071,0.505,207.5,BUY_NO
1779832203.7828522,75901.0831086226,75901.33223512415,0.5183369802179273,0.505,311.64,BUY_YES
1779832203.8282983,75901.0831086226,75901.33223512415,0.5199442565240469,0.505,333.37,BUY_YES
1779832203.842867,75901.0831086226,75901.33223512415,0.47544806640674236,0.505,232.5,BUY_NO
1779832204.2288334,75901.0831086226,75901.33223512415,0.5190895550221533,0.505,382.37,BUY_YES
1779832204.2369306,75901.0831086226,75901.33223512415,0.49483073078686995,0.505,256.5,BUY_NO
1779832204.3539681,75900.53984537948,75901.33223512415,0.4846165992285392,0.505,125.22,BUY_NO
1779832204.9357765,75900.53984537948,75901.33223512415,0.5182623284600293,0.505,113.0,BUY_YES
1779832205.4476645,75900.53984537948,75901.33223512415,0.5246239240423726,0.505,439.7,BUY_YES
1779832205.4691894,75900.53984537948,75901.33223512415,0.47803928384251315,0.505,266.5,BUY_NO
1779832205.4804308,75900.53984537948,75901.33223512415,0.48318693614049935,0.505,125.22,BUY_NO
1779832205.9727385,75900.53984537948,75901.33223512415,0.5247130605794937,0.505,103.0,BUY_YES
1779832206.9215627,75900.53984537948,75901.33223512415,0.5336771965159571,0.505,104.0,BUY_YES
1779832206.9359744,75900.53984537948,75901.33223512415,0.5423220531152727,0.505,500.71,BUY_YES
1779832206.9509244,75900.53984537948,75901.33223512415,0.49420717129804814,0.505,202.5,BUY_NO
1779832207.5797613,75900.52645897021,75901.33223512415,0.5288752298747964,0.505,532.7,BUY_YES
1779832207.5958226,75900.52645897021,75901.33223512415,0.48232009538027526,0.505,210.5,BUY_NO
1779832207.8451924,75900.52645897021,75901.33223512415,0.5541038616012924,0.505,100.00000000000006,BUY_YES
1779832207.854106,75900.52645897021,75901.33223512415,0.5443055749526958,0.505,146.12,BUY_YES
1779832208.3221633,75900.52645897021,75901.33223512415,0.5299922245796376,0.505,104.0,BUY_YES
1779832209.7826316,75892.3594554561,75901.33223512415,0.4162875183186723,0.505,180.5,BUY_NO
1779832209.8214228,75892.3594554561,75901.33223512415,0.5303560701504675,0.505,452.7,BUY_YES
1779832210.269279,75892.3594554561,75901.33223512415,0.46842389385399774,0.505,135.5,BUY_NO
1779832210.2858074,75892.3594554561,75901.33223512415,0.5164393700009696,0.505,499.4,BUY_YES
1779832210.2963398,75892.3594554561,75901.33223512415,0.5297627626815706,0.505,499.4,BUY_YES
1779832210.313028,75892.3594554561,75901.33223512415,0.47991303839142685,0.505,120.5,BUY_NO
1779832212.9684594,75891.19872254317,75901.33223512415,0.5260209966396038,0.505,627.0,BUY_YES
1779832214.2394204,75890.2531534232,75901.33223512415,0.5367631090276856,0.505,698.0,BUY_YES
1779832214.2952957,75890.2531534232,75901.33223512415,0.5372598179065177,0.5,682.4,BUY_YES
1779832214.3337815,75890.2531534232,75901.33223512415,0.5353692297471864,0.495,682.4,BUY_YES
1779832214.6475544,75890.2531534232,75901.33223512415,0.5752136128390765,0.46499999999999997,101.81,SELL_NO
1779832214.735271,75890.2531534232,75901.33223512415,0.5339071859280563,0.43999999999999995,101.81,SELL_NO
1779832214.7686138,75890.2531534232,75901.33223512415,0.539309218110612,0.435,101.81,SELL_NO
1779832215.6113007,75890.2531534232,75901.33223512415,0.3942963684695114,0.405,174.28,BUY_NO
1779832217.17331,75890.2349144885,75901.33223512415,0.41872191260043895,0.405,163.94,BUY_YES
1779832219.1926925,75890.1686421157,75901.33223512415,0.41940919717923114,0.405,234.12,BUY_YES
1779832219.4882264,75890.1686421157,75901.33223512415,0.38123001596577166,0.405,179.28,BUY_NO
1779832219.5115662,75890.1686421157,75901.33223512415,0.4374266849348071,0.405,432.66,BUY_YES
1779832220.0552735,75890.1686421157,75901.33223512415,0.4177791348833424,0.405,122.0,BUY_YES
1779832220.2629063,75890.1676386014,75901.33223512415,0.38636927543379523,0.405,187.58,BUY_NO
1779832220.2884874,75890.1676386014,75901.33223512415,0.42708678373820846,0.405,378.96,BUY_YES
1779832220.312255,75890.1676386014,75901.33223512415,0.389015930403588,0.405,184.24,BUY_NO
1779832220.4114757,75890.1676386014,75901.33223512415,0.4296654494812285,0.405,388.96,BUY_YES
1779832220.4377997,75890.1676386014,75901.33223512415,0.3919871161129781,0.405,167.57,BUY_NO
1779832221.5195336,75890.1676386014,75901.33223512415,0.3906173246991809,0.405,177.57,BUY_NO
1779832221.532004,75890.1676386014,75901.33223512415,0.4172461321827517,0.405,317.16,BUY_YES
1779832221.9838052,75890.1676386014,75901.33223512415,0.41521390599922064,0.405,373.07,SELL_NO
1779832222.0141027,75890.1676386014,75901.33223512415,0.37967658997948706,0.405,177.15,BUY_NO
1779832222.4775295,75890.15753751124,75901.33223512415,0.4151470998884398,0.405,111.0,SELL_NO
1779832223.370868,75890.15753751124,75901.33223512415,0.384512803726716,0.405,194.65,BUY_NO
1779832223.3939993,75890.15753751124,75901.33223512415,0.4413072229184942,0.405,449.95,BUY_YES
1779832223.4085627,75890.15753751124,75901.33223512415,0.4260868051749632,0.405,141.0,SELL_NO
1779832223.5431376,75890.15753751124,75901.33223512415,0.3327651415590947,0.405,163.65,BUY_NO
1779832223.5663958,75890.15753751124,75901.33223512415,0.3855842405443398,0.405,143.65,BUY_NO
1779832223.589927,75890.15753751124,75901.33223512415,0.4398913265840751,0.405,520.95,BUY_YES
1779832223.6034539,75890.15753751124,75901.33223512415,0.4550744297190877,0.405,520.95,BUY_YES
1779832223.6155145,75890.15753751124,75901.33223512415,0.4329231520613575,0.405,141.0,BUY_YES
1779832223.6380854,75890.15753751124,75901.33223512415,0.3916881447353751,0.405,112.65,BUY_NO
1779832223.6721034,75890.15753751124,75901.33223512415,0.4165829014833283,0.405,470.76,SELL_NO
1779832223.696161,75890.15753751124,75901.33223512415,0.3772142668362057,0.405,112.65,BUY_NO
1779832223.7541873,75890.15753751124,75901.33223512415,0.4243064130221902,0.405,536.76,BUY_YES
1779832223.7697544,75890.15753751124,75901.33223512415,0.4434315174031454,0.405,536.76,BUY_YES
1779832223.7949963,75890.15753751124,75901.33223512415,0.4470398384142681,0.4,536.76,BUY_YES
1779832223.807573,75890.15753751124,75901.33223512415,0.42603677860899203,0.4,141.0,SELL_NO
1779832223.9188118,75890.15753751124,75901.33223512415,0.4180685221487989,0.395,479.76,SELL_NO
1779832223.9413733,75890.15753751124,75901.33223512415,0.4197566913727691,0.395,479.76,BUY_YES
1779832225.3953383,75890.1566240166,75901.33223512415,0.3852717936410442,0.375,81.33,SELL_NO
1779832225.548583,75890.1566240166,75901.33223512415,0.38653255116578783,0.375,93.64,SELL_NO
1779832225.9132547,75890.1566240166,75901.33223512415,0.38912571153003617,0.375,148.6,BUY_YES
1779832226.0175135,75890.1566240166,75901.33223512415,0.39540965364740854,0.375,196.00000000000006,BUY_YES
1779832226.1259658,75890.1566240166,75901.33223512415,0.3899114546206085,0.375,123.0,SELL_NO
1779832226.1819065,75890.1566240166,75901.33223512415,0.40860947357349753,0.375,662.57,BUY_YES
1779832226.399841,75890.1566240166,75901.33223512415,0.39530762445032624,0.375,724.57,BUY_YES
1779832226.5715322,75890.48217392387,75901.33223512415,0.41438429571617236,0.375,634.57,BUY_YES
1779832226.5838523,75890.48217392387,75901.33223512415,0.39721657606068167,0.375,113.0,SELL_NO
1779832226.9308379,75890.48217392387,75901.33223512415,0.38965488929395076,0.375,139.94,SELL_NO
1779832226.9978416,75890.48217392387,75901.33223512415,0.4064822664049211,0.375,626.51,BUY_YES
1779832227.0138457,75890.48217392387,75901.33223512415,0.3955087051064362,0.375,118.0,SELL_NO
1779832227.1314092,75890.48217392387,75901.33223512415,0.38774502553868645,0.375,112.0,SELL_NO
1779832227.2435746,75890.48217392387,75901.33223512415,0.39495681102658375,0.375,801.26,BUY_YES
1779832227.7838323,75890.48217392387,75901.33223512415,0.3856212506152305,0.375,90.38999999999999,SELL_NO
1779832227.882921,75890.48217392387,75901.33223512415,0.4005377357568661,0.375,114.90999999999997,SELL_NO
1779832228.5949743,75890.48217392387,75901.33223512415,0.38547343024202496,0.375,81.17999999999995,SELL_NO
1779832228.8848715,75890.56972574444,75901.33223512415,0.3883979315631694,0.375,87.62,SELL_NO
1779832229.017379,75890.56972574444,75901.33223512415,0.38613162193850814,0.375,95.0,SELL_NO
1779832229.5927103,75890.56972574444,75901.33223512415,0.4024598832197762,0.375,740.98,BUY_YES
1779832229.7962987,75890.56972574444,75901.33223512415,0.38615025899807787,0.375,117.60000000000002,SELL_NO
1779832229.8425615,75890.56972574444,75901.33223512415,0.395635321309081,0.375,852.68,BUY_YES
1779832229.91909,75890.56972574444,75901.33223512415,0.40779894011289053,0.375,850.94,BUY_YES
1779832230.6851778,75890.56972574444,75901.33223512415,0.39170927066107386,0.375,136.68999999999994,SELL_NO
1779832231.0132308,75890.56972574444,75901.33223512415,0.3879884451211468,0.375,112.20999999999992,SELL_NO
1779832231.4520724,75890.57567169418,75901.33223512415,0.40232638789024533,0.375,703.22,BUY_YES
1779832231.6731474,75890.57567169418,75901.33223512415,0.38798801604598604,0.375,128.76999999999998,SELL_NO
1779832232.008152,75890.57567169418,75901.33223512415,0.38808651970995567,0.375,106.02999999999997,SELL_NO
1779832232.064568,75890.57567169418,75901.33223512415,0.39942089583098567,0.375,884.9,BUY_YES
1779832232.5471203,75890.57567169418,75901.33223512415,0.3913586922514352,0.375,114.75,SELL_NO
1779832232.7625954,75890.57567169418,75901.33223512415,0.38607839849769215,0.375,107.83000000000004,SELL_NO
1779832233.2190323,75890.57567169418,75901.33223512415,0.39461434093877046,0.375,84.83000000000004,SELL_NO
1779832233.4390204,75890.57567169418,75901.33223512415,0.39322322881192406,0.375,712.2208463458664,BUY_YES
1779832233.6979809,75890.57567011303,75901.33223512415,0.3871658694497447,0.375,112.87915365413357,SELL_NO
1779832233.8775697,75890.57567011303,75901.33223512415,0.38996035075549096,0.375,817.11,SELL_NO
1779832234.6968305,75890.57567011303,75901.33223512415,0.38820746976509,0.375,143.31999999999994,SELL_NO
1779832234.7472534,75890.57567011303,75901.33223512415,0.3533946386842257,0.375,80.54,BUY_NO
1779832235.2050002,75890.57567011303,75901.33223512415,0.40849811093087024,0.375,726.38,BUY_YES
1779832235.309424,75890.57567011303,75901.33223512415,0.410937669287252,0.375,764.48,BUY_YES
1779832236.2608147,75890.57588775155,75901.33223512415,0.35300191895356037,0.375,80.0,BUY_NO
1779832236.3419173,75890.57588775155,75901.33223512415,0.41780387561603183,0.375,460.6,BUY_YES
1779832236.3539405,75890.57588775155,75901.33223512415,0.4065461257829768,0.375,111.0,SELL_NO
1779832236.387528,75890.57588775155,75901.33223512415,0.3616098183337151,0.375,80.0,BUY_NO
1779832237.3316429,75890.57588775155,75901.33223512415,0.39221065667372856,0.375,92.47000000000003,SELL_NO
1779832237.5649428,75890.57588775155,75901.33223512415,0.41336352982316354,0.375,516.9,BUY_YES
1779832237.5802288,75890.57588775155,75901.33223512415,0.39704428659973806,0.375,118.22,SELL_NO
1779832237.6054695,75890.57588775155,75901.33223512415,0.361832498249837,0.375,105.0,BUY_NO
1779832237.6181839,75890.57588775155,75901.33223512415,0.35126698915315824,0.375,135.0,BUY_NO
1779832239.7443047,75890.05857656317,75901.33223512415,0.40717294601758025,0.375,426.52,BUY_YES
1779832239.7971964,75890.05857656317,75901.33223512415,0.3578853836548681,0.375,128.41,BUY_NO
1779832240.1984868,75890.05857656317,75901.33223512415,0.40534749195898573,0.375,390.71,BUY_YES
1779832240.255834,75890.05857656317,75901.33223512415,0.35639162527172685,0.375,128.17,BUY_NO
1779832240.327426,75890.05857656317,75901.33223512415,0.40170411529309497,0.375,427.1,BUY_YES
1779832240.3748748,75890.05857656317,75901.33223512415,0.36253030021113875,0.375,128.17,BUY_NO
1779832241.0501742,75890.05857656317,75901.33223512415,0.3548547249223582,0.375,145.0,BUY_NO
1779832241.081133,75890.05857656317,75901.33223512415,0.39997936283557456,0.375,348.69,BUY_YES
1779832241.353334,75889.99007656318,75901.33223512415,0.3947492302059178,0.375,341.63,SELL_NO
1779832241.445415,75889.99007656318,75901.33223512415,0.3619956090518758,0.375,138.17,BUY_NO
1779832241.9549243,75889.99007656318,75901.33223512415,0.4069998771040593,0.375,81.37,SELL_NO
1779832241.97152,75889.99007656318,75901.33223512415,0.39983046607132244,0.375,160.4,SELL_NO
1779832242.1504138,75889.99007656318,75901.33223512415,0.3272493805398991,0.375,168.79,BUY_NO
1779832242.17218,75889.99007656318,75901.33223512415,0.38743682496870374,0.375,429.14,SELL_NO
1779832242.208381,75889.99007656318,75901.33223512415,0.3530512128927584,0.375,155.0,BUY_NO
1779832242.505448,75889.99007656318,75901.33223512415,0.40842092074405045,0.375,360.26,BUY_YES
1779832242.5655713,75889.99007656318,75901.33223512415,0.35548240225292776,0.375,162.2,BUY_NO
1779832242.8413444,75889.99007656318,75901.33223512415,0.4041698423745098,0.375,264.5,BUY_YES
1779832242.8895223,75889.99007656318,75901.33223512415,0.36366493119984966,0.375,156.58,BUY_NO
1779832242.968257,75889.99007656318,75901.33223512415,0.3914231906517863,0.375,87.38999999999999,SELL_NO
1779832243.7010431,75889.99007656318,75901.33223512415,0.4028512707039672,0.375,376.6,BUY_YES
1779832243.7373116,75889.99007656318,75901.33223512415,0.3623976261261383,0.375,86.58,BUY_NO
1779832243.7909272,75889.99007656318,75901.33223512415,0.35458925384474266,0.375,160.0,BUY_NO
1779832243.8268077,75889.99007656318,75901.33223512415,0.39639792389609946,0.375,153.0,SELL_NO
1779832244.4447374,75890.23846694356,75901.33223512415,0.3870438632559824,0.375,128.45,SELL_NO
1779832245.2979677,75890.23846694356,75901.33223512415,0.4046229732843534,0.375,82.50999999999999,SELL_NO
1779832246.2929316,75890.23846694356,75901.33223512415,0.4026624579766179,0.375,92.94,SELL_NO
1779832246.8840075,75889.98501633017,75901.33223512415,0.3920853454435891,0.375,442.0,SELL_NO
1779832248.0352616,75889.98501633017,75901.33223512415,0.36069841994234747,0.375,80.24,BUY_NO
1779832248.1379936,75889.98501633017,75901.33223512415,0.39528548501299177,0.375,95.03000000000003,SELL_NO
1779832248.9792004,75889.98501633017,75901.33223512415,0.4194635108180063,0.375,460.09,BUY_YES
1779832249.5847075,75889.98501633017,75901.33223512415,0.40530531907515455,0.375,139.53000000000003,BUY_YES
1779832255.3387513,75887.41547263939,75901.33223512415,0.38052362927228495,0.355,167.76,BUY_YES
1779832255.5392833,75887.41547263939,75901.33223512415,0.34470772375471825,0.355,128.44,BUY_NO
1779832257.4306822,75887.41547263939,75901.33223512415,0.36530873368837447,0.355,170.3508463458649,SELL_NO
1779832257.4588206,75887.41547263939,75901.33223512415,0.34427170983778743,0.355,119.57,BUY_NO
1779832259.148258,75887.55832763939,75901.33223512415,0.3334665374373438,0.355,183.47,BUY_NO
1779832263.075672,75887.54458263938,75901.33223512415,0.3238421678330761,0.355,77.35,BUY_NO
1779832263.7592838,75887.54458263938,75901.33223512415,0.30747395205430583,0.355,80.0,BUY_NO
1779832263.7785122,75887.54458263938,75901.33223512415,0.3161133493207053,0.355,112.73,BUY_NO
1779832263.9943647,75887.54458263938,75901.33223512415,0.42078993651654845,0.355,211.52,BUY_YES
1779832264.011828,75887.54458263938,75901.33223512415,0.40646931055087965,0.355,105.68,SELL_NO
1779832264.0306501,75887.54458263938,75901.33223512415,0.3890472969748045,0.355,211.52,BUY_YES
1779832264.080823,75887.54458263938,75901.33223512415,0.3355564135141698,0.355,236.54,BUY_NO
1779832264.1008623,75887.54458263938,75901.33223512415,0.32985051096755325,0.355,161.5,BUY_NO
1779832266.5051749,75888.0415342321,75901.33223512415,0.3163135287423133,0.355,78.20000000000002,BUY_NO
1779832266.7312984,75888.0415342321,75901.33223512415,0.3342649504630592,0.355,295.64,BUY_NO
1779832267.2797241,75888.0415342321,75901.33223512415,0.3199735200917733,0.355,78.0,BUY_NO
1779832268.3122284,75887.4870504829,75901.33223512415,0.3099159894391972,0.355,86.84000000000003,BUY_NO
1779832268.3318667,75887.4870504829,75901.33223512415,0.3152502248063191,0.355,230.95,BUY_NO
1779832269.251506,75887.4870504829,75901.33223512415,0.32898571343520827,0.355,90.69,BUY_NO
1779832269.3201368,75887.4870504829,75901.33223512415,0.32918246640559456,0.36,444.4,BUY_NO
1779832270.2342262,75887.4870504829,75901.33223512415,0.30112874331472095,0.365,122.16,BUY_NO
1779832270.2515466,75887.4870504829,75901.33223512415,0.30850114404374906,0.365,193.5,BUY_NO
1779832270.3095372,75887.4870504829,75901.33223512415,0.37525005517834864,0.365,188.78,SELL_NO
1779832271.2891154,75887.4870504829,75901.33223512415,0.37608546376928365,0.365,154.46,SELL_NO
1779832271.9456203,75884.95324547343,75901.33223512415,0.2768814579776114,0.365,85.0,BUY_NO
1779832272.446608,75884.95324547343,75901.33223512415,0.3061542806769586,0.365,204.66,BUY_NO
1779832272.4639165,75884.95324547343,75901.33223512415,0.3331684329978613,0.365,77.92,BUY_NO
1779832272.4922905,75884.95324547343,75901.33223512415,0.3873734246966922,0.365,330.05,BUY_YES
1779832272.6272316,75884.95324547343,75901.33223512415,0.3339040791784128,0.365,167.0,BUY_NO
1779832272.7955542,75884.95324547343,75901.33223512415,0.398041794016327,0.365,179.57,BUY_YES
1779832274.293326,75884.95324547343,75901.33223512415,0.2811704627155959,0.365,226.81,BUY_NO
1779832274.3108747,75884.95324547343,75901.33223512415,0.2928786710777702,0.365,311.65999999999997,BUY_NO
1779832275.4118621,75883.61041911939,75901.33223512415,0.31838937465377015,0.365,197.0,BUY_NO
1779832275.4553,75883.61041911939,75901.33223512415,0.3861067451848088,0.365,375.12,SELL_NO
1779832276.582784,75883.61041911939,75901.33223512415,0.30608178276441017,0.365,184.18,BUY_NO
1779832276.6268747,75883.61041911939,75901.33223512415,0.38230824009059616,0.365,394.07,SELL_NO
1779832282.491483,75877.90964191263,75901.33223512415,0.21107202465041827,0.365,81.96999999999997,BUY_NO
1779832285.5381465,75877.18097024619,75901.33223512415,0.21432533497886136,0.365,201.75,BUY_NO
1779832291.6333494,75864.82240198118,75901.33223512415,0.1078567440002969,0.365,173.18,BUY_NO
1779832293.9799016,75864.82240198118,75901.33223512415,0.10981926459362439,0.365,163.18,BUY_NO
1779832295.136331,75867.59027810875,75901.33223512415,0.12173702578187331,0.365,163.18,BUY_NO
1779832295.2071168,75867.59027810875,75901.33223512415,0.11728524166298018,0.365,155.36,BUY_NO
1779832302.5428557,75872.2012045305,75901.33223512415,0.1554723698312423,0.365,131.36,BUY_NO
1779832304.3451693,75872.2012045305,75901.33223512415,0.16101411489794706,0.365,124.36,BUY_NO
1779832304.6259382,75872.2012045305,75901.33223512415,0.15920399814304495,0.365,131.23,BUY_NO
1779832309.3795855,75856.54592330621,75901.33223512415,0.22551664597601667,0.195,467.06,BUY_YES
1779832309.4130847,75856.54592330621,75901.33223512415,0.21639621141412688,0.195,311.2,SELL_NO
1779832309.4794116,75856.54592330621,75901.33223512415,0.17811100417312767,0.195,508.59,BUY_NO
1779832309.8011105,75856.54592330621,75901.33223512415,0.17256877990198113,0.195,166.34,BUY_NO
1779832310.156017,75854.39129740818,75901.33223512415,0.10411815060132465,0.195,269.12,BUY_NO
1779832310.1752124,75854.39129740818,75901.33223512415,0.10724700104176461,0.195,345.0,BUY_NO
1779832310.1940339,75854.39129740818,75901.33223512415,0.12017707019940106,0.195,149.0,BUY_NO
1779832311.2954664,75854.39129740818,75901.33223512415,0.08881669617760828,0.195,643.59,BUY_NO
1779832311.3125362,75854.39129740818,75901.33223512415,0.12436280371270239,0.195,269.12,BUY_NO
1779832311.36196,75854.39129740818,75901.33223512415,0.22097173990410568,0.195,620.65,BUY_YES
1779832311.5369697,75854.39129740818,75901.33223512415,0.13923680273879532,0.195,138.0,BUY_NO
1779832311.584114,75854.39129740818,75901.33223512415,0.133166900044962,0.195,207.0,BUY_NO
1779832312.9628615,75854.39129740818,75901.33223512415,0.06304664584360795,0.195,599.3,BUY_NO
1779832312.9817176,75854.39129740818,75901.33223512415,0.1060958053422694,0.195,274.12,BUY_NO
1779832313.0319073,75854.39129740818,75901.33223512415,0.21954136182544107,0.195,743.31,BUY_YES
1779832313.458128,75856.4023856708,75901.33223512415,0.0839862056154178,0.195,66.28,BUY_NO
1779832313.4770246,75856.4023856708,75901.33223512415,0.08331309598057711,0.195,345.0,BUY_NO
1779832313.4969215,75856.4023856708,75901.33223512415,0.08918767434687205,0.195,365.65,BUY_NO
1779832313.7605166,75856.4023856708,75901.33223512415,0.1546611173352514,0.195,635.8399999999999,BUY_NO
1779832313.7962072,75856.4023856708,75901.33223512415,0.23436237841049412,0.195,730.31,BUY_YES
1779832313.8187091,75856.4023856708,75901.33223512415,0.22367984922128967,0.195,255.66,BUY_YES
1779832313.9650028,75856.4023856708,75901.33223512415,0.1519576628874492,0.195,274.12,BUY_NO
1779832314.003073,75856.4023856708,75901.33223512415,0.14110201615842277,0.195,138.0,BUY_NO
1779832314.1459498,75856.4023856708,75901.33223512415,0.13386524103429262,0.195,207.0,BUY_NO
1779832314.2484035,75856.4023856708,75901.33223512415,0.21119262995149457,0.195,709.57,SELL_NO
1779832314.291868,75856.4023856708,75901.33223512415,0.22125219908342472,0.195,709.57,BUY_YES
1779832314.379263,75856.4023856708,75901.33223512415,0.18206623647969367,0.195,464.07,BUY_NO
1779832314.5974684,75856.4023856708,75901.33223512415,0.17264088494873844,0.195,138.29000000000002,BUY_NO
1779832314.6474884,75856.4023856708,75901.33223512415,0.1614412297687838,0.195,105.0,BUY_NO
1779832314.812189,75856.4023856708,75901.33223512415,0.15308745407879332,0.195,187.17,BUY_NO
1779832315.0228584,75856.4023856708,75901.33223512415,0.22533517324191552,0.195,719.61,BUY_YES
1779832315.1263518,75856.4023856708,75901.33223512415,0.17662225222785427,0.195,371.23,BUY_NO
1779832315.1708667,75856.4023856708,75901.33223512415,0.17629901527214537,0.195,153.21999999999997,BUY_NO
1779832315.7961283,75856.4023856708,75901.33223512415,0.08274690449366882,0.195,68.57000000000002,BUY_NO
1779832315.8138573,75856.4023856708,75901.33223512415,0.08302117082715266,0.195,268.23,BUY_NO
1779832315.8350134,75856.4023856708,75901.33223512415,0.0881758013737036,0.195,345.0,BUY_NO
1779832315.8536115,75856.4023856708,75901.33223512415,0.10326135983456823,0.195,375.65,BUY_NO
1779832317.8318684,75856.45892237882,75901.33223512415,0.0887531449158584,0.195,500.34000000000003,BUY_NO
1779832317.8545856,75856.45892237882,75901.33223512415,0.1321229961250196,0.195,284.12,BUY_NO
1779832317.8953483,75856.45892237882,75901.33223512415,0.21309194936117565,0.195,807.22,SELL_NO
1779832318.0602784,75856.45892237882,75901.33223512415,0.1410621038552391,0.195,138.0,BUY_NO
1779832318.119302,75856.45892237882,75901.33223512415,0.13415460980509622,0.195,207.0,BUY_NO
1779832318.5500104,75856.45892237882,75901.33223512415,0.12415683712211846,0.195,149.0,BUY_NO
1779832318.6842978,75856.45892237882,75901.33223512415,0.16999479881653654,0.195,469.47,BUY_NO
1779832318.7076316,75856.45892237882,75901.33223512415,0.21062304347096839,0.195,753.07,SELL_NO
1779832318.77173,75856.45892237882,75901.33223512415,0.21033385603958515,0.195,753.07,SELL_NO
1779832318.8214502,75856.45892237882,75901.33223512415,0.1817612398219393,0.195,305.89,BUY_NO
1779832318.8514895,75856.45892237882,75901.33223512415,0.17115521624066743,0.195,149.34,BUY_NO
1779832319.027446,75856.45892237882,75901.33223512415,0.16478009265752294,0.195,110.89,BUY_NO
1779832319.153284,75856.45892237882,75901.33223512415,0.2058790694588773,0.195,792.02,SELL_NO
1779832319.183283,75856.45892237882,75901.33223512415,0.22841040889948663,0.195,792.02,BUY_YES
1779832319.1999164,75856.45892237882,75901.33223512415,0.21748988845451228,0.195,154.37,SELL_NO
1779832319.2674186,75856.45892237882,75901.33223512415,0.17900181095800308,0.195,240.06,BUY_NO
1779832319.2890196,75856.45892237882,75901.33223512415,0.2137482702272065,0.195,792.02,BUY_YES
1779832319.3301876,75856.45892237882,75901.33223512415,0.23569890825962825,0.195,792.02,BUY_YES
1779832319.3573751,75856.45892237882,75901.33223512415,0.22441396284664683,0.195,352.37,SELL_NO
1779832319.4309332,75856.45892237882,75901.33223512415,0.22152826445430038,0.195,775.01,BUY_YES
1779832319.484169,75856.45892237882,75901.33223512415,0.2299856146791331,0.195,775.01,BUY_YES
1779832319.5120595,75856.43064357866,75901.33223512415,0.21898633394517641,0.195,161.83,SELL_NO
1779832319.575795,75856.43064357866,75901.33223512415,0.18022067516293333,0.195,230.96,BUY_NO
1779832319.5939443,75856.43064357866,75901.33223512415,0.17270577072663051,0.195,149.34,BUY_NO
1779832319.658987,75856.43064357866,75901.33223512415,0.16199201460770768,0.195,110.89,BUY_NO
1779832319.8016028,75856.43064357866,75901.33223512415,0.15417523170554953,0.195,168.23,BUY_NO
1779832322.8288708,75856.43064357866,75901.33223512415,0.05793122982722501,0.195,85.09,BUY_NO
1779832322.8464007,75856.43064357866,75901.33223512415,0.057616425305966126,0.195,370.53,BUY_NO
1779832322.8638797,75856.43064357866,75901.33223512415,0.0644359880129944,0.195,341.65,BUY_NO
1779832322.882329,75856.43064357866,75901.33223512415,0.08126218193550203,0.195,551.9,BUY_NO
1779832322.9488766,75856.43064357866,75901.33223512415,0.22101406605338056,0.195,189.3500000000001,SELL_NO
1779832322.9648147,75856.43064357866,75901.33223512415,0.2518618113916723,0.195,300.0,BUY_YES
1779832322.9806826,75856.43064357866,75901.33223512415,0.2507661404617522,0.195,933.1199999999999,SELL_NO
1779832323.6314862,75856.63650288942,75901.33223512415,0.08351589379167028,0.195,69.81,BUY_NO
1779832323.6513584,75856.63650288942,75901.33223512415,0.08347623475659552,0.195,234.9,BUY_NO
1779832325.0167315,75856.63650288942,75901.33223512415,0.057260867207667,0.195,104.99999999999997,BUY_NO
1779832325.0349383,75856.63650288942,75901.33223512415,0.05787320673202249,0.195,99.99999999999999,BUY_NO
1779832326.158741,75856.63650288942,75901.33223512415,0.05102918001152813,0.195,71.28,BUY_NO
1779832328.2600617,75856.40758094529,75901.33223512415,0.08041158430724109,0.195,464.38,BUY_NO
1779832328.2789953,75856.40758094529,75901.33223512415,0.12515651959537255,0.195,292.23,BUY_NO
1779832328.3138947,75856.40758094529,75901.33223512415,0.2080308777570527,0.195,856.35,SELL_NO
1779832328.4629085,75856.40758094529,75901.33223512415,0.14291610133946162,0.195,166.94,BUY_NO
1779832328.4939728,75856.40758094529,75901.33223512415,0.13202881327597285,0.195,207.0,BUY_NO
1779832328.7445762,75856.40758094529,75901.33223512415,0.12344948157844116,0.195,134.0,BUY_NO
1779832330.844232,75856.40758094529,75901.33223512415,0.09463165947582206,0.195,394.34000000000003,BUY_NO
1779832330.865612,75856.40758094529,75901.33223512415,0.13869274037856155,0.195,307.06,BUY_NO
1779832330.9136946,75856.71056910868,75901.33223512415,0.2198285577414442,0.195,886.8,BUY_YES
1779832331.058902,75856.71056910868,75901.33223512415,0.14416910378955433,0.195,138.0,BUY_NO
1779832331.1173508,75856.71056910868,75901.33223512415,0.13400728482346355,0.195,217.0,BUY_NO
1779832331.8260627,75856.71056910868,75901.33223512415,0.11909603645989816,0.195,445.63,BUY_NO
1779832331.8427804,75856.71056910868,75901.33223512415,0.16238826068370465,0.195,119.89,BUY_NO
1779832331.8753507,75856.71056910868,75901.33223512415,0.24234068250617458,0.195,880.29,BUY_YES
1779832331.8932498,75856.71056910868,75901.33223512415,0.23091830517268885,0.195,366.63,SELL_NO
1779832332.030009,75856.71056910868,75901.33223512415,0.14986206599037175,0.195,163.23,BUY_NO
1779832332.071217,75856.71056910868,75901.33223512415,0.14221268243905824,0.195,138.0,BUY_NO
1779832332.279662,75856.71056910868,75901.33223512415,0.13309737016212705,0.195,232.0,BUY_NO
1779832332.6663034,75856.71056910868,75901.33223512415,0.12445455574866482,0.195,129.0,BUY_NO
1779832332.8627493,75856.71056910868,75901.33223512415,0.11392451237728538,0.195,221.65,BUY_NO
1779832333.3143587,75856.71056910868,75901.33223512415,0.10394647293714855,0.195,285.97,BUY_NO
1779832334.1884148,75856.71056910868,75901.33223512415,0.06342941261197622,0.195,66.27000000000004,BUY_NO
1779832334.2120192,75856.71056910868,75901.33223512415,0.06441311294358092,0.195,489.20000000000005,BUY_NO
1779832335.3151004,75861.72806135305,75901.33223512415,0.11572581586914164,0.195,421.35,BUY_NO
1779832335.37802,75861.72806135305,75901.33223512415,0.23260246832324838,0.195,823.99,BUY_YES
1779832335.3981085,75861.72806135305,75901.33223512415,0.22147234490708595,0.195,192.61,SELL_NO
1779832335.9554415,75861.72806135305,75901.33223512415,0.08581921369422334,0.195,283.12,BUY_NO
1779832335.9767303,75861.72806135305,75901.33223512415,0.09091335101381051,0.195,355.0,BUY_NO
1779832336.0647664,75861.72806135305,75901.33223512415,0.1396359089412162,0.195,433.65999999999997,BUY_NO
1779832336.1103623,75861.72806135305,75901.33223512415,0.2215696195703818,0.195,860.84,BUY_YES
1779832336.2182612,75861.72806135305,75901.33223512415,0.16124876029682822,0.195,119.89,BUY_NO
1779832336.2486277,75861.72806135305,75901.33223512415,0.15418986048170186,0.195,163.23,BUY_NO
1779832336.6988456,75861.72806135305,75901.33223512415,0.12266393646492978,0.195,370.0,BUY_NO
1779832337.141633,75861.72806135305,75901.33223512415,0.15535381274896068,0.195,374.33000000000004,BUY_NO
1779832337.174052,75861.72806135305,75901.33223512415,0.2351505826894238,0.195,876.85,BUY_YES
1779832337.190567,75861.72806135305,75901.33223512415,0.22390509408885054,0.195,384.4,SELL_NO
1779832337.3115778,75861.72806135305,75901.33223512415,0.1594387093156642,0.195,119.89,BUY_NO
1779832337.3301642,75861.72806135305,75901.33223512415,0.15325234271237081,0.195,163.23,BUY_NO
1779832337.4703968,75861.72806135305,75901.33223512415,0.14319330618445605,0.195,138.0,BUY_NO
1779832338.1645913,75861.72806135305,75901.33223512415,0.09498803039577627,0.195,155.0,BUY_NO
1779832338.1815863,75861.72806135305,75901.33223512415,0.09493190730779744,0.195,376.0,BUY_NO
1779832338.1975858,75861.72806135305,75901.33223512415,0.11014343582216646,0.195,221.65,BUY_NO
1779832338.268221,75861.72806135305,75901.33223512415,0.21141792313311475,0.195,65.0,SELL_NO
1779832344.347424,75862.58185639988,75901.33223512415,0.07399466608211464,0.195,536.21,BUY_NO
1779832344.3715348,75862.58185639988,75901.33223512415,0.11029083875936149,0.195,283.12,BUY_NO
1779832344.4377828,75862.58185639988,75901.33223512415,0.22884534741976859,0.195,820.73,BUY_YES
1779832344.4619052,75862.58185639988,75901.33223512415,0.21828992068888303,0.195,186.0,SELL_NO
1779832345.4685051,75862.58185639988,75901.33223512415,0.07495272378096622,0.195,148.0,BUY_NO
1779832345.4870083,75862.58185639988,75901.33223512415,0.07505511178347674,0.195,361.0,BUY_NO
1779832345.5119238,75862.58185639988,75901.33223512415,0.08819446818091219,0.195,502.21000000000004,BUY_NO
1779832346.364157,75859.91967918203,75901.33223512415,0.09488424167742623,0.195,163.4,BUY_NO
1779832347.0694807,75859.91967918203,75901.33223512415,0.07222527653459161,0.195,523.8199999999999,BUY_NO
1779832347.092913,75859.91967918203,75901.33223512415,0.10215954261424068,0.195,521.21,BUY_NO
1779832347.1164143,75859.91967918203,75901.33223512415,0.1454526975018492,0.195,293.12,BUY_NO
1779832347.1502593,75859.91967918203,75901.33223512415,0.22545483489953344,0.195,820.19,BUY_YES
1779832347.3290892,75859.91967918203,75901.33223512415,0.13940919552932554,0.195,138.0,BUY_NO
1779832347.3989356,75859.91967918203,75901.33223512415,0.13235543247485693,0.195,232.0,BUY_NO
1779832348.0280116,75859.91967918203,75901.33223512415,0.0661989009088766,0.195,67.56,BUY_NO
1779832348.049827,75859.91967918203,75901.33223512415,0.0670651541372195,0.195,345.65,BUY_NO
1779832348.0694747,75859.91967918203,75901.33223512415,0.07380609714789921,0.195,523.96,BUY_NO
1779832348.5807486,75859.91967918203,75901.33223512415,0.16566091883143233,0.195,499.63,BUY_NO
1779832348.5997744,75859.91967918203,75901.33223512415,0.20547176398410164,0.195,790.68,SELL_NO
1779832348.9923835,75859.91967918203,75901.33223512415,0.09038980446705365,0.195,63.31999999999999,BUY_NO
1779832349.0115147,75859.91967918203,75901.33223512415,0.08929301431319556,0.195,293.12,BUY_NO
1779832349.0306263,75859.91967918203,75901.33223512415,0.0930419162803959,0.195,370.0,BUY_NO
1779832349.0513244,75859.91967918203,75901.33223512415,0.10519662738361746,0.195,345.65,BUY_NO
1779832350.1951962,75870.03627894641,75901.33223512415,0.10001254276612209,0.195,285.56,BUY_NO
1779832350.282343,75870.03627894641,75901.33223512415,0.23300910557066618,0.195,825.95,BUY_YES
1779832350.3011396,75870.03627894641,75901.33223512415,0.22194855312117384,0.195,202.73,SELL_NO
1779832350.3218145,75870.03627894641,75901.33223512415,0.2564881158663866,0.195,825.95,BUY_YES
1779832350.3484333,75870.03627894641,75901.33223512415,0.24416371007306725,0.195,381.73,SELL_NO
1779832350.464753,75870.03627894641,75901.33223512415,0.18496277894997226,0.195,330.83,SELL_YES
1779832350.8810694,75870.03627894641,75901.33223512415,0.17349356917971023,0.195,161.36999999999998,BUY_NO
1779832350.988079,75870.03627894641,75901.33223512415,0.1612151666907062,0.195,124.89,BUY_NO
1779832351.446313,75870.03627894641,75901.33223512415,0.1524747090455394,0.195,184.23,BUY_NO
1779832351.881455,75870.03627894641,75901.33223512415,0.21181482807758945,0.195,767.91,SELL_NO
1779832351.94478,75870.03627894641,75901.33223512415,0.1833744394307477,0.195,268.82,SELL_YES
1779832352.0006843,75870.03627894641,75901.33223512415,0.17650721196570454,0.195,201.43000000000004,BUY_NO
1779832352.1455626,75870.03627894641,75901.33223512415,0.16235747822730626,0.195,124.89,BUY_NO
1779832353.8389294,75871.84452532134,75901.33223512415,0.11507167602450254,0.195,63.06,BUY_NO
1779832353.8652973,75871.84452532134,75901.33223512415,0.11791568926817943,0.195,183.22999999999996,BUY_NO
1779832353.8940873,75871.84452532134,75901.33223512415,0.12087714907258801,0.195,350.0,BUY_NO
1779832356.6636095,75871.84452532134,75901.33223512415,0.147056726573412,0.195,495.95000000000005,BUY_NO
1779832356.7121978,75871.84452532134,75901.33223512415,0.2253197842072081,0.195,736.8,BUY_YES
1779832356.7352676,75871.84452532134,75901.33223512415,0.2154293744042173,0.195,190.7,SELL_NO
1779832357.2185981,75871.84452532134,75901.33223512415,0.10628126357025404,0.195,318.12,BUY_NO
1779832357.2390912,75871.84452532134,75901.33223512415,0.1129671620352163,0.195,350.0,BUY_NO
1779832361.0516925,75874.84948757516,75901.33223512415,0.14255243349622593,0.195,73.94000000000001,BUY_NO
1779832369.5153692,75860.26827521743,75901.33223512415,0.16638257024789543,0.055,958.7,SELL_NO
1779832369.5480871,75860.26827521743,75901.33223512415,0.15946007299151857,0.055,393.76,SELL_NO
1779832369.5844944,75860.26827521743,75901.33223512415,0.15198706934194264,0.055,249.5,SELL_NO
1779832369.7226245,75860.26827521743,75901.33223512415,0.14794623515928454,0.055,968.7,SELL_NO
1779832369.7438269,75860.26827521743,75901.33223512415,0.14116354762280572,0.055,393.76,SELL_NO
1779832369.7642415,75860.26827521743,75901.33223512415,0.13460537024166544,0.055,249.5,SELL_NO
1779832369.785123,75860.26827521743,75901.33223512415,0.12837510172958216,0.055,205.0,SELL_NO
1779832370.66773,75860.26827521743,75901.33223512415,0.0449648894797617,0.055,1341.91,BUY_NO
1779832371.7812126,75859.71075950132,75901.33223512415,0.09748774232103767,0.055,978.75,SELL_NO
1779832371.8053422,75859.71075950132,75901.33223512415,0.09311335520498579,0.055,408.76,SELL_NO
1779832372.217091,75859.71075950132,75901.33223512415,0.04475138393949919,0.055,1338.68,BUY_NO
1779832372.5948784,75859.71075950132,75901.33223512415,0.30887355413212536,0.055,119.95000000000005,SELL_NO
1779832372.7112038,75859.71075950132,75901.33223512415,0.24819567539083015,0.055,154.5,SELL_NO
1779832372.7332945,75859.71075950132,75901.33223512415,0.23862646328687684,0.055,315.0,SELL_NO
1779832372.7578552,75859.71075950132,75901.33223512415,0.22778366309153683,0.055,668.8,SELL_NO
1779832372.888835,75859.71075950132,75901.33223512415,0.174499055829553,0.055,609.88,SELL_NO
1779832373.080206,75860.19359593642,75901.33223512415,0.11391723397743252,0.055,1093.8799999999999,SELL_NO
1779832373.1040099,75860.19359593642,75901.33223512415,0.10872137227856088,0.055,423.76,SELL_NO
1779832373.5115745,75860.19359593642,75901.33223512415,0.04365416946705521,0.055,1338.85,BUY_NO
1779832373.6198456,75860.19359593642,75901.33223512415,0.2545341861411182,0.055,1103.8799999999999,SELL_NO
1779832373.6385937,75860.19359593642,75901.33223512415,0.2423074768340623,0.055,423.76,SELL_NO
1779832373.660438,75860.19359593642,75901.33223512415,0.23069210299235918,0.055,249.5,SELL_NO
1779832373.6833293,75860.19359593642,75901.33223512415,0.21965749784274122,0.055,345.0,SELL_NO
1779832373.7072692,75860.19359593642,75901.33223512415,0.20917462295060416,0.055,528.8,BUY_YES
1779832373.7310283,75860.19359593642,75901.33223512415,0.19921589180307395,0.055,609.88,SELL_NO
1779832373.7526405,75860.19359593642,75901.33223512415,0.18975509721292025,0.055,590.38,SELL_NO
1779832374.0773451,75860.19359593642,75901.33223512415,0.11701655563709239,0.055,1085.03,SELL_NO
1779832374.103329,75860.19359593642,75901.33223512415,0.11166572785523776,0.055,423.76,SELL_NO
1779832374.1264808,75860.19359593642,75901.33223512415,0.10658244146247586,0.055,139.5,SELL_NO
1779832374.3314776,75860.19359593642,75901.33223512415,0.10237929438848442,0.055,1090.31,SELL_NO
1779832374.3531258,75860.19359593642,75901.33223512415,0.09776032966906019,0.055,423.76,SELL_NO
1779832374.7496662,75860.19359593642,75901.33223512415,0.04481620332027257,0.055,1196.14,BUY_NO
1779832375.1287794,75859.91832263529,75901.33223512415,0.32343975096518557,0.055,154.5,SELL_NO
1779832375.1472878,75859.91832263529,75901.33223512415,0.31399608832286435,0.055,320.0,SELL_NO
1779832375.1646285,75859.91832263529,75901.33223512415,0.3009993317294899,0.055,663.8,SELL_NO
1779832375.181652,75859.91832263529,75901.33223512415,0.2868433982891127,0.055,609.88,SELL_NO
1779832375.1998382,75859.91832263529,75901.33223512415,0.27300122837465707,0.055,590.38,SELL_NO
1779832375.2185884,75859.91832263529,75901.33223512415,0.2598511669559242,0.055,280.12,BUY_YES
1779832375.2354984,75859.91832263529,75901.33223512415,0.24735860860812797,0.055,846.2,BUY_YES
1779832375.254075,75859.91832263529,75901.33223512415,0.23549067817772157,0.055,280.6,BUY_YES
1779832376.0413167,75859.91832263529,75901.33223512415,0.04451689312004927,0.055,1195.93,BUY_NO
1779832376.0643697,75859.91832263529,75901.33223512415,0.0915710404438641,0.055,1075.03,SELL_NO
1779832376.0876994,75859.91832263529,75901.33223512415,0.09124972048149042,0.055,194.53,SELL_NO
1779832378.3758628,75859.91832263529,75901.33223512415,0.03551476665403487,0.055,2518.13,BUY_NO
1779832378.400935,75859.91832263529,75901.33223512415,0.08053919042869633,0.055,1060.69,SELL_NO
1779832379.0148199,75859.86298540412,75901.33223512415,0.043939591065178286,0.055,1121.26,BUY_NO
1779832379.0363038,75859.86298540412,75901.33223512415,0.08740003411605747,0.055,1029.8200000000002,SELL_NO
1779832379.2612345,75859.86298540412,75901.33223512415,0.06811543164015452,0.055,236.5,SELL_NO
1779832380.151841,75859.86298540412,75901.33223512415,0.038241565084320646,0.055,2368.06,BUY_NO
1779832380.1713128,75859.86298540412,75901.33223512415,0.08527633466704848,0.055,993.8,BUY_YES
1779832380.1927514,75859.86298540412,75901.33223512415,0.08174804540484147,0.055,292.08,SELL_NO
1779832381.7170076,75859.86298540412,75901.33223512415,0.03360583260393127,0.055,2323.04,BUY_NO
1779832381.7429073,75859.86298540412,75901.33223512415,0.08087526486362907,0.055,1011.92,BUY_YES
1779832381.7652397,75859.86298540412,75901.33223512415,0.07750470792040345,0.055,292.08,SELL_NO
1779832382.1759427,75859.86298540412,75901.33223512415,0.044763996634279796,0.055,984.95,BUY_NO
1779832382.197126,75859.86298540412,75901.33223512415,0.0913246712061293,0.055,996.3,BUY_YES
1779832382.2172022,75859.86298540412,75901.33223512415,0.08748331861306188,0.055,300.08,SELL_NO
1779832382.7607443,75859.86298540412,75901.33223512415,0.04475879597385949,0.055,159.51999999999998,BUY_NO
1779832383.1491172,75859.3296040421,75901.33223512415,0.04228357115037968,0.055,1144.47,BUY_NO
1779832383.1667404,75859.3296040421,75901.33223512415,0.08861085679804925,0.055,932.46,BUY_YES
1779832383.1850193,75859.3296040421,75901.33223512415,0.08508355288907836,0.055,451.21000000000004,SELL_NO
1779832383.4515522,75859.3296040421,75901.33223512415,0.04478555158274599,0.055,1096.83,BUY_NO
1779832383.4735847,75859.3296040421,75901.33223512415,0.09083013627656021,0.055,917.8,BUY_YES
1779832383.4966817,75859.3296040421,75901.33223512415,0.08722591577734197,0.055,444.69999999999993,SELL_NO
1779832383.827092,75859.3296040421,75901.33223512415,0.043989185044663315,0.055,1096.83,BUY_NO
1779832383.8461707,75859.3296040421,75901.33223512415,0.08816814278925769,0.055,898.72,SELL_NO
1779832383.864787,75859.3296040421,75901.33223512415,0.08841391385339809,0.055,165.42,SELL_NO
1779832384.7867541,75859.3296040421,75901.33223512415,0.03840201532666871,0.055,53.88000000000011,BUY_NO
1779832385.144806,75859.3296040421,75901.33223512415,0.035502861343070645,0.055,2326.63,BUY_NO
1779832385.1641486,75859.3296040421,75901.33223512415,0.07054174222940193,0.055,712.61,SELL_NO
1779832388.2326765,75859.28660721208,75901.33223512415,0.029496615774310952,0.055,2311.63,BUY_NO
1779832388.2536345,75859.28660721208,75901.33223512415,0.06763702186266193,0.055,645.94,SELL_NO
1779832388.4737473,75859.28660721208,75901.33223512415,0.043285495517809976,0.055,1138.83,BUY_NO
1779832388.4949255,75859.28660721208,75901.33223512415,0.08844736567258368,0.055,904.82,SELL_NO
1779832388.515781,75859.28660721208,75901.33223512415,0.09042445520379165,0.055,155.42,SELL_NO
1779832389.729558,75859.28660721208,75901.33223512415,0.034831151026348,0.055,1197.8,BUY_NO
1779832391.423841,75859.21742,75901.33223512415,0.026969461838428178,0.055,56.24000000000001,BUY_NO
1779832392.7440732,75859.21742,75901.33223512415,0.027227631162274914,0.055,2335.2799999999997,BUY_NO
1779832392.790868,75859.21742,75901.33223512415,0.0928891038325669,0.055,962.8800000000001,SELL_NO
1779832392.8137164,75859.21742,75901.33223512415,0.08884466020621935,0.055,155.42,SELL_NO
1779832395.4416492,75859.21742,75901.33223512415,0.02417544107222328,0.055,56.24000000000001,BUY_NO
1779832395.4645634,75859.21742,75901.33223512415,0.02455610659273791,0.055,3418.76,BUY_NO
1779832395.5295005,75859.21742,75901.33223512415,0.16225254188994864,0.055,705.73,SELL_NO
1779832395.5513015,75859.21742,75901.33223512415,0.20363991479545118,0.055,339.65,SELL_NO
1779832395.5711262,75859.21742,75901.33223512415,0.2428770059176171,0.055,229.5,SELL_NO
1779832395.5950963,75859.21742,75901.33223512415,0.2772027244041369,0.055,651.5,SELL_NO
1779832395.6152837,75859.21742,75901.33223512415,0.2950026652164364,0.055,503.99,SELL_NO
1779832395.6367214,75859.21742,75901.33223512415,0.2911593909586853,0.055,355.94,BUY_YES
1779832395.6593547,75859.21742,75901.33223512415,0.2774342464625142,0.055,294.19,BUY_YES
1779832395.6815412,75859.21742,75901.33223512415,0.26406253413938846,0.055,305.63,BUY_YES
1779832395.7027898,75859.21742,75901.33223512415,0.251359407432419,0.055,280.12,BUY_YES
1779832395.7260492,75859.21742,75901.33223512415,0.23929143706079806,0.055,841.2,BUY_YES
1779832396.5707958,75859.21742,75901.33223512415,0.04453083906617781,0.055,1142.82,BUY_NO
1779832397.9213748,75859.21742,75901.33223512415,0.04431011805007214,0.055,1029.33,BUY_NO
1779832397.9501035,75859.21742,75901.33223512415,0.08230674580261857,0.055,709.86,SELL_NO
1779832397.9763312,75859.21742,75901.33223512415,0.08787122322999044,0.055,155.42,SELL_NO
1779832398.864965,75859.21742,75901.33223512415,0.034769839887259915,0.055,1182.8,BUY_NO
1779832399.1320143,75861.25210089427,75901.33223512415,0.03017287003440737,0.055,123.69999999999993,BUY_NO
1779832401.5672855,75861.25210089427,75901.33223512415,0.027021175716725816,0.055,58.98000000000002,BUY_NO
1779832403.460443,75861.25210089427,75901.33223512415,0.026207462677883896,0.055,2253.4,BUY_NO
1779832403.5558589,75861.25210089427,75901.33223512415,0.07085226372254201,0.055,413.6,SELL_NO
1779832405.3057203,75864.45679132735,75901.33223512415,0.03344494860669933,0.055,2242.67,BUY_NO
1779832405.3486006,75864.45679132735,75901.33223512415,0.06884178782719859,0.055,403.9,SELL_NO
1779832406.7680233,75864.45679132735,75901.33223512415,0.03413406158053565,0.055,2131.67,BUY_NO
1779832406.8147805,75864.45679132735,75901.33223512415,0.06701864082350935,0.055,408.85,SELL_NO
1779832407.4816332,75864.45679132735,75901.33223512415,0.03802708557804417,0.055,53.0,BUY_NO
1779832409.622397,75864.56125084138,75901.33223512415,0.032742538894440114,0.055,75.66000000000008,BUY_NO
1779832409.936196,75864.56125084138,75901.33223512415,0.033036784951418534,0.055,2125.64,BUY_NO
1779832410.001637,75864.56125084138,75901.33223512415,0.07146005923252265,0.055,414.96,SELL_NO
1779832410.050082,75864.56125084138,75901.33223512415,0.06572975985591148,0.055,414.96,SELL_NO
1779832410.2551746,75864.56125084138,75901.33223512415,0.0433674658406183,0.055,705.96,BUY_NO
1779832410.329807,75864.56125084138,75901.33223512415,0.08193685513430443,0.055,490.53,SELL_NO
1779832410.3615282,75864.56125084138,75901.33223512415,0.08889151184917946,0.055,155.42,SELL_NO
1779832411.4626637,75864.56125084138,75901.33223512415,0.03574264357278962,0.055,1962.77,BUY_NO
1779832411.527444,75864.56125084138,75901.33223512415,0.0714764729070482,0.055,377.49,SELL_NO
1779832413.975167,75865.31567464973,75901.33223512415,0.03142983109184654,0.055,54.73000000000002,BUY_NO
1779832414.1785936,75865.31567464973,75901.33223512415,0.03169971686361385,0.055,1945.49,BUY_NO
1779832414.2539043,75865.31567464973,75901.33223512415,0.06872390679978108,0.055,365.5,SELL_NO
1779832418.5699542,75864.93394069068,75901.33223512415,0.027011324237038788,0.055,52.35000000000002,BUY_NO
1779832426.7706776,75864.42849206284,75901.33223512415,0.024274964856091773,0.065,460.56,BUY_NO
1779832426.8066921,75864.42849206284,75901.33223512415,0.024082766604912126,0.065,1905.02,BUY_NO
1779832426.9389834,75864.42849206284,75901.33223512415,0.07798736759148776,0.065,89.53,SELL_NO
1779832428.7814772,75864.42849206284,75901.33223512415,0.019332221651309395,0.065,70.0,BUY_NO
1779832432.1640952,75864.29111938972,75901.33223512415,0.01595633460077052,0.065,55.0,BUY_NO
1779832433.5290046,75864.29111938972,75901.33223512415,0.015645477882247436,0.065,55.0,BUY_NO
1779832434.9976616,75864.29111938972,75901.33223512415,0.015341876101807882,0.065,540.56,BUY_NO
1779832435.028546,75864.29111938972,75901.33223512415,0.016027729909286755,0.065,1871.02,BUY_NO
1779832435.2090364,75864.29111938972,75901.33223512415,0.07582702593670473,0.065,107.04,SELL_NO
1779832438.209992,75864.29111938972,75901.33223512415,0.013143705036885608,0.065,3273.88,BUY_NO
1779832438.2303438,75864.29111938972,75901.33223512415,0.013231722698276849,0.065,420.24,BUY_NO
1779832438.2498744,75864.29111938972,75901.33223512415,0.013775014760490999,0.065,1837.12,BUY_NO
1779832441.3236208,75863.4914326662,75901.33223512415,0.010362410914232354,0.065,55.0,BUY_NO
1779832441.348108,75863.4914326662,75901.33223512415,0.010505051292882463,0.065,3273.88,BUY_NO
1779832441.3965442,75863.4914326662,75901.33223512415,0.10600580879182643,0.065,211.57,SELL_NO
1779832441.4202127,75863.4914326662,75901.33223512415,0.1502055183522351,0.065,223.46,SELL_NO
1779832441.4455123,75863.4914326662,75901.33223512415,0.19219524243462333,0.065,826.91,SELL_NO
1779832441.467568,75863.4914326662,75901.33223512415,0.2319449187884996,0.065,507.49,SELL_NO
1779832442.077658,75863.4914326662,75901.33223512415,0.19576569586442577,0.065,468.38,BUY_YES
1779832442.105112,75863.4914326662,75901.33223512415,0.18647741107120447,0.065,499.38,BUY_YES
1779832442.1510618,75863.4914326662,75901.33223512415,0.17765354051764423,0.065,193.38,SELL_NO
1779832447.8498704,75863.18493653914,75901.33223512415,0.01000030017834723,0.065,445.24,BUY_NO
1779832447.8794396,75863.18493653914,75901.33223512415,0.010000285169429869,0.065,1777.12,BUY_NO
1779832453.8760202,75865.47911380103,75901.33223512415,0.010000066093811369,0.065,92.5,BUY_NO
1779832453.9007072,75865.47911380103,75901.33223512415,0.010060633348000909,0.065,3273.88,BUY_NO
1779832453.9579616,75865.47911380103,75901.33223512415,0.10560472159657083,0.065,131.57,SELL_NO
1779832453.9845252,75865.47911380103,75901.33223512415,0.1498244855167423,0.065,247.46,SELL_NO
1779832454.0122647,75865.47911380103,75901.33223512415,0.19183326124090516,0.065,752.91,SELL_NO
1779832454.0450687,75865.47911380103,75901.33223512415,0.23077919282494305,0.065,477.49,SELL_NO
1779832454.0755682,75865.47911380103,75901.33223512415,0.26016288905456464,0.065,393.38,BUY_YES
1779832454.1041434,75865.47911380103,75901.33223512415,0.26374360721588225,0.065,494.38,BUY_YES
1779832454.141263,75865.47911380103,75901.33223512415,0.2520739763478043,0.065,1045.25,SELL_NO
1779832454.166109,75865.47911380103,75901.33223512415,0.23997027753041408,0.065,299.77,BUY_YES
1779832454.190856,75865.47911380103,75901.33223512415,0.22847176365389338,0.065,410.79,SELL_NO
1779832457.4943,75865.47911380103,75901.33223512415,0.010116082109598188,0.065,339.64,BUY_NO
1779832458.06871,75864.87229295945,75901.33223512415,0.010033894701924758,0.065,1824.92,BUY_NO
1779832458.101263,75864.87229295945,75901.33223512415,0.014584838585700009,0.065,3273.88,BUY_NO
1779832458.7384346,75864.87229295945,75901.33223512415,0.014336000219300052,0.065,334.64,BUY_NO
1779832458.7648263,75864.87229295945,75901.33223512415,0.014119200208335049,0.065,1824.92,BUY_NO
1779832459.7855768,75864.87229295945,75901.33223512415,0.012253393331448877,0.065,3273.88,BUY_NO
1779832459.8299944,75864.87229295945,75901.33223512415,0.1075836874816326,0.065,153.71,SELL_NO
1779832459.8514829,75864.87229295945,75901.33223512415,0.15170450310755096,0.065,127.13,SELL_NO
1779832460.4924486,75864.87229295945,75901.33223512415,0.14262610541031398,0.065,55.31999999999999,SELL_NO
1779832460.5186012,75864.87229295945,75901.33223512415,0.13599480013979828,0.065,210.33,SELL_NO
1779832460.5460541,75864.87229295945,75901.33223512415,0.12969506013280838,0.065,812.91,SELL_NO
1779832460.7618408,75864.87229295945,75901.33223512415,0.08543774099565409,0.065,62.53999999999999,SELL_NO
1779832462.1195402,75864.87229295945,75901.33223512415,0.014053537324624029,0.065,89.0,BUY_NO
1779832462.1532917,75864.87229295945,75901.33223512415,0.013850860458392827,0.065,185.00999999999976,BUY_NO
1779832462.5935354,75864.87229295945,75901.33223512415,0.011380479263493533,0.065,92.5,BUY_NO
1779832462.8858416,75852.92,75901.33223512415,0.010708658101045926,0.065,185.00999999999976,BUY_NO
1779832463.1599705,75852.92,75901.33223512415,0.010382930553604015,0.065,74.0,BUY_NO
1779832463.2957795,75852.92,75901.33223512415,0.010281489144626853,0.065,92.5,BUY_NO
1779832463.7791886,75852.92,75901.33223512415,0.010106220942799525,0.065,185.00999999999976,BUY_NO
1779832464.1887214,75852.92,75901.33223512415,0.010044413136210635,0.060000000000000005,687.5699999999999,BUY_NO
1779832464.211009,75852.92,75901.33223512415,0.010042192479400103,0.060000000000000005,4641.3099999999995,BUY_NO
1779832467.4668624,75844.98315717302,75901.33223512415,0.010010337993274446,0.055,687.5699999999999,BUY_NO
1779832467.491579,75844.98315717302,75901.33223512415,0.010009821093610724,0.055,4691.48,BUY_NO
1779832471.7458267,75844.98315717302,75901.33223512415,0.010000032476311826,0.055,80.0,BUY_NO
1779832472.2793229,75844.98315717302,75901.33223512415,0.010000013579006387,0.055,701.64,BUY_NO
1779832472.3197527,75844.98315717302,75901.33223512415,0.010000012900056067,0.055,4691.48,BUY_NO
1779832475.3610735,75844.79810708342,75901.33223512415,0.010000000084626212,0.055,700.92,BUY_NO
1779832475.395873,75844.79810708342,75901.33223512415,0.010000000080394901,0.055,4510.0,BUY_NO
1779832476.811725,75844.79810708342,75901.33223512415,0.01000000000885816,0.055,65.0,BUY_NO
1779832478.3375974,75844.79810708342,75901.33223512415,0.010000000000615135,0.055,620.39,BUY_NO
1779832478.3684537,75844.79810708342,75901.33223512415,0.010000000000584378,0.055,4510.0,BUY_NO
1779832478.4505396,75844.79810708342,75901.33223512415,0.010000000000501032,0.055,618.28,BUY_NO
1779832478.4867132,75844.79810708342,75901.33223512415,0.01000000000047598,0.055,4510.0,BUY_NO
1779832500.3408458,75835.22090801554,75835.22090801554,0.23522355704530784,0.23522355704530784,17566.3,BUY_YES
1779832500.3755624,75835.22090801554,75835.22090801554,0.24846237919304243,0.24846237919304243,4043.31,BUY_YES
1779832509.7161844,75831.04625553699,75835.22090801554,0.4435298814912496,0.4435298814912496,85.68804103812727,SELL_NO
1779832509.7521226,75831.04625553699,75835.22090801554,0.4438914140550107,0.4438914140550107,613.016231069807,SELL_NO
1779832509.7943866,75831.04625553699,75835.22090801554,0.4442346978815789,0.4442346978815789,564.4968926979345,SELL_NO
1779832509.834204,75831.04625553699,75835.22090801554,0.44456065533686556,0.44456065533686556,209.61883519413095,SELL_NO
1779832509.8703308,75831.04625553699,75835.22090801554,0.4448701677422835,0.4448701677422835,825.95,SELL_NO
1779832509.9050388,75831.04625553699,75835.22090801554,0.44516406310464224,0.44516406310464224,496.5430080172664,SELL_NO
1779832509.9377222,75831.04625553699,75835.22090801554,0.4454431305026451,0.4454431305026451,420.3869919827336,SELL_NO
1779832509.9733372,75831.04625553699,75835.22090801554,0.4457080993616805,0.4457080993616805,252.0,SELL_NO
1779832510.005308,75831.04625553699,75835.22090801554,0.44595968944005204,0.44595968944005204,100.0,SELL_NO
1779832510.0435882,75831.04625553699,75835.22090801554,0.4461985439260476,0.4461985439260476,100.0,SELL_NO
1779832510.0786493,75831.04625553699,75835.22090801554,0.44642531269825114,0.44642531269825114,562.78,SELL_NO
1779832510.1181304,75831.04625553699,75835.22090801554,0.44664058198514045,0.44664058198514045,448.34000000000003,SELL_NO
1779832510.2331312,75831.04625553699,75835.22090801554,0.44722298407298994,0.44722298407298994,130.0,SELL_NO
1779832510.267361,75831.04625553699,75835.22090801554,0.44739776077175036,0.44739776077175036,208.0,SELL_NO
1779832510.2993128,75831.04625553699,75835.22090801554,0.4475636681767035,0.4475636681767035,112.03999999999999,SELL_NO
1779832510.3381367,75831.04625553699,75835.22090801554,0.4477211216655927,0.4477211216655927,100.0,SELL_NO
1779832510.3825428,75831.04625553699,75835.22090801554,0.4478705210985056,0.4478705210985056,205.0,SELL_NO
1779832510.4172275,75831.04625553699,75835.22090801554,0.4480123088578033,0.4480123088578033,100.0,SELL_NO
1779832510.4567719,75831.04625553699,75835.22090801554,0.44814684564224144,0.44814684564224144,127.83,SELL_NO
1779832510.4967465,75831.04625553699,75835.22090801554,0.4482744922084651,0.4482744922084651,239.46,SELL_NO
1779832511.8280022,75831.04625553699,75835.22090801554,0.4503396092521843,0.4503396092521843,19078.45,BUY_YES
1779832511.8624253,75831.04625553699,75835.22090801554,0.4503520156592805,0.4503520156592805,2997.4,BUY_YES
1779832511.8964326,75831.04625553699,75835.22090801554,0.4503636617418339,0.4503636617418339,825.95,SELL_NO
1779832511.9372325,75831.04625553699,75835.22090801554,0.45037455751928673,0.45037455751928673,556.56,SELL_NO
1779832511.9749413,75831.04625553699,75835.22090801554,0.45038475320335647,0.45038475320335647,300.0,SELL_NO
1779832512.0049658,75831.04625553699,75835.22090801554,0.45039431542467184,0.45039431542467184,300.0,SELL_NO
1779832512.0386488,75831.04625553699,75835.22090801554,0.45040326076294623,0.45040326076294623,512.37,SELL_NO
1779832512.0715225,75831.04625553699,75835.22090801554,0.4504116233737205,0.4504116233737205,262.78,SELL_NO
1779832512.1104958,75831.04625553699,75835.22090801554,0.4504194072286467,0.4504194072286467,100.0,SELL_NO
1779832512.1502223,75831.04625553699,75835.22090801554,0.4504266381279175,0.4504266381279175,448.34000000000003,SELL_NO
1779832512.184274,75831.04625553699,75835.22090801554,0.4504333670855494,0.4504333670855494,300.0,SELL_NO
1779832512.2171922,75831.04625553699,75835.22090801554,0.4504396238481974,0.4504396238481974,130.0,SELL_NO
1779832512.2496028,75831.04625553699,75835.22090801554,0.45044543409608295,0.45044543409608295,208.0,SELL_NO
1779832512.285942,75831.04625553699,75835.22090801554,0.4504508039245335,0.4504508039245335,112.03999999999999,SELL_NO
1779832512.3265023,75831.04625553699,75835.22090801554,0.450455737908688,0.450455737908688,100.0,SELL_NO
1779832512.3591213,75831.04625553699,75835.22090801554,0.4504602905809758,0.4504602905809758,100.0,SELL_NO
1779832512.3954973,75831.04625553699,75835.22090801554,0.45046446547554697,0.45046446547554697,100.0,SELL_NO
1779832512.4329603,75831.04625553699,75835.22090801554,0.45046827696512975,0.45046827696512975,255.0,SELL_NO
1779832512.4658859,75831.04625553699,75835.22090801554,0.4504717619268185,0.4504717619268185,100.0,SELL_NO
1779832512.5055254,75831.04625553699,75835.22090801554,0.45047490893379605,0.45047490893379605,127.83,SELL_NO
1779832512.5433176,75831.04625553699,75835.22090801554,0.450477742481335,0.450477742481335,100.0,SELL_NO
1779832512.5738552,75831.04625553699,75835.22090801554,0.4504803081867189,0.4504803081867189,239.46,SELL_NO
1779832512.6099486,75831.04625553699,75835.22090801554,0.45048259646230193,0.45048259646230193,100.0,SELL_NO
1779832512.6435742,75831.04625553699,75835.22090801554,0.4504846313520555,0.4504846313520555,51.36999999999898,SELL_NO
1779832513.3189359,75831.04625553699,75835.22090801554,0.4504871053464196,0.4504871053464196,19085.45,BUY_YES
1779832513.3640504,75831.04625553699,75835.22090801554,0.45048593125697806,0.45048593125697806,3597.4,BUY_YES
1779832513.403346,75831.04625553699,75835.22090801554,0.45048465282342737,0.45048465282342737,411.83589498755464,SELL_NO
1779832514.197526,75833.35219266413,75835.22090801554,0.4517449472469709,0.4517449472469709,76.36999999999898,SELL_NO
1779832514.2323334,75833.35219266413,75835.22090801554,0.45298066688396676,0.45298066688396676,114.1141050124454,SELL_NO
1779832514.2665527,75833.35219266413,75835.22090801554,0.45415453856830307,0.45415453856830307,1156.56,SELL_NO
1779832514.2985501,75833.35219266413,75835.22090801554,0.4552696587111241,0.4552696587111241,212.37,SELL_NO
1779832514.3304014,75833.35219266413,75835.22090801554,0.4563289651444421,0.4563289651444421,552.78,SELL_NO
1779832514.3614495,75833.35219266413,75835.22090801554,0.45733524999949304,0.45733524999949304,448.34000000000003,SELL_NO
1779832514.3941464,75833.35219266413,75835.22090801554,0.458291161357451,0.458291161357451,130.0,SELL_NO
1779832514.481874,75833.35219266413,75835.22090801554,0.4608812430396757,0.4608812430396757,300.0,SELL_NO
1779832515.003232,75833.35219266413,75835.22090801554,0.4695915698567331,0.4695915698567331,100.0,SELL_NO
1779832515.0409608,75833.35219266413,75835.22090801554,0.4699334909276707,0.4699334909276707,99.99999999999994,SELL_NO
1779832515.1363633,75833.35219266413,75835.22090801554,0.47085973173925855,0.47085973173925855,100.0,SELL_NO
1779832515.866043,75833.35219266413,75835.22090801554,0.4746144651605264,0.4746144651605264,3037.0099999999984,SELL_NO
1779832515.8980944,75833.35219266413,75835.22090801554,0.47470367909125755,0.47470367909125755,100.0,SELL_NO
1779832515.9350433,75833.35219266413,75835.22090801554,0.4747883648145195,0.4747883648145195,100.0,SELL_NO
1779832516.261007,75833.35219266413,75835.22090801554,0.47543108828493896,0.47543108828493896,100.0,SELL_NO
1779832516.2905245,75833.35219266413,75835.22090801554,0.4754787533525351,0.4754787533525351,100.0,SELL_NO
1779832516.3190675,75833.35219266413,75835.22090801554,0.47552398290633446,0.47552398290633446,100.0,SELL_NO
1779832516.4126377,75833.35219266413,75835.22090801554,0.4756462299593398,0.4756462299593398,100.0,SELL_NO
1779832516.5770793,75833.35219266413,75835.22090801554,0.4758113607928521,0.4758113607928521,110.0,SELL_NO
1779832516.7783206,75833.35219266413,75835.22090801554,0.4759592138901307,0.4759592138901307,100.0,SELL_NO
1779832516.8100255,75833.35219266413,75835.22090801554,0.47597952025305246,0.47597952025305246,2079.0,SELL_NO
1779832516.9001756,75833.35219266413,75835.22090801554,0.4760342190907258,0.4760342190907258,100.0,SELL_NO
1779832516.9325798,75833.35219266413,75835.22090801554,0.47605055012273895,0.47605055012273895,300.0,SELL_NO
1779832516.9950163,75833.35219266413,75835.22090801554,0.4760806325258434,0.4760806325258434,183.0,SELL_NO
1779832517.4335728,75833.35219266413,75835.22090801554,0.4762110943422469,0.4762110943422469,80.70000000000073,SELL_NO
1779832517.6323917,75833.35219266413,75835.22090801554,0.476244697106588,0.476244697106588,100.0,SELL_NO
1779832517.7482665,75833.35219266413,75835.22090801554,0.4762571619783826,0.4762571619783826,258.0,SELL_NO
1779832518.4604068,75833.35219266413,75835.22090801554,0.47629491109395244,0.47629491109395244,300.0,SELL_NO
1779832518.787019,75833.35219266413,75835.22090801554,0.47629593752322386,0.47629593752322386,75.25,SELL_NO
1779832518.9470854,75833.35219266413,75835.22090801554,0.47629453236618235,0.47629453236618235,100.0,SELL_NO
1779832519.0470092,75833.35219266413,75835.22090801554,0.4762930164842285,0.4762930164842285,100.0,SELL_NO
1779832519.4184523,75833.35219266413,75835.22090801554,0.47628510128563406,0.47628510128563406,100.0,SELL_NO
1779832519.4603846,75833.35219266413,75835.22090801554,0.47628421266953835,0.47628421266953835,100.0,SELL_NO
1779832519.6977422,75833.35219266413,75835.22090801554,0.47627754318221976,0.47627754318221976,116.0,SELL_NO
1779832519.7403615,75833.35219266413,75835.22090801554,0.47627651068079985,0.47627651068079985,325.0,SELL_NO
1779832519.7836006,75833.35219266413,75835.22090801554,0.4762754491495218,0.4762754491495218,223.0,SELL_NO
1779832519.8242147,75833.35219266413,75835.22090801554,0.4762743649191629,0.4762743649191629,112.03999999999999,SELL_NO
1779832519.8675435,75833.35219266413,75835.22090801554,0.47627325404145093,0.47627325404145093,150.0,SELL_NO
1779832521.562657,75841.7742602281,75835.22090801554,0.48998104103036927,0.48998104103036927,91.56999999999971,SELL_NO
1779832521.598502,75841.7742602281,75835.22090801554,0.49411844573815694,0.49411844573815694,203.99999999999994,SELL_NO
1779832521.6318507,75841.7742602281,75835.22090801554,0.4980492155063321,0.4980492155063321,100.0,SELL_NO
1779832521.6645432,75841.7742602281,75835.22090801554,0.5017836774909799,0.5017836774909799,255.0,SELL_NO
1779832521.8275824,75841.7742602281,75835.22090801554,0.5178382092832078,0.5178382092832078,2060.600000000002,SELL_NO
1779832521.8602552,75841.7742602281,75835.22090801554,0.5205846035183724,0.5205846035183724,113.0,SELL_NO
1779832521.9021266,75841.7742602281,75835.22090801554,0.5231939738840155,0.5231939738840155,239.46,SELL_NO
1779832521.9468136,75841.7742602281,75835.22090801554,0.5256731915403082,0.5256731915403082,87.07,SELL_NO
1779832522.5024734,75841.7742602281,75835.22090801554,0.5520723503716353,0.5520723503716353,55.0,SELL_NO
1779832523.8672843,75841.7742602281,75835.22090801554,0.5704353936935584,0.5704353936935584,60.17000000000007,SELL_NO
1779832524.0471594,75841.7742602281,75835.22090801554,0.5711323741103479,0.5711323741103479,416.9900000000016,SELL_NO
1779832524.244123,75841.7742602281,75835.22090801554,0.5716521268446436,0.5716521268446436,106.0099999999984,SELL_NO
1779832524.8581705,75841.7742602281,75835.22090801554,0.5725899133509613,0.5725899133509613,52.04999999999927,SELL_NO
1779832524.9318237,75841.7742602281,75835.22090801554,0.5726495155732377,0.5726495155732377,53.29999999999927,SELL_NO
1779832525.0933573,75841.7742602281,75835.22090801554,0.5727781637049227,0.5727781637049227,110.0,SELL_NO
1779832525.7378447,75841.7742602281,75835.22090801554,0.5730934800713605,0.5730934800713605,145.0,SELL_NO
1779832525.8699734,75841.7742602281,75835.22090801554,0.573137756492111,0.573137756492111,59.400000000001455,SELL_NO
1779832526.8011494,75841.7742602281,75835.22090801554,0.5733521765617646,0.5733521765617646,54.26999999999998,SELL_NO
1779832527.06223,75841.7742602281,75835.22090801554,0.5734006943837602,0.5734006943837602,53.18000000000029,SELL_NO
1779832527.0958889,75841.7742602281,75835.22090801554,0.5734064718955032,0.5734064718955032,100.0,SELL_NO
1779832527.2923908,75841.7742602281,75835.22090801554,0.5734403727864082,0.5734403727864082,109.0,SELL_NO
1779832527.401321,75841.7742602281,75835.22090801554,0.573456834084119,0.573456834084119,5020.0,BUY_YES
1779832527.7017844,75841.7742602281,75835.22090801554,0.573505164735161,0.573505164735161,102.0,SELL_NO
1779832527.8650298,75841.7742602281,75835.22090801554,0.5735309436814684,0.5735309436814684,60.0,SELL_NO
1779832527.959668,75841.7742602281,75835.22090801554,0.5735461879005437,0.5735461879005437,60.0,SELL_NO
1779832538.2506325,75843.93942315219,75831.04768707587,0.6473877094782589,0.6473877094782589,500000.0,BUY_YES
1779832539.2454913,75843.93942315219,75831.04768707587,0.647401939048143,0.647401939048143,500000.0,BUY_YES
1779832539.2708058,75843.93942315219,75831.04768707587,0.647415820217099,0.647415820217099,124514.1000000001,BUY_YES
1779832540.0681543,75843.15537260032,75831.04768707587,0.6470042524383581,0.6470042524383581,18582.46,BUY_YES
1779832540.1085765,75843.15537260032,75831.04768707587,0.6466138151590543,0.6466138151590543,3028.0,BUY_YES
1779832540.143863,75843.15537260032,75831.04768707587,0.6462433818065784,0.6462433818065784,19255.0,BUY_YES
1779832540.1693497,75843.15537260032,75831.04768707587,0.6458918183643381,0.6458918183643381,17998.27,BUY_YES
1779832540.2000074,75843.15537260032,75831.04768707587,0.6455582520569818,0.6455582520569818,3006.0,BUY_YES
1779832540.2259417,75843.15537260032,75831.04768707587,0.6452417185315524,0.6452417185315524,12601.37,BUY_YES
1779832540.2489722,75843.15537260032,75831.04768707587,0.6449413265036683,0.6449413265036683,14592.0,BUY_YES
1779832540.2757351,75843.15537260032,75831.04768707587,0.6446563199698027,0.6446563199698027,500000.0,BUY_YES
1779832540.3020742,75843.15537260032,75831.04768707587,0.6443859239120875,0.6443859239120875,500000.0,BUY_YES
1779832540.3304746,75843.15537260032,75831.04768707587,0.6441294360511873,0.6441294360511873,119514.1000000001,BUY_YES
1779832540.3577604,75843.15537260032,75831.04768707587,0.6438861457912191,0.6438861457912191,18582.46,BUY_YES
1779832540.4766445,75843.18721168513,75831.04768707587,0.6436744487480568,0.6436744487480568,3028.0,BUY_YES
1779832541.2972112,75843.18721168513,75831.04768707587,0.6434846188955059,0.6434846188955059,19255.0,BUY_YES
1779832547.8105857,75844.25275003276,75831.04768707587,0.6491411050169797,0.6491411050169797,17998.27,BUY_YES
1779832547.834683,75844.25275003276,75831.04768707587,0.6493693237750751,0.6493693237750751,500000.0,BUY_YES
1779832548.3837965,75843.59661831739,75831.04768707587,0.6492258698848627,0.6492258698848627,500000.0,BUY_YES
1779832548.4196405,75843.59661831739,75831.04768707587,0.6490901172403931,0.6490901172403931,500000.0,BUY_YES
1779832548.7763164,75843.59661831739,75831.04768707587,0.6489664175219102,0.6489664175219102,500000.0,BUY_YES
1779832548.8167858,75843.59661831739,75831.04768707587,0.6488495008715126,0.6488495008715126,119334.1000000001,BUY_YES
1779832548.8790624,75843.59661831739,75831.04768707587,0.6487393506823013,0.6487393506823013,18582.46,BUY_YES
1779832549.0787868,75843.59661831739,75831.04768707587,0.6486376626876557,0.6486376626876557,3028.0,BUY_YES
1779832549.7768316,75843.75806235158,75831.04768707587,0.6486426266317125,0.6486426266317125,19255.0,BUY_YES
1779832550.9236128,75843.8733486915,75831.04768707587,0.648734885447392,0.648734885447392,17998.27,BUY_YES
1779832552.0500207,75843.32641679017,75831.04768707587,0.6486031278908249,0.6486031278908249,3006.0,BUY_YES
1779832571.0253844,75824.60345583703,75831.04768707587,0.46716246090430613,0.46716246090430613,500000.0,BUY_YES
1779832571.5611444,75823.412075,75831.04768707587,0.4641961635057533,0.4641961635057533,500000.0,BUY_YES
1779832571.602705,75823.412075,75831.04768707587,0.461377769786135,0.461377769786135,119130.3999999999,BUY_YES
1779832572.6291363,75824.17218139349,75831.04768707587,0.45913275378526947,0.45913275378526947,17983.46,BUY_YES
1779832573.710159,75824.2164233764,75831.04768707587,0.4549896800908367,0.4549896800908367,3028.0,BUY_YES
1779832589.4690664,75823.52083982785,75831.04768707587,0.41463291906755784,0.41463291906755784,500000.0,BUY_YES
1779832589.8339446,75823.52083982785,75831.04768707587,0.4139389161782297,0.4139389161782297,500000.0,BUY_YES
1779832589.920032,75823.52083982785,75831.04768707587,0.41327861952501327,0.41327861952501327,117070.52000000002,BUY_YES
1779832591.064449,75823.52083982785,75831.04768707587,0.4126380679551328,0.4126380679551328,17983.46,BUY_YES
1779832801.6061916,75790.52552159225,75790.52552159225,0.35049719432686793,0.635,149.59,BUY_NO
1779832802.853793,75790.52552159225,75790.52552159225,0.46783467336394596,0.635,157.36,BUY_NO
1779832802.9943113,75790.52552159225,75790.52552159225,0.48062467515274937,0.635,186.36,BUY_NO
1779832803.2419007,75790.52552159225,75790.52552159225,0.4944971921480933,0.635,137.45,BUY_NO
1779832806.776408,75795.344547892,75790.52552159225,0.52697681472323,0.635,269.03,BUY_NO
1779832809.3321562,75798.70215441483,75790.52552159225,0.5169197467734027,0.635,252.03,BUY_NO
1779832809.7164536,75798.70215441483,75790.52552159225,0.5526890319978792,0.635,274.03,BUY_NO
1779832809.9815576,75798.70215441483,75790.52552159225,0.6236540918632137,0.635,260.52,BUY_NO
1779832810.0290043,75798.70215441483,75790.52552159225,0.6489185913678559,0.635,420.71,BUY_YES
1779832811.0480075,75798.70215441483,75790.52552159225,0.5770700775826425,0.635,144.52,BUY_NO
1779832811.1761832,75798.70215441483,75790.52552159225,0.6553304079996297,0.635,477.31,BUY_YES
1779832811.450977,75798.70215441483,75790.52552159225,0.5210096594664467,0.635,139.52,BUY_NO
1779832811.698177,75798.70215441483,75790.52552159225,0.6491493023794208,0.635,477.31,BUY_YES
1779832813.4773889,75798.70215441483,75790.52552159225,0.6537361420699117,0.635,377.77000000000004,BUY_YES
1779832813.8448076,75801.16962575882,75790.52552159225,0.553042622717081,0.635,127.52,SELL_YES
1779832813.971947,75801.16962575882,75790.52552159225,0.65166944297365,0.635,854.68,BUY_YES
1779832814.0673122,75801.16962575882,75790.52552159225,0.613291095729728,0.635,127.52,SELL_YES
1779832814.1259937,75801.16962575882,75790.52552159225,0.6486974073515285,0.635,828.11,BUY_YES
1779832814.4177613,75801.16962575882,75790.52552159225,0.4832345155940416,0.635,127.52,SELL_YES
1779832814.5588186,75801.16962575882,75790.52552159225,0.5931098716508683,0.635,127.52,SELL_YES
1779832814.6797936,75801.16962575882,75790.52552159225,0.646576709635274,0.635,808.03,BUY_YES
1779832814.711315,75801.16962575882,75790.52552159225,0.6147478741535103,0.635,117.52,SELL_YES
1779832814.88194,75801.16962575882,75790.52552159225,0.5176526233802946,0.635,117.52,SELL_YES
1779832815.0694442,75801.16962575882,75790.52552159225,0.6590466608075725,0.635,1104.9,BUY_YES
1779832816.1638198,75801.16962575882,75790.52552159225,0.517536325713363,0.635,102.52,SELL_YES
1779832816.3367412,75801.16962575882,75790.52552159225,0.6600609951961515,0.635,1142.9,BUY_YES
1779832817.163825,75801.16962575882,75790.52552159225,0.47043202346374213,0.635,102.52,SELL_YES
1779832817.3866322,75801.16962575882,75790.52552159225,0.6611811757283343,0.635,1095.9,BUY_YES
1779832818.428625,75793.69193985837,75790.52552159225,0.5048249956864841,0.635,121.42,SELL_YES
1779832818.5007255,75793.69193985837,75790.52552159225,0.5740230806766992,0.635,121.42,SELL_YES
1779832818.6076272,75793.69193985837,75790.52552159225,0.6509160231989108,0.635,1140.93,BUY_YES
1779832818.7735555,75793.69193985837,75790.52552159225,0.5324629972337169,0.635,116.42,SELL_YES
1779832818.9274788,75793.69193985837,75790.52552159225,0.6505787528114887,0.635,1130.93,BUY_YES
1779832819.0313675,75793.69193985837,75790.52552159225,0.5803899269800863,0.635,110.42,SELL_YES
1779832819.1505506,75793.69193985837,75790.52552159225,0.6540902200636307,0.635,1194.93,BUY_YES
1779832819.734151,75793.69193985837,75790.52552159225,0.620682700988172,0.635,86.42,SELL_YES
1779832819.794169,75793.69193985837,75790.52552159225,0.6500244143121352,0.635,1132.93,BUY_YES
1779832820.0000372,75793.69193985837,75790.52552159225,0.48603687657199485,0.635,86.42,SELL_YES
1779832820.2332406,75793.69193985837,75790.52552159225,0.6458911396998908,0.635,575.1320416635026,BUY_YES
1779832825.800124,75793.05797326479,75790.52552159225,0.6483343266319527,0.635,922.0,BUY_YES
1779832825.8364956,75793.05797326479,75790.52552159225,0.665417610300355,0.635,1139.02,BUY_YES
1779832827.5781877,75793.05797326479,75790.52552159225,0.508353179180621,0.635,92.42,SELL_YES
1779832840.0952122,75811.22272062878,75790.52552159225,0.6468192147477615,0.635,147.0,SELL_NO
1779832842.0801294,75811.22272062878,75790.52552159225,0.6859714752145758,0.615,1273.02,BUY_YES
1779832842.1095028,75811.22272062878,75790.52552159225,0.6760242216979364,0.615,266.0,BUY_YES
1779832844.6170392,75811.22272062878,75790.52552159225,0.6750162005631144,0.605,119.0,BUY_YES
1779832844.6576204,75811.22272062878,75790.52552159225,0.6692587979316845,0.605,184.0,BUY_YES
1779832844.6985242,75811.22272062878,75790.52552159225,0.6503411851030029,0.605,195.62,BUY_YES
1779832845.3020544,75811.22272062878,75790.52552159225,0.6383045421811349,0.605,95.0,BUY_YES
1779832849.6067612,75811.22272062878,75790.52552159225,0.6707504117961258,0.605,87.81,BUY_YES
1779832851.5195546,75811.22272062878,75790.52552159225,0.6523586466531873,0.605,227.79000000000002,BUY_YES
1779832851.6181378,75811.22272062878,75790.52552159225,0.5906492491298865,0.605,162.93,BUY_NO
1779832859.7996404,75820.60528872354,75790.52552159225,0.6378592509400716,0.815,275.68,BUY_NO
1779832859.8419218,75820.60528872354,75790.52552159225,0.6430419996389048,0.815,522.69,SELL_YES
1779832859.877774,75820.60528872354,75790.52552159225,0.6294117814332029,0.815,470.1,SELL_YES
1779832859.9144025,75820.60528872354,75790.52552159225,0.6393444628056514,0.815,296.69,BUY_NO
1779832859.942532,75820.60528872354,75790.52552159225,0.6563921420247892,0.815,285.5,BUY_NO
1779832859.9681633,75820.60528872354,75790.52552159225,0.6730725349235497,0.815,369.28999999999996,SELL_YES
1779832859.997865,75820.60528872354,75790.52552159225,0.6889189081773721,0.815,305.9,BUY_NO
1779832860.4977407,75820.60528872354,75790.52552159225,0.8276413199378118,0.815,508.82,BUY_YES
1779832862.3950727,75820.60528872354,75790.52552159225,0.7553757574143609,0.815,460.1,SELL_YES
1779832862.427737,75820.60528872354,75790.52552159225,0.7669493618996241,0.815,311.69,BUY_NO
1779832862.5869846,75820.60528872354,75790.52552159225,0.8256867183799709,0.815,558.63,BUY_YES
1779832862.6948392,75820.60528872354,75790.52552159225,0.7663128926334292,0.815,285.5,BUY_NO
1779832863.7822382,75820.60528872354,75790.52552159225,0.7653814604770334,0.815,171.07999999999998,SELL_YES
1779832864.2504163,75820.60528872354,75790.52552159225,0.7546195558981295,0.815,232.1,BUY_NO
1779832864.898537,75824.07057350813,75790.52552159225,0.7949155848882318,0.815,92.5,SELL_YES
1779832865.302456,75824.07057350813,75790.52552159225,0.8316347665473456,0.815,581.3,BUY_YES
1779832865.3570426,75824.07057350813,75790.52552159225,0.7932963068401296,0.815,421.19,SELL_YES
1779832865.4143202,75824.07057350813,75790.52552159225,0.7796304652140691,0.815,251.69,BUY_NO
1779832868.407073,75822.61810580104,75790.52552159225,0.7669876418228956,0.815,269.88,BUY_NO
1779832871.9187088,75822.61810580104,75790.52552159225,0.7671280271764175,0.815,99.26999999999998,SELL_YES
1779832871.9614992,75822.61810580104,75790.52552159225,0.7780059075657533,0.815,307.4,SELL_YES
1779832872.1871226,75822.61810580104,75790.52552159225,0.831168428660318,0.815,619.55,BUY_YES
1779832872.2612078,75822.61810580104,75790.52552159225,0.7806885318697088,0.815,311.69,BUY_NO
1779832872.8186355,75822.61810580104,75790.52552159225,0.789952430790862,0.815,307.4,SELL_YES
1779832872.9676118,75822.61810580104,75790.52552159225,0.8267092782304211,0.815,598.05,BUY_YES
1779832873.075204,75822.61810580104,75790.52552159225,0.7741071222272469,0.815,311.69,BUY_NO
1779832875.5562346,75822.71866447675,75790.52552159225,0.7748963102528578,0.815,269.76,SELL_YES
1779832875.7429173,75822.71866447675,75790.52552159225,0.7815881797232261,0.815,301.87,SELL_YES
1779832875.943774,75822.71866447675,75790.52552159225,0.8268866333957794,0.815,642.78,BUY_YES
1779832876.0261164,75822.71866447675,75790.52552159225,0.7742408590352845,0.815,332.95,SELL_YES
1779832876.066803,75822.71866447675,75790.52552159225,0.7543613537584583,0.815,260.5,BUY_NO
1779832876.1105785,75822.71866447675,75790.52552159225,0.7557338368687437,0.815,405.06,SELL_YES
1779832876.748063,75822.71866447675,75790.52552159225,0.8301545604571196,0.815,601.07,BUY_YES
1779832876.8164136,75822.71866447675,75790.52552159225,0.797345045104433,0.815,91.37,SELL_YES
1779832876.858039,75822.71866447675,75790.52552159225,0.7916339187708724,0.815,210.5,SELL_YES
1779832877.5168402,75822.71866447675,75790.52552159225,0.8282654159623294,0.815,643.14,BUY_YES
1779832877.6284897,75822.71866447675,75790.52552159225,0.7969729046891971,0.815,66.79,SELL_YES
1779832877.6662827,75822.71866447675,75790.52552159225,0.7936376405146531,0.815,210.5,SELL_YES
1779832880.1561203,75822.71866447675,75790.52552159225,0.7845301084988645,0.815,320.95,BUY_NO
1779832880.3984678,75822.71866447675,75790.52552159225,0.8270793544051337,0.815,110.42999999999995,BUY_YES
1779832882.2342017,75820.38414898029,75790.52552159225,0.7732803566898998,0.815,228.5,BUY_NO
1779832884.018734,75820.38414898029,75790.52552159225,0.7795030302155649,0.815,271.76,SELL_YES
1779832884.2090003,75820.38414898029,75790.52552159225,0.8264960967861203,0.815,693.16,BUY_YES
1779832884.2884982,75820.38414898029,75790.52552159225,0.7770282721644919,0.815,320.95,BUY_NO
1779832885.5520065,75820.38414898029,75790.52552159225,0.7757050155553135,0.815,282.31,SELL_YES
1779832885.774243,75820.38414898029,75790.52552159225,0.8313370239859548,0.815,706.81,BUY_YES
1779832885.8458111,75820.38414898029,75790.52552159225,0.7769999207164144,0.815,315.95,BUY_NO
1779832886.234423,75820.38414898029,75790.52552159225,0.774855185078815,0.815,236.1,BUY_NO
1779832886.6597717,75820.38414898029,75790.52552159225,0.8368597035353226,0.815,425.34,BUY_YES
1779832886.7779617,75820.38414898029,75790.52552159225,0.7559933065441065,0.815,131.69,SELL_YES
1779832886.813776,75820.38414898029,75790.52552159225,0.7507798016445637,0.815,517.1,BUY_NO
1779832887.1139433,75820.38414898029,75790.52552159225,0.8311747563128028,0.815,677.38,BUY_YES
1779832887.3536375,75820.38414898029,75790.52552159225,0.8344229270538067,0.815,451.03,BUY_YES
1779832887.8451796,75820.38414898029,75790.52552159225,0.8405551539412132,0.815,1062.99,BUY_YES
1779832888.9839516,75820.939,75790.52552159225,0.838410600858833,0.815,63.789999999999964,BUY_YES
1779832889.6686351,75820.939,75790.52552159225,0.8465659875347384,0.815,976.6600000000001,BUY_YES
1779832889.8835719,75820.939,75790.52552159225,0.833489587113855,0.815,75.09999999999997,BUY_YES
1779832890.9108112,75820.939,75790.52552159225,0.839677891574997,0.815,71.81,BUY_YES
1779832891.0218053,75820.939,75790.52552159225,0.843809856402658,0.815,1038.36,BUY_YES
1779832892.3505273,75820.939,75790.52552159225,0.8384106349019181,0.815,69.86000000000001,BUY_YES
1779832893.1338694,75820.939,75790.52552159225,0.8398412370694213,0.815,82.63999999999999,BUY_YES
1779832893.2158575,75820.939,75790.52552159225,0.8457807831563132,0.815,1139.0,BUY_YES
1779832894.326034,75820.939,75790.52552159225,0.839543713346019,0.815,1119.1399999999999,BUY_YES
1779832895.5545201,75825.78958181426,75790.52552159225,0.8479095343404608,0.815,905.53,BUY_YES
1779832895.9594123,75825.78958181426,75790.52552159225,0.8590526808850386,0.815,69.87,BUY_YES
1779832896.0064187,75825.78958181426,75790.52552159225,0.8583151568635791,0.815,506.2,BUY_YES
1779832896.0866804,75825.78958181426,75790.52552159225,0.7820398601873889,0.815,294.64,SELL_YES
1779832896.1301725,75825.78958181426,75790.52552159225,0.755409493779015,0.815,492.05,SELL_YES
1779832896.181057,75825.78958181426,75790.52552159225,0.7560592457636667,0.815,187.19,SELL_YES
1779832896.594735,75825.78958181426,75790.52552159225,0.8374388268481412,0.815,64.02000000000004,BUY_YES
1779832896.7339585,75825.78958181426,75790.52552159225,0.8536302668364119,0.815,1136.85,BUY_YES
1779832896.7727103,75825.78958181426,75790.52552159225,0.8467302991287742,0.815,877.25,SELL_NO
1779832899.4993339,75825.78958181426,75790.52552159225,0.8855997556792068,0.815,70.64999999999992,BUY_YES
1779832899.9956634,75825.78958181426,75790.52552159225,0.8887364376218969,0.815,1132.88,BUY_YES
1779832900.3028135,75825.78958181426,75790.52552159225,0.8659820966825544,0.815,884.68,BUY_YES
1779832900.3327854,75825.78958181426,75790.52552159225,0.8641327102528706,0.815,806.0,BUY_YES
1779832900.3890994,75825.78958181426,75790.52552159225,0.7872188348712096,0.815,283.84000000000003,SELL_YES
1779832900.4176788,75825.78958181426,75790.52552159225,0.7589665439853764,0.815,487.05,SELL_YES
1779832900.4482114,75825.78958181426,75790.52552159225,0.7568912697954427,0.815,202.19,SELL_YES
1779832904.346439,75827.05044045222,75790.52552159225,0.8935315801783918,0.815,61.03999999999991,BUY_YES
1779832904.3765266,75827.05044045222,75790.52552159225,0.8920479576943303,0.815,701.1,BUY_YES
1779832907.0511556,75827.05044045222,75790.52552159225,0.8957683130673781,0.815,70.82999999999993,BUY_YES
1779832908.795705,75827.05044045222,75790.52552159225,0.9007059885600708,0.815,147.93000000000006,BUY_YES
1779832909.4537382,75827.05044045222,75790.52552159225,0.8919403941946649,0.815,319.0,BUY_YES
1779832910.4533298,75827.05044045222,75790.52552159225,0.9076780849736207,0.815,306.95000000000005,BUY_YES
1779832911.8674943,75827.05044045222,75790.52552159225,0.9022835162360451,0.815,74.32000000000005,BUY_YES
1779832912.302432,75827.05044045222,75790.52552159225,0.8921096149250252,0.815,61.680000000000064,BUY_YES
1779832913.2015078,75827.05044045222,75790.52552159225,0.9050790236606573,0.815,115.48000000000002,BUY_YES
1779832914.4101965,75827.05044045222,75790.52552159225,0.8979163644797514,0.815,167.0,BUY_YES
1779832914.4537325,75827.05044045222,75790.52552159225,0.9025205462557638,0.815,1934.9,BUY_YES
1779832914.4937384,75827.05044045222,75790.52552159225,0.8956233716986396,0.815,805.85,BUY_YES
1779832914.662835,75827.05044045222,75790.52552159225,0.7910513119973396,0.815,184.57,SELL_YES
1779832914.7342875,75827.05044045222,75790.52552159225,0.7826111310810254,0.815,109.55,SELL_YES
1779832915.0091915,75827.05044045222,75790.52552159225,0.8316914501622283,0.815,74.30999999999995,BUY_YES
1779832915.4453952,75827.05044045222,75790.52552159225,0.8557458538970178,0.815,62.66999999999996,BUY_YES
1779832915.7173407,75827.05044045222,75790.52552159225,0.8653413971274581,0.815,219.8,BUY_YES
1779832916.2819612,75827.05044045222,75790.52552159225,0.896105311821195,0.815,1991.9,BUY_YES
1779832917.8196216,75830.7661916484,75790.52552159225,0.8589320912277126,0.875,364.01,SELL_YES
1779832918.13563,75830.7661916484,75790.52552159225,0.8336622119042632,0.875,571.61,SELL_YES
1779832918.183491,75830.7661916484,75790.52552159225,0.8379943408827104,0.875,490.57,BUY_NO
1779832918.4757166,75830.7661916484,75790.52552159225,0.8891386188056946,0.875,70.99,BUY_YES
1779832918.5846999,75830.7661916484,75790.52552159225,0.9001692746446811,0.875,173.21,BUY_YES
1779832919.8526666,75830.7661916484,75790.52552159225,0.8582774394006002,0.875,420.98,BUY_NO
1779832920.0658286,75830.7661916484,75790.52552159225,0.8909542855522917,0.875,70.99,BUY_YES
1779832920.1826937,75830.7661916484,75790.52552159225,0.8983541036501707,0.875,140.1,BUY_YES
1779832920.443043,75830.7661916484,75790.52552159225,0.8553134860841773,0.875,597.82,SELL_YES
1779832920.828426,75830.7661916484,75790.52552159225,0.88989970386754,0.875,70.99,BUY_YES
1779832921.4184706,75830.7661916484,75790.52552159225,0.8975271646215007,0.875,128.1,BUY_YES
1779832924.0815647,75830.7661916484,75790.52552159225,0.9047510378421589,0.885,268.03999999999996,BUY_YES
1779832925.0671651,75830.7661916484,75790.52552159225,0.9069155470765965,0.885,62.00000000000003,BUY_YES
1779832925.7613199,75830.7661916484,75790.52552159225,0.9011194652311448,0.885,119.0,BUY_YES
1779832927.4789734,75837.19044909807,75790.52552159225,0.9190166145783316,0.885,388.51,BUY_YES
1779832928.4595728,75837.19044909807,75790.52552159225,0.907128565840507,0.895,125.49,BUY_YES
1779832929.2360346,75837.19044909807,75790.52552159225,0.9136150688247693,0.895,258.02000000000004,BUY_YES
1779832929.27892,75837.19044909807,75790.52552159225,0.9174343153835308,0.895,201.73000000000002,BUY_YES
1779832930.0998917,75837.19044909807,75790.52552159225,0.9255721771285322,0.895,778.42,SELL_NO
1779832930.1428537,75837.19044909807,75790.52552159225,0.8804718211416753,0.895,121.9,SELL_YES
1779832930.1868787,75837.19044909807,75790.52552159225,0.8430917965199379,0.895,323.41999999999996,SELL_YES
1779832930.5977907,75837.19044909807,75790.52552159225,0.71612913329395,0.895,57.129999999999995,SELL_YES
1779832930.6377542,75837.19044909807,75790.52552159225,0.722609291952073,0.895,753.47,SELL_YES
1779832930.677129,75837.19044909807,75790.52552159225,0.7344819645927766,0.895,666.19,SELL_YES
1779832930.718937,75837.19044909807,75790.52552159225,0.7472578663631377,0.895,454.6,BUY_NO
1779832930.75493,75837.19044909807,75790.52552159225,0.7593949730449808,0.895,405.8,BUY_NO
1779832933.086496,75837.19044909807,75790.52552159225,0.9473338754748164,0.895,1638.53,BUY_YES
1779832934.835073,75841.40540182845,75790.52552159225,0.9583484463685776,0.895,148.48,BUY_YES
1779832934.875008,75841.40540182845,75790.52552159225,0.9573622373579157,0.895,54.99000000000012,BUY_YES
1779832937.4388041,75841.40540182845,75790.52552159225,0.972879173111629,0.895,753.72,BUY_YES
1779832937.4815812,75841.40540182845,75790.52552159225,0.9675006199694,0.895,1786.31,BUY_YES
1779832937.564517,75841.40540182845,75790.52552159225,0.8767110644485977,0.895,411.24,SELL_YES
1779832937.6082246,75841.40540182845,75790.52552159225,0.8584602485474357,0.895,174.97,SELL_YES
1779832937.7626026,75841.40540182845,75790.52552159225,0.865771018925118,0.895,387.02,SELL_YES
1779832938.0441198,75841.40540182845,75790.52552159225,0.9075839557967007,0.895,435.22,BUY_YES
1779832938.154285,75841.40540182845,75790.52552159225,0.8768813501996771,0.895,66.04999999999998,SELL_YES
1779832938.8069715,75841.40540182845,75790.52552159225,0.908174373633239,0.895,415.22,BUY_YES
1779832938.884093,75841.40540182845,75790.52552159225,0.8787229710545695,0.895,311.51,SELL_YES
1779832939.3006415,75841.40540182845,75790.52552159225,0.9181464791166282,0.895,318.5,BUY_YES
1779832939.6860971,75841.40540182845,75790.52552159225,0.8812542823152318,0.895,58.71000000000001,SELL_YES
1779832940.5241258,75841.40540182845,75790.52552159225,0.9265829475562187,0.895,737.9,BUY_YES
1779832940.6151698,75841.40540182845,75790.52552159225,0.846827911324051,0.895,163.42999999999998,SELL_YES
1779832940.653487,75841.40540182845,75790.52552159225,0.8166931169839117,0.895,661.44,SELL_YES
1779832940.6996953,75841.40540182845,75790.52552159225,0.808343195478851,0.895,610.0,SELL_YES
1779832940.7469914,75841.40540182845,75790.52552159225,0.8164392539896582,0.895,358.19,BUY_NO
1779832942.077929,75840.626,75790.52552159225,0.936365033527477,0.895,1062.7,BUY_YES
1779832942.1528187,75840.626,75790.52552159225,0.8460444427585478,0.895,67.89000000000001,SELL_YES
1779832942.552772,75840.626,75790.52552159225,0.6491968831875446,0.895,67.75999999999999,SELL_YES
1779832945.0110521,75840.626,75790.52552159225,0.945207718400856,0.895,585.11,BUY_YES
1779832945.0805197,75840.626,75790.52552159225,0.8777275376210183,0.895,65.19999999999999,SELL_YES
1779832945.110545,75840.626,75790.52552159225,0.8590553404279636,0.895,73.65,SELL_YES
1779832947.7632453,75840.626,75790.52552159225,0.9597223927437575,0.895,1186.01,BUY_YES
1779832948.695039,75840.626,75790.52552159225,0.9650791022904994,0.895,789.8,BUY_YES
1779832948.8177075,75840.626,75790.52552159225,0.8440367871984188,0.895,63.02000000000001,SELL_YES
1779832948.8621929,75840.626,75790.52552159225,0.8161842888875371,0.895,85.0,SELL_YES
1779832949.715343,75840.626,75790.52552159225,0.8042612239508466,0.895,590.9200000000001,SELL_YES
1779832949.7662601,75840.626,75790.52552159225,0.8133613743538444,0.895,699.6,SELL_YES
1779832949.8108904,75840.626,75790.52552159225,0.8221933056361521,0.895,541.56,SELL_YES
1779832950.3825867,75838.99450647895,75790.52552159225,0.9080641082116873,0.895,79.49,BUY_YES
1779832950.519832,75838.99450647895,75790.52552159225,0.9174286421207727,0.895,161.38,BUY_YES
1779832951.1335137,75838.99450647895,75790.52552159225,0.9277200188409588,0.895,254.7,BUY_YES
1779832951.362751,75838.99450647895,75790.52552159225,0.8818294866089412,0.895,100.82,SELL_YES
1779832952.4804268,75838.99450647895,75790.52552159225,0.9362140458341736,0.895,521.42,BUY_YES
1779832952.562105,75838.99450647895,75790.52552159225,0.8766539676272395,0.895,103.14999999999998,SELL_YES
1779832953.0191743,75838.99450647895,75790.52552159225,0.8173457649599528,0.895,573.4,BUY_NO
1779832953.0585685,75838.99450647895,75790.52552159225,0.8251821467438312,0.895,376.44,SELL_YES
1779832953.0948389,75838.99450647895,75790.52552159225,0.8334230394066395,0.895,538.0,BUY_NO
1779832953.1365392,75838.99450647895,75790.52552159225,0.8412518874363075,0.895,297.56,SELL_YES
1779832953.3685865,75838.99450647895,75790.52552159225,0.873347530352463,0.9,624.29,BUY_NO
1779832953.631741,75838.99450647895,75790.52552159225,0.9085372297636806,0.895,108.23,BUY_YES
1779832953.7525878,75838.99450647895,75790.52552159225,0.9201558573686355,0.895,131.48,BUY_YES
1779832953.8001971,75838.99450647895,75790.52552159225,0.9084426185778399,0.895,107.11,BUY_YES
1779832953.8997917,75838.99450647895,75790.52552159225,0.8780447719786191,0.895,644.29,BUY_NO
1779832954.0085247,75838.99450647895,75790.52552159225,0.8792173267725227,0.895,644.29,BUY_NO
1779832954.0871634,75838.99450647895,75790.52552159225,0.8792781181810434,0.895,643.29,BUY_NO
1779832954.227966,75838.99450647895,75790.52552159225,0.8779086073449647,0.895,643.29,BUY_NO
1779832954.3457134,75838.99450647895,75790.52552159225,0.8729602338570133,0.895,643.29,BUY_NO
1779832954.724259,75838.99450647895,75790.52552159225,0.8819515057705973,0.895,650.11,BUY_NO
1779832954.9205165,75838.99450647895,75790.52552159225,0.8712988435495093,0.9,650.11,BUY_NO
1779832955.3978932,75838.99450647895,75790.52552159225,0.9191049521849994,0.9,115.47,BUY_YES
1779832955.6638875,75838.99450647895,75790.52552159225,0.8847783055548726,0.9,740.82,BUY_NO
1779832955.8421793,75838.99450647895,75790.52552159225,0.8653497056061551,0.9,754.05,BUY_NO
1779832955.8822248,75838.99450647895,75790.52552159225,0.8714248989830454,0.9,302.75,SELL_YES
1779832955.96127,75838.99450647895,75790.52552159225,0.8398156080126131,0.9,854.05,BUY_NO
1779832955.9997952,75838.99450647895,75790.52552159225,0.8473248276119825,0.9,384.35,SELL_YES
1779832956.0458546,75838.99450647895,75790.52552159225,0.8544585862313833,0.9,193.0,SELL_YES
1779832956.2665477,75838.99450647895,75790.52552159225,0.8851206377840442,0.905,886.05,SELL_YES
1779832956.6771653,75838.63366125833,75790.52552159225,0.9247648326248022,0.905,319.5,BUY_YES
1779832956.760626,75838.63366125833,75790.52552159225,0.9295892130242025,0.905,314.5,BUY_YES
1779832956.92618,75838.63366125833,75790.52552159225,0.9371857351718456,0.905,501.42,BUY_YES
1779832957.1477156,75838.63366125833,75790.52552159225,0.8725446029066815,0.905,892.62,SELL_YES
1779832957.2289355,75838.63366125833,75790.52552159225,0.8626243000769941,0.905,892.62,SELL_YES
1779832957.2705197,75838.63366125833,75790.52552159225,0.8580431862543513,0.905,389.51,SELL_YES
1779832958.0608535,75838.63366125833,75790.52552159225,0.9246694277246572,0.905,326.84,BUY_YES
1779832958.198214,75838.63366125833,75790.52552159225,0.9270401714055638,0.905,324.45,BUY_YES
1779832958.5575914,75838.63366125833,75790.52552159225,0.9356719026526263,0.905,501.42,BUY_YES
1779832958.6408598,75838.63366125833,75790.52552159225,0.8825524727663339,0.905,980.62,SELL_YES
1779832958.6833286,75838.63366125833,75790.52552159225,0.8671986207114293,0.905,404.51,SELL_YES
1779832959.5834363,75838.63366125833,75790.52552159225,0.9354269453103461,0.905,299.99999999999994,BUY_YES
1779832959.8795226,75838.63366125833,75790.52552159225,0.89460618279442,0.905,243.0,SELL_YES
1779832960.2507563,75838.63366125833,75790.52552159225,0.9257155200568808,0.905,322.25,BUY_YES
1779832960.4469345,75838.63366125833,75790.52552159225,0.9360293697778582,0.905,801.42,BUY_YES
1779832960.5283058,75838.63366125833,75790.52552159225,0.8532591231745429,0.905,971.74,SELL_YES
1779832960.5689533,75838.63366125833,75790.52552159225,0.8217377036429312,0.905,391.6,SELL_YES
1779832960.6133487,75838.63366125833,75790.52552159225,0.8142271674396233,0.905,485.18,SELL_YES
1779832960.6516583,75838.63366125833,75790.52552159225,0.8190426017464536,0.905,1075.76,SELL_YES
1779832960.8027298,75838.63366125833,75790.52552159225,0.8391924633715885,0.905,306.1599999999999,SELL_YES
1779832962.4589322,75838.63366125833,75790.52552159225,0.9454934661560982,0.905,720.4000000000001,BUY_YES
1779832963.0184507,75838.63366125833,75790.52552159225,0.9552303558520047,0.905,1151.01,BUY_YES
1779832963.0942948,75838.63366125833,75790.52552159225,0.863070396156434,0.905,194.89,SELL_YES
1779832963.8198047,75840.07679882394,75790.52552159225,0.7914720441456099,0.905,72.60999999999996,SELL_YES
1779832968.2139876,75840.07679882394,75790.52552159225,0.9342022275326773,0.905,286.73,BUY_YES
1779832968.2823274,75840.07679882394,75790.52552159225,0.8878669398472839,0.905,946.26,BUY_NO
1779832969.3313243,75840.07679882394,75790.52552159225,0.9428168616729574,0.915,1513.49,BUY_YES
1779832969.372932,75840.07679882394,75790.52552159225,0.9451760185893094,0.915,1046.71,BUY_YES
1779832969.452373,75840.07679882394,75790.52552159225,0.9469143109440192,0.915,955.71,BUY_YES
1779832969.486028,75840.07679882394,75790.52552159225,0.9467344782519944,0.915,717.78,BUY_YES
1779832969.5259821,75840.07679882394,75790.52552159225,0.9037725123982381,0.915,81.27,SELL_YES
1779832969.566526,75840.07679882394,75790.52552159225,0.8710188595552844,0.915,1313.29,BUY_NO
1779832969.6036272,75840.07679882394,75790.52552159225,0.87696791657752,0.915,693.85,SELL_YES
1779832970.5025373,75840.07679882394,75790.52552159225,0.9550051636844747,0.915,1213.72,BUY_YES
1779832970.995327,75840.07679882394,75790.52552159225,0.6859349667392394,0.915,368.1,SELL_YES
1779832971.7358801,75842.06761118124,75790.52552159225,0.8441595693729376,0.915,1158.94,SELL_YES
1779832971.7787173,75842.06761118124,75790.52552159225,0.8514515909042907,0.915,738.85,SELL_YES
1779832971.815322,75842.06761118124,75790.52552159225,0.8575357106184865,0.915,1158.94,SELL_YES
1779832971.8582058,75842.06761118124,75790.52552159225,0.8641589250875622,0.915,738.85,SELL_YES
1779832972.3814847,75842.06761118124,75790.52552159225,0.9286304564202006,0.915,95.0,BUY_YES
1779832972.4963174,75842.06761118124,75790.52552159225,0.9363201685809597,0.915,795.71,BUY_YES
1779832972.713169,75842.06761118124,75790.52552159225,0.7848426799744681,0.915,57.0,SELL_YES
1779832972.8642135,75842.06761118124,75790.52552159225,0.7733072458301673,0.915,75.0,SELL_YES
1779832973.134484,75842.06761118124,75790.52552159225,0.8215027650608213,0.915,70.0,SELL_YES
1779832973.2005265,75842.06761118124,75790.52552159225,0.8297220107570081,0.915,1130.6,SELL_YES
1779832973.2340732,75842.06761118124,75790.52552159225,0.8376429986432601,0.915,743.85,SELL_YES
1779832973.270414,75842.06761118124,75790.52552159225,0.8452608487110971,0.915,567.9000000000001,SELL_YES
1779835727.6291537,75842.06761118124,75842.06761118124,0.6380752945293158,0.915,75.82999999999998,SELL_YES
1779835728.02234,75842.06761118124,75842.06761118124,0.6068400308464826,0.915,79.0,SELL_YES
1779835728.174198,75842.06761118124,75842.06761118124,0.5870218728746528,0.915,1307.43,SELL_YES
1779835728.208646,75842.06761118124,75842.06761118124,0.5826707792309201,0.915,739.55,SELL_YES
1779835728.2469351,75842.06761118124,75842.06761118124,0.5785372402693741,0.915,572.9000000000001,SELL_YES
1779835728.2855327,75842.06761118124,75842.06761118124,0.5746103782559054,0.915,1174.56,SELL_YES
1779835729.2704432,75842.06761118124,75842.06761118124,0.5229320121605142,0.915,127.76999999999992,SELL_YES
1779835730.2436066,75842.06761118124,75842.06761118124,0.5057408937102863,0.915,65.66000000000008,SELL_YES
1779835731.209082,75842.06761118124,75842.06761118124,0.5016762779532987,0.915,650.65,BUY_NO
1779835731.244746,75842.06761118124,75842.06761118124,0.5015924640556337,0.915,670.96,BUY_NO
1779835731.279994,75842.06761118124,75842.06761118124,0.501512840852852,0.915,515.16,SELL_YES
1779835731.328787,75842.06761118124,75842.06761118124,0.5014371988102093,0.915,561.4100000000001,SELL_YES
1779835731.4018316,75842.06761118124,75842.06761118124,0.5013653388696988,0.915,338.03,BUY_NO
1779835731.4390674,75842.06761118124,75842.06761118124,0.5012970719262139,0.915,848.38,BUY_NO
1779835731.4723256,75842.06761118124,75842.06761118124,0.5012322183299032,0.915,531.98,SELL_YES
1779835731.5062237,75842.06761118124,75842.06761118124,0.501170607413408,0.915,275.8,BUY_NO
1779835731.947347,75842.06761118124,75842.06761118124,0.5006009220483011,0.915,63.969999999999914,SELL_YES
1779835731.9844635,75842.06761118124,75842.06761118124,0.500570875945886,0.915,670.2,BUY_NO
1779835732.0174751,75842.06761118124,75842.06761118124,0.5005423321485917,0.915,639.6,BUY_NO
1779835732.081401,75842.06761118124,75842.06761118124,0.5004894547641039,0.915,634.65,BUY_NO
1779835732.873408,75836.13931905606,75836.13931905606,0.6535338391966338,0.6535338391966338,16829.17,BUY_YES
1779835732.907105,75836.13931905606,75836.13931905606,0.6499135778940655,0.6499135778940655,3714.38,BUY_YES
1779835751.5370007,75836.13931905606,75836.13931905606,0.49929896768780824,0.49929896768780824,16789.17,BUY_YES
1779835751.5742824,75836.13931905606,75836.13931905606,0.49929913305754503,0.49929913305754503,3090.38,BUY_YES
1779835765.3334432,75836.13931905606,75836.13931905606,0.498961578345767,0.498961578345767,16704.17,BUY_YES
1779835765.3707275,75836.13931905606,75836.13931905606,0.498961602561991,0.498961602561991,3090.38,BUY_YES
1779835776.0406528,75836.13931905606,75836.13931905606,0.49910645603697135,0.49910645603697135,16610.17,BUY_YES
1779835776.0964665,75836.13931905606,75836.13931905606,0.4991071541436001,0.4991071541436001,3090.38,BUY_YES
1779835794.336234,75836.13931905606,75836.13931905606,0.4995209138914825,0.4995209138914825,18104.59,BUY_YES
1779835794.3898857,75836.13931905606,75836.13931905606,0.4995225516187141,0.4995225516187141,3140.38,BUY_YES
1779835794.8274536,75836.13931905606,75836.13931905606,0.4995391452497982,0.4995391452497982,18099.7,BUY_YES
1779835794.8784492,75836.13931905606,75836.13931905606,0.49954084448169944,0.49954084448169944,3140.38,BUY_YES
1779835800.0200331,75836.13931905606,75836.13931905606,0.49994123235633087,0.49994123235633087,54908.81,BUY_YES
1779835800.0608437,75836.13931905606,75836.13931905606,0.4999441707385143,0.4999441707385143,3391.38,BUY_YES
1779835802.0131724,75836.13931905606,75836.13931905606,0.4999952401316957,0.4999952401316957,5001.860000000001,BUY_YES
1779835808.2726011,75836.13931905606,75836.13931905606,0.49765622892076844,0.49765622892076844,8691.089999999997,BUY_YES
1779835811.4592154,75836.13931905606,75836.13931905606,0.49766107221871647,0.49766107221871647,6724.599999999991,BUY_YES
1779835812.1603553,75836.13931905606,75836.13931905606,0.49766271300840687,0.49766271300840687,10691.830000000002,BUY_YES
1779835814.3188887,75836.13931905606,75836.13931905606,0.49766783698133316,0.49766783698133316,23794.050000000003,BUY_YES
1779835814.8936207,75836.13931905606,75836.13931905606,0.4976692173720776,0.4976692173720776,6055.029999999999,BUY_YES
1779835815.0337029,75836.13931905606,75836.13931905606,0.4976695374081722,0.4976695374081722,6021.029999999999,BUY_YES
1779835815.174099,75836.13931905606,75836.13931905606,0.49766986136170727,0.49766986136170727,6021.029999999999,BUY_YES
1779835815.2967262,75836.13931905606,75836.13931905606,0.4976701829002762,0.4976701829002762,6021.029999999999,BUY_YES
1779835815.470435,75836.13931905606,75836.13931905606,0.49767060890914844,0.49767060890914844,6031.029999999999,BUY_YES
1779835823.7551453,75836.13931905606,75836.13931905606,0.49769113915970287,0.49769113915970287,5360.369999999995,BUY_YES
1779835825.5516157,75836.13931905606,75836.13931905606,0.49769566860817777,0.49769566860817777,13606.0,BUY_YES
1779835825.7719388,75836.13931905606,75836.13931905606,0.4976961612965915,0.4976961612965915,10609.0,BUY_YES
1779835826.1296344,75836.13931905606,75836.13931905606,0.49769707262743773,0.49769707262743773,6067.0,BUY_YES
1779835827.978481,75836.13931905606,75836.13931905606,0.497701670691734,0.497701670691734,8074.7300000000105,BUY_YES
1779835828.0203943,75836.13931905606,75836.13931905606,0.49770177403246346,0.49770177403246346,8123.0,BUY_YES
1779835828.0650542,75836.13931905606,75836.13931905606,0.4977018778820364,0.4977018778820364,12494.0,BUY_YES
1779835828.1112733,75836.13931905606,75836.13931905606,0.49770198241425717,0.49770198241425717,7857.0,BUY_YES
1779835828.1582553,75836.13931905606,75836.13931905606,0.4977020876930647,0.4977020876930647,11538.0,BUY_YES
1779835828.2026694,75836.13931905606,75836.13931905606,0.4977021933556788,0.4977021933556788,10556.0,BUY_YES
1779835828.2447052,75836.13931905606,75836.13931905606,0.49770229908142366,0.49770229908142366,8179.0,BUY_YES
1779835828.2827582,75836.13931905606,75836.13931905606,0.4977024043613909,0.4977024043613909,56251.99999999997,BUY_YES
1779835828.3332305,75836.13931905606,75836.13931905606,0.4977025107987965,0.4977025107987965,44380.0,BUY_YES
1779835828.38022,75836.13931905606,75836.13931905606,0.4977026178937752,0.4977026178937752,42955.0,BUY_YES
1779835828.4280362,75836.13931905606,75836.13931905606,0.49770272571988533,0.49770272571988533,61078.0,BUY_YES
1779835828.6093073,75836.13931905606,75836.13931905606,0.49770316171456197,0.49770316171456197,11742.0,BUY_YES
1779835828.651428,75836.13931905606,75836.13931905606,0.4977032707974867,0.4977032707974867,11408.0,BUY_YES
1779835828.6959298,75836.13931905606,75836.13931905606,0.49770338009642034,0.49770338009642034,7949.0,BUY_YES
1779835828.8820877,75836.13931905606,75836.13931905606,0.4977038209021,0.4977038209021,8312.0,BUY_YES
1779835828.9645376,75836.13931905606,75836.13931905606,0.4977040421010216,0.4977040421010216,33186.0,BUY_YES
1779835829.077778,75836.13931905606,75836.13931905606,0.4977043692450366,0.4977043692450366,8747.0,BUY_YES
1779835829.190323,75836.13931905606,75836.13931905606,0.49770469263731093,0.49770469263731093,5715.000000000058,BUY_YES
1779835829.257787,75836.13931905606,75836.13931905606,0.49770490300960224,0.49770490300960224,8522.0,BUY_YES
1779835829.3001165,75836.13931905606,75836.13931905606,0.4977050077802163,0.4977050077802163,5213.0,BUY_YES
1779835829.4708643,75836.13931905606,75836.13931905606,0.49770543277531953,0.49770543277531953,5129.0,BUY_YES
1779835829.668047,75836.13931905606,75836.13931905606,0.4977059558329607,0.4977059558329607,9226.0,BUY_YES
1779835829.7619643,75836.13931905606,75836.13931905606,0.49770616678795954,0.49770616678795954,5993.0,BUY_YES
1779835829.8110602,75836.13931905606,75836.13931905606,0.49770627370245,0.49770627370245,5095.0,BUY_YES
1779835829.9713414,75836.13931905606,75836.13931905606,0.4977067026569641,0.4977067026569641,9106.0,BUY_YES
1779835830.0955367,75836.13931905606,75836.13931905606,0.4977070196681002,0.4977070196681002,8527.0,BUY_YES
1779835830.2129042,75836.13931905606,75836.13931905606,0.49770733536759426,0.49770733536759426,9769.0,BUY_YES
1779835830.2926793,75836.13931905606,75836.13931905606,0.49770754560484204,0.49770754560484204,5025.0,BUY_YES
1779835830.3700275,75836.13931905606,75836.13931905606,0.4977077546867507,0.4977077546867507,8199.0,BUY_YES
1779835830.5021536,75836.13931905606,75836.13931905606,0.4977080700875352,0.4977080700875352,5202.869999999995,BUY_YES
1779835830.580421,75836.13931905606,75836.13931905606,0.4977082811020283,0.4977082811020283,12102.0,BUY_YES
1779835830.631966,75836.13931905606,75836.13931905606,0.4977083875498004,0.4977083875498004,5555.0,BUY_YES
1779835830.7170575,75836.13931905606,75836.13931905606,0.49770860106720194,0.49770860106720194,7148.0,BUY_YES
1779835830.8622034,75836.13931905606,75836.13931905606,0.4977089263345748,0.4977089263345748,8040.859999999986,BUY_YES
1779835830.9098363,75836.13931905606,75836.13931905606,0.49770903622570795,0.49770903622570795,5233.0,BUY_YES
1779835831.0142574,75836.13931905606,75836.13931905606,0.49770936029670926,0.49770936029670926,8303.0,BUY_YES
1779835831.4341643,75836.13931905606,75836.13931905606,0.4977105096562059,0.4977105096562059,7019.459999999963,BUY_YES
1779835831.5649226,75836.13931905606,75836.13931905606,0.4977108222215285,0.4977108222215285,5435.800000000047,BUY_YES
1779835831.6964471,75836.13931905606,75836.13931905606,0.4977111399600737,0.4977111399600737,5477.5,BUY_YES
1779835831.863369,75836.13931905606,75836.13931905606,0.49771156367058134,0.49771156367058134,5708.0,BUY_YES
1779835831.946213,75836.13931905606,75836.13931905606,0.49771177673310446,0.49771177673310446,5433.0,BUY_YES
1779835832.0156295,75836.13931905606,75836.13931905606,0.4977119869607304,0.4977119869607304,3715.0000000000005,BUY_YES
1779835832.1859696,75836.13931905606,75836.13931905606,0.49771240721983,0.49771240721983,9279.0,BUY_YES
1779835832.5047557,75836.13931905606,75836.13931905606,0.4977131622388511,0.4977131622388511,7579.0,BUY_YES
1779835832.5973685,75836.13931905606,75836.13931905606,0.49771338273244514,0.49771338273244514,9227.0,BUY_YES
1779835832.7331288,75836.13931905606,75836.13931905606,0.49771371609448417,0.49771371609448417,27242.089999999967,BUY_YES
1779835832.9165895,75836.13931905606,75836.13931905606,0.49771416454756295,0.49771416454756295,8154.0,BUY_YES
1779835832.993596,75836.13931905606,75836.13931905606,0.4977143885378831,0.4977143885378831,5269.0,BUY_YES
1779835833.1987689,75836.13931905606,75836.13931905606,0.49771494246876175,0.49771494246876175,6101.0,BUY_YES
1779835833.528923,75836.13931905606,75836.13931905606,0.49771582783168217,0.49771582783168217,8572.0,BUY_YES
1779835833.9146335,75836.13931905606,75836.13931905606,0.4977168142905272,0.4977168142905272,5557.199999999953,BUY_YES
1779835834.1106915,75836.13931905606,75836.13931905606,0.4977173559116686,0.4977173559116686,13709.0,BUY_YES
1779835834.3277617,75836.13931905606,75836.13931905606,0.497717898132704,0.497717898132704,38506.119999999995,BUY_YES
1779835834.569034,75836.13931905606,75836.13931905606,0.49771855321347463,0.49771855321347463,10188.0,BUY_YES
1779835834.8015022,75836.13931905606,75836.13931905606,0.49771919143405646,0.49771919143405646,5063.0,BUY_YES
1779835835.131552,75836.13931905606,75836.13931905606,0.49772005236257594,0.49772005236257594,6472.0,BUY_YES
1779835835.1780937,75836.13931905606,75836.13931905606,0.4977201594837105,0.4977201594837105,12174.0,BUY_YES
1779835835.3115847,75836.13931905606,75836.13931905606,0.49772048427275717,0.49772048427275717,26174.0,BUY_YES
1779835835.3609748,75836.13931905606,75836.13931905606,0.49772059373064415,0.49772059373064415,3922.3,BUY_YES
1779835835.4085505,75836.13931905606,75836.13931905606,0.4977207039444151,0.4977207039444151,20073.99,BUY_YES
1779835835.5464299,75836.13931905606,75836.13931905606,0.4977210374863732,0.4977210374863732,10010.0,BUY_YES
1779835835.5926878,75836.13931905606,75836.13931905606,0.49772114963170183,0.49772114963170183,5133.0,BUY_YES
1779835835.6332958,75836.13931905606,75836.13931905606,0.4977212614912521,0.4977212614912521,5099.36,BUY_YES
1779835835.8056252,75836.13931905606,75836.13931905606,0.49772170955199835,0.49772170955199835,5926.0,BUY_YES
1779835835.8477135,75836.13931905606,75836.13931905606,0.4977218215286571,0.4977218215286571,12000.0,BUY_YES
1779835835.90125,75836.13931905606,75836.13931905606,0.4977219349296798,0.4977219349296798,4018.39,BUY_YES
1779835835.9477265,75836.13931905606,75836.13931905606,0.49772204875897935,0.49772204875897935,3735.37,BUY_YES
1779835835.986017,75836.13931905606,75836.13931905606,0.49772216192186736,0.49772216192186736,15137.0,BUY_YES
1779835836.032555,75836.13931905606,75836.13931905606,0.4977222755351165,0.4977222755351165,14824.0,BUY_YES
1779835836.0816069,75836.13931905606,75836.13931905606,0.4977223899073604,0.4977223899073604,5133.0,BUY_YES
1779835836.294341,75836.13931905606,75836.13931905606,0.49772295945388456,0.49772295945388456,15188.0,BUY_YES
1779835836.3844614,75836.13931905606,75836.13931905606,0.4977231881323854,0.4977231881323854,9600.0,BUY_YES
1779835836.7219074,75836.13931905606,75836.13931905606,0.4977241036901776,0.4977241036901776,9600.0,BUY_YES
1779835836.768398,75836.13931905606,75836.13931905606,0.49772421695461894,0.49772421695461894,4826.0,BUY_YES
1779835836.8956096,75836.13931905606,75836.13931905606,0.4977245549184658,0.4977245549184658,9652.0,BUY_YES
1779835837.0545294,75836.13931905606,75836.13931905606,0.497725003167316,0.497725003167316,21934.70000000007,BUY_YES
1779835837.185079,75836.13931905606,75836.13931905606,0.49772533961193566,0.49772533961193566,18411.0,BUY_YES
1779835837.59078,75836.13931905606,75836.13931905606,0.49772636562316974,0.49772636562316974,51650.73999999999,BUY_YES
1779835837.7161515,75836.13931905606,75836.13931905606,0.4977267085216758,0.4977267085216758,5863.010000000009,BUY_YES
1779835837.7610197,75836.13931905606,75836.13931905606,0.49772682250437594,0.49772682250437594,5005.010000000009,BUY_YES
1779835837.8019333,75836.13931905606,75836.13931905606,0.4977269361972384,0.4977269361972384,5005.010000000009,BUY_YES
1779835837.8428001,75836.13931905606,75836.13931905606,0.49772704960947456,0.49772704960947456,5005.010000000009,BUY_YES
1779835837.8976977,75836.13931905606,75836.13931905606,0.4977271646119079,0.4977271646119079,5005.010000000009,BUY_YES
1779835837.9375024,75836.13931905606,75836.13931905606,0.49772727912984893,0.49772727912984893,5005.010000000009,BUY_YES
1779835837.9749045,75836.13931905606,75836.13931905606,0.4977273928704596,0.4977273928704596,5005.010000000009,BUY_YES
1779835838.0540726,75836.13931905606,75836.13931905606,0.4977276188330273,0.4977276188330273,7705.010000000009,BUY_YES
1779835838.09871,75836.13931905606,75836.13931905606,0.49772773197430153,0.49772773197430153,5005.010000000009,BUY_YES
1779835838.1436355,75836.13931905606,75836.13931905606,0.49772784540649134,0.49772784540649134,12345.0,BUY_YES
1779835838.2737718,75836.13931905606,75836.13931905606,0.4977281859771499,0.4977281859771499,5163.010000000009,BUY_YES
1779835838.31952,75836.13931905606,75836.13931905606,0.4977283000063245,0.4977283000063245,5005.010000000009,BUY_YES
1779835838.412942,75836.13931905606,75836.13931905606,0.49772852977778204,0.49772852977778204,5005.0099999997765,BUY_YES
1779835838.4606674,75836.13931905606,75836.13931905606,0.49772864532502753,0.49772864532502753,5005.010000000009,BUY_YES
1779835838.508796,75836.13931905606,75836.13931905606,0.4977287614764931,0.4977287614764931,5005.010000000009,BUY_YES
1779835838.557147,75836.13931905606,75836.13931905606,0.49772887823275613,0.49772887823275613,5005.010000000009,BUY_YES
1779835838.6888218,75836.13931905606,75836.13931905606,0.497729228523494,0.497729228523494,9274.0,BUY_YES
1779835838.7347846,75836.13931905606,75836.13931905606,0.4977293454967726,0.4977293454967726,6074.0,BUY_YES
1779835838.9458432,75836.13931905606,75836.13931905606,0.49772992774007263,0.49772992774007263,7196.0,BUY_YES
1779835849.4245393,75590.5397062355,75836.13931905606,0.23191351259872656,0.23191351259872656,500000.0,BUY_YES
1779835856.1473536,75591.82175087061,75836.13931905606,0.2316094350925118,0.2316094350925118,500000.0,BUY_YES
1779835856.2999082,75591.82175087061,75836.13931905606,0.2313170421114224,0.2313170421114224,139713.69999999995,BUY_YES
1779835860.446142,75591.65445861944,75836.13931905606,0.23072535897854854,0.23072535897854854,20491.27,BUY_YES
1779835860.4932482,75591.65445861944,75836.13931905606,0.23016214076983504,0.23016214076983504,3912.3,BUY_YES
1779835860.5363104,75591.65445861944,75836.13931905606,0.22962606009270975,0.22962606009270975,20073.99,BUY_YES
1779835860.7515314,75591.41381680006,75836.13931905606,0.22910041715950083,0.22910041715950083,17104.36,BUY_YES
1779835860.8931842,75591.41381680006,75836.13931905606,0.2285976834193823,0.2285976834193823,4018.39,BUY_YES
