timestamp,spot_price,strike,model_prob,implied_prob,kelly_size,status
1780430102.6664526,67122.66715,67122.66715,0.49981052622137867,0.46499999999999997,179.52202312626585,TAKER_BUY_YES
1780430102.6664526,67122.66715,67122.66715,0.49981052622137867,0.46499999999999997,0.0,QUOTING
1780430102.9817739,67122.66715,67122.66715,0.4998109743739446,0.46,240.77328361263903,TAKER_BUY_YES
1780430102.9817739,67122.66715,67122.66715,0.4998109743739446,0.46,0.0,QUOTING
1780430103.293853,67122.66715,67122.66715,0.49981196128257166,0.46,241.00972212064121,TAKER_BUY_YES
1780430103.293853,67122.66715,67122.66715,0.49981196128257166,0.46,0.0,QUOTING
1780430103.5958514,67114.92766456565,67122.66715,0.4992333888951791,0.455,100.0,QUOTING
1780430103.8093307,67114.92766456565,67122.66715,0.4988283473651496,0.46,100.0,MAKER_FILL_SELL
1780430103.8093307,67114.92766456565,67122.66715,0.4988283473651496,0.455,100.0,QUOTING
1780430104.2231276,67114.92766456565,67122.66715,0.4980470088518505,0.46,100.0,MAKER_FILL_SELL
1780430104.2231276,67114.92766456565,67122.66715,0.4980470088518505,0.455,100.0,QUOTING
1780430104.6872594,67114.92766456565,67122.66715,0.49718251806349933,0.46,100.0,MAKER_FILL_SELL
1780430104.6872594,67114.92766456565,67122.66715,0.49718251806349933,0.455,100.0,QUOTING
1780430105.2568433,67103.37273,67122.66715,0.4945427078672421,0.46,100.0,MAKER_FILL_SELL
1780430105.2568433,67103.37273,67122.66715,0.4945427078672421,0.455,603.5231680450148,TAKER_SELL_YES
1780430105.2568433,67103.37273,67122.66715,0.4945427078672421,0.455,0.0,QUOTING
1780430105.7472844,67103.37273,67122.66715,0.49230689102764597,0.455,605.6322531419831,TAKER_SELL_YES
1780430105.7472844,67103.37273,67122.66715,0.49230689102764597,0.455,0.0,QUOTING
1780430106.0035021,67103.14357514841,67122.66715,0.4911402964471231,0.455,614.5518822663223,TAKER_SELL_YES
1780430106.0035021,67103.14357514841,67122.66715,0.4911402964471231,0.455,0.0,QUOTING
1780430106.2234406,67103.14357514841,67122.66715,0.4901439783547285,0.455,616.480473163298,TAKER_SELL_YES
1780430106.2234406,67103.14357514841,67122.66715,0.4901439783547285,0.455,0.0,QUOTING
1780430106.502297,67103.14357514841,67122.66715,0.48888945047157834,0.455,617.0997119146941,TAKER_SELL_YES
1780430106.502297,67103.14357514841,67122.66715,0.48888945047157834,0.455,0.0,QUOTING
1780430106.7732859,67110.50313301673,67122.66715,0.48816173946843455,0.455,302.1336446727929,TAKER_SELL_YES
1780430106.7732859,67110.50313301673,67122.66715,0.48816173946843455,0.455,0.0,QUOTING
1780430107.0065706,67110.50313301673,67122.66715,0.48754034976858057,0.455,302.04259578383096,TAKER_SELL_YES
1780430107.0065706,67110.50313301673,67122.66715,0.48754034976858057,0.455,0.0,QUOTING
1780430107.408145,67110.50313301673,67122.66715,0.4864790882551,0.455,302.83873879492955,TAKER_SELL_YES
1780430107.408145,67110.50313301673,67122.66715,0.4864790882551,0.455,0.0,QUOTING
1780430107.5814266,67111.20113133157,67122.66715,0.486055008960978,0.455,272.653732107426,TAKER_SELL_YES
1780430107.5814266,67111.20113133157,67122.66715,0.486055008960978,0.455,0.0,QUOTING
1780430107.8963194,67111.20113133157,67122.66715,0.48528941589154817,0.455,272.9920068420969,TAKER_SELL_YES
1780430107.8963194,67111.20113133157,67122.66715,0.48528941589154817,0.455,0.0,QUOTING
1780430108.1574023,67111.20113133157,67122.66715,0.4846595065921712,0.455,273.57896685862255,TAKER_SELL_YES
1780430108.1574023,67111.20113133157,67122.66715,0.4846595065921712,0.455,0.0,QUOTING
1780430108.4006455,67111.20113133157,67122.66715,0.4840773059750779,0.455,273.5395823677571,TAKER_SELL_YES
1780430108.4006455,67111.20113133157,67122.66715,0.4840773059750779,0.455,0.0,QUOTING
1780430108.6710489,67111.20113133157,67122.66715,0.4834341846815459,0.45999999999999996,155.07146776499857,TAKER_SELL_YES
1780430108.6710489,67111.20113133157,67122.66715,0.4834341846815459,0.45999999999999996,0.0,QUOTING
1780430108.967905,67111.20113133157,67122.66715,0.4827332001572399,0.445,155.5949822165172,TAKER_SELL_YES
1780430108.967905,67111.20113133157,67122.66715,0.4827332001572399,0.445,0.0,QUOTING
1780430109.2592678,67101.26145901995,67122.66715,0.4813430163757599,0.445,505.7100466430288,TAKER_SELL_YES
1780430109.2592678,67101.26145901995,67122.66715,0.4813430163757599,0.445,0.0,QUOTING
1780430109.5212698,67101.26145901995,67122.66715,0.4801029452743757,0.44,505.7100466430288,TAKER_SELL_YES
1780430109.5212698,67101.26145901995,67122.66715,0.4801029452743757,0.44,0.0,QUOTING
1780430109.7233536,67101.26145901995,67122.66715,0.47915297909083276,0.44,227.33122649109572,TAKER_SELL_YES
1780430109.7233536,67101.26145901995,67122.66715,0.47915297909083276,0.44,0.0,QUOTING
1780430109.9812515,67101.89390401995,67122.66715,0.4779870809514741,0.44,561.1390605132549,TAKER_BUY_NO
1780430109.9812515,67101.89390401995,67122.66715,0.4779870809514741,0.44,0.0,QUOTING
1780430110.1554222,67101.89390401995,67122.66715,0.4772047916707204,0.46499999999999997,619.2646923830182,TAKER_BUY_NO
1780430110.1554222,67101.89390401995,67122.66715,0.4772047916707204,0.46499999999999997,0.0,QUOTING
1780430110.4973283,67101.89390401995,67122.66715,0.47567979493678253,0.46499999999999997,619.8582372109839,TAKER_BUY_NO
1780430110.4973283,67101.89390401995,67122.66715,0.47567979493678253,0.46499999999999997,0.0,QUOTING
1780430110.992982,67102.76973,67122.66715,0.47359944924476827,0.46499999999999997,583.2752563814402,TAKER_BUY_NO
1780430110.992982,67102.76973,67122.66715,0.47359944924476827,0.46499999999999997,0.0,QUOTING
1780430111.3322074,67102.76973,67122.66715,0.47219397477706343,0.46499999999999997,583.5493596424885,TAKER_BUY_NO
1780430111.3322074,67102.76973,67122.66715,0.47219397477706343,0.46499999999999997,0.0,QUOTING
1780430111.6221259,67106.27318996326,67122.66715,0.4712529341756671,0.46499999999999997,433.7624369132179,TAKER_BUY_NO
1780430111.6221259,67106.27318996326,67122.66715,0.4712529341756671,0.46499999999999997,0.0,QUOTING
1780430111.9518826,67106.27318996326,67122.66715,0.47019141131346004,0.45,434.4277304923894,TAKER_BUY_NO
1780430111.9518826,67106.27318996326,67122.66715,0.47019141131346004,0.45,0.0,QUOTING
1780430112.2767546,67106.27318996326,67122.66715,0.4691556933050213,0.45,434.7643265063268,TAKER_BUY_NO
1780430112.2767546,67106.27318996326,67122.66715,0.4691556933050213,0.45,0.0,QUOTING
1780430112.766857,67106.27318996326,67122.66715,0.4676107335369328,0.45,435.44205332790915,TAKER_BUY_NO
1780430112.766857,67106.27318996326,67122.66715,0.4676107335369328,0.45,0.0,QUOTING
1780430112.9764245,67106.27318996326,67122.66715,0.46695744826552366,0.45,435.6218691755531,TAKER_BUY_NO
1780430112.9764245,67106.27318996326,67122.66715,0.46695744826552366,0.45,0.0,QUOTING
1780430113.19975,67107.33809101475,67122.66715,0.46632514375532247,0.45,389.59382664654186,TAKER_BUY_NO
1780430113.19975,67107.33809101475,67122.66715,0.46632514375532247,0.45,0.0,QUOTING
1780430113.3862894,67107.33809101475,67122.66715,0.465800144647161,0.45,389.86036532398464,TAKER_BUY_NO
1780430113.3862894,67107.33809101475,67122.66715,0.465800144647161,0.45,0.0,QUOTING
1780430113.6645885,67107.33809101475,67122.66715,0.4650228765909902,0.455,447.78388251928953,TAKER_BUY_NO
1780430113.6645885,67107.33809101475,67122.66715,0.4650228765909902,0.455,0.0,QUOTING
1780430113.9280028,67103.41604,67122.66715,0.464037071357563,0.455,615.0790038156351,TAKER_BUY_NO
1780430113.9280028,67103.41604,67122.66715,0.464037071357563,0.455,0.0,QUOTING
1780430114.1816504,67103.41604,67122.66715,0.4630981461542363,0.455,613.4676645509666,TAKER_BUY_NO
1780430114.1816504,67103.41604,67122.66715,0.4630981461542363,0.455,0.0,QUOTING
1780430114.4825485,67103.41604,67122.66715,0.46199179987467537,0.485,731.14360179765,TAKER_BUY_NO
1780430114.4825485,67103.41604,67122.66715,0.46199179987467537,0.485,0.0,QUOTING
1780430114.6660855,67103.41604,67122.66715,0.4613243128600476,0.485,730.2779089680116,TAKER_BUY_NO
1780430114.6660855,67103.41604,67122.66715,0.4613243128600476,0.485,0.0,QUOTING
1780430114.95943,67103.19070834146,67122.66715,0.4602427912605469,0.48,743.677924017014,TAKER_BUY_NO
1780430114.95943,67103.19070834146,67122.66715,0.4602427912605469,0.48,0.0,QUOTING
1780430115.1490934,67103.19070834146,67122.66715,0.4595479361346076,0.48,744.6561119420584,TAKER_BUY_NO
1780430115.1490934,67103.19070834146,67122.66715,0.4595479361346076,0.48,0.0,QUOTING
1780430115.4007154,67103.19070834146,67122.66715,0.4586303375717469,0.48,746.3417752837132,TAKER_BUY_NO
1780430115.4007154,67103.19070834146,67122.66715,0.4586303375717469,0.48,0.0,QUOTING
1780430115.708715,67107.4892729621,67122.66715,0.4578481597440256,0.48,562.144897874161,TAKER_BUY_NO
1780430115.708715,67107.4892729621,67122.66715,0.4578481597440256,0.48,0.0,QUOTING
1780430115.9774985,67107.4892729621,67122.66715,0.45717143725537207,0.475,503.6530232951737,TAKER_BUY_NO
1780430115.9774985,67107.4892729621,67122.66715,0.45717143725537207,0.475,0.0,QUOTING
1780430116.3682442,67107.4892729621,67122.66715,0.45619619470724304,0.475,504.3202182785702,TAKER_BUY_NO
1780430116.3682442,67107.4892729621,67122.66715,0.45619619470724304,0.475,0.0,QUOTING
1780430116.9957905,67107.4892729621,67122.66715,0.4546507319706321,0.475,505.3433876540702,TAKER_BUY_NO
1780430116.9957905,67107.4892729621,67122.66715,0.4546507319706321,0.475,0.0,QUOTING
1780430117.412567,67112.81729315424,67122.66715,0.45421793535117067,0.475,269.30958723669147,TAKER_BUY_NO
1780430117.412567,67112.81729315424,67122.66715,0.45421793535117067,0.475,0.0,QUOTING
1780430117.614923,67112.81729315424,67122.66715,0.45400968445198153,0.475,269.53540212132,TAKER_BUY_NO
1780430117.614923,67112.81729315424,67122.66715,0.45400968445198153,0.475,0.0,QUOTING
1780430117.8631423,67112.81729315424,67122.66715,0.45375570476781846,0.475,269.773765356379,TAKER_BUY_NO
1780430117.8631423,67112.81729315424,67122.66715,0.45375570476781846,0.475,0.0,QUOTING
1780430118.271146,67113.49445454596,67122.66715,0.45341469201467366,0.475,239.6535255780826,TAKER_BUY_NO
1780430118.271146,67113.49445454596,67122.66715,0.45341469201467366,0.475,0.0,QUOTING
1780430118.5056076,67113.49445454596,67122.66715,0.45322058539902715,0.475,239.81583295316028,TAKER_BUY_NO
1780430118.5056076,67113.49445454596,67122.66715,0.45322058539902715,0.475,0.0,QUOTING
1780430118.79951,67113.49445454596,67122.66715,0.4529796936536501,0.475,239.0858755623509,TAKER_BUY_NO
1780430118.79951,67113.49445454596,67122.66715,0.4529796936536501,0.475,0.0,QUOTING
1780430119.006385,67113.49445454596,67122.66715,0.45281263709226816,0.475,238.18547858281968,TAKER_BUY_NO
1780430119.006385,67113.49445454596,67122.66715,0.45281263709226816,0.475,0.0,QUOTING
1780430119.249953,67116.49235249139,67122.66715,0.4528120854115875,0.475,100.0,QUOTING
1780430119.5290117,67116.49235249139,67122.66715,0.4528113277837122,0.47,100.0,MAKER_FILL_SELL
1780430119.5290117,67116.49235249139,67122.66715,0.4528113277837122,0.475,100.0,QUOTING
1780430119.9127634,67112.83916967332,67122.66715,0.4524326774673382,0.47,100.0,MAKER_FILL_SELL
1780430119.9127634,67112.83916967332,67122.66715,0.4524326774673382,0.475,270.0677350389684,TAKER_BUY_NO
1780430119.9127634,67112.83916967332,67122.66715,0.4524326774673382,0.475,0.0,QUOTING
1780430120.3041284,67112.83916967332,67122.66715,0.45204925450697336,0.475,270.83365534705337,TAKER_BUY_NO
1780430120.3041284,67112.83916967332,67122.66715,0.45204925450697336,0.475,0.0,QUOTING
1780430120.6154792,67112.83916967332,67122.66715,0.4517471799393191,0.475,271.1195048179407,TAKER_BUY_NO
1780430120.6154792,67112.83916967332,67122.66715,0.4517471799393191,0.475,0.0,QUOTING
1780430120.9014533,67108.7288,67122.66715,0.45115882798306844,0.475,455.6193795034642,TAKER_BUY_NO
1780430120.9014533,67108.7288,67122.66715,0.45115882798306844,0.475,0.0,QUOTING
1780430121.1005948,67108.7288,67122.66715,0.45075208307816966,0.475,455.8752284815999,TAKER_BUY_NO
1780430121.1005948,67108.7288,67122.66715,0.45075208307816966,0.475,0.0,QUOTING
1780430121.396522,67108.7288,67122.66715,0.4501524444604546,0.44,218.97753903662309,TAKER_BUY_NO
1780430121.396522,67108.7288,67122.66715,0.4501524444604546,0.44,0.0,QUOTING
1780430121.5935998,67108.7288,67122.66715,0.44975660289951064,0.44,218.8044893615438,TAKER_BUY_NO
1780430121.5935998,67108.7288,67122.66715,0.44975660289951064,0.44,0.0,QUOTING
1780430121.8407176,67108.23602979646,67122.66715,0.449231056074445,0.44,241.3803658642341,TAKER_BUY_NO
1780430121.8407176,67108.23602979646,67122.66715,0.449231056074445,0.44,0.0,QUOTING
1780430122.1180363,67108.23602979646,67122.66715,0.44864579132750493,0.44,241.6933567036693,TAKER_BUY_NO
1780430122.1180363,67108.23602979646,67122.66715,0.44864579132750493,0.44,0.0,QUOTING
1780430122.2844856,67108.57038494105,67122.66715,0.4483115453560509,0.44,226.9956960931254,TAKER_BUY_NO
1780430122.2844856,67108.57038494105,67122.66715,0.4483115453560509,0.44,0.0,QUOTING
1780430122.5262623,67108.57038494105,67122.66715,0.44782881568330607,0.44,227.27845204181375,TAKER_BUY_NO
1780430122.5262623,67108.57038494105,67122.66715,0.44782881568330607,0.44,0.0,QUOTING
1780430122.7541533,67108.57038494105,67122.66715,0.4473767238234875,0.44,227.71889560789572,TAKER_BUY_NO
1780430122.7541533,67108.57038494105,67122.66715,0.4473767238234875,0.44,0.0,QUOTING
1780430123.050495,67108.57038494105,67122.66715,0.4467930899685922,0.44,228.12353531216598,TAKER_BUY_NO
1780430123.050495,67108.57038494105,67122.66715,0.4467930899685922,0.44,0.0,QUOTING
1780430123.304849,67108.57038494105,67122.66715,0.4462956940894918,0.44,228.7854140214296,TAKER_BUY_NO
1780430123.304849,67108.57038494105,67122.66715,0.4462956940894918,0.44,0.0,QUOTING
1780430123.5620348,67107.72980343648,67122.66715,0.44573888990153687,0.44,267.00424303703045,TAKER_BUY_NO
1780430123.5620348,67107.72980343648,67122.66715,0.44573888990153687,0.44,0.0,QUOTING
1780430123.8681564,67107.72980343648,67122.66715,0.44508266363405774,0.435,206.1743657339041,TAKER_BUY_NO
1780430123.8681564,67107.72980343648,67122.66715,0.44508266363405774,0.435,0.0,QUOTING
1780430124.192961,67107.72980343648,67122.66715,0.44439716940268315,0.43,202.83835865692794,TAKER_BUY_NO
1780430124.192961,67107.72980343648,67122.66715,0.44439716940268315,0.43,0.0,QUOTING
1780430124.8691242,67106.69770460464,67122.66715,0.4428054449992807,0.43,250.19856522218444,TAKER_BUY_NO
1780430124.8691242,67106.69770460464,67122.66715,0.4428054449992807,0.43,0.0,QUOTING
1780430125.080667,67106.69770460464,67122.66715,0.4423186211086897,0.43,247.59879158545147,TAKER_BUY_NO
1780430125.080667,67106.69770460464,67122.66715,0.4423186211086897,0.43,0.0,QUOTING
1780430125.4659507,67106.69770460464,67122.66715,0.44143304728849414,0.415,250.83974350279289,TAKER_BUY_NO
1780430125.4659507,67106.69770460464,67122.66715,0.44143304728849414,0.415,0.0,QUOTING
1780430125.733293,67101.647727036,67122.66715,0.44047356010586325,0.415,472.99683678342507,TAKER_BUY_NO
1780430125.733293,67101.647727036,67122.66715,0.44047356010586325,0.415,0.0,QUOTING
1780430125.9292383,67101.647727036,67122.66715,0.4397742375173004,0.415,473.99764989305737,TAKER_BUY_NO
1780430125.9292383,67101.647727036,67122.66715,0.4397742375173004,0.415,0.0,QUOTING
1780430126.2039263,67101.647727036,67122.66715,0.43880089179744997,0.415,474.49963797051686,TAKER_BUY_NO
1780430126.2039263,67101.647727036,67122.66715,0.43880089179744997,0.415,0.0,QUOTING
1780430126.3752632,67101.647727036,67122.66715,0.4381995126625055,0.415,473.55821141288914,TAKER_BUY_NO
1780430126.3752632,67101.647727036,67122.66715,0.4381995126625055,0.415,0.0,QUOTING
1780430126.6803787,67098.24933310498,67122.66715,0.4368668380312894,0.415,622.6323133776941,TAKER_BUY_NO
1780430126.6803787,67098.24933310498,67122.66715,0.4368668380312894,0.415,0.0,QUOTING
1780430126.8937812,67098.24933310498,67122.66715,0.4359429309357078,0.405,622.1076829755582,TAKER_BUY_NO
1780430126.8937812,67098.24933310498,67122.66715,0.4359429309357078,0.405,0.0,QUOTING
1780430127.0869608,67098.24933310498,67122.66715,0.43511519794216935,0.405,619.756584623978,TAKER_BUY_NO
1780430127.0869608,67098.24933310498,67122.66715,0.43511519794216935,0.405,0.0,QUOTING
1780430127.3878138,67098.24933310498,67122.66715,0.4338312680272865,0.405,622.7985739557603,TAKER_BUY_NO
1780430127.3878138,67098.24933310498,67122.66715,0.4338312680272865,0.405,0.0,QUOTING
1780430127.5951083,67098.24933310498,67122.66715,0.4329530316998593,0.405,623.9112697183335,TAKER_BUY_NO
1780430127.5951083,67098.24933310498,67122.66715,0.4329530316998593,0.405,0.0,QUOTING
1780430127.8263288,67098.02422052014,67122.66715,0.4319654081370636,0.405,634.9953921269052,TAKER_BUY_NO
1780430127.8263288,67098.02422052014,67122.66715,0.4319654081370636,0.405,0.0,QUOTING
1780430128.0460045,67098.02422052014,67122.66715,0.43103539456758116,0.405,634.1686325649703,TAKER_BUY_NO
1780430128.0460045,67098.02422052014,67122.66715,0.43103539456758116,0.405,0.0,QUOTING
1780430128.3146613,67098.02422052014,67122.66715,0.42990113784564354,0.405,638.0120907193228,TAKER_BUY_NO
1780430128.3146613,67098.02422052014,67122.66715,0.42990113784564354,0.405,0.0,QUOTING
1780430128.5855489,67098.02422052014,67122.66715,0.4287672287325078,0.405,638.4006578630064,TAKER_BUY_NO
1780430128.5855489,67098.02422052014,67122.66715,0.4287672287325078,0.405,0.0,QUOTING
1780430128.794098,67094.42503156705,67122.66715,0.42771410732611465,0.405,788.2824600361179,TAKER_BUY_NO
1780430128.794098,67094.42503156705,67122.66715,0.42771410732611465,0.405,0.0,QUOTING
1780430128.9889548,67094.42503156705,67122.66715,0.426735107639983,0.405,789.7822023609792,TAKER_BUY_NO
1780430128.9889548,67094.42503156705,67122.66715,0.426735107639983,0.405,0.0,QUOTING
1780430129.197491,67094.42503156705,67122.66715,0.4256941140383693,0.405,790.0810712248291,TAKER_BUY_NO
1780430129.197491,67094.42503156705,67122.66715,0.4256941140383693,0.405,0.0,QUOTING
1780430129.4293876,67094.43849156705,67122.66715,0.4245444178306298,0.405,790.5269599826058,TAKER_BUY_NO
1780430129.4293876,67094.43849156705,67122.66715,0.4245444178306298,0.405,0.0,QUOTING
1780430129.639326,67094.43849156705,67122.66715,0.4235101896909512,0.405,791.4565946806352,TAKER_BUY_NO
1780430129.639326,67094.43849156705,67122.66715,0.4235101896909512,0.405,0.0,QUOTING
1780430129.9564636,67094.43849156705,67122.66715,0.4219580400686565,0.405,793.1991089736557,TAKER_BUY_NO
1780430129.9564636,67094.43849156705,67122.66715,0.4219580400686565,0.405,0.0,QUOTING
1780430130.1922314,67094.43849156705,67122.66715,0.42081464159475884,0.405,793.4499962826426,TAKER_BUY_NO
1780430130.1922314,67094.43849156705,67122.66715,0.42081464159475884,0.405,0.0,QUOTING
1780430130.4080272,67094.43849156705,67122.66715,0.419775435164149,0.405,793.9456071014604,TAKER_BUY_NO
1780430130.4080272,67094.43849156705,67122.66715,0.419775435164149,0.405,0.0,QUOTING
1780430130.6148906,67093.08462756564,67122.66715,0.4187169652347134,0.405,849.5543433281496,TAKER_BUY_NO
1780430130.6148906,67093.08462756564,67122.66715,0.4187169652347134,0.405,0.0,QUOTING
1780430130.8321283,67093.08462756564,67122.66715,0.41761223541805587,0.405,850.3755157813463,TAKER_BUY_NO
1780430130.8321283,67093.08462756564,67122.66715,0.41761223541805587,0.405,0.0,QUOTING
1780430131.0747485,67093.08462756564,67122.66715,0.4163873889783975,0.405,850.7196547836251,TAKER_BUY_NO
1780430131.0747485,67093.08462756564,67122.66715,0.4163873889783975,0.405,0.0,QUOTING
1780430131.3598945,67093.08462756564,67122.66715,0.4149580225449759,0.385,627.1902996795287,TAKER_BUY_NO
1780430131.3598945,67093.08462756564,67122.66715,0.4149580225449759,0.385,0.0,QUOTING
1780430131.5429683,67093.08462756564,67122.66715,0.41404818568076673,0.385,626.7674969368586,TAKER_BUY_NO
1780430131.5429683,67093.08462756564,67122.66715,0.41404818568076673,0.385,0.0,QUOTING
1780430131.8055747,67091.6889776685,67122.66715,0.4126621410705566,0.385,685.8006373198656,TAKER_BUY_NO
1780430131.8055747,67091.6889776685,67122.66715,0.4126621410705566,0.385,0.0,QUOTING
1780430132.0106082,67091.6889776685,67122.66715,0.41158695910542764,0.385,687.5020119955108,TAKER_BUY_NO
1780430132.0106082,67091.6889776685,67122.66715,0.41158695910542764,0.385,0.0,QUOTING
1780430132.257362,67091.6889776685,67122.66715,0.4103015434375571,0.385,688.0006028055103,TAKER_BUY_NO
1780430132.257362,67091.6889776685,67122.66715,0.4103015434375571,0.385,0.0,QUOTING
1780430132.5185518,67091.6889776685,67122.66715,0.40895167586643305,0.385,688.5439386641915,TAKER_BUY_NO
1780430132.5185518,67091.6889776685,67122.66715,0.40895167586643305,0.385,0.0,QUOTING
1780430132.6962285,67091.6889776685,67122.66715,0.40804161507802783,0.385,685.7355501365199,TAKER_BUY_NO
1780430132.6962285,67091.6889776685,67122.66715,0.40804161507802783,0.385,0.0,QUOTING
1780430132.972157,67091.6889776685,67122.66715,0.40664138904448577,0.385,682.957263645433,TAKER_BUY_NO
1780430132.972157,67091.6889776685,67122.66715,0.40664138904448577,0.385,0.0,QUOTING
1780430133.182289,67091.07085069899,67122.66715,0.4055569579109296,0.385,705.0074205657326,TAKER_BUY_NO
1780430133.182289,67091.07085069899,67122.66715,0.4055569579109296,0.385,0.0,QUOTING
1780430133.4114017,67091.07085069899,67122.66715,0.4043858204048408,0.38,701.1285144319739,TAKER_BUY_NO
1780430133.4114017,67091.07085069899,67122.66715,0.4043858204048408,0.38,0.0,QUOTING
1780430133.5729866,67091.07085069899,67122.66715,0.4035690584825793,0.38,697.7782785851964,TAKER_BUY_NO
1780430133.5729866,67091.07085069899,67122.66715,0.4035690584825793,0.38,0.0,QUOTING
1780430133.8439953,67089.99320566967,67122.66715,0.40213247242899997,0.355,516.7677996178893,TAKER_BUY_NO
1780430133.8439953,67089.99320566967,67122.66715,0.40213247242899997,0.355,0.0,QUOTING
1780430134.191697,67089.99320566967,67122.66715,0.4003043156607895,0.355,518.9502418511772,TAKER_BUY_NO
1780430134.191697,67089.99320566967,67122.66715,0.4003043156607895,0.355,0.0,QUOTING
1780430134.3788042,67089.02457660575,67122.66715,0.3992847986644728,0.355,561.8759015264523,TAKER_BUY_NO
1780430134.3788042,67089.02457660575,67122.66715,0.3992847986644728,0.355,0.0,QUOTING
1780430134.5937407,67089.02457660575,67122.66715,0.39812380152913035,0.355,560.3830539978543,TAKER_BUY_NO
1780430134.5937407,67089.02457660575,67122.66715,0.39812380152913035,0.355,0.0,QUOTING
1780430134.9067833,67089.02457660575,67122.66715,0.3964388244223463,0.35,565.2574040576643,TAKER_BUY_NO
1780430134.9067833,67089.02457660575,67122.66715,0.3964388244223463,0.35,0.0,QUOTING
1780430135.0796502,67089.02457660575,67122.66715,0.39552171238894335,0.35,560.023954141295,TAKER_BUY_NO
1780430135.0796502,67089.02457660575,67122.66715,0.39552171238894335,0.35,0.0,QUOTING
1780430135.3603234,67081.22699899723,67122.66715,0.39354634903961677,0.35,873.9100937832271,TAKER_BUY_NO
1780430135.3603234,67081.22699899723,67122.66715,0.39354634903961677,0.35,0.0,QUOTING
1780430135.6092818,67081.22699899723,67122.66715,0.3918113032237745,0.35,873.3147084819966,TAKER_BUY_NO
1780430135.6092818,67081.22699899723,67122.66715,0.3918113032237745,0.35,0.0,QUOTING
1780430135.8408237,67081.22699899723,67122.66715,0.3902052475273424,0.35,879.9491980676602,TAKER_BUY_NO
1780430135.8408237,67081.22699899723,67122.66715,0.3902052475273424,0.35,0.0,QUOTING
1780430136.138686,67081.22699899723,67122.66715,0.3881499307273524,0.35,884.4669393139773,TAKER_BUY_NO
1780430136.138686,67081.22699899723,67122.66715,0.3881499307273524,0.35,0.0,QUOTING
1780430136.3887546,67084.04122175544,67122.66715,0.386588925010669,0.35,779.7460141632536,TAKER_BUY_NO
1780430136.3887546,67084.04122175544,67122.66715,0.386588925010669,0.35,0.0,QUOTING
1780430136.7767515,67084.04122175544,67122.66715,0.38419206707161785,0.36,888.6514269466757,TAKER_BUY_NO
1780430136.7767515,67084.04122175544,67122.66715,0.38419206707161785,0.36,0.0,QUOTING
1780430137.2218616,67084.04122175544,67122.66715,0.3814789009730547,0.36,889.5902275851844,TAKER_BUY_NO
1780430137.2218616,67084.04122175544,67122.66715,0.3814789009730547,0.36,0.0,QUOTING
1780430137.5194442,67086.14433,67122.66715,0.37982682273807167,0.36,810.1371013452593,TAKER_BUY_NO
1780430137.5194442,67086.14433,67122.66715,0.37982682273807167,0.36,0.0,QUOTING
1780430137.7554648,67086.14433,67122.66715,0.3785274815904111,0.36,811.0482695500684,TAKER_BUY_NO
1780430137.7554648,67086.14433,67122.66715,0.3785274815904111,0.36,0.0,QUOTING
1780430138.0231698,67086.14433,67122.66715,0.377064362517246,0.36,812.3781659222697,TAKER_BUY_NO
1780430138.0231698,67086.14433,67122.66715,0.377064362517246,0.36,0.0,QUOTING
1780430138.2971563,67086.14433,67122.66715,0.3755796578308167,0.36,813.1483002736857,TAKER_BUY_NO
1780430138.2971563,67086.14433,67122.66715,0.3755796578308167,0.36,0.0,QUOTING
1780430138.479702,67086.14433,67122.66715,0.37459958363920143,0.365,865.4790291668068,TAKER_BUY_NO
1780430138.479702,67086.14433,67122.66715,0.37459958363920143,0.365,0.0,QUOTING
1780430138.6889715,67086.3712996838,67122.66715,0.37349529757128047,0.365,856.2227964487589,TAKER_BUY_NO
1780430138.6889715,67086.3712996838,67122.66715,0.37349529757128047,0.365,0.0,QUOTING
1780430138.8865278,67086.3712996838,67122.66715,0.372459243488437,0.365,857.4926612022616,TAKER_BUY_NO
1780430138.8865278,67086.3712996838,67122.66715,0.372459243488437,0.365,0.0,QUOTING
1780430139.0981646,67086.3712996838,67122.66715,0.37135443339066315,0.365,859.7421981980129,TAKER_BUY_NO
1780430139.0981646,67086.3712996838,67122.66715,0.37135443339066315,0.365,0.0,QUOTING
1780430139.2949185,67086.3712996838,67122.66715,0.3703342423781733,0.365,860.1196666559156,TAKER_BUY_NO
1780430139.2949185,67086.3712996838,67122.66715,0.3703342423781733,0.365,0.0,QUOTING
1780430139.6002333,67086.09636687323,67122.66715,0.3687415362831117,0.365,872.8331757830141,TAKER_BUY_NO
1780430139.6002333,67086.09636687323,67122.66715,0.3687415362831117,0.365,0.0,QUOTING
1780430139.811066,67086.09636687323,67122.66715,0.36765176184536313,0.365,872.8545686596752,TAKER_BUY_NO
1780430139.811066,67086.09636687323,67122.66715,0.36765176184536313,0.365,0.0,QUOTING
1780430140.0111809,67086.09636687323,67122.66715,0.366623014902225,0.365,874.3720940892802,TAKER_BUY_NO
1780430140.0111809,67086.09636687323,67122.66715,0.366623014902225,0.365,0.0,QUOTING
1780430140.2542124,67086.09636687323,67122.66715,0.3653827280787597,0.365,874.3271862321019,TAKER_BUY_NO
1780430140.2542124,67086.09636687323,67122.66715,0.3653827280787597,0.365,0.0,QUOTING
1780430140.4556339,67086.09636687323,67122.66715,0.3643656962351357,0.37,923.8024945033509,TAKER_BUY_NO
1780430140.4556339,67086.09636687323,67122.66715,0.3643656962351357,0.37,0.0,QUOTING
1780430140.6902833,67086.09636687323,67122.66715,0.36319224155842716,0.37,922.3736385955036,TAKER_BUY_NO
1780430140.6902833,67086.09636687323,67122.66715,0.36319224155842716,0.37,0.0,QUOTING
1780430140.8849106,67085.79099335476,67122.66715,0.36221305997141634,0.37,933.372937369843,TAKER_BUY_NO
1780430140.8849106,67085.79099335476,67122.66715,0.36221305997141634,0.37,0.0,QUOTING
1780430141.1068666,67085.79099335476,67122.66715,0.3611005925231893,0.37,936.4910915873443,TAKER_BUY_NO
1780430141.1068666,67085.79099335476,67122.66715,0.3611005925231893,0.37,0.0,QUOTING
1780430141.392801,67085.0110143834,67122.66715,0.359626482747111,0.37,967.5259616313361,TAKER_BUY_NO
1780430141.392801,67085.0110143834,67122.66715,0.359626482747111,0.37,0.0,QUOTING
1780430141.6892397,67085.0110143834,67122.66715,0.3581131340940495,0.37,968.0452743810206,TAKER_BUY_NO
1780430141.6892397,67085.0110143834,67122.66715,0.3581131340940495,0.37,0.0,QUOTING
1780430141.984638,67085.0110143834,67122.66715,0.3566199037340113,0.375,1019.73312643808,TAKER_BUY_NO
1780430141.984638,67085.0110143834,67122.66715,0.3566199037340113,0.375,0.0,QUOTING
1780430142.2811062,67085.0110143834,67122.66715,0.35514128680538815,0.375,1017.6454708536559,TAKER_BUY_NO
1780430142.2811062,67085.0110143834,67122.66715,0.35514128680538815,0.375,0.0,QUOTING
1780430142.5296907,67086.9489213345,67122.66715,0.3540236808186003,0.375,946.0741985432742,TAKER_BUY_NO
1780430142.5296907,67086.9489213345,67122.66715,0.3540236808186003,0.375,0.0,QUOTING
1780430142.806376,67086.9489213345,67122.66715,0.3527915715985253,0.375,946.108096314494,TAKER_BUY_NO
1780430142.806376,67086.9489213345,67122.66715,0.3527915715985253,0.375,0.0,QUOTING
1780430143.0677233,67086.9489213345,67122.66715,0.3516301282811787,0.375,951.7283716752238,TAKER_BUY_NO
1780430143.0677233,67086.9489213345,67122.66715,0.3516301282811787,0.375,0.0,QUOTING
1780430143.3711364,67086.9489213345,67122.66715,0.3502926360285226,0.375,953.2202234652505,TAKER_BUY_NO
1780430143.3711364,67086.9489213345,67122.66715,0.3502926360285226,0.375,0.0,QUOTING
1780430143.5834541,67088.78292800038,67122.66715,0.3494586121146572,0.375,882.4989073641617,TAKER_BUY_NO
1780430143.5834541,67088.78292800038,67122.66715,0.3494586121146572,0.375,0.0,QUOTING
1780430143.7818944,67088.78292800038,67122.66715,0.3486837622828909,0.375,883.4954021024263,TAKER_BUY_NO
1780430143.7818944,67088.78292800038,67122.66715,0.3486837622828909,0.375,0.0,QUOTING
1780430144.1019766,67088.78292800038,67122.66715,0.34743853152015625,0.375,886.9417676462665,TAKER_BUY_NO
1780430144.1019766,67088.78292800038,67122.66715,0.34743853152015625,0.375,0.0,QUOTING
1780430144.3817568,67088.78292800038,67122.66715,0.34636056960620676,0.375,887.7125511499871,TAKER_BUY_NO
1780430144.3817568,67088.78292800038,67122.66715,0.34636056960620676,0.375,0.0,QUOTING
1780430144.638,67097.61425626153,67122.66715,0.34596880164378335,0.375,519.4776898823338,TAKER_BUY_NO
1780430144.638,67097.61425626153,67122.66715,0.34596880164378335,0.375,0.0,QUOTING
1780430144.9133477,67097.61425626153,67122.66715,0.34555210623664495,0.375,518.6267727060837,TAKER_BUY_NO
1780430144.9133477,67097.61425626153,67122.66715,0.34555210623664495,0.375,0.0,QUOTING
1780430145.1457224,67097.61425626153,67122.66715,0.34520499509312125,0.395,746.2691698427482,TAKER_BUY_NO
1780430145.1457224,67097.61425626153,67122.66715,0.34520499509312125,0.395,0.0,QUOTING
1780430145.327901,67097.61425626153,67122.66715,0.34493439169222295,0.395,746.8524150159589,TAKER_BUY_NO
1780430145.327901,67097.61425626153,67122.66715,0.34493439169222295,0.395,0.0,QUOTING
1780430145.5679996,67097.61425626153,67122.66715,0.3445786531003322,0.425,634.4178075330738,TAKER_BUY_NO
1780430145.5679996,67097.61425626153,67122.66715,0.3445786531003322,0.425,0.0,QUOTING
1780430145.8873367,67091.81315475354,67122.66715,0.34361514760073975,0.425,879.0800349996379,TAKER_BUY_NO
1780430145.8873367,67091.81315475354,67122.66715,0.34361514760073975,0.425,0.0,QUOTING
1780430146.0713074,67091.81315475354,67122.66715,0.3430628807805981,0.425,881.8065951260314,TAKER_BUY_NO
1780430146.0713074,67091.81315475354,67122.66715,0.3430628807805981,0.425,0.0,QUOTING
1780430146.3941498,67091.81315475354,67122.66715,0.3420977301823495,0.425,884.0374271473755,TAKER_BUY_NO
1780430146.3941498,67091.81315475354,67122.66715,0.3420977301823495,0.425,0.0,QUOTING
1780430146.620371,67091.81315475354,67122.66715,0.34142704715560185,0.425,884.8559491135671,TAKER_BUY_NO
1780430146.620371,67091.81315475354,67122.66715,0.34142704715560185,0.425,0.0,QUOTING
1780430146.892302,67091.81315475354,67122.66715,0.3406266762040823,0.425,885.6166436506078,TAKER_BUY_NO
1780430146.892302,67091.81315475354,67122.66715,0.3406266762040823,0.425,0.0,QUOTING
1780430147.1452184,67091.81315475354,67122.66715,0.3398879874198885,0.425,886.4375676446908,TAKER_BUY_NO
1780430147.1452184,67091.81315475354,67122.66715,0.3398879874198885,0.425,0.0,QUOTING
1780430147.405255,67092.6088724792,67122.66715,0.3391873901875294,0.425,855.1439530267381,TAKER_BUY_NO
1780430147.405255,67092.6088724792,67122.66715,0.3391873901875294,0.425,0.0,QUOTING
1780430147.6286082,67092.6088724792,67122.66715,0.33858942168887696,0.415,856.5239615191228,TAKER_BUY_NO
1780430147.6286082,67092.6088724792,67122.66715,0.33858942168887696,0.415,0.0,QUOTING
1780430147.8333116,67092.6088724792,67122.66715,0.3380451779832169,0.395,745.0326215246363,TAKER_BUY_NO
1780430147.8333116,67092.6088724792,67122.66715,0.3380451779832169,0.395,0.0,QUOTING
1780430148.056117,67092.49710678535,67122.66715,0.3374500176754408,0.395,750.2838126463172,TAKER_BUY_NO
1780430148.056117,67092.49710678535,67122.66715,0.3374500176754408,0.395,0.0,QUOTING
1780430148.243797,67092.49710678535,67122.66715,0.33687779093277304,0.395,812.3114840553649,TAKER_BUY_NO
1780430148.243797,67092.49710678535,67122.66715,0.33687779093277304,0.395,0.0,QUOTING
1780430148.4194708,67092.49710678535,67122.66715,0.3363459282027002,0.395,811.7436584956407,TAKER_BUY_NO
1780430148.4194708,67092.49710678535,67122.66715,0.3363459282027002,0.395,0.0,QUOTING
1780430148.7103524,67092.49710678535,67122.66715,0.3354704689011071,0.395,812.9868726286029,TAKER_BUY_NO
1780430148.7103524,67092.49710678535,67122.66715,0.3354704689011071,0.395,0.0,QUOTING
1780430149.7134664,67092.04203490006,67122.66715,0.3323688490292894,0.395,836.7406133327476,TAKER_BUY_NO
1780430149.7134664,67092.04203490006,67122.66715,0.3323688490292894,0.395,0.0,QUOTING
1780430150.1232924,67092.04203490006,67122.66715,0.3311322297787017,0.395,837.9725117474458,TAKER_BUY_NO
1780430150.1232924,67092.04203490006,67122.66715,0.3311322297787017,0.395,0.0,QUOTING
1780430150.3337572,67092.04203490006,67122.66715,0.3305058926396303,0.395,837.0625795205232,TAKER_BUY_NO
1780430150.3337572,67092.04203490006,67122.66715,0.3305058926396303,0.395,0.0,QUOTING
1780430150.512794,67091.68804475188,67122.66715,0.3299594420104207,0.395,852.4714312846268,TAKER_BUY_NO
1780430150.512794,67091.68804475188,67122.66715,0.3299594420104207,0.395,0.0,QUOTING
1780430150.806696,67091.68804475188,67122.66715,0.3290654744383705,0.395,855.1617784449193,TAKER_BUY_NO
1780430150.806696,67091.68804475188,67122.66715,0.3290654744383705,0.395,0.0,QUOTING
1780430151.039115,67091.68804475188,67122.66715,0.32836250042049975,0.395,857.5421272154177,TAKER_BUY_NO
1780430151.039115,67091.68804475188,67122.66715,0.32836250042049975,0.395,0.0,QUOTING
1780430151.271742,67091.68804475188,67122.66715,0.32766330751993666,0.395,858.5739923778428,TAKER_BUY_NO
1780430151.271742,67091.68804475188,67122.66715,0.32766330751993666,0.395,0.0,QUOTING
1780430151.4698043,67091.68804475188,67122.66715,0.32707128113366024,0.395,859.7007447668332,TAKER_BUY_NO
1780430151.4698043,67091.68804475188,67122.66715,0.32707128113366024,0.395,0.0,QUOTING
1780430151.648066,67090.63981058239,67122.66715,0.32649086587642817,0.395,904.6953215276577,TAKER_BUY_NO
1780430151.648066,67090.63981058239,67122.66715,0.32649086587642817,0.395,0.0,QUOTING
1780430151.8872483,67090.63981058239,67122.66715,0.32571683223554476,0.395,905.3995767298013,TAKER_BUY_NO
1780430151.8872483,67090.63981058239,67122.66715,0.32571683223554476,0.395,0.0,QUOTING
1780430152.1365168,67090.63981058239,67122.66715,0.3249199623698192,0.4,955.3360836020934,TAKER_BUY_NO
1780430152.1365168,67090.63981058239,67122.66715,0.3249199623698192,0.4,0.0,QUOTING
1780430152.3213673,67090.63981058239,67122.66715,0.32433995882071126,0.4,950.2079829438619,TAKER_BUY_NO
1780430152.3213673,67090.63981058239,67122.66715,0.32433995882071126,0.4,0.0,QUOTING
1780430152.545871,67090.63981058239,67122.66715,0.32363850810606226,0.4,952.5507249527191,TAKER_BUY_NO
1780430152.545871,67090.63981058239,67122.66715,0.32363850810606226,0.4,0.0,QUOTING
1780430152.806432,67091.38117219793,67122.66715,0.3228795078599876,0.4,924.27933705888,TAKER_BUY_NO
1780430152.806432,67091.38117219793,67122.66715,0.3228795078599876,0.4,0.0,QUOTING
1780430153.1018286,67091.38117219793,67122.66715,0.32202157789150765,0.4,927.6299739869929,TAKER_BUY_NO
1780430153.1018286,67091.38117219793,67122.66715,0.32202157789150765,0.4,0.0,QUOTING
1780430153.2710755,67091.38117219793,67122.66715,0.3214644660151618,0.435,1152.0334768430996,TAKER_BUY_NO
1780430153.2710755,67091.38117219793,67122.66715,0.3214644660151618,0.435,0.0,QUOTING
1780430153.4380503,67091.38117219793,67122.66715,0.32092098497257093,0.435,1148.6273099429677,TAKER_BUY_NO
1780430153.4380503,67091.38117219793,67122.66715,0.32092098497257093,0.435,0.0,QUOTING
1780430153.650987,67093.03808300504,67122.66715,0.32033222941069195,0.435,1078.6407031662204,TAKER_BUY_NO
1780430153.650987,67093.03808300504,67122.66715,0.32033222941069195,0.435,0.0,QUOTING
1780430153.9547508,67093.03808300504,67122.66715,0.3195023730058556,0.44,1130.4399371303073,TAKER_BUY_NO
1780430153.9547508,67093.03808300504,67122.66715,0.3195023730058556,0.44,0.0,QUOTING
1780430154.270679,67093.03808300504,67122.66715,0.31864724955230905,0.44,1131.8060927812687,TAKER_BUY_NO
1780430154.270679,67093.03808300504,67122.66715,0.31864724955230905,0.44,0.0,QUOTING
1780430154.5589242,67093.03808300504,67122.66715,0.3178774265705145,0.44,1131.3938023664052,TAKER_BUY_NO
1780430154.5589242,67093.03808300504,67122.66715,0.3178774265705145,0.44,0.0,QUOTING
1780430154.8437521,67099.16748540169,67122.66715,0.31765120760637816,0.44,857.1726963736651,TAKER_BUY_NO
1780430154.8437521,67099.16748540169,67122.66715,0.31765120760637816,0.44,0.0,QUOTING
1780430155.0927558,67099.16748540169,67122.66715,0.317444680450572,0.44,863.7922083592312,TAKER_BUY_NO
1780430155.0927558,67099.16748540169,67122.66715,0.317444680450572,0.44,0.0,QUOTING
1780430155.400842,67099.51845958762,67122.66715,0.31722330060751375,0.44,848.7139734786607,TAKER_BUY_NO
1780430155.400842,67099.51845958762,67122.66715,0.31722330060751375,0.44,0.0,QUOTING
1780430155.6458552,67099.51845958762,67122.66715,0.3170467224189514,0.44,850.2991163308168,TAKER_BUY_NO
1780430155.6458552,67099.51845958762,67122.66715,0.3170467224189514,0.44,0.0,QUOTING
1780430155.8428347,67099.51845958762,67122.66715,0.3169061665240735,0.44,850.2746496028437,TAKER_BUY_NO
1780430155.8428347,67099.51845958762,67122.66715,0.3169061665240735,0.44,0.0,QUOTING
1780430156.164594,67099.51845958762,67122.66715,0.31667208615931725,0.44,853.4710536955415,TAKER_BUY_NO
1780430156.164594,67099.51845958762,67122.66715,0.31667208615931725,0.44,0.0,QUOTING
1780430156.473655,67103.13743641828,67122.66715,0.3168148705090926,0.44,678.2663198760313,TAKER_BUY_NO
1780430156.473655,67103.13743641828,67122.66715,0.3168148705090926,0.44,0.0,QUOTING
1780430156.6971643,67103.13743641828,67122.66715,0.31691626127797795,0.44,678.9171683602557,TAKER_BUY_NO
1780430156.6971643,67103.13743641828,67122.66715,0.31691626127797795,0.44,0.0,QUOTING
1780430156.9571552,67103.13743641828,67122.66715,0.3170327238317696,0.44,679.2507409343989,TAKER_BUY_NO
1780430156.9571552,67103.13743641828,67122.66715,0.3170327238317696,0.44,0.0,QUOTING
1780430157.2349257,67103.13743641828,67122.66715,0.3171539880058453,0.44,680.3575591315569,TAKER_BUY_NO
1780430157.2349257,67103.13743641828,67122.66715,0.3171539880058453,0.44,0.0,QUOTING
1780430157.422326,67102.3282501305,67122.66715,0.31718368317868595,0.44,720.899462735956,TAKER_BUY_NO
1780430157.422326,67102.3282501305,67122.66715,0.31718368317868595,0.44,0.0,QUOTING
1780430157.6433744,67102.3282501305,67122.66715,0.31721711281936915,0.425,721.899551394727,TAKER_BUY_NO
1780430157.6433744,67102.3282501305,67122.66715,0.31721711281936915,0.425,0.0,QUOTING
1780430157.8227804,67102.3282501305,67122.66715,0.3172430186657497,0.425,722.7934654173765,TAKER_BUY_NO
1780430157.8227804,67102.3282501305,67122.66715,0.3172430186657497,0.425,0.0,QUOTING
1780430158.0597456,67102.3282501305,67122.66715,0.3172760150831531,0.425,723.4399578507335,TAKER_BUY_NO
1780430158.0597456,67102.3282501305,67122.66715,0.3172760150831531,0.425,0.0,QUOTING
1780430158.2438364,67102.3282501305,67122.66715,0.3174902214483135,0.425,572.6641751049483,TAKER_BUY_NO
1780430158.2438364,67102.3282501305,67122.66715,0.3174902214483135,0.425,0.0,QUOTING
1780430158.5427988,67094.86923705696,67122.66715,0.31719559286507387,0.425,887.7164254258947,TAKER_BUY_NO
1780430158.5427988,67094.86923705696,67122.66715,0.31719559286507387,0.425,0.0,QUOTING
1780430158.8327043,67094.86923705696,67122.66715,0.3169111136972712,0.425,888.7198988734358,TAKER_BUY_NO
1780430158.8327043,67094.86923705696,67122.66715,0.3169111136972712,0.425,0.0,QUOTING
1780430159.029395,67094.86923705696,67122.66715,0.31671962394620434,0.425,888.9509592403555,TAKER_BUY_NO
1780430159.029395,67094.86923705696,67122.66715,0.31671962394620434,0.425,0.0,QUOTING
1780430159.3553386,67094.50053408968,67122.66715,0.31636962069556407,0.425,905.0599094498699,TAKER_BUY_NO
1780430159.3553386,67094.50053408968,67122.66715,0.31636962069556407,0.425,0.0,QUOTING
1780430159.5573092,67094.50053408968,67122.66715,0.3161542493580832,0.425,905.5809920140084,TAKER_BUY_NO
1780430159.5573092,67094.50053408968,67122.66715,0.3161542493580832,0.425,0.0,QUOTING
1780430159.76195,67094.50053408968,67122.66715,0.31593689830549154,0.425,906.1685100365382,TAKER_BUY_NO
1780430159.76195,67094.50053408968,67122.66715,0.31593689830549154,0.425,0.0,QUOTING
1780430160.1033587,67094.50053408968,67122.66715,0.31557553970304303,0.425,907.1932031952141,TAKER_BUY_NO
1780430160.1033587,67094.50053408968,67122.66715,0.31557553970304303,0.425,0.0,QUOTING
1780430160.3110542,67094.50053408968,67122.66715,0.3153573685491009,0.425,907.6738519452924,TAKER_BUY_NO
1780430160.3110542,67094.50053408968,67122.66715,0.3153573685491009,0.425,0.0,QUOTING
1780430160.6279173,67094.50053408968,67122.66715,0.31502584799694733,0.425,908.551896767724,TAKER_BUY_NO
1780430160.6279173,67094.50053408968,67122.66715,0.31502584799694733,0.425,0.0,QUOTING
1780430160.8931506,67094.50053408968,67122.66715,0.3147534365121291,0.41000000000000003,905.6458697066774,TAKER_BUY_NO
1780430160.8931506,67094.50053408968,67122.66715,0.3147534365121291,0.41000000000000003,0.0,QUOTING
1780430161.1925387,67094.8752280706,67122.66715,0.31448065659806906,0.41000000000000003,890.536738626788,TAKER_BUY_NO
1780430161.1925387,67094.8752280706,67122.66715,0.31448065659806906,0.41000000000000003,0.0,QUOTING
1780430161.4606779,67094.8752280706,67122.66715,0.31424062730848346,0.41000000000000003,889.8116929080792,TAKER_BUY_NO
1780430161.4606779,67094.8752280706,67122.66715,0.31424062730848346,0.41000000000000003,0.0,QUOTING
1780430161.9030857,67094.8752280706,67122.66715,0.3138394206153787,0.41000000000000003,893.3609442999492,TAKER_BUY_NO
1780430161.9030857,67094.8752280706,67122.66715,0.3138394206153787,0.41000000000000003,0.0,QUOTING
1780430162.262085,67095.02230601008,67122.66715,0.31353467647898753,0.41000000000000003,887.0888761030861,TAKER_BUY_NO
1780430162.262085,67095.02230601008,67122.66715,0.31353467647898753,0.41000000000000003,0.0,QUOTING
1780430162.5122595,67084.84732673175,67122.66715,0.3126496265102399,0.41000000000000003,1277.670975339685,TAKER_BUY_NO
1780430162.5122595,67084.84732673175,67122.66715,0.3126496265102399,0.41000000000000003,0.0,QUOTING
1780430162.7198784,67084.84732673175,67122.66715,0.31192038414513384,0.41000000000000003,1278.6143917111935,TAKER_BUY_NO
1780430162.7198784,67084.84732673175,67122.66715,0.31192038414513384,0.41000000000000003,0.0,QUOTING
1780430162.909138,67084.84732673175,67122.66715,0.3112588805002051,0.41000000000000003,1280.08117972498,TAKER_BUY_NO
1780430162.909138,67084.84732673175,67122.66715,0.3112588805002051,0.41000000000000003,0.0,QUOTING
1780430163.0950973,67084.84732673175,67122.66715,0.3106134708264252,0.41000000000000003,1280.241016856819,TAKER_BUY_NO
1780430163.0950973,67084.84732673175,67122.66715,0.3106134708264252,0.41000000000000003,0.0,QUOTING
1780430163.350718,67084.84732673175,67122.66715,0.3100335650015754,0.41000000000000003,1111.1708538168093,TAKER_BUY_NO
1780430163.350718,67084.84732673175,67122.66715,0.3100335650015754,0.41000000000000003,0.0,QUOTING
1780430163.6475496,67084.84732673175,67122.66715,0.30936511976564435,0.41000000000000003,1112.2331771619977,TAKER_BUY_NO
1780430163.6475496,67084.84732673175,67122.66715,0.30936511976564435,0.41000000000000003,0.0,QUOTING
1780430163.939307,67084.1685708106,67122.66715,0.3086685111059616,0.41000000000000003,1135.4599731976216,TAKER_BUY_NO
1780430163.939307,67084.1685708106,67122.66715,0.3086685111059616,0.41000000000000003,0.0,QUOTING
1780430164.2210286,67084.1685708106,67122.66715,0.3080014558059207,0.355,638.4891452282563,TAKER_BUY_NO
1780430164.2210286,67084.1685708106,67122.66715,0.3080014558059207,0.355,0.0,QUOTING
1780430164.5310404,67082.21661066655,67122.66715,0.3071381969186386,0.355,707.6301845918492,TAKER_BUY_NO
1780430164.5310404,67082.21661066655,67122.66715,0.3071381969186386,0.355,0.0,QUOTING
1780430164.7970014,67082.21661066655,67122.66715,0.3064033838178337,0.355,709.2010114250935,TAKER_BUY_NO
1780430164.7970014,67082.21661066655,67122.66715,0.3064033838178337,0.355,0.0,QUOTING
1780430165.1358042,67082.21661066655,67122.66715,0.30547339441964005,0.355,712.2016877899101,TAKER_BUY_NO
1780430165.1358042,67082.21661066655,67122.66715,0.30547339441964005,0.355,0.0,QUOTING
1780430165.4430022,67082.21661066655,67122.66715,0.3046375379407643,0.355,713.8057493011727,TAKER_BUY_NO
1780430165.4430022,67082.21661066655,67122.66715,0.3046375379407643,0.355,0.0,QUOTING
1780430165.6484232,67073.18930845891,67122.66715,0.30368500224539774,0.355,1014.2057017517334,TAKER_BUY_NO
1780430165.6484232,67073.18930845891,67122.66715,0.30368500224539774,0.355,0.0,QUOTING
1780430166.0978177,67073.18930845891,67122.66715,0.30162085002695344,0.355,1015.5346123894642,TAKER_BUY_NO
1780430166.0978177,67073.18930845891,67122.66715,0.30162085002695344,0.355,0.0,QUOTING
1780430166.3097787,67073.18930845891,67122.66715,0.30066053503406504,0.355,1015.3161593656944,TAKER_BUY_NO
1780430166.3097787,67073.18930845891,67122.66715,0.30066053503406504,0.355,0.0,QUOTING
1780430166.5296257,67073.18930845891,67122.66715,0.2996715036914367,0.355,1016.2700207224128,TAKER_BUY_NO
1780430166.5296257,67073.18930845891,67122.66715,0.2996715036914367,0.355,0.0,QUOTING
1780430166.7833498,67079.62646344006,67122.66715,0.29888376955329754,0.355,807.9679969690973,TAKER_BUY_NO
1780430166.7833498,67079.62646344006,67122.66715,0.29888376955329754,0.355,0.0,QUOTING
1780430167.066246,67079.62646344006,67122.66715,0.2980129994392018,0.355,808.8370719908964,TAKER_BUY_NO
1780430167.066246,67079.62646344006,67122.66715,0.2980129994392018,0.355,0.0,QUOTING
1780430167.403614,67076.16687211402,67122.66715,0.2967298961125436,0.355,926.0612006494873,TAKER_BUY_NO
1780430167.403614,67076.16687211402,67122.66715,0.2967298961125436,0.355,0.0,QUOTING
1780430167.6758876,67076.16687211402,67122.66715,0.29570660420816025,0.355,925.5222163397136,TAKER_BUY_NO
1780430167.6758876,67076.16687211402,67122.66715,0.29570660420816025,0.355,0.0,QUOTING
1780430167.8478491,67076.16687211402,67122.66715,0.29506550249377295,0.355,926.0806410868396,TAKER_BUY_NO
1780430167.8478491,67076.16687211402,67122.66715,0.29506550249377295,0.355,0.0,QUOTING
1780430168.1022897,67076.16687211402,67122.66715,0.29412588737127815,0.355,924.1905842410586,TAKER_BUY_NO
1780430168.1022897,67076.16687211402,67122.66715,0.29412588737127815,0.355,0.0,QUOTING
1780430168.3450975,67076.16687211402,67122.66715,0.2931827972016915,0.355,958.6685312033067,TAKER_BUY_NO
1780430168.3450975,67076.16687211402,67122.66715,0.2931827972016915,0.355,0.0,QUOTING
1780430168.623706,67074.6401422323,67122.66715,0.2920182253168688,0.355,1010.042200655775,TAKER_BUY_NO
1780430168.623706,67074.6401422323,67122.66715,0.2920182253168688,0.355,0.0,QUOTING
1780430168.8681774,67074.6401422323,67122.66715,0.29100453556860145,0.355,1011.6527164867982,TAKER_BUY_NO
1780430168.8681774,67074.6401422323,67122.66715,0.29100453556860145,0.355,0.0,QUOTING
1780430169.0651853,67074.6401422323,67122.66715,0.2901963876939883,0.355,1010.5679153703059,TAKER_BUY_NO
1780430169.0651853,67074.6401422323,67122.66715,0.2901963876939883,0.355,0.0,QUOTING
1780430169.2693174,67074.6401422323,67122.66715,0.2893651609489209,0.355,1008.3934197721767,TAKER_BUY_NO
1780430169.2693174,67074.6401422323,67122.66715,0.2893651609489209,0.355,0.0,QUOTING
1780430169.495391,67074.6401422323,67122.66715,0.2884597635504452,0.355,1003.7673490298199,TAKER_BUY_NO
1780430169.495391,67074.6401422323,67122.66715,0.2884597635504452,0.355,0.0,QUOTING
1780430169.7453144,67075.03573342985,67122.66715,0.2874835390652728,0.355,994.7343911486471,TAKER_BUY_NO
1780430169.7453144,67075.03573342985,67122.66715,0.2874835390652728,0.355,0.0,QUOTING
1780430170.0044272,67075.03573342985,67122.66715,0.2864777271587387,0.355,997.8731941276394,TAKER_BUY_NO
1780430170.0044272,67075.03573342985,67122.66715,0.2864777271587387,0.355,0.0,QUOTING
1780430170.2186332,67075.03573342985,67122.66715,0.28565014917616344,0.355,1000.4572739681407,TAKER_BUY_NO
1780430170.2186332,67075.03573342985,67122.66715,0.28565014917616344,0.355,0.0,QUOTING
1780430170.4129374,67075.03573342985,67122.66715,0.2849053003697986,0.355,1000.8499826126402,TAKER_BUY_NO
1780430170.4129374,67075.03573342985,67122.66715,0.2849053003697986,0.355,0.0,QUOTING
1780430170.6811497,67074.50738972824,67122.66715,0.28385042492306073,0.355,1021.298465000212,TAKER_BUY_NO
1780430170.6811497,67074.50738972824,67122.66715,0.28385042492306073,0.355,0.0,QUOTING
1780430170.885848,67074.50738972824,67122.66715,0.28305160191468537,0.355,1022.4640647605596,TAKER_BUY_NO
1780430170.885848,67074.50738972824,67122.66715,0.28305160191468537,0.355,0.0,QUOTING
1780430171.1618278,67074.50738972824,67122.66715,0.28198070771390643,0.355,1025.758813563403,TAKER_BUY_NO
1780430171.1618278,67074.50738972824,67122.66715,0.28198070771390643,0.355,0.0,QUOTING
1780430171.397924,67074.50738972824,67122.66715,0.28106958674456184,0.355,1028.8472409876888,TAKER_BUY_NO
1780430171.397924,67074.50738972824,67122.66715,0.28106958674456184,0.355,0.0,QUOTING
1780430171.6932309,67073.559074318,67122.66715,0.2798781368026503,0.355,1061.2806273665906,TAKER_BUY_NO
1780430171.6932309,67073.559074318,67122.66715,0.2798781368026503,0.355,0.0,QUOTING
1780430171.9611738,67073.559074318,67122.66715,0.278808762853149,0.355,1060.432734054003,TAKER_BUY_NO
1780430171.9611738,67073.559074318,67122.66715,0.278808762853149,0.355,0.0,QUOTING
1780430172.2313411,67073.559074318,67122.66715,0.27774237092724224,0.355,1060.3113024361808,TAKER_BUY_NO
1780430172.2313411,67073.559074318,67122.66715,0.27774237092724224,0.355,0.0,QUOTING
1780430172.4810255,67073.559074318,67122.66715,0.2767659125110993,0.355,1060.8228249145043,TAKER_BUY_NO
1780430172.4810255,67073.559074318,67122.66715,0.2767659125110993,0.355,0.0,QUOTING
1780430172.670372,67074.20905226513,67122.66715,0.27605754411311556,0.355,1040.6038102360376,TAKER_BUY_NO
1780430172.670372,67074.20905226513,67122.66715,0.27605754411311556,0.355,0.0,QUOTING
1780430172.8517458,67074.20905226513,67122.66715,0.27538333119144753,0.355,1041.2670209351113,TAKER_BUY_NO
1780430172.8517458,67074.20905226513,67122.66715,0.27538333119144753,0.355,0.0,QUOTING
1780430173.0488198,67074.20905226513,67122.66715,0.2746568800328835,0.355,1040.8720682704684,TAKER_BUY_NO
1780430173.0488198,67074.20905226513,67122.66715,0.2746568800328835,0.355,0.0,QUOTING
1780430173.2708077,67074.20905226513,67122.66715,0.2738470075458444,0.35,1035.846898334709,TAKER_BUY_NO
1780430173.2708077,67074.20905226513,67122.66715,0.2738470075458444,0.35,0.0,QUOTING
1780430173.48435,67074.20905226513,67122.66715,0.2730042227546221,0.345,1081.8023251362497,TAKER_BUY_NO
1780430173.48435,67074.20905226513,67122.66715,0.2730042227546221,0.345,0.0,QUOTING
1780430173.8131344,67074.96879689686,67122.66715,0.2717786317571283,0.345,1056.1725745634378,TAKER_BUY_NO
1780430173.8131344,67074.96879689686,67122.66715,0.2717786317571283,0.345,0.0,QUOTING
1780430174.1904898,67074.96879689686,67122.66715,0.2703851072745734,0.345,1059.4240128413498,TAKER_BUY_NO
1780430174.1904898,67074.96879689686,67122.66715,0.2703851072745734,0.345,0.0,QUOTING
1780430174.4612834,67074.30409291186,67122.66715,0.269353190164282,0.345,1086.4130867549447,TAKER_BUY_NO
1780430174.4612834,67074.30409291186,67122.66715,0.269353190164282,0.345,0.0,QUOTING
1780430174.6596313,67074.30409291186,67122.66715,0.26860109965574525,0.345,1089.4008885937133,TAKER_BUY_NO
1780430174.6596313,67074.30409291186,67122.66715,0.26860109965574525,0.345,0.0,QUOTING
1780430174.8376338,67074.30409291186,67122.66715,0.26793168070799855,0.345,1087.833582359788,TAKER_BUY_NO
1780430174.8376338,67074.30409291186,67122.66715,0.26793168070799855,0.345,0.0,QUOTING
1780430175.1383255,67074.30409291186,67122.66715,0.26681115912440956,0.345,1088.4468197067513,TAKER_BUY_NO
1780430175.1383255,67074.30409291186,67122.66715,0.26681115912440956,0.345,0.0,QUOTING
1780430175.327115,67074.30409291186,67122.66715,0.26610839358142535,0.345,1094.4469117194556,TAKER_BUY_NO
1780430175.327115,67074.30409291186,67122.66715,0.26610839358142535,0.345,0.0,QUOTING
1780430175.5747619,67073.03185835887,67122.66715,0.2651264927541861,0.345,1135.4318297812486,TAKER_BUY_NO
1780430175.5747619,67073.03185835887,67122.66715,0.2651264927541861,0.345,0.0,QUOTING
1780430175.864253,67073.03185835887,67122.66715,0.2639864910652891,0.33999999999999997,1135.2471139152312,TAKER_BUY_NO
1780430175.864253,67073.03185835887,67122.66715,0.2639864910652891,0.33999999999999997,0.0,QUOTING
1780430176.1604083,67073.03185835887,67122.66715,0.2628407804802491,0.33999999999999997,1132.376097901507,TAKER_BUY_NO
1780430176.1604083,67073.03185835887,67122.66715,0.2628407804802491,0.33999999999999997,0.0,QUOTING
1780430176.467868,67073.03185835887,67122.66715,0.26165724107046634,0.33999999999999997,1136.9230710946404,TAKER_BUY_NO
1780430176.467868,67073.03185835887,67122.66715,0.26165724107046634,0.33999999999999997,0.0,QUOTING
1780430176.747697,67073.03185835887,67122.66715,0.2605940235528576,0.33999999999999997,1136.7396087886655,TAKER_BUY_NO
1780430176.747697,67073.03185835887,67122.66715,0.2605940235528576,0.33999999999999997,0.0,QUOTING
1780430176.9818351,67072.2921460553,67122.66715,0.25966815950217115,0.33999999999999997,1165.7393719658455,TAKER_BUY_NO
1780430176.9818351,67072.2921460553,67122.66715,0.25966815950217115,0.33999999999999997,0.0,QUOTING
1780430177.2652004,67072.2921460553,67122.66715,0.25855672731170043,0.33999999999999997,1167.3744580165476,TAKER_BUY_NO
1780430177.2652004,67072.2921460553,67122.66715,0.25855672731170043,0.33999999999999997,0.0,QUOTING
1780430177.4425197,67072.2921460553,67122.66715,0.2578689541510118,0.33999999999999997,1166.7970076188637,TAKER_BUY_NO
1780430177.4425197,67072.2921460553,67122.66715,0.2578689541510118,0.33999999999999997,0.0,QUOTING
1780430177.706527,67072.2921460553,67122.66715,0.2568468668438241,0.33999999999999997,1170.9750739602155,TAKER_BUY_NO
1780430177.706527,67072.2921460553,67122.66715,0.2568468668438241,0.33999999999999997,0.0,QUOTING
1780430178.0131176,67072.62516130724,67122.66715,0.25568746166188017,0.33999999999999997,1164.539613992395,TAKER_BUY_NO
1780430178.0131176,67072.62516130724,67122.66715,0.25568746166188017,0.33999999999999997,0.0,QUOTING
1780430178.210968,67072.62516130724,67122.66715,0.2549488565027401,0.33999999999999997,1163.4647833158303,TAKER_BUY_NO
1780430178.210968,67072.62516130724,67122.66715,0.2549488565027401,0.33999999999999997,0.0,QUOTING
1780430178.445773,67072.62516130724,67122.66715,0.2539944203849758,0.33999999999999997,1216.8488092226364,TAKER_BUY_NO
1780430178.445773,67072.62516130724,67122.66715,0.2539944203849758,0.33999999999999997,0.0,QUOTING
1780430178.7119606,67072.97441238974,67122.66715,0.25293835364771894,0.33999999999999997,1208.7908831198679,TAKER_BUY_NO
1780430178.7119606,67072.97441238974,67122.66715,0.25293835364771894,0.33999999999999997,0.0,QUOTING
1780430178.9040818,67072.97441238974,67122.66715,0.25218226452773723,0.33999999999999997,1209.7908588314729,TAKER_BUY_NO
1780430178.9040818,67072.97441238974,67122.66715,0.25218226452773723,0.33999999999999997,0.0,QUOTING
1780430179.1778483,67072.97441238974,67122.66715,0.25111309414025706,0.33999999999999997,1210.886785738623,TAKER_BUY_NO
1780430179.1778483,67072.97441238974,67122.66715,0.25111309414025706,0.33999999999999997,0.0,QUOTING
1780430179.4945614,67072.97441238974,67122.66715,0.24988500249927137,0.33999999999999997,1213.7443176592753,TAKER_BUY_NO
1780430179.4945614,67072.97441238974,67122.66715,0.24988500249927137,0.33999999999999997,0.0,QUOTING
1780430179.6975052,67072.97441238974,67122.66715,0.24910572360420638,0.33999999999999997,1214.488180282722,TAKER_BUY_NO
1780430179.6975052,67072.97441238974,67122.66715,0.24910572360420638,0.33999999999999997,0.0,QUOTING
1780430179.9073122,67075.95680487358,67122.66715,0.2484442329204674,0.33999999999999997,1119.5271438999828,TAKER_BUY_NO
1780430179.9073122,67075.95680487358,67122.66715,0.2484442329204674,0.33999999999999997,0.0,QUOTING
1780430180.210641,67075.95680487358,67122.66715,0.24749489620302134,0.33999999999999997,1120.960821905477,TAKER_BUY_NO
1780430180.210641,67075.95680487358,67122.66715,0.24749489620302134,0.33999999999999997,0.0,QUOTING
1780430180.4445605,67076.60121197347,67122.66715,0.2468041580159848,0.33999999999999997,1100.4631289860529,TAKER_BUY_NO
1780430180.4445605,67076.60121197347,67122.66715,0.2468041580159848,0.33999999999999997,0.0,QUOTING
1780430180.71808,67076.60121197347,67122.66715,0.24600136891600982,0.33999999999999997,1102.3529222073541,TAKER_BUY_NO
1780430180.71808,67076.60121197347,67122.66715,0.24600136891600982,0.33999999999999997,0.0,QUOTING
1780430180.9543588,67076.60121197347,67122.66715,0.24531321697978176,0.33999999999999997,1103.621237439691,TAKER_BUY_NO
1780430180.9543588,67076.60121197347,67122.66715,0.24531321697978176,0.33999999999999997,0.0,QUOTING
1780430181.246316,67076.60121197347,67122.66715,0.2444697878574891,0.33999999999999997,1104.776457415833,TAKER_BUY_NO
1780430181.246316,67076.60121197347,67122.66715,0.2444697878574891,0.33999999999999997,0.0,QUOTING
1780430181.4760275,67076.86284347971,67122.66715,0.24382600110363667,0.33999999999999997,1096.9010449547184,TAKER_BUY_NO
1780430181.4760275,67076.86284347971,67122.66715,0.24382600110363667,0.33999999999999997,0.0,QUOTING
1780430181.759357,67076.86284347971,67122.66715,0.24303711109949624,0.33999999999999997,1098.5287766165134,TAKER_BUY_NO
1780430181.759357,67076.86284347971,67122.66715,0.24303711109949624,0.33999999999999997,0.0,QUOTING
1780430182.032039,67076.86284347971,67122.66715,0.24228408040776786,0.33999999999999997,1099.8819072921917,TAKER_BUY_NO
1780430182.032039,67076.86284347971,67122.66715,0.24228408040776786,0.33999999999999997,0.0,QUOTING
1780430182.2287552,67076.86284347971,67122.66715,0.24174573434010768,0.33999999999999997,1100.2461536735577,TAKER_BUY_NO
1780430182.2287552,67076.86284347971,67122.66715,0.24174573434010768,0.33999999999999997,0.0,QUOTING
1780430182.4608192,67076.86284347971,67122.66715,0.24111456752158933,0.33999999999999997,1101.301730427765,TAKER_BUY_NO
1780430182.4608192,67076.86284347971,67122.66715,0.24111456752158933,0.33999999999999997,0.0,QUOTING
1780430182.6733317,67076.86284347971,67122.66715,0.24054050652179473,0.33999999999999997,1102.2766656744554,TAKER_BUY_NO
1780430182.6733317,67076.86284347971,67122.66715,0.24054050652179473,0.33999999999999997,0.0,QUOTING
1780430182.9671342,67076.64684710318,67122.66715,0.23973694158087408,0.33999999999999997,1111.1250786187486,TAKER_BUY_NO
1780430182.9671342,67076.64684710318,67122.66715,0.23973694158087408,0.33999999999999997,0.0,QUOTING
1780430183.2624242,67076.64684710318,67122.66715,0.23893848493174455,0.33999999999999997,1110.681535086087,TAKER_BUY_NO
1780430183.2624242,67076.64684710318,67122.66715,0.23893848493174455,0.33999999999999997,0.0,QUOTING
1780430183.5151098,67074.98892258524,67122.66715,0.23812598301437599,0.33999999999999997,1188.3227153060006,TAKER_BUY_NO
1780430183.5151098,67074.98892258524,67122.66715,0.23812598301437599,0.33999999999999997,0.0,QUOTING
1780430183.7044942,67074.98892258524,67122.66715,0.2375222276461984,0.33999999999999997,1188.7655173485055,TAKER_BUY_NO
1780430183.7044942,67074.98892258524,67122.66715,0.2375222276461984,0.33999999999999997,0.0,QUOTING
1780430183.8883185,67074.98892258524,67122.66715,0.23693973966760284,0.33999999999999997,1189.6289998336733,TAKER_BUY_NO
1780430183.8883185,67074.98892258524,67122.66715,0.23693973966760284,0.33999999999999997,0.0,QUOTING
1780430184.154831,67074.98892258524,67122.66715,0.23610141530876402,0.33999999999999997,1190.535460068237,TAKER_BUY_NO
1780430184.154831,67074.98892258524,67122.66715,0.23610141530876402,0.33999999999999997,0.0,QUOTING
1780430184.388648,67074.98892258524,67122.66715,0.23537534528842705,0.32499999999999996,1186.4551264291467,TAKER_BUY_NO
1780430184.388648,67074.98892258524,67122.66715,0.23537534528842705,0.32499999999999996,0.0,QUOTING
1780430184.6625175,67074.98892258524,67122.66715,0.23453906377151115,0.32499999999999996,1185.4168023073205,TAKER_BUY_NO
1780430184.6625175,67074.98892258524,67122.66715,0.23453906377151115,0.32499999999999996,0.0,QUOTING
1780430184.9301994,67074.98892258524,67122.66715,0.23372322964123418,0.32499999999999996,1189.6866627891375,TAKER_BUY_NO
1780430184.9301994,67074.98892258524,67122.66715,0.23372322964123418,0.32499999999999996,0.0,QUOTING
1780430185.168851,67071.81096130447,67122.66715,0.2328353629029154,0.32499999999999996,1289.8482165691587,TAKER_BUY_NO
1780430185.168851,67071.81096130447,67122.66715,0.2328353629029154,0.32499999999999996,0.0,QUOTING
1780430185.334753,67071.81096130447,67122.66715,0.232220739540503,0.32499999999999996,1292.3407790627377,TAKER_BUY_NO
1780430185.334753,67071.81096130447,67122.66715,0.232220739540503,0.32499999999999996,0.0,QUOTING
1780430185.6412504,67071.81096130447,67122.66715,0.23109270846391064,0.32499999999999996,1294.0501117811373,TAKER_BUY_NO
1780430185.6412504,67071.81096130447,67122.66715,0.23109270846391064,0.32499999999999996,0.0,QUOTING
1780430185.888122,67071.81096130447,67122.66715,0.2301912775682619,0.32499999999999996,1296.176409975908,TAKER_BUY_NO
1780430185.888122,67071.81096130447,67122.66715,0.2301912775682619,0.32499999999999996,0.0,QUOTING
1780430186.0862796,67070.74783,67122.66715,0.229427189915411,0.32499999999999996,1330.0223663965012,TAKER_BUY_NO
1780430186.0862796,67070.74783,67122.66715,0.229427189915411,0.32499999999999996,0.0,QUOTING
1780430186.3455594,67070.74783,67122.66715,0.2284348625075562,0.32499999999999996,1331.2194708502093,TAKER_BUY_NO
1780430186.3455594,67070.74783,67122.66715,0.2284348625075562,0.32499999999999996,0.0,QUOTING
1780430186.9557273,67069.64049,67122.66715,0.22598528917729666,0.32499999999999996,1367.3295599302085,TAKER_BUY_NO
1780430186.9557273,67069.64049,67122.66715,0.22598528917729666,0.32499999999999996,0.0,QUOTING
1780430187.221872,67069.64049,67122.66715,0.22493720022268504,0.32499999999999996,1367.477278242766,TAKER_BUY_NO
1780430187.221872,67069.64049,67122.66715,0.22493720022268504,0.32499999999999996,0.0,QUOTING
1780430187.4591408,67069.64049,67122.66715,0.22400958517807634,0.32499999999999996,1369.4555659005932,TAKER_BUY_NO
1780430187.4591408,67069.64049,67122.66715,0.22400958517807634,0.32499999999999996,0.0,QUOTING
1780430187.7629194,67069.44441446291,67122.66715,0.22282050762414676,0.32499999999999996,1376.3636498258463,TAKER_BUY_NO
1780430187.7629194,67069.44441446291,67122.66715,0.22282050762414676,0.32499999999999996,0.0,QUOTING
1780430187.9740276,67069.44441446291,67122.66715,0.22200195556874808,0.32499999999999996,1377.3392814493275,TAKER_BUY_NO
1780430187.9740276,67069.44441446291,67122.66715,0.22200195556874808,0.32499999999999996,0.0,QUOTING
1780430188.2215462,67069.44441446291,67122.66715,0.22105687781123834,0.31999999999999995,1370.6432176042115,TAKER_BUY_NO
1780430188.2215462,67069.44441446291,67122.66715,0.22105687781123834,0.31999999999999995,0.0,QUOTING
1780430188.4399676,67073.39399809009,67122.66715,0.22041869586378762,0.31999999999999995,1251.325902407514,TAKER_BUY_NO
1780430188.4399676,67073.39399809009,67122.66715,0.22041869586378762,0.31999999999999995,0.0,QUOTING
1780430188.7043812,67073.39399809009,67122.66715,0.21957018818569274,0.31999999999999995,1296.3212967818058,TAKER_BUY_NO
1780430188.7043812,67073.39399809009,67122.66715,0.21957018818569274,0.31999999999999995,0.0,QUOTING
1780430188.9064407,67073.39399809009,67122.66715,0.21892556820856782,0.31999999999999995,1298.480577466165,TAKER_BUY_NO
1780430188.9064407,67073.39399809009,67122.66715,0.21892556820856782,0.31999999999999995,0.0,QUOTING
1780430189.2027495,67073.39399809009,67122.66715,0.21798768220495526,0.31999999999999995,1299.8569551816438,TAKER_BUY_NO
1780430189.2027495,67073.39399809009,67122.66715,0.21798768220495526,0.31999999999999995,0.0,QUOTING
1780430189.5112133,67073.39399809009,67122.66715,0.217015230102305,0.31999999999999995,1303.9687670506262,TAKER_BUY_NO
1780430189.5112133,67073.39399809009,67122.66715,0.217015230102305,0.31999999999999995,0.0,QUOTING
1780430189.7148385,67071.05782,67122.66715,0.21627480325501944,0.31999999999999995,1376.150887167362,TAKER_BUY_NO
1780430189.7148385,67071.05782,67122.66715,0.21627480325501944,0.31999999999999995,0.0,QUOTING
1780430189.9242203,67071.05782,67122.66715,0.21551737823225398,0.31999999999999995,1378.1683720592123,TAKER_BUY_NO
1780430189.9242203,67071.05782,67122.66715,0.21551737823225398,0.31999999999999995,0.0,QUOTING
1780430190.156423,67071.05782,67122.66715,0.21468138778382892,0.31999999999999995,1381.7150426830738,TAKER_BUY_NO
1780430190.156423,67071.05782,67122.66715,0.21468138778382892,0.31999999999999995,0.0,QUOTING
1780430190.452831,67069.48022182111,67122.66715,0.21351915061854293,0.31999999999999995,1431.7777838884829,TAKER_BUY_NO
1780430190.452831,67069.48022182111,67122.66715,0.21351915061854293,0.31999999999999995,0.0,QUOTING
1780430190.7471964,67069.48022182111,67122.66715,0.2123763189170832,0.31999999999999995,1433.3131124959555,TAKER_BUY_NO
1780430190.7471964,67069.48022182111,67122.66715,0.2123763189170832,0.31999999999999995,0.0,QUOTING
1780430191.009147,67069.48022182111,67122.66715,0.2113689002165147,0.31999999999999995,1434.7318435085456,TAKER_BUY_NO
1780430191.009147,67069.48022182111,67122.66715,0.2113689002165147,0.31999999999999995,0.0,QUOTING
1780430191.2547414,67069.48022182111,67122.66715,0.21043338340055648,0.31999999999999995,1435.5035558887032,TAKER_BUY_NO
1780430191.2547414,67069.48022182111,67122.66715,0.21043338340055648,0.31999999999999995,0.0,QUOTING
1780430191.4772298,67069.48022182111,67122.66715,0.20959242023126573,0.31999999999999995,1436.7876354852797,TAKER_BUY_NO
1780430191.4772298,67069.48022182111,67122.66715,0.20959242023126573,0.31999999999999995,0.0,QUOTING
1780430191.7554016,67069.61741756936,67122.66715,0.20855804638826156,0.31999999999999995,1433.8988173364378,TAKER_BUY_NO
1780430191.7554016,67069.61741756936,67122.66715,0.20855804638826156,0.31999999999999995,0.0,QUOTING
1780430192.007124,67069.61741756936,67122.66715,0.20763063166260656,0.31999999999999995,1435.0801236545221,TAKER_BUY_NO
1780430192.007124,67069.61741756936,67122.66715,0.20763063166260656,0.31999999999999995,0.0,QUOTING
1780430192.3484335,67069.61741756936,67122.66715,0.20638580957670088,0.31999999999999995,1436.3591067366979,TAKER_BUY_NO
1780430192.3484335,67069.61741756936,67122.66715,0.20638580957670088,0.31999999999999995,0.0,QUOTING
1780430192.6001937,67069.61741756936,67122.66715,0.20547757165098227,0.31999999999999995,1437.4426737675428,TAKER_BUY_NO
1780430192.6001937,67069.61741756936,67122.66715,0.20547757165098227,0.31999999999999995,0.0,QUOTING
1780430192.8101907,67069.61741756936,67122.66715,0.20472611938939778,0.31999999999999995,1438.4453683143436,TAKER_BUY_NO
1780430192.8101907,67069.61741756936,67122.66715,0.20472611938939778,0.31999999999999995,0.0,QUOTING
1780430193.0864375,67070.68317720229,67122.66715,0.2038082386641334,0.31999999999999995,1408.548007475672,TAKER_BUY_NO
1780430193.0864375,67070.68317720229,67122.66715,0.2038082386641334,0.31999999999999995,0.0,QUOTING
1780430193.2878528,67070.68317720229,67122.66715,0.20314493191141653,0.31999999999999995,1409.3143306104587,TAKER_BUY_NO
1780430193.2878528,67070.68317720229,67122.66715,0.20314493191141653,0.31999999999999995,0.0,QUOTING
1780430193.5138965,67070.68317720229,67122.66715,0.20233218539643444,0.31999999999999995,1454.680953306697,TAKER_BUY_NO
1780430193.5138965,67070.68317720229,67122.66715,0.20233218539643444,0.31999999999999995,0.0,QUOTING
1780430193.7622852,67070.68317720229,67122.66715,0.20144927019989403,0.325,1312.607303725115,TAKER_BUY_NO
1780430193.7622852,67070.68317720229,67122.66715,0.20144927019989403,0.325,0.0,QUOTING
1780430193.9532428,67067.83800203691,67122.66715,0.20066789288183706,0.325,1394.715845400834,TAKER_BUY_NO
1780430193.9532428,67067.83800203691,67122.66715,0.20066789288183706,0.325,0.0,QUOTING
1780430194.1281092,67067.83800203691,67122.66715,0.19995583428151933,0.325,1396.0817543258804,TAKER_BUY_NO
1780430194.1281092,67067.83800203691,67122.66715,0.19995583428151933,0.325,0.0,QUOTING
1780430194.405074,67067.83800203691,67122.66715,0.19883764586617292,0.325,1396.8381537791706,TAKER_BUY_NO
1780430194.405074,67067.83800203691,67122.66715,0.19883764586617292,0.325,0.0,QUOTING
1780430194.608511,67067.83800203691,67122.66715,0.1980236579104726,0.325,1397.9380749638342,TAKER_BUY_NO
1780430194.608511,67067.83800203691,67122.66715,0.1980236579104726,0.325,0.0,QUOTING
1780430194.809205,67066.95111,67122.66715,0.19718980751373033,0.325,1424.8059123911814,TAKER_BUY_NO
1780430194.809205,67066.95111,67122.66715,0.19718980751373033,0.325,0.0,QUOTING
1780430195.0402613,67066.95111,67122.66715,0.19623755333978724,0.325,1425.6666938720857,TAKER_BUY_NO
1780430195.0402613,67066.95111,67122.66715,0.19623755333978724,0.325,0.0,QUOTING
1780430195.278945,67066.95111,67122.66715,0.1952617569054195,0.325,1427.056156359512,TAKER_BUY_NO
1780430195.278945,67066.95111,67122.66715,0.1952617569054195,0.325,0.0,QUOTING
1780430195.5149667,67066.95111,67122.66715,0.19430621089722827,0.325,1426.4771685964688,TAKER_BUY_NO
1780430195.5149667,67066.95111,67122.66715,0.19430621089722827,0.325,0.0,QUOTING
1780430195.7504523,67066.95111,67122.66715,0.19336214445048625,0.325,1426.982965494465,TAKER_BUY_NO
1780430195.7504523,67066.95111,67122.66715,0.19336214445048625,0.325,0.0,QUOTING
1780430196.0596366,67066.95111,67122.66715,0.19213482858383202,0.325,1428.2249474086757,TAKER_BUY_NO
1780430196.0596366,67066.95111,67122.66715,0.19213482858383202,0.325,0.0,QUOTING
1780430196.3324053,67066.79758,67122.66715,0.1910549115443643,0.325,1434.0871342963628,TAKER_BUY_NO
1780430196.3324053,67066.79758,67122.66715,0.1910549115443643,0.325,0.0,QUOTING
1780430196.6267674,67066.79758,67122.66715,0.18990197808684886,0.325,1435.1695508814057,TAKER_BUY_NO
1780430196.6267674,67066.79758,67122.66715,0.18990197808684886,0.325,0.0,QUOTING
1780430196.8336766,67066.79758,67122.66715,0.18909794941265312,0.325,1437.1464300869588,TAKER_BUY_NO
1780430196.8336766,67066.79758,67122.66715,0.18909794941265312,0.325,0.0,QUOTING
1780430197.1105978,67066.79758,67122.66715,0.1880302301935443,0.31,1439.0198760901742,TAKER_BUY_NO
1780430197.1105978,67066.79758,67122.66715,0.1880302301935443,0.31,0.0,QUOTING
1780430197.298361,67066.79758,67122.66715,0.18731277016701323,0.31,1439.900864513176,TAKER_BUY_NO
1780430197.298361,67066.79758,67122.66715,0.18731277016701323,0.31,0.0,QUOTING
1780430197.6377249,67067.02749,67122.66715,0.18604110700786713,0.31,1435.6418573674682,TAKER_BUY_NO
1780430197.6377249,67067.02749,67122.66715,0.18604110700786713,0.31,0.0,QUOTING
1780430197.8956072,67067.02749,67122.66715,0.18508457926773678,0.31,1437.3997027249789,TAKER_BUY_NO
1780430197.8956072,67067.02749,67122.66715,0.18508457926773678,0.31,0.0,QUOTING
1780430198.212031,67067.02749,67122.66715,0.18392251869229762,0.31,1438.8381515912647,TAKER_BUY_NO
1780430198.212031,67067.02749,67122.66715,0.18392251869229762,0.31,0.0,QUOTING
1780430198.5600224,67067.64535882554,67122.66715,0.18259817804399756,0.31,1464.9577185966211,TAKER_BUY_NO
1780430198.5600224,67067.64535882554,67122.66715,0.18259817804399756,0.31,0.0,QUOTING
1780430198.8917663,67067.64535882554,67122.66715,0.18135094720648445,0.31,1466.600135859707,TAKER_BUY_NO
1780430198.8917663,67067.64535882554,67122.66715,0.18135094720648445,0.31,0.0,QUOTING
1780430199.1738248,67067.64535882554,67122.66715,0.18030305334002047,0.31,1467.655254601547,TAKER_BUY_NO
1780430199.1738248,67067.64535882554,67122.66715,0.18030305334002047,0.31,0.0,QUOTING
1780430199.4383411,67067.64535882554,67122.66715,0.17933019294545216,0.31,1468.8160426045554,TAKER_BUY_NO
1780430199.4383411,67067.64535882554,67122.66715,0.17933019294545216,0.31,0.0,QUOTING
1780430199.7171328,67067.89765982256,67122.66715,0.17832900742149868,0.31,1462.9932519901147,TAKER_BUY_NO
1780430199.7171328,67067.89765982256,67122.66715,0.17832900742149868,0.31,0.0,QUOTING
1780430199.8984663,67067.89765982256,67122.66715,0.1776835531796949,0.31,1463.8695548558744,TAKER_BUY_NO
1780430199.8984663,67067.89765982256,67122.66715,0.1776835531796949,0.31,0.0,QUOTING
1780430200.1389194,67067.89765982256,67122.66715,0.1768339657016377,0.31,1464.844744889059,TAKER_BUY_NO
1780430200.1389194,67067.89765982256,67122.66715,0.1768339657016377,0.31,0.0,QUOTING
1780430200.3978252,67068.13120117201,67122.66715,0.17594577406243672,0.325,1452.6999908916193,TAKER_BUY_NO
1780430200.3978252,67068.13120117201,67122.66715,0.17594577406243672,0.325,0.0,QUOTING
1780430200.5680885,67068.13120117201,67122.66715,0.17537225953846527,0.325,1449.1726174804392,TAKER_BUY_NO
1780430200.5680885,67068.13120117201,67122.66715,0.17537225953846527,0.325,0.0,QUOTING
1780430200.8012893,67068.13120117201,67122.66715,0.17459050883759109,0.325,1451.7250412298508,TAKER_BUY_NO
1780430200.8012893,67068.13120117201,67122.66715,0.17459050883759109,0.325,0.0,QUOTING
1780430201.0839577,67068.13120117201,67122.66715,0.17365231414078222,0.325,1452.272296047415,TAKER_BUY_NO
1780430201.0839577,67068.13120117201,67122.66715,0.17365231414078222,0.325,0.0,QUOTING
1780430201.4120998,67070.61962160066,67122.66715,0.17274075782282755,0.325,1384.4043357089745,TAKER_BUY_NO
1780430201.4120998,67070.61962160066,67122.66715,0.17274075782282755,0.325,0.0,QUOTING
1780430201.6951153,67070.61962160066,67122.66715,0.1719646559580437,0.325,1385.047488487213,TAKER_BUY_NO
1780430201.6951153,67070.61962160066,67122.66715,0.1719646559580437,0.325,0.0,QUOTING
1780430201.9379992,67070.61962160066,67122.66715,0.17130109544504227,0.325,1388.356839475758,TAKER_BUY_NO
1780430201.9379992,67070.61962160066,67122.66715,0.17130109544504227,0.325,0.0,QUOTING
1780430202.1328754,67070.61962160066,67122.66715,0.17077391122886984,0.325,1389.2690023675382,TAKER_BUY_NO
1780430202.1328754,67070.61962160066,67122.66715,0.17077391122886984,0.325,0.0,QUOTING
1780430202.3856978,67070.61962160066,67122.66715,0.17009156345398843,0.325,1392.2144090945494,TAKER_BUY_NO
1780430202.3856978,67070.61962160066,67122.66715,0.17009156345398843,0.325,0.0,QUOTING
1780430202.7009873,67078.24561283545,67122.66715,0.16982887866265434,0.325,1142.6255872184274,TAKER_BUY_NO
1780430202.7009873,67078.24561283545,67122.66715,0.16982887866265434,0.325,0.0,QUOTING
1780430202.9790184,67078.24561283545,67122.66715,0.1695965420654597,0.325,1144.4965317442282,TAKER_BUY_NO
1780430202.9790184,67078.24561283545,67122.66715,0.1695965420654597,0.325,0.0,QUOTING
1780430203.1595383,67078.24561283545,67122.66715,0.16944612684222074,0.325,1145.4325585474346,TAKER_BUY_NO
1780430203.1595383,67078.24561283545,67122.66715,0.16944612684222074,0.325,0.0,QUOTING
1780430203.4012089,67078.24561283545,67122.66715,0.16924464791685204,0.325,1146.4088744587755,TAKER_BUY_NO
1780430203.4012089,67078.24561283545,67122.66715,0.16924464791685204,0.325,0.0,QUOTING
1780430203.7060452,67078.78710492565,67122.66715,0.1692859993960707,0.325,1016.5048086922426,TAKER_BUY_NO
1780430203.7060452,67078.78710492565,67122.66715,0.1692859993960707,0.325,0.0,QUOTING
1780430203.9024994,67078.78710492565,67122.66715,0.16931026565306723,0.325,1018.0690390422471,TAKER_BUY_NO
1780430203.9024994,67078.78710492565,67122.66715,0.16931026565306723,0.325,0.0,QUOTING
1780430204.1805992,67078.78710492565,67122.66715,0.16934115816956266,0.325,1019.5870933186148,TAKER_BUY_NO
1780430204.1805992,67078.78710492565,67122.66715,0.16934115816956266,0.325,0.0,QUOTING
1780430204.454319,67078.78710492565,67122.66715,0.16936851728738964,0.325,1020.9131605054872,TAKER_BUY_NO
1780430204.454319,67078.78710492565,67122.66715,0.16936851728738964,0.325,0.0,QUOTING
1780430204.6813052,67078.39193995633,67122.66715,0.1693687539673079,0.325,1031.745032625826,TAKER_BUY_NO
1780430204.6813052,67078.39193995633,67122.66715,0.1693687539673079,0.325,0.0,QUOTING
1780430204.8980403,67078.39193995633,67122.66715,0.1693694848733774,0.325,1031.6771347198212,TAKER_BUY_NO
1780430204.8980403,67078.39193995633,67122.66715,0.1693694848733774,0.325,0.0,QUOTING
1780430205.1066966,67078.39193995633,67122.66715,0.16937123644091753,0.325,1032.2404647595692,TAKER_BUY_NO
1780430205.1066966,67078.39193995633,67122.66715,0.16937123644091753,0.325,0.0,QUOTING
1780430205.3304043,67078.39193995633,67122.66715,0.16936752085992882,0.325,1036.3202969035435,TAKER_BUY_NO
1780430205.3304043,67078.39193995633,67122.66715,0.16936752085992882,0.325,0.0,QUOTING
1780430205.5267334,67078.39193995633,67122.66715,0.16936088875361358,0.325,1038.669388591688,TAKER_BUY_NO
1780430205.5267334,67078.39193995633,67122.66715,0.16936088875361358,0.325,0.0,QUOTING
1780430205.786465,67078.38364201038,67122.66715,0.16934881854764183,0.325,1039.8476339438575,TAKER_BUY_NO
1780430205.786465,67078.38364201038,67122.66715,0.16934881854764183,0.325,0.0,QUOTING
1780430206.0273457,67078.38364201038,67122.66715,0.16933820300230165,0.325,1039.67658988578,TAKER_BUY_NO
1780430206.0273457,67078.38364201038,67122.66715,0.16933820300230165,0.325,0.0,QUOTING
1780430206.3137608,67078.38364201038,67122.66715,0.16932176615501063,0.325,1041.602233449847,TAKER_BUY_NO
1780430206.3137608,67078.38364201038,67122.66715,0.16932176615501063,0.325,0.0,QUOTING
1780430206.5854867,67078.38364201038,67122.66715,0.16930319641055527,0.325,1043.2293446090655,TAKER_BUY_NO
1780430206.5854867,67078.38364201038,67122.66715,0.16930319641055527,0.325,0.0,QUOTING
1780430206.8561845,67078.63417608375,67122.66715,0.16930035611951114,0.325,1035.676559741178,TAKER_BUY_NO
1780430206.8561845,67078.63417608375,67122.66715,0.16930035611951114,0.325,0.0,QUOTING
1780430207.1140585,67078.63417608375,67122.66715,0.16929855548150574,0.325,1033.9461895141508,TAKER_BUY_NO
1780430207.1140585,67078.63417608375,67122.66715,0.16929855548150574,0.325,0.0,QUOTING
1780430207.3034165,67078.63417608375,67122.66715,0.16929680773665842,0.325,1034.4345714663284,TAKER_BUY_NO
1780430207.3034165,67078.63417608375,67122.66715,0.16929680773665842,0.325,0.0,QUOTING
1780430207.5116737,67078.63417608375,67122.66715,0.1692950252268256,0.375,1285.7184125461645,TAKER_BUY_NO
1780430207.5116737,67078.63417608375,67122.66715,0.1692950252268256,0.375,0.0,QUOTING
1780430207.6961892,67078.63417608375,67122.66715,0.16929583550271668,0.375,1284.3135565882635,TAKER_BUY_NO
1780430207.6961892,67078.63417608375,67122.66715,0.16929583550271668,0.375,0.0,QUOTING
1780430207.9633622,67084.69371408717,67122.66715,0.16976909916806657,0.375,1065.595033915284,TAKER_BUY_NO
1780430207.9633622,67084.69371408717,67122.66715,0.16976909916806657,0.375,0.0,QUOTING
1780430208.2359934,67084.69371408717,67122.66715,0.17024335591485493,0.375,1067.0518099443134,TAKER_BUY_NO
1780430208.2359934,67084.69371408717,67122.66715,0.17024335591485493,0.375,0.0,QUOTING
1780430208.4625614,67084.69371408717,67122.66715,0.1706324502168164,0.375,1066.3799291243574,TAKER_BUY_NO
1780430208.4625614,67084.69371408717,67122.66715,0.1706324502168164,0.375,0.0,QUOTING
1780430208.6466424,67084.69371408717,67122.66715,0.17096788007082672,0.375,1051.6235953676694,TAKER_BUY_NO
1780430208.6466424,67084.69371408717,67122.66715,0.17096788007082672,0.375,0.0,QUOTING
1780430208.848725,67084.69371408717,67122.66715,0.17133074243475022,0.375,1053.051967298021,TAKER_BUY_NO
1780430208.848725,67084.69371408717,67122.66715,0.17133074243475022,0.375,0.0,QUOTING
1780430209.0372376,67084.69371408717,67122.66715,0.1716655319843848,0.375,1053.5981093053715,TAKER_BUY_NO
1780430209.0372376,67084.69371408717,67122.66715,0.1716655319843848,0.375,0.0,QUOTING
1780430209.2178886,67089.91769056444,67122.66715,0.17229543104506886,0.375,841.7704979646804,TAKER_BUY_NO
1780430209.2178886,67089.91769056444,67122.66715,0.17229543104506886,0.375,0.0,QUOTING
1780430209.5227602,67089.91769056444,67122.66715,0.17334011648156408,0.375,844.5399887619731,TAKER_BUY_NO
1780430209.5227602,67089.91769056444,67122.66715,0.17334011648156408,0.375,0.0,QUOTING
1780430209.7233274,67094.84190246787,67122.66715,0.1743769729008699,0.375,625.9537724203923,TAKER_BUY_NO
1780430209.7233274,67094.84190246787,67122.66715,0.1743769729008699,0.375,0.0,QUOTING
1780430209.9583328,67094.84190246787,67122.66715,0.1755758068149185,0.375,627.9652886471683,TAKER_BUY_NO
1780430209.9583328,67094.84190246787,67122.66715,0.1755758068149185,0.375,0.0,QUOTING
1780430210.2061095,67094.84190246787,67122.66715,0.17682394660734996,0.375,628.7831470199118,TAKER_BUY_NO
1780430210.2061095,67094.84190246787,67122.66715,0.17682394660734996,0.375,0.0,QUOTING
1780430210.394875,67094.84190246787,67122.66715,0.17776542564924674,0.38,684.3077573735368,TAKER_BUY_NO
1780430210.394875,67094.84190246787,67122.66715,0.17776542564924674,0.38,0.0,QUOTING
1780430211.2603154,67095.0762238446,67122.66715,0.1820421813902034,0.405,787.1079794371,TAKER_BUY_NO
1780430211.2603154,67095.0762238446,67122.66715,0.1820421813902034,0.405,0.0,QUOTING
1780430211.5325851,67095.0762238446,67122.66715,0.18334963433773704,0.405,787.2825622958281,TAKER_BUY_NO
1780430211.5325851,67095.0762238446,67122.66715,0.18334963433773704,0.405,0.0,QUOTING
1780430211.7290323,67095.0762238446,67122.66715,0.1842856580592651,0.405,785.4813031520873,TAKER_BUY_NO
1780430211.7290323,67095.0762238446,67122.66715,0.1842856580592651,0.405,0.0,QUOTING
1780430211.9281762,67095.0762238446,67122.66715,0.18522077365131875,0.405,788.5250132501709,TAKER_BUY_NO
1780430211.9281762,67095.0762238446,67122.66715,0.18522077365131875,0.405,0.0,QUOTING
1780430212.1217465,67095.0762238446,67122.66715,0.18612455172702996,0.405,785.6479197377068,TAKER_BUY_NO
1780430212.1217465,67095.0762238446,67122.66715,0.18612455172702996,0.405,0.0,QUOTING
1780430212.334016,67097.88628,67122.66715,0.18733630353926628,0.41,713.9565187936225,TAKER_BUY_NO
1780430212.334016,67097.88628,67122.66715,0.18733630353926628,0.41,0.0,QUOTING
1780430212.5295627,67097.88628,67122.66715,0.18844341899875194,0.41,713.2645091697173,TAKER_BUY_NO
1780430212.5295627,67097.88628,67122.66715,0.18844341899875194,0.41,0.0,QUOTING
1780430212.707321,67097.88628,67122.66715,0.1894461526216239,0.41,710.0788136659954,TAKER_BUY_NO
1780430212.707321,67097.88628,67122.66715,0.1894461526216239,0.41,0.0,QUOTING
1780430212.9102075,67097.88628,67122.66715,0.19057149087334224,0.41,715.3796689966746,TAKER_BUY_NO
1780430212.9102075,67097.88628,67122.66715,0.19057149087334224,0.41,0.0,QUOTING
1780430213.186581,67098.93891871955,67122.66715,0.19220111079805358,0.41,667.7933540980291,TAKER_BUY_NO
1780430213.186581,67098.93891871955,67122.66715,0.19220111079805358,0.41,0.0,QUOTING
1780430213.4040139,67098.93891871955,67122.66715,0.19346556241925422,0.41,669.2101066269026,TAKER_BUY_NO
1780430213.4040139,67098.93891871955,67122.66715,0.19346556241925422,0.41,0.0,QUOTING
1780430213.6386662,67099.13362871954,67122.66715,0.1948310507793199,0.41,661.6940595008924,TAKER_BUY_NO
1780430213.6386662,67099.13362871954,67122.66715,0.1948310507793199,0.41,0.0,QUOTING
1780430213.961759,67099.13362871954,67122.66715,0.19692197790957347,0.41,577.5518146499186,TAKER_BUY_NO
1780430213.961759,67099.13362871954,67122.66715,0.19692197790957347,0.41,0.0,QUOTING
1780430214.2380593,67099.13362871954,67122.66715,0.19868340321790445,0.41,577.9806610737415,TAKER_BUY_NO
1780430214.2380593,67099.13362871954,67122.66715,0.19868340321790445,0.41,0.0,QUOTING
1780430214.582158,67099.13362871954,67122.66715,0.20083808542042425,0.425,751.5864520715785,TAKER_BUY_NO
1780430214.582158,67099.13362871954,67122.66715,0.20083808542042425,0.425,0.0,QUOTING
1780430214.8021042,67099.13362871954,67122.66715,0.20219690160151674,0.425,751.3153863995956,TAKER_BUY_NO
1780430214.8021042,67099.13362871954,67122.66715,0.20219690160151674,0.425,0.0,QUOTING
1780430215.0806866,67108.9601700589,67122.66715,0.20500118861920258,0.425,304.24189964223734,TAKER_BUY_NO
1780430215.0806866,67108.9601700589,67122.66715,0.20500118861920258,0.425,0.0,QUOTING
1780430215.282177,67108.9601700589,67122.66715,0.20700463111621487,0.425,304.7499551062566,TAKER_BUY_NO
1780430215.282177,67108.9601700589,67122.66715,0.20700463111621487,0.425,0.0,QUOTING
1780430215.5400403,67108.9601700589,67122.66715,0.2095386072041289,0.425,305.5930778724727,TAKER_BUY_NO
1780430215.5400403,67108.9601700589,67122.66715,0.2095386072041289,0.425,0.0,QUOTING
1780430215.8462815,67109.87363618037,67122.66715,0.21262392579960096,0.425,262.75129196242716,TAKER_BUY_NO
1780430215.8462815,67109.87363618037,67122.66715,0.21262392579960096,0.425,0.0,QUOTING
1780430216.201504,67109.87363618037,67122.66715,0.21614381311883668,0.425,263.40164523800905,TAKER_BUY_NO
1780430216.201504,67109.87363618037,67122.66715,0.21614381311883668,0.425,0.0,QUOTING
1780430216.4567344,67110.10415954505,67122.66715,0.2186585745184837,0.425,252.93025685720673,TAKER_BUY_NO
1780430216.4567344,67110.10415954505,67122.66715,0.2186585745184837,0.425,0.0,QUOTING
1780430216.7076497,67110.10415954505,67122.66715,0.22109906933552134,0.425,253.49611959256123,TAKER_BUY_NO
1780430216.7076497,67110.10415954505,67122.66715,0.22109906933552134,0.425,0.0,QUOTING
1780430216.9020295,67110.10415954505,67122.66715,0.22296814991182043,0.425,253.90373997927554,TAKER_BUY_NO
1780430216.9020295,67110.10415954505,67122.66715,0.22296814991182043,0.425,0.0,QUOTING
1780430217.1676097,67110.10415954505,67122.66715,0.2254926413461216,0.485,372.4492140446763,TAKER_BUY_NO
1780430217.1676097,67110.10415954505,67122.66715,0.2254926413461216,0.485,0.0,QUOTING
1780430217.4774427,67110.10415954505,67122.66715,0.22839574761565232,0.485,372.800003254379,TAKER_BUY_NO
1780430217.4774427,67110.10415954505,67122.66715,0.22839574761565232,0.485,0.0,QUOTING
1780430217.6626852,67110.10415954505,67122.66715,0.23010901211806367,0.485,373.2942153757741,TAKER_BUY_NO
1780430217.6626852,67110.10415954505,67122.66715,0.23010901211806367,0.485,0.0,QUOTING
1780430217.9248455,67110.10415954505,67122.66715,0.23250672297579972,0.485,373.5658885258196,TAKER_BUY_NO
1780430217.9248455,67110.10415954505,67122.66715,0.23250672297579972,0.485,0.0,QUOTING
1780430218.2983294,67119.20304817456,67122.66715,0.23736573041604211,0.485,100.0,QUOTING
1780430218.4851553,67119.20304817456,67122.66715,0.23976140325306933,0.48,100.0,MAKER_FILL_SELL
1780430218.4851553,67119.20304817456,67122.66715,0.23976140325306933,0.495,100.0,QUOTING
1780430219.0115843,67116.43123803627,67122.66715,0.24586689445067977,0.48,100.0,MAKER_FILL_SELL
1780430219.0115843,67116.43123803627,67122.66715,0.24586689445067977,0.495,163.0582476313562,TAKER_BUY_NO
1780430219.0115843,67116.43123803627,67122.66715,0.24586689445067977,0.495,0.0,QUOTING
1780430219.456757,67116.43123803627,67122.66715,0.2509037261762376,0.495,163.58354536825792,TAKER_BUY_NO
1780430219.456757,67116.43123803627,67122.66715,0.2509037261762376,0.495,0.0,QUOTING
1780430219.7230284,67116.43123803627,67122.66715,0.25386147174375323,0.495,163.7671027157956,TAKER_BUY_NO
1780430219.7230284,67116.43123803627,67122.66715,0.25386147174375323,0.495,0.0,QUOTING
1780430220.0145144,67116.43123803627,67122.66715,0.2570540305081849,0.495,164.02976489110043,TAKER_BUY_NO
1780430220.0145144,67116.43123803627,67122.66715,0.2570540305081849,0.495,0.0,QUOTING
1780430220.298827,67111.55513992316,67122.66715,0.25954985475521103,0.49,382.7100181029904,TAKER_BUY_NO
1780430220.298827,67111.55513992316,67122.66715,0.25954985475521103,0.49,0.0,QUOTING
1780430220.6058598,67111.55513992316,67122.66715,0.26220432602496013,0.49,383.184812564151,TAKER_BUY_NO
1780430220.6058598,67111.55513992316,67122.66715,0.26220432602496013,0.49,0.0,QUOTING
1780430220.7898839,67111.55513992316,67122.66715,0.2637748752096046,0.49,383.4307155011004,TAKER_BUY_NO
1780430220.7898839,67111.55513992316,67122.66715,0.2637748752096046,0.49,0.0,QUOTING
1780430221.0696976,67111.44977353876,67122.66715,0.26612253367889777,0.49,388.5958634995663,TAKER_BUY_NO
1780430221.0696976,67111.44977353876,67122.66715,0.26612253367889777,0.49,0.0,QUOTING
1780430221.331809,67111.44977353876,67122.66715,0.26829089904262715,0.49,388.95938323745725,TAKER_BUY_NO
1780430221.331809,67111.44977353876,67122.66715,0.26829089904262715,0.49,0.0,QUOTING
1780430221.5949893,67111.44977353876,67122.66715,0.27044140266545824,0.46499999999999997,386.9909982701067,TAKER_BUY_NO
1780430221.5949893,67111.44977353876,67122.66715,0.27044140266545824,0.46499999999999997,0.0,QUOTING
1780430221.851715,67111.23890193783,67122.66715,0.27249113918293805,0.46499999999999997,395.7378489124318,TAKER_BUY_NO
1780430221.851715,67111.23890193783,67122.66715,0.27249113918293805,0.46499999999999997,0.0,QUOTING
1780430222.130071,67111.23890193783,67122.66715,0.2746821870893494,0.46499999999999997,396.4905781477231,TAKER_BUY_NO
1780430222.130071,67111.23890193783,67122.66715,0.2746821870893494,0.46499999999999997,0.0,QUOTING
1780430222.4713042,67111.23890193783,67122.66715,0.27732221181883004,0.46499999999999997,398.82591171778097,TAKER_BUY_NO
1780430222.4713042,67111.23890193783,67122.66715,0.27732221181883004,0.46499999999999997,0.0,QUOTING
1780430222.7053113,67111.14738189628,67122.66715,0.2790946742695127,0.46499999999999997,403.95595195424323,TAKER_BUY_NO
1780430222.7053113,67111.14738189628,67122.66715,0.2790946742695127,0.46499999999999997,0.0,QUOTING
1780430223.0176868,67111.14738189628,67122.66715,0.2814264586497561,0.46499999999999997,404.71431308982335,TAKER_BUY_NO
1780430223.0176868,67111.14738189628,67122.66715,0.2814264586497561,0.46499999999999997,0.0,QUOTING
1780430223.2312999,67111.14738189628,67122.66715,0.28299894295495504,0.46499999999999997,404.9371224558151,TAKER_BUY_NO
1780430223.2312999,67111.14738189628,67122.66715,0.28299894295495504,0.46499999999999997,0.0,QUOTING
1780430223.748242,67111.23871335732,67122.66715,0.2867523849364727,0.46499999999999997,401.84344455863817,TAKER_BUY_NO
1780430223.748242,67111.23871335732,67122.66715,0.2867523849364727,0.46499999999999997,0.0,QUOTING
1780430224.1193495,67111.23871335732,67122.66715,0.28935637163217215,0.46499999999999997,410.15833127487105,TAKER_BUY_NO
1780430224.1193495,67111.23871335732,67122.66715,0.28935637163217215,0.46499999999999997,0.0,QUOTING
1780430224.3848102,67111.23871335732,67122.66715,0.291187485543975,0.46499999999999997,410.52252291943336,TAKER_BUY_NO
1780430224.3848102,67111.23871335732,67122.66715,0.291187485543975,0.46499999999999997,0.0,QUOTING
1780430224.59598,67111.23871335732,67122.66715,0.29262557514554943,0.46499999999999997,410.83638282188747,TAKER_BUY_NO
1780430224.59598,67111.23871335732,67122.66715,0.29262557514554943,0.46499999999999997,0.0,QUOTING
1780430224.7848532,67111.23871335732,67122.66715,0.2938980729658407,0.46499999999999997,411.1376246221565,TAKER_BUY_NO
1780430224.7848532,67111.23871335732,67122.66715,0.2938980729658407,0.46499999999999997,0.0,QUOTING
1780430225.0007691,67111.23871335732,67122.66715,0.2953371244696315,0.48,590.3361551618533,TAKER_BUY_NO
1780430225.0007691,67111.23871335732,67122.66715,0.2953371244696315,0.48,0.0,QUOTING
1780430225.1992428,67110.75828092966,67122.66715,0.29660379067970444,0.48,612.8371437278468,TAKER_BUY_NO
1780430225.1992428,67110.75828092966,67122.66715,0.29660379067970444,0.48,0.0,QUOTING
1780430225.5012171,67110.75828092966,67122.66715,0.29850534017788266,0.48,613.4456061336078,TAKER_BUY_NO
1780430225.5012171,67110.75828092966,67122.66715,0.29850534017788266,0.48,0.0,QUOTING
1780430225.7641132,67110.75828092966,67122.66715,0.3001357430133969,0.48,613.793965380246,TAKER_BUY_NO
1780430225.7641132,67110.75828092966,67122.66715,0.3001357430133969,0.48,0.0,QUOTING
1780430226.019365,67115.83537339763,67122.66715,0.30226617785641563,0.48,380.4222576660173,TAKER_BUY_NO
1780430226.019365,67115.83537339763,67122.66715,0.30226617785641563,0.48,0.0,QUOTING
1780430226.218146,67115.83537339763,67122.66715,0.30390525127269297,0.48,380.7143377447089,TAKER_BUY_NO
1780430226.218146,67115.83537339763,67122.66715,0.30390525127269297,0.48,0.0,QUOTING
1780430226.4261973,67115.83537339763,67122.66715,0.30560242946702465,0.48,380.9935483165994,TAKER_BUY_NO
1780430226.4261973,67115.83537339763,67122.66715,0.30560242946702465,0.48,0.0,QUOTING
1780430226.6502783,67115.83537339763,67122.66715,0.3074097562415504,0.485,201.65067701769476,TAKER_BUY_NO
1780430226.6502783,67115.83537339763,67122.66715,0.3074097562415504,0.485,0.0,QUOTING
1780430226.9477608,67123.70666180053,67122.66715,0.31082715637934466,0.485,100.0,QUOTING
1780430227.2542837,67123.70666180053,67122.66715,0.3142922040494042,0.49,100.0,MAKER_FILL_BUY
1780430227.2542837,67123.70666180053,67122.66715,0.3142922040494042,0.5,100.0,QUOTING
1780430227.6449337,67126.65382805522,67122.66715,0.3191466422634123,0.49,100.0,MAKER_FILL_BUY
1780430227.6449337,67126.65382805522,67122.66715,0.3191466422634123,0.5,243.76642110836372,TAKER_BUY_YES
1780430227.6449337,67126.65382805522,67122.66715,0.3191466422634123,0.5,0.0,QUOTING
1780430228.1942513,67126.65382805522,67122.66715,0.325816113721454,0.5,244.83379222008494,TAKER_BUY_YES
1780430228.1942513,67126.65382805522,67122.66715,0.325816113721454,0.5,0.0,QUOTING
1780430228.496446,67126.65382805522,67122.66715,0.32940084673604886,0.5,244.67743887537037,TAKER_BUY_YES
1780430228.496446,67126.65382805522,67122.66715,0.32940084673604886,0.5,0.0,QUOTING
1780430228.7295713,67126.65382805522,67122.66715,0.33212724150569434,0.5,244.8017822825993,TAKER_BUY_YES
1780430228.7295713,67126.65382805522,67122.66715,0.33212724150569434,0.5,0.0,QUOTING
1780430229.0212939,67122.0600353857,67122.66715,0.33488257327065724,0.5,100.0,QUOTING
1780430229.2849762,67122.0600353857,67122.66715,0.33733670241136016,0.49,100.0,MAKER_FILL_BUY
1780430229.2849762,67122.0600353857,67122.66715,0.33733670241136016,0.5,100.0,QUOTING
1780430229.8194134,67123.02572924162,67122.66715,0.3424441447804328,0.5,100.0,QUOTING
1780430230.1279516,67123.02572924162,67122.66715,0.34532616194294513,0.49,100.0,MAKER_FILL_BUY
1780430230.1279516,67123.02572924162,67122.66715,0.34532616194294513,0.5,100.0,QUOTING
1780430230.625102,67123.02572924162,67122.66715,0.3498752411835569,0.48,100.0,MAKER_FILL_BUY
1780430230.625102,67123.02572924162,67122.66715,0.3498752411835569,0.495,100.0,QUOTING
1780430231.111189,67123.02572924162,67122.66715,0.35420907453398837,0.48,100.0,MAKER_FILL_BUY
1780430231.111189,67123.02572924162,67122.66715,0.35420907453398837,0.495,100.0,QUOTING
1780430231.6175883,67120.4379508328,67122.66715,0.35800407610537244,0.48,100.0,MAKER_FILL_BUY
1780430231.6175883,67120.4379508328,67122.66715,0.35800407610537244,0.495,165.56055240983898,TAKER_BUY_NO
1780430231.6175883,67120.4379508328,67122.66715,0.35800407610537244,0.495,0.0,QUOTING
1780430232.2109318,67119.22149613415,67122.66715,0.3619895463507274,0.495,222.87261650445842,TAKER_BUY_NO
1780430232.2109318,67119.22149613415,67122.66715,0.3619895463507274,0.495,0.0,QUOTING
1780430232.4840446,67119.22149613415,67122.66715,0.3637797279603168,0.48,100.0,QUOTING
1780430232.7422547,67117.63544694935,67122.66715,0.3652568644072509,0.45,100.0,MAKER_FILL_BUY
1780430232.7422547,67117.63544694935,67122.66715,0.3652568644072509,0.48,298.20213023445757,TAKER_BUY_NO
1780430232.7422547,67117.63544694935,67122.66715,0.3652568644072509,0.48,0.0,QUOTING
1780430233.2268124,67117.63544694935,67122.66715,0.3679740938325243,0.48,298.67363211475487,TAKER_BUY_NO
1780430233.2268124,67117.63544694935,67122.66715,0.3679740938325243,0.48,0.0,QUOTING
1780430233.4471254,67115.64993879708,67122.66715,0.3689801821094862,0.48,392.1515367383101,TAKER_BUY_NO
1780430233.4471254,67115.64993879708,67122.66715,0.3689801821094862,0.48,0.0,QUOTING
1780430233.7185445,67115.64993879708,67122.66715,0.3702031200732712,0.48,392.4621812807847,TAKER_BUY_NO
1780430233.7185445,67115.64993879708,67122.66715,0.3702031200732712,0.48,0.0,QUOTING
1780430233.8962843,67115.64993879708,67122.66715,0.3709940570467912,0.48,392.51590797693206,TAKER_BUY_NO
1780430233.8962843,67115.64993879708,67122.66715,0.3709940570467912,0.48,0.0,QUOTING
1780430234.0717335,67115.64993879708,67122.66715,0.3717617608542878,0.48,395.8648321369489,TAKER_BUY_NO
1780430234.0717335,67115.64993879708,67122.66715,0.3717617608542878,0.48,0.0,QUOTING
1780430234.365209,67115.64993879708,67122.66715,0.3730295780642314,0.48,396.3766897551211,TAKER_BUY_NO
1780430234.365209,67115.64993879708,67122.66715,0.3730295780642314,0.48,0.0,QUOTING
1780430234.6230485,67114.11538772506,67122.66715,0.37393802856736374,0.48,469.8428944149944,TAKER_BUY_NO
1780430234.6230485,67114.11538772506,67122.66715,0.37393802856736374,0.48,0.0,QUOTING
1780430234.79265,67114.11538772506,67122.66715,0.37452816765285457,0.48,470.1465313170963,TAKER_BUY_NO
1780430234.79265,67114.11538772506,67122.66715,0.37452816765285457,0.48,0.0,QUOTING
1780430235.0529635,67114.11538772506,67122.66715,0.37542280992739296,0.48,470.86545399412,TAKER_BUY_NO
1780430235.0529635,67114.11538772506,67122.66715,0.37542280992739296,0.48,0.0,QUOTING
1780430235.3394551,67114.11538772506,67122.66715,0.37639199819575486,0.48,100.0,QUOTING
1780430236.0237606,67114.11538772506,67122.66715,0.3786416218567609,0.48,100.0,QUOTING
1780430236.327164,67114.11538772506,67122.66715,0.37960954249360523,0.48,100.0,QUOTING
1780430236.58269,67114.6220067053,67122.66715,0.3804736423311915,0.48,100.0,QUOTING
1780430236.8695652,67114.6220067053,67122.66715,0.381428459380836,0.48,100.0,QUOTING
1780430237.1554382,67114.6220067053,67122.66715,0.3823639481124488,0.48,100.0,QUOTING
1780430237.372368,67114.6220067053,67122.66715,0.3830633025034659,0.48,100.0,QUOTING
1780430237.553445,67114.6220067053,67122.66715,0.38364019767296254,0.48,100.0,QUOTING
1780430237.725333,67114.6220067053,67122.66715,0.384182103613958,0.48,100.0,QUOTING
1780430237.927061,67115.42866401933,67122.66715,0.38489081036705325,0.48,100.0,QUOTING
1780430238.1168876,67115.42866401933,67122.66715,0.3855500470569215,0.48,100.0,QUOTING
1780430238.3726861,67115.42866401933,67122.66715,0.3864268740871569,0.48,100.0,QUOTING
1780430238.5928972,67115.42866401933,67122.66715,0.3871711244354124,0.48,100.0,QUOTING
1780430238.7561736,67117.5639807294,67122.66715,0.3878898037067922,0.48,100.0,QUOTING
1780430238.965147,67117.5639807294,67122.66715,0.3887903353882318,0.45,100.0,MAKER_FILL_BUY
1780430238.965147,67117.5639807294,67122.66715,0.3887903353882318,0.48,100.0,QUOTING
1780430239.416576,67117.5639807294,67122.66715,0.3906998453532085,0.45,100.0,MAKER_FILL_BUY
1780430239.416576,67117.5639807294,67122.66715,0.3906998453532085,0.48,100.0,QUOTING
1780430239.9903514,67117.50351938463,67122.66715,0.3930386431408286,0.45,100.0,MAKER_FILL_BUY
1780430239.9903514,67117.50351938463,67122.66715,0.3930386431408286,0.48,100.0,QUOTING
1780430240.5214913,67117.50351938463,67122.66715,0.39513462714774233,0.45,100.0,MAKER_FILL_BUY
1780430240.5214913,67117.50351938463,67122.66715,0.39513462714774233,0.48,100.0,QUOTING
1780430241.0282838,67117.59831166854,67122.66715,0.3970989793423669,0.45,100.0,MAKER_FILL_BUY
1780430241.0282838,67117.59831166854,67122.66715,0.3970989793423669,0.48,100.0,QUOTING
1780430241.4941084,67117.59831166854,67122.66715,0.3988533617901049,0.45,100.0,MAKER_FILL_BUY
1780430241.4941084,67117.59831166854,67122.66715,0.3988533617901049,0.48,100.0,QUOTING
1780430242.0131316,67118.07733322246,67122.66715,0.4008807057677214,0.45,100.0,MAKER_FILL_BUY
1780430242.0131316,67118.07733322246,67122.66715,0.4008807057677214,0.48,100.0,QUOTING
1780430242.5893397,67118.09917136967,67122.66715,0.40306653336358533,0.45,100.0,MAKER_FILL_BUY
1780430242.5893397,67118.09917136967,67122.66715,0.40306653336358533,0.48,100.0,QUOTING
1780430243.1051414,67118.09917136967,67122.66715,0.4049605188655304,0.45,100.0,MAKER_FILL_BUY
1780430243.1051414,67118.09917136967,67122.66715,0.4049605188655304,0.48,100.0,QUOTING
1780430243.8067956,67118.09917136967,67122.66715,0.4074460106478189,0.45,100.0,MAKER_FILL_BUY
1780430243.8067956,67118.09917136967,67122.66715,0.4074460106478189,0.48,100.0,QUOTING
1780430244.3185198,67118.50346238134,67122.66715,0.40928189436639606,0.45,100.0,MAKER_FILL_BUY
1780430244.3185198,67118.50346238134,67122.66715,0.40928189436639606,0.48,100.0,QUOTING
1780430244.7707295,67118.29696096887,67122.66715,0.41080713216365766,0.45,100.0,MAKER_FILL_BUY
1780430244.7707295,67118.29696096887,67122.66715,0.41080713216365766,0.48,100.0,QUOTING
1780430245.1578035,67118.29696096887,67122.66715,0.41207979708261,0.45,100.0,MAKER_FILL_BUY
1780430245.1578035,67118.29696096887,67122.66715,0.41207979708261,0.48,100.0,QUOTING
1780430245.5942988,67118.29696096887,67122.66715,0.4134796820373197,0.45,100.0,MAKER_FILL_BUY
1780430245.5942988,67118.29696096887,67122.66715,0.4134796820373197,0.48,100.0,QUOTING
1780430246.1358066,67118.2544043541,67122.66715,0.41515309713812115,0.45,100.0,MAKER_FILL_BUY
1780430246.1358066,67118.2544043541,67122.66715,0.41515309713812115,0.48,100.0,QUOTING
1780430246.656491,67118.2544043541,67122.66715,0.41671054619507963,0.45,100.0,MAKER_FILL_BUY
1780430246.656491,67118.2544043541,67122.66715,0.41671054619507963,0.48,100.0,QUOTING
1780430247.1899393,67116.86970650262,67122.66715,0.4178469327742596,0.45,100.0,MAKER_FILL_BUY
1780430247.1899393,67116.86970650262,67122.66715,0.4178469327742596,0.48,100.0,QUOTING
1780430247.7255905,67115.85174599677,67122.66715,0.41864753428659063,0.48,100.0,QUOTING
1780430248.0242262,67115.85174599677,67122.66715,0.4190826678709981,0.455,100.0,QUOTING
1780430248.3389795,67115.29641873676,67122.66715,0.4194360016019127,0.455,100.0,QUOTING
1780430248.6090841,67115.29641873676,67122.66715,0.41973535889280306,0.455,100.0,QUOTING
1780430248.9151433,67115.29641873676,67122.66715,0.4200660258031851,0.455,100.0,QUOTING
1780430249.206569,67115.29641873676,67122.66715,0.42035584309323226,0.455,100.0,QUOTING
1780430249.4343555,67115.07677605627,67122.66715,0.4205494923907199,0.455,100.0,QUOTING
1780430249.6569595,67115.07677605627,67122.66715,0.4207349290872931,0.455,100.0,QUOTING
1780430249.8743155,67115.07677605627,67122.66715,0.420912524955632,0.455,100.0,QUOTING
1780430250.1431248,67115.07677605627,67122.66715,0.4211280711502542,0.455,100.0,QUOTING
1780430250.3720233,67115.07677605627,67122.66715,0.4213070058743512,0.455,100.0,QUOTING
1780430250.601659,67114.95989059842,67122.66715,0.4214680865558069,0.455,100.0,QUOTING
1780430250.8108642,67114.95989059842,67122.66715,0.42161198909197917,0.455,100.0,QUOTING
1780430251.0408227,67114.95989059842,67122.66715,0.4217662934205968,0.455,100.0,QUOTING
1780430251.2953756,67114.95989059842,67122.66715,0.42193331129033534,0.455,100.0,QUOTING
1780430251.507767,67114.79157695717,67122.66715,0.422048713817725,0.46499999999999997,100.0,QUOTING
1780430251.7706378,67114.79157695717,67122.66715,0.4221880104496047,0.46499999999999997,100.0,QUOTING
1780430252.08608,67114.79157695717,67122.66715,0.42235070292843796,0.46499999999999997,100.0,QUOTING
1780430252.2860882,67114.79157695717,67122.66715,0.42245147154384716,0.46499999999999997,100.0,QUOTING
1780430252.4939702,67114.96176523488,67122.66715,0.42257516810163503,0.46499999999999997,100.0,QUOTING
1780430252.65731,67114.96176523488,67122.66715,0.4226708312306056,0.46499999999999997,100.0,QUOTING
1780430252.9402165,67114.96176523488,67122.66715,0.42283296061892234,0.46499999999999997,100.0,QUOTING
1780430253.1549904,67114.96176523488,67122.66715,0.42295464860131227,0.46499999999999997,100.0,QUOTING
1780430253.4671366,67115.85965079551,67122.66715,0.42329801778758197,0.45499999999999996,100.0,QUOTING
1780430253.7009227,67115.85965079551,67122.66715,0.42355185712799687,0.45499999999999996,100.0,QUOTING
1780430253.9551444,67115.85965079551,67122.66715,0.42382211422609245,0.45499999999999996,100.0,QUOTING
1780430254.2387428,67115.85965079551,67122.66715,0.4240980803084248,0.45499999999999996,100.0,QUOTING
1780430254.5071273,67115.72058207936,67122.66715,0.42432992898328664,0.45499999999999996,100.0,QUOTING
1780430254.7773159,67115.72058207936,67122.66715,0.4245600023831305,0.43,100.0,MAKER_FILL_BUY
1780430254.7773159,67115.72058207936,67122.66715,0.4245600023831305,0.44999999999999996,100.0,QUOTING
1780430255.226478,67115.72058207936,67122.66715,0.4249297134953945,0.43,100.0,MAKER_FILL_BUY
1780430255.226478,67115.72058207936,67122.66715,0.4249297134953945,0.44999999999999996,100.0,QUOTING
1780430255.7708626,67114.5671798625,67122.66715,0.42497327529898443,0.43,100.0,MAKER_FILL_BUY
1780430255.7708626,67114.5671798625,67122.66715,0.42497327529898443,0.44999999999999996,100.0,QUOTING
1780430256.368772,67114.5671798625,67122.66715,0.4250073445262184,0.44999999999999996,100.0,QUOTING
1780430256.5916986,67114.28201663561,67122.66715,0.42497999159133476,0.44999999999999996,100.0,QUOTING
1780430256.7664602,67114.28201663561,67122.66715,0.42496012943915973,0.44999999999999996,100.0,QUOTING
1780430257.0512443,67114.28201663561,67122.66715,0.4249223832200167,0.44999999999999996,100.0,QUOTING
1780430257.3030024,67114.28201663561,67122.66715,0.4248887615074128,0.44999999999999996,100.0,QUOTING
1780430257.571624,67114.52888175039,67122.66715,0.42489311177666134,0.44999999999999996,100.0,QUOTING
1780430257.827358,67114.52888175039,67122.66715,0.42489643077601386,0.44999999999999996,100.0,QUOTING
1780430258.070467,67114.52888175039,67122.66715,0.4248970647221055,0.44999999999999996,100.0,QUOTING
1780430258.2562451,67114.52888175039,67122.66715,0.424897548972637,0.44999999999999996,100.0,QUOTING
1780430258.5020974,67114.81168898326,67122.66715,0.42494080253319255,0.44999999999999996,100.0,QUOTING
1780430258.7103987,67114.81168898326,67122.66715,0.42497599863700547,0.44999999999999996,100.0,QUOTING
1780430258.9962425,67114.81168898326,67122.66715,0.42502101720352653,0.44999999999999996,100.0,QUOTING
1780430259.2037637,67114.81168898326,67122.66715,0.42503547353467225,0.44999999999999996,100.0,QUOTING
1780430259.4933214,67115.83821863715,67122.66715,0.4252482473017954,0.44999999999999996,100.0,QUOTING
1780430259.7548952,67115.83821863715,67122.66715,0.4254356537561074,0.43,100.0,MAKER_FILL_BUY
1780430259.7548952,67115.83821863715,67122.66715,0.4254356537561074,0.44999999999999996,100.0,QUOTING
1780430260.2599697,67115.83821863715,67122.66715,0.42578429467940987,0.43,100.0,MAKER_FILL_BUY
1780430260.2599697,67115.83821863715,67122.66715,0.42578429467940987,0.44999999999999996,100.0,QUOTING
1780430260.721239,67116.47690995072,67122.66715,0.42628446809582965,0.43,100.0,MAKER_FILL_BUY
1780430260.721239,67116.47690995072,67122.66715,0.42628446809582965,0.44999999999999996,100.0,QUOTING
1780430261.2237294,67116.47690995072,67122.66715,0.42680908562348724,0.43,100.0,MAKER_FILL_BUY
1780430261.2237294,67116.47690995072,67122.66715,0.42680908562348724,0.44999999999999996,100.0,QUOTING
1780430261.671137,67116.66410692486,67122.66715,0.42731502041808056,0.43,100.0,MAKER_FILL_BUY
1780430261.671137,67116.66410692486,67122.66715,0.42731502041808056,0.44999999999999996,100.0,QUOTING
1780430262.1689343,67116.66410692486,67122.66715,0.42785731443090647,0.43,100.0,MAKER_FILL_BUY
1780430262.1689343,67116.66410692486,67122.66715,0.42785731443090647,0.44999999999999996,100.0,QUOTING
1780430262.7728508,67116.50443581802,67122.66715,0.4284204471976057,0.43,100.0,MAKER_FILL_BUY
1780430262.7728508,67116.50443581802,67122.66715,0.4284204471976057,0.44999999999999996,100.0,QUOTING
1780430263.1692727,67116.50443581802,67122.66715,0.42877570354203015,0.42,100.0,MAKER_FILL_BUY
1780430263.1692727,67116.50443581802,67122.66715,0.42877570354203015,0.44499999999999995,100.0,QUOTING
1780430263.6692538,67116.50443581802,67122.66715,0.4292066827494353,0.42,100.0,MAKER_FILL_BUY
1780430263.6692538,67116.50443581802,67122.66715,0.4292066827494353,0.44499999999999995,100.0,QUOTING
1780430264.096472,67116.50443581802,67122.66715,0.42956267256446634,0.36,100.0,MAKER_FILL_BUY
1780430264.096472,67116.50443581802,67122.66715,0.42956267256446634,0.415,100.0,QUOTING
1780430264.6916816,67113.56318780054,67122.66715,0.4287828910339119,0.36,100.0,MAKER_FILL_BUY
1780430264.6916816,67113.56318780054,67122.66715,0.4287828910339119,0.415,100.0,QUOTING
1780430265.1241481,67110.12590826844,67122.66715,0.4272055868313257,0.35,100.0,MAKER_FILL_BUY
1780430265.1241481,67110.12590826844,67122.66715,0.4272055868313257,0.41,100.0,QUOTING
1780430265.5370924,67110.12590826844,67122.66715,0.4257461627740679,0.35,100.0,MAKER_FILL_BUY
1780430265.5370924,67110.12590826844,67122.66715,0.4257461627740679,0.41,100.0,QUOTING
1780430266.0890963,67100.90138,67122.66715,0.42048375254040865,0.35,100.0,MAKER_FILL_BUY
1780430266.0890963,67100.90138,67122.66715,0.42048375254040865,0.41,100.0,QUOTING
1780430266.7050102,67097.83922351766,67122.66715,0.41367998382425636,0.41,100.0,QUOTING
1780430267.0250177,67097.83922351766,67122.66715,0.4102490762853009,0.41,100.0,QUOTING
1780430267.2053576,67097.83922351766,67122.66715,0.4083495752074424,0.41,100.0,QUOTING
1780430267.4576094,67097.83922351766,67122.66715,0.40572993243750216,0.41,100.0,QUOTING
1780430267.6546912,67097.83922351766,67122.66715,0.40371822492656345,0.33499999999999996,100.0,QUOTING
1780430267.8640983,67097.83922351766,67122.66715,0.401613869747752,0.33999999999999997,100.0,QUOTING
1780430268.0570226,67096.41377214434,67122.66715,0.39952571874677373,0.33999999999999997,100.0,QUOTING
1780430268.2768238,67096.41377214434,67122.66715,0.3971820987483715,0.335,100.0,QUOTING
1780430268.5108502,67096.41377214434,67122.66715,0.3947219309485227,0.335,100.0,QUOTING
1780430268.6929998,67096.17452125109,67122.66715,0.3928014826521699,0.335,100.0,QUOTING
1780430268.8678122,67096.17452125109,67122.66715,0.3909838072348813,0.335,100.0,QUOTING
1780430269.1474948,67096.17452125109,67122.66715,0.3880984023770973,0.335,100.0,QUOTING
1780430269.4539342,67096.17452125109,67122.66715,0.3852596347638441,0.335,100.0,QUOTING
1780430269.6725674,67096.17452125109,67122.66715,0.38326857525301944,0.335,100.0,QUOTING
1780430269.92375,67096.17452125109,67122.66715,0.38101707195866996,0.325,100.0,QUOTING
1780430270.171932,67096.17452125109,67122.66715,0.3788226401626864,0.325,100.0,QUOTING
1780430270.3856938,67096.17452125109,67122.66715,0.376968100168302,0.32,100.0,QUOTING
1780430270.5806267,67090.82552091105,67122.66715,0.37471637314958933,0.32,100.0,QUOTING
1780430270.9054492,67090.82552091105,67122.66715,0.3710244492983284,0.32,100.0,QUOTING
1780430271.1093311,67090.82552091105,67122.66715,0.3687390471421028,0.32,100.0,QUOTING
1780430271.4021733,67090.82552091105,67122.66715,0.36550206240532296,0.32,100.0,QUOTING
1780430271.6731317,67089.82985401046,67122.66715,0.3624096526814861,0.32,100.0,QUOTING
1780430271.8683293,67089.82985401046,67122.66715,0.36022201960946054,0.32,100.0,QUOTING
1780430272.2360978,67089.82985401046,67122.66715,0.35615272353752475,0.32,100.0,QUOTING
1780430272.5310364,67089.82985401046,67122.66715,0.3529546236422324,0.32,100.0,QUOTING
1780430272.788888,67089.02243526625,67122.66715,0.35010138374188915,0.32,100.0,QUOTING
1780430272.95992,67089.02243526625,67122.66715,0.34823554854670913,0.32,100.0,QUOTING
1780430273.2452273,67089.02243526625,67122.66715,0.345160760105162,0.32,100.0,QUOTING
1780430273.4194355,67089.49892008131,67122.66715,0.3433573039658926,0.32,100.0,QUOTING
1780430273.6812558,67089.49892008131,67122.66715,0.3406796252254605,0.32,100.0,QUOTING
1780430273.944549,67089.49892008131,67122.66715,0.33803185675067304,0.32,100.0,QUOTING
1780430274.1793704,67089.49892008131,67122.66715,0.33570489127777786,0.32,100.0,QUOTING
1780430274.4145412,67088.98794416647,67122.66715,0.33331894794395944,0.32,100.0,QUOTING
1780430274.6454136,67088.98794416647,67122.66715,0.33101074764987487,0.32,100.0,QUOTING
1780430274.8325841,67088.98794416647,67122.66715,0.3291652729746246,0.32,100.0,QUOTING
1780430275.2038043,67088.98794416647,67122.66715,0.32556055731671985,0.32,100.0,QUOTING
1780430275.4333036,67088.98794416647,67122.66715,0.32337790435959074,0.32,100.0,QUOTING
1780430275.7101746,67088.98794416647,67122.66715,0.3207852789343825,0.32,100.0,QUOTING
1780430276.0370936,67088.46048554483,67122.66715,0.31768707487553105,0.32,100.0,QUOTING
1780430276.277607,67088.46048554483,67122.66715,0.3154506638499539,0.32,100.0,QUOTING
1780430276.5288837,67088.46048554483,67122.66715,0.3131499548789285,0.32,100.0,QUOTING
1780430276.8247619,67089.35024827329,67122.66715,0.31063267860764554,0.32,100.0,QUOTING
1780430277.1355717,67089.35024827329,67122.66715,0.30803763245416876,0.32,100.0,QUOTING
1780430277.4309194,67089.35024827329,67122.66715,0.3056193891789914,0.32,100.0,QUOTING
1780430277.7686305,67089.35024827329,67122.66715,0.30290769339370527,0.32,100.0,QUOTING
1780430278.0292416,67089.82989229557,67122.66715,0.30092741063710216,0.32,100.0,QUOTING
1780430278.2488935,67089.82989229557,67122.66715,0.2992845660210825,0.32,100.0,QUOTING
1780430278.5200684,67089.82989229557,67122.66715,0.2972853035045109,0.32,100.0,QUOTING
1780430278.8142352,67089.82989229557,67122.66715,0.2951535110015231,0.32,100.0,QUOTING
1780430279.020926,67090.14654,67122.66715,0.29371813344234793,0.32,100.0,QUOTING
1780430279.302568,67090.14654,67122.66715,0.291717904772022,0.32,100.0,QUOTING
1780430279.5045867,67090.14654,67122.66715,0.29030595944358006,0.32,100.0,QUOTING
1780430279.790598,67090.14654,67122.66715,0.2883357234890756,0.32,100.0,QUOTING
1780430280.042749,67092.6153468517,67122.66715,0.28700388893331813,0.32,100.0,QUOTING
1780430280.3199918,67092.6153468517,67122.66715,0.2855620302663948,0.32,100.0,QUOTING
1780430280.5537674,67092.6153468517,67122.66715,0.28436548315334487,0.32,100.0,QUOTING
1780430280.8735943,67092.6153468517,67122.66715,0.2827536595910551,0.32,100.0,QUOTING
1780430281.1731057,67092.94567287485,67122.66715,0.2813340471871615,0.32,100.0,QUOTING
1780430281.4203274,67092.94567287485,67122.66715,0.2801817950944847,0.32,100.0,QUOTING
1780430281.6991038,67092.94567287485,67122.66715,0.2789014255706755,0.32,100.0,QUOTING
1780430282.0450234,67092.94567287485,67122.66715,0.2773397061456139,0.32,100.0,QUOTING
1780430282.3094327,67093.0270885485,67122.66715,0.27618178580624564,0.32,100.0,QUOTING
1780430282.531015,67093.0270885485,67122.66715,0.2752253569995752,0.32,100.0,QUOTING
1780430282.7653158,67093.32889732525,67122.66715,0.27427233702511733,0.32,100.0,QUOTING
1780430282.96204,67093.32889732525,67122.66715,0.2734850661040179,0.32,100.0,QUOTING
1780430283.176922,67093.32889732525,67122.66715,0.2726362974582248,0.32,100.0,QUOTING
1780430283.4400213,67093.36240761833,67122.66715,0.2716194955360447,0.32,100.0,QUOTING
1780430283.6715646,67093.36240761833,67122.66715,0.2707346752908466,0.30000000000000004,100.0,QUOTING
1780430283.955121,67093.36240761833,67122.66715,0.26966168211868846,0.30000000000000004,100.0,QUOTING
1780430284.3147671,67093.36240761833,67122.66715,0.2682474976206617,0.30000000000000004,100.0,QUOTING
1780430284.5548086,67090.85670752003,67122.66715,0.26693469366339445,0.30000000000000004,100.0,QUOTING
1780430284.7940316,67090.85670752003,67122.66715,0.2656474375188809,0.405,100.0,QUOTING
1780430285.0229979,67090.85670752003,67122.66715,0.26443772408357125,0.405,100.0,QUOTING
1780430285.212547,67090.85670752003,67122.66715,0.2634485874519301,0.405,100.0,QUOTING
1780430285.3902872,67090.85670752003,67122.66715,0.2625287438194008,0.405,100.0,QUOTING
1780430285.5708325,67092.88125016255,67122.66715,0.26184249469592996,0.4,100.0,QUOTING
1780430285.8433628,67092.88125016255,67122.66715,0.26082026299745537,0.4,100.0,QUOTING
1780430286.1431322,67092.88125016255,67122.66715,0.25971315123996147,0.4,100.0,QUOTING
1780430286.3835113,67092.88125016255,67122.66715,0.2588406028522671,0.4,100.0,QUOTING
1780430286.672683,67092.88125016255,67122.66715,0.2578097185152999,0.385,100.0,QUOTING
1780430286.8397582,67098.16880350668,67122.66715,0.2578536256466797,0.385,100.0,QUOTING
1780430287.0864065,67098.16880350668,67122.66715,0.25791023377031275,0.385,100.0,QUOTING
1780430287.4060113,67098.28681461609,67122.66715,0.2579938182049734,0.385,100.0,QUOTING
1780430288.0588765,67098.28681461609,67122.66715,0.25811588991205253,0.385,100.0,QUOTING
1780430288.337045,67098.28681461609,67122.66715,0.2581560451754025,0.385,100.0,QUOTING
1780430288.584303,67098.62419583372,67122.66715,0.25824868193077044,0.385,100.0,QUOTING
1780430288.803994,67098.62419583372,67122.66715,0.25832144009960883,0.385,100.0,QUOTING
1780430289.1806195,67098.62419583372,67122.66715,0.2584331309832604,0.39,100.0,QUOTING
1780430289.5330505,67100.46119219171,67122.66715,0.25902507467651364,0.39,100.0,QUOTING
1780430289.8282428,67100.46119219171,67122.66715,0.2595051973784888,0.43,100.0,QUOTING
1780430290.1013255,67100.46119219171,67122.66715,0.2599394229562074,0.43,100.0,QUOTING
1780430290.3914053,67100.46119219171,67122.66715,0.26037914777925103,0.43,100.0,QUOTING
1780430290.6673656,67106.561,67122.66715,0.26219793322212326,0.43,100.0,QUOTING
1780430290.8881843,67106.561,67122.66715,0.2636180059814816,0.43,100.0,QUOTING
1780430291.1535537,67106.561,67122.66715,0.26528730486890906,0.43,100.0,QUOTING
1780430291.4106047,67106.561,67122.66715,0.2668634294969722,0.43,100.0,QUOTING
1780430291.6813364,67106.561,67122.66715,0.26848288345442217,0.43,100.0,QUOTING
1780430291.910852,67109.91833916707,67122.66715,0.27052258889862285,0.43,100.0,QUOTING
1780430292.1725287,67109.91833916707,67122.66715,0.27279773756343106,0.43,100.0,QUOTING
1780430292.3615386,67109.91833916707,67122.66715,0.27440852793440834,0.485,100.0,QUOTING
1780430292.5511987,67109.91833916707,67122.66715,0.2759970202365261,0.485,100.0,QUOTING
1780430292.8511524,67112.24606361154,67122.66715,0.2791128843602191,0.485,100.0,QUOTING
1780430293.0836241,67112.24606361154,67122.66715,0.28147090843602485,0.485,100.0,QUOTING
1780430293.316046,67113.0058007585,67122.66715,0.2839508848150255,0.485,100.0,QUOTING
1780430293.5538144,67113.0058007585,67122.66715,0.2864346550073794,0.485,100.0,QUOTING
1780430293.7633874,67113.0058007585,67122.66715,0.2885808240592789,0.485,100.0,QUOTING
1780430294.0114741,67113.0058007585,67122.66715,0.29107082057424244,0.5,100.0,QUOTING
1780430294.2866445,67113.0058007585,67122.66715,0.2937723945292405,0.51,100.0,QUOTING
1780430294.5130386,67113.6966489509,67122.66715,0.296098822722396,0.51,100.0,QUOTING
1780430294.729673,67113.6966489509,67122.66715,0.29833269726685696,0.51,100.0,QUOTING
1780430295.0321267,67113.6966489509,67122.66715,0.30137820744661437,0.51,100.0,QUOTING
1780430295.2650409,67113.6966489509,67122.66715,0.3036672588148098,0.525,100.0,QUOTING
1780430295.4544485,67120.06021866723,67122.66715,0.30669059167847446,0.525,100.0,QUOTING
1780430295.6630392,67120.06021866723,67122.66715,0.30996301386790454,0.525,100.0,QUOTING
1780430295.8822129,67120.06021866723,67122.66715,0.3133384874028948,0.525,100.0,QUOTING
1780430296.1209366,67120.06021866723,67122.66715,0.31694263548830826,0.525,100.0,QUOTING
1780430296.3543804,67120.06021866723,67122.66715,0.32039476610988377,0.525,100.0,QUOTING
1780430296.5816863,67120.06021866723,67122.66715,0.32368881932072985,0.525,100.0,QUOTING
1780430296.7773001,67126.77669680656,67122.66715,0.3278164892536606,0.525,100.0,QUOTING
1780430296.979691,67126.77669680656,67122.66715,0.3320145809080823,0.49,100.0,MAKER_FILL_BUY
1780430296.979691,67126.77669680656,67122.66715,0.3320145809080823,0.525,100.0,QUOTING
1780430297.4416761,67130.21456922371,67122.66715,0.3429532427320431,0.49,100.0,MAKER_FILL_BUY
1780430297.4416761,67130.21456922371,67122.66715,0.3429532427320431,0.525,100.0,QUOTING
1780430298.004555,67130.21456922371,67122.66715,0.35571465656620743,0.49,100.0,MAKER_FILL_BUY
1780430298.004555,67130.21456922371,67122.66715,0.35571465656620743,0.525,100.0,QUOTING
1780430298.6254475,67131.51680551589,67122.66715,0.36991027986011793,0.57,100.0,MAKER_FILL_BUY
1780430298.6254475,67131.51680551589,67122.66715,0.36991027986011793,0.565,100.0,QUOTING
1780430299.0232193,67131.51680551589,67122.66715,0.3785983008095414,0.57,100.0,MAKER_FILL_BUY
1780430299.0232193,67131.51680551589,67122.66715,0.3785983008095414,0.565,100.0,QUOTING
1780430299.5183544,67131.51680551589,67122.66715,0.38901021437962546,0.57,100.0,MAKER_FILL_BUY
1780430299.5183544,67131.51680551589,67122.66715,0.38901021437962546,0.565,100.0,QUOTING
1780430299.9843695,67132.14285722296,67122.66715,0.39848958111465005,0.57,100.0,MAKER_FILL_BUY
1780430299.9843695,67132.14285722296,67122.66715,0.39848958111465005,0.565,159.27751123626348,TAKER_BUY_YES
1780430299.9843695,67132.14285722296,67122.66715,0.39848958111465005,0.565,0.0,QUOTING
1780430300.4709404,67132.14250722296,67122.66715,0.40798511697347933,0.565,160.80886723566763,TAKER_BUY_YES
1780430300.4709404,67132.14250722296,67122.66715,0.40798511697347933,0.565,0.0,QUOTING
1780430300.7467892,67132.14250722296,67122.66715,0.41318222329247095,0.565,161.2591314096251,TAKER_BUY_YES
1780430300.7467892,67132.14250722296,67122.66715,0.41318222329247095,0.565,0.0,QUOTING
1780430301.0647416,67132.14250722296,67122.66715,0.4190203186711837,0.565,162.20229765715806,TAKER_BUY_YES
1780430301.0647416,67132.14250722296,67122.66715,0.4190203186711837,0.565,0.0,QUOTING
1780430301.248133,67132.14250722296,67122.66715,0.42231065612311314,0.565,162.66093704159042,TAKER_BUY_YES
1780430301.248133,67132.14250722296,67122.66715,0.42231065612311314,0.565,0.0,QUOTING
1780430301.4690235,67132.14250722296,67122.66715,0.4262050867924228,0.565,163.38895260151494,TAKER_BUY_YES
1780430301.4690235,67132.14250722296,67122.66715,0.4262050867924228,0.565,0.0,QUOTING
1780430301.7607667,67132.27994522902,67122.66715,0.4312764339870409,0.565,172.30910805941008,TAKER_BUY_YES
1780430301.7607667,67132.27994522902,67122.66715,0.4312764339870409,0.565,0.0,QUOTING
1780430302.073607,67132.27994522902,67122.66715,0.43657253628987686,0.565,173.4469907493405,TAKER_BUY_YES
1780430302.073607,67132.27994522902,67122.66715,0.43657253628987686,0.565,0.0,QUOTING
1780430302.373014,67132.3056658153,67122.66715,0.44151268074195,0.565,175.8369874923389,TAKER_BUY_YES
1780430302.373014,67132.3056658153,67122.66715,0.44151268074195,0.565,0.0,QUOTING
1780430302.6873827,67132.3056658153,67122.66715,0.44656140026957286,0.565,176.91864926746285,TAKER_BUY_YES
1780430302.6873827,67132.3056658153,67122.66715,0.44656140026957286,0.565,0.0,QUOTING
1780430302.9861474,67132.3056658153,67122.66715,0.4512294604087977,0.565,177.7517776803686,TAKER_BUY_YES
1780430302.9861474,67132.3056658153,67122.66715,0.4512294604087977,0.565,0.0,QUOTING
1780430303.3630538,67132.3056658153,67122.66715,0.4569463140217297,0.565,178.82514419909342,TAKER_BUY_YES
1780430303.3630538,67132.3056658153,67122.66715,0.4569463140217297,0.565,0.0,QUOTING
1780430303.7293108,67132.3056658153,67122.66715,0.4623181101018806,0.545,408.5703818918016,TAKER_BUY_YES
1780430303.7293108,67132.3056658153,67122.66715,0.4623181101018806,0.545,0.0,QUOTING
1780430304.1225207,67131.20394962466,67122.66715,0.4674360847326993,0.545,344.2268581712333,TAKER_BUY_YES
1780430304.1225207,67131.20394962466,67122.66715,0.4674360847326993,0.545,0.0,QUOTING
1780430304.323266,67131.20394962466,67122.66715,0.46997594162822465,0.545,344.66232340042586,TAKER_BUY_YES
1780430304.323266,67131.20394962466,67122.66715,0.46997594162822465,0.545,0.0,QUOTING
1780430304.6492257,67131.03047,67122.66715,0.4739818916477613,0.51,400.5579444814683,TAKER_BUY_YES
1780430304.6492257,67131.03047,67122.66715,0.4739818916477613,0.51,0.0,QUOTING
1780430304.852017,67131.03047,67122.66715,0.4764125307255331,0.51,401.0230500500581,TAKER_BUY_YES
1780430304.852017,67131.03047,67122.66715,0.4764125307255331,0.51,0.0,QUOTING
1780430305.1719043,67131.03047,67122.66715,0.4801614711849828,0.51,401.4153680412309,TAKER_BUY_YES
1780430305.1719043,67131.03047,67122.66715,0.4801614711849828,0.51,0.0,QUOTING
1780430305.4031246,67131.03047,67122.66715,0.4828020298368912,0.51,401.90986897042114,TAKER_BUY_YES
1780430305.4031246,67131.03047,67122.66715,0.4828020298368912,0.51,0.0,QUOTING
1780430305.5920632,67131.03047,67122.66715,0.4849177213946148,0.505,459.1179638448277,TAKER_BUY_YES
1780430305.5920632,67131.03047,67122.66715,0.4849177213946148,0.505,0.0,QUOTING
1780430305.868229,67128.716996154,67122.66715,0.4872390001882269,0.505,317.9328696005734,TAKER_BUY_YES
1780430305.868229,67128.716996154,67122.66715,0.4872390001882269,0.505,0.0,QUOTING
1780430306.209238,67128.716996154,67122.66715,0.49002735024767186,0.505,318.43708975661235,TAKER_BUY_YES
1780430306.209238,67128.716996154,67122.66715,0.49002735024767186,0.505,0.0,QUOTING
1780430306.5249922,67128.716996154,67122.66715,0.4925320039412898,0.505,319.0274531694367,TAKER_BUY_YES
1780430306.5249922,67128.716996154,67122.66715,0.4925320039412898,0.505,0.0,QUOTING
1780430306.729646,67128.716996154,67122.66715,0.49411564896399823,0.505,319.4279075956058,TAKER_BUY_YES
1780430306.729646,67128.716996154,67122.66715,0.49411564896399823,0.505,0.0,QUOTING
1780430306.9706616,67127.93803967045,67122.66715,0.4957288932992151,0.505,271.49287976066955,TAKER_BUY_YES
1780430306.9706616,67127.93803967045,67122.66715,0.4957288932992151,0.505,0.0,QUOTING
1780430307.2845702,67127.93803967045,67122.66715,0.49777953400076524,0.505,271.88058050425155,TAKER_BUY_YES
1780430307.2845702,67127.93803967045,67122.66715,0.49777953400076524,0.505,0.0,QUOTING
1780430307.5166197,67127.93803967045,67122.66715,0.49925711033670006,0.505,272.1861396959611,TAKER_BUY_YES
1780430307.5166197,67127.93803967045,67122.66715,0.49925711033670006,0.505,0.0,QUOTING
1780430307.7191567,67127.74642691696,67122.66715,0.5004754264338831,0.51,260.6136810497097,TAKER_BUY_YES
1780430307.7191567,67127.74642691696,67122.66715,0.5004754264338831,0.51,0.0,QUOTING
1780430307.975132,67127.74642691696,67122.66715,0.5019821894234208,0.51,260.4581905750354,TAKER_BUY_YES
1780430307.975132,67127.74642691696,67122.66715,0.5019821894234208,0.51,0.0,QUOTING
1780430308.1977825,67127.74642691696,67122.66715,0.5032644366934911,0.51,260.87962495055183,TAKER_BUY_YES
1780430308.1977825,67127.74642691696,67122.66715,0.5032644366934911,0.51,0.0,QUOTING
1780430308.457056,67127.74642691696,67122.66715,0.5047249084868833,0.51,261.34354360805366,TAKER_BUY_YES
1780430308.457056,67127.74642691696,67122.66715,0.5047249084868833,0.51,0.0,QUOTING
1780430308.644713,67127.74642691696,67122.66715,0.5057599717690063,0.51,261.61772781356365,TAKER_BUY_YES
1780430308.644713,67127.74642691696,67122.66715,0.5057599717690063,0.51,0.0,QUOTING
1780430308.8360772,67127.74642691696,67122.66715,0.5067978513484709,0.5,375.86539349180754,TAKER_BUY_YES
1780430308.8360772,67127.74642691696,67122.66715,0.5067978513484709,0.5,0.0,QUOTING
1780430309.0500033,67127.68605461656,67122.66715,0.5079217139709389,0.5,372.46680719073447,TAKER_BUY_YES
1780430309.0500033,67127.68605461656,67122.66715,0.5079217139709389,0.5,0.0,QUOTING
1780430309.242038,67127.68605461656,67122.66715,0.508911871858944,0.5,372.7676289938338,TAKER_BUY_YES
1780430309.242038,67127.68605461656,67122.66715,0.508911871858944,0.5,0.0,QUOTING
1780430309.4472136,67127.68605461656,67122.66715,0.5099504796392075,0.5,373.04570387085136,TAKER_BUY_YES
1780430309.4472136,67127.68605461656,67122.66715,0.5099504796392075,0.5,0.0,QUOTING
1780430309.6902149,67127.90006914116,67122.66715,0.5112341585154573,0.5,390.1467362456021,TAKER_BUY_YES
1780430309.6902149,67127.90006914116,67122.66715,0.5112341585154573,0.5,0.0,QUOTING
1780430309.9468672,67127.90006914116,67122.66715,0.5125591931503849,0.5,390.53699829225087,TAKER_BUY_YES
1780430309.9468672,67127.90006914116,67122.66715,0.5125591931503849,0.5,0.0,QUOTING
1780430310.1973476,67127.90006914116,67122.66715,0.5138218659984052,0.48,618.7748264655312,TAKER_BUY_YES
1780430310.1973476,67127.90006914116,67122.66715,0.5138218659984052,0.48,0.0,QUOTING
1780430310.4643185,67127.90006914116,67122.66715,0.5151348568960403,0.48,619.0928127952327,TAKER_BUY_YES
1780430310.4643185,67127.90006914116,67122.66715,0.5151348568960403,0.48,0.0,QUOTING
1780430310.67615,67127.90006914116,67122.66715,0.5161534582442634,0.48,0.0,QUOTING
1780430310.9596741,67123.74417,67122.66715,0.5160259302691823,0.48,0.0,QUOTING
1780430311.1565344,67123.74417,67122.66715,0.5159398542877575,0.48,0.0,QUOTING
1780430311.3566866,67123.74417,67122.66715,0.5158544844565754,0.48,0.0,QUOTING
1780430311.5467439,67121.38137292596,67122.66715,0.5152072806979117,0.48,0.0,QUOTING
1780430311.755206,67121.38137292596,67122.66715,0.5145109228391558,0.51,100.0,MAKER_FILL_SELL
1780430311.755206,67121.38137292596,67122.66715,0.5145109228391558,0.48,0.0,QUOTING
1780430312.24248,67121.38137292596,67122.66715,0.5129331970518078,0.51,100.0,MAKER_FILL_SELL
1780430312.24248,67121.38137292596,67122.66715,0.5129331970518078,0.48,0.0,QUOTING
1780430312.846194,67121.38137292596,67122.66715,0.5110796021915582,0.51,100.0,MAKER_FILL_SELL
1780430312.846194,67121.38137292596,67122.66715,0.5110796021915582,0.48,0.0,QUOTING
1780430313.326994,67118.91415089362,67122.66715,0.5081631116634241,0.51,100.0,MAKER_FILL_SELL
1780430313.326994,67118.91415089362,67122.66715,0.5081631116634241,0.48,0.0,QUOTING
1780430313.7612715,67118.91415089362,67122.66715,0.5056475009179228,0.51,100.0,MAKER_FILL_SELL
1780430313.7612715,67118.91415089362,67122.66715,0.5056475009179228,0.48,0.0,QUOTING
1780430314.2555466,67119.12482412938,67122.66715,0.5030460802952652,0.51,100.0,MAKER_FILL_SELL
1780430314.2555466,67119.12482412938,67122.66715,0.5030460802952652,0.48,0.0,QUOTING
1780430314.6770008,67121.35737854343,67122.66715,0.502166397258531,0.51,100.0,MAKER_FILL_SELL
1780430314.6770008,67121.35737854343,67122.66715,0.502166397258531,0.48,0.0,QUOTING
1780430315.0813413,67121.35737854343,67122.66715,0.501353976884472,0.51,100.0,MAKER_FILL_SELL
1780430315.0813413,67121.35737854343,67122.66715,0.501353976884472,0.48,0.0,QUOTING
1780430315.6213045,67122.25740552615,67122.66715,0.5009674803711073,0.51,100.0,MAKER_FILL_SELL
1780430315.6213045,67122.25740552615,67122.66715,0.5009674803711073,0.48,0.0,QUOTING
1780430316.1862736,67122.25740552615,67122.66715,0.5005852374634125,0.51,100.0,MAKER_FILL_SELL
1780430316.1862736,67122.25740552615,67122.66715,0.5005852374634125,0.48,0.0,QUOTING
1780430316.7641687,67122.27112900012,67122.66715,0.5002272141790696,0.51,100.0,MAKER_FILL_SELL
1780430316.7641687,67122.27112900012,67122.66715,0.5002272141790696,0.48,0.0,QUOTING
1780430317.2252278,67122.27112900012,67122.66715,0.4999580702623811,0.435,0.0,QUOTING
1780430317.510378,67121.78441266391,67122.66715,0.4996048343210481,0.425,0.0,QUOTING
1780430317.7703202,67121.78441266391,67122.66715,0.4992935349919396,0.425,0.0,QUOTING
1780430317.958047,67121.78441266391,67122.66715,0.4990733089704137,0.425,0.0,QUOTING
1780430318.1878848,67121.78441266391,67122.66715,0.49880960765091636,0.425,0.0,QUOTING
1780430318.4030273,67121.78441266391,67122.66715,0.4985682344363234,0.425,0.0,QUOTING
1780430318.5913622,67121.78441266391,67122.66715,0.49836126146305215,0.425,0.0,QUOTING
1780430318.781308,67119.18493733948,67122.66715,0.49744460538923574,0.425,0.0,QUOTING
1780430318.9841113,67119.18493733948,67122.66715,0.49648425445475114,0.425,0.0,QUOTING
1780430319.2007103,67119.18493733948,67122.66715,0.4954808745626826,0.425,0.0,QUOTING
1780430319.4877915,67118.30151101375,67122.66715,0.4938169851810613,0.425,0.0,QUOTING
1780430319.75307,67118.30151101375,67122.66715,0.4923246414066089,0.425,0.0,QUOTING
1780430320.0685685,67118.30151101375,67122.66715,0.49058027731877324,0.425,0.0,QUOTING
1780430320.3452427,67117.75798,67122.66715,0.4888740880688508,0.425,0.0,QUOTING
1780430320.649585,67117.75798,67122.66715,0.48705428547143276,0.42,0.0,QUOTING
1780430320.8181915,67117.75798,67122.66715,0.4860730398056499,0.42,0.0,QUOTING
1780430321.09655,67117.75798,67122.66715,0.4844896530413254,0.42,0.0,QUOTING
1780430321.420787,67117.75798,67122.66715,0.4826998705840311,0.42,0.0,QUOTING
1780430321.6659627,67109.94370823263,67122.66715,0.4785562991310625,0.42,0.0,QUOTING
1780430321.9370232,67109.94370823263,67122.66715,0.47409816832119767,0.42,100.0,MAKER_FILL_SELL
1780430321.9370232,67109.94370823263,67122.66715,0.47409816832119767,0.42,0.0,QUOTING
1780430322.4246917,67109.94370823263,67122.66715,0.4663808047284409,0.42,100.0,MAKER_FILL_SELL
1780430322.4246917,67109.94370823263,67122.66715,0.4663808047284409,0.42,0.0,QUOTING
1780430322.936389,67108.10588111296,67122.66715,0.4573747252432529,0.42,100.0,MAKER_FILL_SELL
1780430322.936389,67108.10588111296,67122.66715,0.4573747252432529,0.42,0.0,QUOTING
1780430323.4705424,67107.86067,67122.66715,0.4483120798876065,0.42,100.0,MAKER_FILL_SELL
1780430323.4705424,67107.86067,67122.66715,0.4483120798876065,0.39,0.0,QUOTING
1780430323.9435065,67107.86067,67122.66715,0.440720382874186,0.42,100.0,MAKER_FILL_SELL
1780430323.9435065,67107.86067,67122.66715,0.440720382874186,0.39,0.0,QUOTING
1780430324.431618,67107.86067,67122.66715,0.4332892259203417,0.42,100.0,MAKER_FILL_SELL
1780430324.431618,67107.86067,67122.66715,0.4332892259203417,0.39,0.0,QUOTING
1780430325.2622077,67107.69931555493,67122.66715,0.4214086365576578,0.42,100.0,MAKER_FILL_SELL
1780430325.2622077,67107.69931555493,67122.66715,0.4214086365576578,0.39,0.0,QUOTING
1780430325.7271473,67107.70560555493,67122.66715,0.4152453285904501,0.42,100.0,MAKER_FILL_SELL
1780430325.7271473,67107.70560555493,67122.66715,0.4152453285904501,0.39,0.0,QUOTING
1780430326.1357646,67107.70560555493,67122.66715,0.41008507493399543,0.42,100.0,MAKER_FILL_SELL
1780430326.1357646,67107.70560555493,67122.66715,0.41008507493399543,0.39,0.0,QUOTING
1780430326.5533397,67107.70560555493,67122.66715,0.40504262515634,0.42,100.0,MAKER_FILL_SELL
1780430326.5533397,67107.70560555493,67122.66715,0.40504262515634,0.39,0.0,QUOTING
1780430327.0938525,67107.50415363455,67122.66715,0.39867663459157404,0.42,100.0,MAKER_FILL_SELL
1780430327.0938525,67107.50415363455,67122.66715,0.39867663459157404,0.39,0.0,QUOTING
1780430327.5631595,67107.50415417505,67122.66715,0.3934502991975511,0.42,100.0,MAKER_FILL_SELL
1780430327.5631595,67107.50415417505,67122.66715,0.3934502991975511,0.39,0.0,QUOTING
1780430327.9809995,67107.50415417505,67122.66715,0.3890194941579339,0.42,100.0,MAKER_FILL_SELL
1780430327.9809995,67107.50415417505,67122.66715,0.3890194941579339,0.39,0.0,QUOTING
1780430328.4284322,67107.50415417505,67122.66715,0.38449323119851475,0.42,100.0,MAKER_FILL_SELL
1780430328.4284322,67107.50415417505,67122.66715,0.38449323119851475,0.39,0.0,QUOTING
1780430328.854646,67107.58820587654,67122.66715,0.3804377863644649,0.42,100.0,MAKER_FILL_SELL
1780430328.854646,67107.58820587654,67122.66715,0.3804377863644649,0.39,0.0,QUOTING
1780430329.430974,67107.46690024817,67122.66715,0.3751218355880916,0.42,100.0,MAKER_FILL_SELL
1780430329.430974,67107.46690024817,67122.66715,0.3751218355880916,0.39,0.0,QUOTING
1780430329.8471987,67107.46690024817,67122.66715,0.37149304262123495,0.42,100.0,MAKER_FILL_SELL
1780430329.8471987,67107.46690024817,67122.66715,0.37149304262123495,0.39,0.0,QUOTING
1780430330.2974584,67107.46690024817,67122.66715,0.3676189145746754,0.43,100.0,MAKER_FILL_SELL
1780430330.2974584,67107.46690024817,67122.66715,0.3676189145746754,0.395,0.0,QUOTING
1780430330.695094,67107.46690024817,67122.66715,0.36435164871492653,0.43,100.0,MAKER_FILL_SELL
1780430330.695094,67107.46690024817,67122.66715,0.36435164871492653,0.395,0.0,QUOTING
1780430331.2155566,67107.78767683296,67122.66715,0.3605414876249921,0.43,100.0,MAKER_FILL_SELL
1780430331.2155566,67107.78767683296,67122.66715,0.3605414876249921,0.395,0.0,QUOTING
1780430331.687966,67107.78767683296,67122.66715,0.35726163378276166,0.43,100.0,MAKER_FILL_SELL
1780430331.687966,67107.78767683296,67122.66715,0.35726163378276166,0.395,0.0,QUOTING
1780430332.06384,67111.91353952349,67122.66715,0.3574466528285093,0.43,100.0,MAKER_FILL_SELL
1780430332.06384,67111.91353952349,67122.66715,0.3574466528285093,0.395,0.0,QUOTING
1780430332.5261862,67116.00170893788,67122.66715,0.361073355609851,0.46,100.0,MAKER_FILL_SELL
1780430332.5261862,67116.00170893788,67122.66715,0.361073355609851,0.495,0.0,QUOTING
1780430332.9636703,67116.00170893788,67122.66715,0.3642870613399282,0.46,100.0,MAKER_FILL_SELL
1780430332.9636703,67116.00170893788,67122.66715,0.3642870613399282,0.495,0.0,QUOTING
1780430333.4701667,67116.00170893788,67122.66715,0.36775677816693775,0.52,100.0,MAKER_FILL_SELL
1780430333.4701667,67116.00170893788,67122.66715,0.36775677816693775,0.525,629.3610528668511,TAKER_SELL_YES
1780430333.4701667,67116.00170893788,67122.66715,0.36775677816693775,0.525,0.0,QUOTING
1780430333.9937446,67116.00170893788,67122.66715,0.3710745146358398,0.525,631.4496004885291,TAKER_SELL_YES
1780430333.9937446,67116.00170893788,67122.66715,0.3710745146358398,0.525,0.0,QUOTING
1780430334.169593,67120.40693469698,67122.66715,0.373669428163139,0.525,292.8985389141007,TAKER_SELL_YES
1780430334.169593,67120.40693469698,67122.66715,0.373669428163139,0.525,0.0,QUOTING
1780430334.4128742,67120.40693469698,67122.66715,0.3771579102834356,0.525,292.6529335100106,TAKER_SELL_YES
1780430334.4128742,67120.40693469698,67122.66715,0.3771579102834356,0.525,0.0,QUOTING
1780430334.703315,67120.40693469698,67122.66715,0.3811714314223479,0.525,292.7984886658167,TAKER_SELL_YES
1780430334.703315,67120.40693469698,67122.66715,0.3811714314223479,0.525,0.0,QUOTING
1780430335.0202162,67122.15100113359,67122.66715,0.3864885487178601,0.525,156.9384650869895,TAKER_SELL_YES
1780430335.0202162,67122.15100113359,67122.66715,0.3864885487178601,0.525,0.0,QUOTING
1780430335.2828016,67122.15100113359,67122.66715,0.39072509462068106,0.59,526.0635798065689,TAKER_SELL_YES
1780430335.2828016,67122.15100113359,67122.66715,0.39072509462068106,0.59,0.0,QUOTING
1780430335.4680266,67122.15100113359,67122.66715,0.39361898278466784,0.59,526.2602156737545,TAKER_SELL_YES
1780430335.4680266,67122.15100113359,67122.66715,0.39361898278466784,0.59,0.0,QUOTING
1780430335.8120413,67122.32587,67122.66715,0.3989249415675177,0.595,577.652689059954,TAKER_SELL_YES
1780430335.8120413,67122.32587,67122.66715,0.3989249415675177,0.595,0.0,QUOTING
1780430336.0325534,67122.32587,67122.66715,0.4021911766636239,0.595,577.0362992529285,TAKER_SELL_YES
1780430336.0325534,67122.32587,67122.66715,0.4021911766636239,0.595,0.0,QUOTING
1780430336.269839,67122.32587,67122.66715,0.40559469418745814,0.595,577.0482906509042,TAKER_SELL_YES
1780430336.269839,67122.32587,67122.66715,0.40559469418745814,0.595,0.0,QUOTING
1780430336.4629285,67122.75870914677,67122.66715,0.4084532569961295,0.595,541.4209268358837,TAKER_SELL_YES
1780430336.4629285,67122.75870914677,67122.66715,0.4084532569961295,0.595,0.0,QUOTING
1780430336.7522666,67122.75870914677,67122.66715,0.4125969161064162,0.595,540.9807430654059,TAKER_SELL_YES
1780430336.7522666,67122.75870914677,67122.66715,0.4125969161064162,0.595,0.0,QUOTING
1780430337.453894,67122.75870914677,67122.66715,0.42199239955774903,0.595,540.3310079708069,TAKER_SELL_YES
1780430337.453894,67122.75870914677,67122.66715,0.42199239955774903,0.595,0.0,QUOTING
1780430337.6374643,67122.75870914677,67122.66715,0.42428844238883606,0.595,540.2807142136169,TAKER_SELL_YES
1780430337.6374643,67122.75870914677,67122.66715,0.42428844238883606,0.595,0.0,QUOTING
1780430337.8548734,67122.75870914677,67122.66715,0.4269314114578468,0.495,0.0,QUOTING
1780430338.160754,67126.53714,67122.66715,0.43297156813935245,0.495,100.0,QUOTING
1780430338.4100676,67126.53714,67122.66715,0.4377012399531688,0.51,100.0,MAKER_FILL_BUY
1780430338.4100676,67126.53714,67122.66715,0.4377012399531688,0.485,244.0508509706658,TAKER_BUY_YES
1780430338.4100676,67126.53714,67122.66715,0.4377012399531688,0.485,0.0,QUOTING
1780430338.9325092,67123.98609258431,67122.66715,0.4442754508821197,0.47,218.96536670740147,TAKER_BUY_YES
1780430338.9325092,67123.98609258431,67122.66715,0.4442754508821197,0.47,0.0,QUOTING
1780430339.1124718,67123.98609258431,67122.66715,0.44642007213896445,0.47,219.14307246618984,TAKER_BUY_YES
1780430339.1124718,67123.98609258431,67122.66715,0.44642007213896445,0.47,0.0,QUOTING
1780430339.3506725,67123.98609258431,67122.66715,0.44917463275710856,0.47,219.10693088487176,TAKER_BUY_YES
1780430339.3506725,67123.98609258431,67122.66715,0.44917463275710856,0.47,0.0,QUOTING
1780430339.5920832,67122.03162451673,67122.66715,0.45082278164970946,0.47,100.0,QUOTING
1780430339.8840034,67122.03162451673,67122.66715,0.4527378872223623,0.47,100.0,MAKER_FILL_BUY
1780430339.8840034,67122.03162451673,67122.66715,0.4527378872223623,0.46499999999999997,100.0,QUOTING
1780430340.361021,67122.03162451673,67122.66715,0.4556848344450825,0.47,100.0,MAKER_FILL_BUY
1780430340.361021,67122.03162451673,67122.66715,0.4556848344450825,0.46499999999999997,100.0,QUOTING
1780430340.8594215,67122.03162451673,67122.66715,0.45854236281732896,0.47,100.0,MAKER_FILL_BUY
1780430340.8594215,67122.03162451673,67122.66715,0.45854236281732896,0.46499999999999997,100.0,QUOTING
1780430341.4124074,67121.714231127,67122.66715,0.4610641725785988,0.47,100.0,MAKER_FILL_BUY
1780430341.4124074,67121.714231127,67122.66715,0.4610641725785988,0.46499999999999997,100.0,QUOTING
1780430341.9523945,67118.03436383241,67122.66715,0.4587333181438823,0.47,100.0,MAKER_FILL_BUY
1780430341.9523945,67118.03436383241,67122.66715,0.4587333181438823,0.46499999999999997,145.72983346630153,TAKER_SELL_YES
1780430341.9523945,67118.03436383241,67122.66715,0.4587333181438823,0.46499999999999997,0.0,QUOTING
1780430342.5347204,67118.03436383241,67122.66715,0.45639536990543444,0.46499999999999997,147.7769105799109,TAKER_SELL_YES
1780430342.5347204,67118.03436383241,67122.66715,0.45639536990543444,0.46499999999999997,0.0,QUOTING
1780430342.755462,67114.07671162815,67122.66715,0.45349375633573674,0.46499999999999997,465.127328717038,TAKER_SELL_YES
1780430342.755462,67114.07671162815,67122.66715,0.45349375633573674,0.46499999999999997,0.0,QUOTING
1780430342.940321,67114.07671162815,67122.66715,0.4511358965361598,0.46499999999999997,466.0615678522755,TAKER_SELL_YES
1780430342.940321,67114.07671162815,67122.66715,0.4511358965361598,0.46499999999999997,0.0,QUOTING
1780430343.2760766,67114.07671162815,67122.66715,0.4469980584509693,0.495,816.88751914473,TAKER_SELL_YES
1780430343.2760766,67114.07671162815,67122.66715,0.4469980584509693,0.495,0.0,QUOTING
1780430343.5619247,67114.07671162815,67122.66715,0.4436320357536143,0.495,818.6285091374369,TAKER_SELL_YES
1780430343.5619247,67114.07671162815,67122.66715,0.4436320357536143,0.495,0.0,QUOTING
1780430343.8547058,67114.07671162815,67122.66715,0.4403228492213632,0.495,820.5953265932129,TAKER_SELL_YES
1780430343.8547058,67114.07671162815,67122.66715,0.4403228492213632,0.495,0.0,QUOTING
1780430344.1711426,67116.47848612492,67122.66715,0.4387357047506678,0.495,629.1271302009139,TAKER_SELL_YES
1780430344.1711426,67116.47848612492,67122.66715,0.4387357047506678,0.495,0.0,QUOTING
1780430344.4777846,67116.47848612492,67122.66715,0.43726046400310203,0.495,630.5252442055001,TAKER_SELL_YES
1780430344.4777846,67116.47848612492,67122.66715,0.43726046400310203,0.495,0.0,QUOTING
1780430344.655336,67116.47848612492,67122.66715,0.4364357843560037,0.495,631.3429366083612,TAKER_SELL_YES
1780430344.655336,67116.47848612492,67122.66715,0.4364357843560037,0.495,0.0,QUOTING
1780430344.938939,67121.29353086073,67122.66715,0.4386228425268169,0.495,231.978767541299,TAKER_SELL_YES
1780430344.938939,67121.29353086073,67122.66715,0.4386228425268169,0.495,0.0,QUOTING
1780430345.234948,67121.29353086073,67122.66715,0.4407854961279388,0.495,233.5730578639046,TAKER_SELL_YES
1780430345.234948,67121.29353086073,67122.66715,0.4407854961279388,0.495,0.0,QUOTING
1780430345.5398142,67131.86285337854,67122.66715,0.4512425201895882,0.715,483.1603839242575,TAKER_SELL_YES
1780430345.5398142,67131.86285337854,67122.66715,0.4512425201895882,0.715,0.0,QUOTING
1780430345.8553953,67131.86285337854,67122.66715,0.4615469826788204,0.715,480.4418330735612,TAKER_SELL_YES
1780430345.8553953,67131.86285337854,67122.66715,0.4615469826788204,0.715,0.0,QUOTING
1780430346.139752,67131.86285337854,67122.66715,0.47039383378111654,0.715,477.99569963040864,TAKER_SELL_YES
1780430346.139752,67131.86285337854,67122.66715,0.47039383378111654,0.715,0.0,QUOTING
1780430346.420157,67131.86285337854,67122.66715,0.4787319423790296,0.715,475.50100277216444,TAKER_SELL_YES
1780430346.420157,67131.86285337854,67122.66715,0.4787319423790296,0.715,0.0,QUOTING
1780430346.6258113,67131.86285337854,67122.66715,0.48460704491113105,0.715,473.7458343555708,TAKER_SELL_YES
1780430346.6258113,67131.86285337854,67122.66715,0.48460704491113105,0.715,0.0,QUOTING
1780430346.9381068,67150.79939,67122.66715,0.5056568964449579,0.765,713.6657184201999,TAKER_BUY_YES
1780430346.9381068,67150.79939,67122.66715,0.5056568964449579,0.765,0.0,QUOTING
1780430347.2052875,67150.79939,67122.66715,0.5228211472110356,0.765,718.3978822503511,TAKER_BUY_YES
1780430347.2052875,67150.79939,67122.66715,0.5228211472110356,0.765,0.0,QUOTING
1780430347.4494338,67150.79939,67122.66715,0.5378569660428136,0.765,723.0743291985232,TAKER_BUY_YES
1780430347.4494338,67150.79939,67122.66715,0.5378569660428136,0.765,0.0,QUOTING
1780430347.7642155,67150.79939,67122.66715,0.5563907709648733,0.765,729.3825559421113,TAKER_BUY_YES
1780430347.7642155,67150.79939,67122.66715,0.5563907709648733,0.765,0.0,QUOTING
1780430347.9580877,67150.79939,67122.66715,0.5673189124486242,0.735,1067.9395240518882,TAKER_BUY_YES
1780430347.9580877,67150.79939,67122.66715,0.5673189124486242,0.735,0.0,QUOTING
1780430348.2635882,67154.07193,67122.66715,0.5853581494704514,0.735,1263.9908487811108,TAKER_BUY_YES
1780430348.2635882,67154.07193,67122.66715,0.5853581494704514,0.735,0.0,QUOTING
1780430348.5524812,67154.07193,67122.66715,0.6015884015417584,0.735,1269.403091773438,TAKER_BUY_YES
1780430348.5524812,67154.07193,67122.66715,0.6015884015417584,0.735,0.0,QUOTING
1780430348.8429644,67153.57927179056,67122.66715,0.6169360032470708,0.735,1247.834713018331,TAKER_BUY_YES
1780430348.8429644,67153.57927179056,67122.66715,0.6169360032470708,0.735,0.0,QUOTING
1780430349.402611,67151.21555853236,67122.66715,0.6426204907414813,0.735,1119.7666552341468,TAKER_BUY_YES
1780430349.402611,67151.21555853236,67122.66715,0.6426204907414813,0.735,0.0,QUOTING
1780430349.6282134,67151.21555853236,67122.66715,0.6522609154409973,0.615,1503.8264072442635,TAKER_BUY_YES
1780430349.6282134,67151.21555853236,67122.66715,0.6522609154409973,0.615,0.0,QUOTING
1780430349.800696,67151.21555853236,67122.66715,0.6593822588116727,0.615,1506.1870268078203,TAKER_BUY_YES
1780430349.800696,67151.21555853236,67122.66715,0.6593822588116727,0.615,0.0,QUOTING
1780430350.0045924,67151.21555853236,67122.66715,0.6675425050245104,0.615,1509.1719829002348,TAKER_BUY_YES
1780430350.0045924,67151.21555853236,67122.66715,0.6675425050245104,0.615,0.0,QUOTING
1780430350.268285,67151.21555853236,67122.66715,0.6763091554645961,0.615,1346.1106078552143,TAKER_BUY_YES
1780430350.268285,67151.21555853236,67122.66715,0.6763091554645961,0.615,0.0,QUOTING
1780430350.4885716,67151.21555853236,67122.66715,0.6833389006966578,0.615,1349.518767284153,TAKER_BUY_YES
1780430350.4885716,67151.21555853236,67122.66715,0.6833389006966578,0.615,0.0,QUOTING
1780430350.6828964,67142.51021687035,67122.66715,0.6860741498519275,0.615,830.9055351525989,TAKER_BUY_YES
1780430350.6828964,67142.51021687035,67122.66715,0.6860741498519275,0.615,0.0,QUOTING
1780430350.8813453,67142.51021687035,67122.66715,0.6887874312206365,0.615,833.638772206412,TAKER_BUY_YES
1780430350.8813453,67142.51021687035,67122.66715,0.6887874312206365,0.615,0.0,QUOTING
1780430351.070829,67142.51021687035,67122.66715,0.6913030534600489,0.615,836.2135952261269,TAKER_BUY_YES
1780430351.070829,67142.51021687035,67122.66715,0.6913030534600489,0.615,0.0,QUOTING
1780430351.3967285,67142.51021687035,67122.66715,0.6954842345247046,0.63,845.1669064853487,TAKER_BUY_YES
1780430351.3967285,67142.51021687035,67122.66715,0.6954842345247046,0.63,0.0,QUOTING
1780430351.6804724,67135.93450747311,67122.66715,0.6945433315072487,0.63,367.1259335908789,TAKER_BUY_YES
1780430351.6804724,67135.93450747311,67122.66715,0.6945433315072487,0.63,0.0,QUOTING
1780430351.9905457,67135.93450747311,67122.66715,0.6936045666386504,0.63,370.55262180035453,TAKER_BUY_YES
1780430351.9905457,67135.93450747311,67122.66715,0.6936045666386504,0.63,0.0,QUOTING
1780430352.2337663,67135.93450747311,67122.66715,0.6929277022300308,0.63,373.2770390325805,TAKER_BUY_YES
1780430352.2337663,67135.93450747311,67122.66715,0.6929277022300308,0.63,0.0,QUOTING
1780430352.5144668,67135.34693790993,67122.66715,0.6917849919541231,0.63,329.98666939694147,TAKER_BUY_YES
1780430352.5144668,67135.34693790993,67122.66715,0.6917849919541231,0.63,0.0,QUOTING
1780430352.8126547,67135.34693790993,67122.66715,0.6906676062958507,0.63,333.22221228951923,TAKER_BUY_YES
1780430352.8126547,67135.34693790993,67122.66715,0.6906676062958507,0.63,0.0,QUOTING
1780430353.0132322,67135.34693790993,67122.66715,0.6899664273632756,0.63,335.4089902671191,TAKER_BUY_YES
1780430353.0132322,67135.34693790993,67122.66715,0.6899664273632756,0.63,0.0,QUOTING
1780430353.2759607,67135.34693790993,67122.66715,0.6891090907325643,0.635,338.050431921992,TAKER_BUY_YES
1780430353.2759607,67135.34693790993,67122.66715,0.6891090907325643,0.635,0.0,QUOTING
1780430353.5786476,67134.9662529219,67122.66715,0.6878950784296894,0.635,310.6138115407969,TAKER_BUY_YES
1780430353.5786476,67134.9662529219,67122.66715,0.6878950784296894,0.635,0.0,QUOTING
1780430353.7918038,67134.9662529219,67122.66715,0.6870965228288092,0.635,312.55374688414383,TAKER_BUY_YES
1780430353.7918038,67134.9662529219,67122.66715,0.6870965228288092,0.635,0.0,QUOTING
1780430354.0978603,67134.9662529219,67122.66715,0.6860433597094187,0.635,316.2357107611115,TAKER_BUY_YES
1780430354.0978603,67134.9662529219,67122.66715,0.6860433597094187,0.635,0.0,QUOTING
1780430354.3502345,67134.9662529219,67122.66715,0.6852444322824293,0.635,318.89276061013175,TAKER_BUY_YES
1780430354.3502345,67134.9662529219,67122.66715,0.6852444322824293,0.635,0.0,QUOTING
1780430354.5564122,67134.66088714714,67122.66715,0.6844621197414136,0.635,296.57844575708776,TAKER_BUY_YES
1780430354.5564122,67134.66088714714,67122.66715,0.6844621197414136,0.635,0.0,QUOTING
1780430354.8224885,67134.66088714714,67122.66715,0.6835249118399146,0.635,299.5317647349486,TAKER_BUY_YES
1780430354.8224885,67134.66088714714,67122.66715,0.6835249118399146,0.635,0.0,QUOTING
1780430355.0252469,67134.66088714714,67122.66715,0.6828598153509188,0.635,301.80751162876965,TAKER_BUY_YES
1780430355.0252469,67134.66088714714,67122.66715,0.6828598153509188,0.635,0.0,QUOTING
1780430355.2182095,67134.66088714714,67122.66715,0.6822652252860426,0.6699999999999999,0.0,QUOTING
1780430355.5008082,67137.57195613529,67122.66715,0.6835000825895817,0.72,100.0,MAKER_FILL_SELL
1780430355.5008082,67137.57195613529,67122.66715,0.6835000825895817,0.6699999999999999,520.0611385781834,TAKER_BUY_YES
1780430355.5008082,67137.57195613529,67122.66715,0.6835000825895817,0.6699999999999999,0.0,QUOTING
1780430356.0835943,67137.57195613529,67122.66715,0.6859931048770478,0.7050000000000001,0.0,QUOTING
1780430356.3055465,67137.57195613529,67122.66715,0.6868832791770232,0.79,100.0,MAKER_FILL_SELL
1780430356.3055465,67137.57195613529,67122.66715,0.6868832791770232,0.795,810.2997451928225,TAKER_SELL_YES
1780430356.3055465,67137.57195613529,67122.66715,0.6868832791770232,0.795,0.0,QUOTING
1780430356.884638,67141.99263594244,67122.66715,0.6957936852776027,0.795,304.3635544468381,TAKER_SELL_YES
1780430356.884638,67141.99263594244,67122.66715,0.6957936852776027,0.795,0.0,QUOTING
1780430357.1347957,67141.99263594244,67122.66715,0.6993397068553601,0.795,298.8924365676165,TAKER_SELL_YES
1780430357.1347957,67141.99263594244,67122.66715,0.6993397068553601,0.795,0.0,QUOTING
1780430357.3663437,67141.99263594244,67122.66715,0.7024888334220707,0.795,292.3756755866265,TAKER_SELL_YES
1780430357.3663437,67141.99263594244,67122.66715,0.7024888334220707,0.795,0.0,QUOTING
1780430357.6750495,67141.99263594244,67122.66715,0.706521813907529,0.805,510.7057159697187,TAKER_SELL_YES
1780430357.6750495,67141.99263594244,67122.66715,0.706521813907529,0.805,0.0,QUOTING
1780430357.8874216,67143.15142050493,67122.66715,0.7098018022063888,0.825,948.3840945310304,TAKER_SELL_YES
1780430357.8874216,67143.15142050493,67122.66715,0.7098018022063888,0.825,0.0,QUOTING
1780430358.0971353,67143.15142050493,67122.66715,0.7129220006543346,0.825,942.1955741756972,TAKER_SELL_YES
1780430358.0971353,67143.15142050493,67122.66715,0.7129220006543346,0.825,0.0,QUOTING
1780430358.3527398,67145.60453734784,67122.66715,0.7181286415559713,0.825,614.041279327572,TAKER_SELL_YES
1780430358.3527398,67145.60453734784,67122.66715,0.7181286415559713,0.825,0.0,QUOTING
1780430358.6638944,67145.60453734784,67122.66715,0.7241782164876706,0.825,599.9197467861871,TAKER_SELL_YES
1780430358.6638944,67145.60453734784,67122.66715,0.7241782164876706,0.825,0.0,QUOTING
1780430358.8588066,67145.60453734784,67122.66715,0.7277767004239251,0.855,597.5638774241402,TAKER_SELL_YES
1780430358.8588066,67145.60453734784,67122.66715,0.7277767004239251,0.855,0.0,QUOTING
1780430359.167999,67145.60453734784,67122.66715,0.7332585487944228,0.855,584.1730205389239,TAKER_SELL_YES
1780430359.167999,67145.60453734784,67122.66715,0.7332585487944228,0.855,0.0,QUOTING
1780430359.3823369,67150.17278563244,67122.66715,0.7391005359481051,0.845,100.0,QUOTING
1780430359.579357,67150.17278563244,67122.66715,0.7442658832914808,0.84,100.0,MAKER_FILL_BUY
1780430359.579357,67150.17278563244,67122.66715,0.7442658832914808,0.845,100.0,QUOTING
1780430360.1447043,67150.17278563244,67122.66715,0.7581844346757182,0.84,100.0,MAKER_FILL_BUY
1780430360.1447043,67150.17278563244,67122.66715,0.7581844346757182,0.845,100.0,QUOTING
1780430360.563603,67154.82696297247,67122.66715,0.7708657021629443,0.84,100.0,MAKER_FILL_BUY
1780430360.563603,67154.82696297247,67122.66715,0.7708657021629443,0.845,514.755888861755,TAKER_BUY_YES
1780430360.563603,67154.82696297247,67122.66715,0.7708657021629443,0.845,0.0,QUOTING
1780430361.088226,67154.82696297247,67122.66715,0.78533566712053,0.845,534.0243361074114,TAKER_BUY_YES
1780430361.088226,67154.82696297247,67122.66715,0.78533566712053,0.845,0.0,QUOTING
1780430361.390806,67154.82696297247,67122.66715,0.7929535074840327,0.845,543.3435547100664,TAKER_BUY_YES
1780430361.390806,67154.82696297247,67122.66715,0.7929535074840327,0.845,0.0,QUOTING
1780430361.8108585,67155.59809480766,67122.66715,0.8033937543253747,0.845,623.1135366307058,TAKER_BUY_YES
1780430361.8108585,67155.59809480766,67122.66715,0.8033937543253747,0.845,0.0,QUOTING
1780430362.1072662,67155.59809480766,67122.66715,0.8102151874957637,0.845,633.2588377105637,TAKER_BUY_YES
1780430362.1072662,67155.59809480766,67122.66715,0.8102151874957637,0.845,0.0,QUOTING
1780430362.4421022,67155.59809480766,67122.66715,0.817452437460809,0.845,645.1922410859667,TAKER_BUY_YES
1780430362.4421022,67155.59809480766,67122.66715,0.817452437460809,0.845,0.0,QUOTING
1780430362.7146919,67164.26399817086,67122.66715,0.82632350803246,0.895,759.8301857434965,TAKER_BUY_YES
1780430362.7146919,67164.26399817086,67122.66715,0.82632350803246,0.895,0.0,QUOTING
1780430362.9900618,67164.26399817086,67122.66715,0.834752203815322,0.895,771.0738735018025,TAKER_BUY_YES
1780430362.9900618,67164.26399817086,67122.66715,0.834752203815322,0.895,0.0,QUOTING
1780430363.2529776,67164.26399817086,67122.66715,0.8423347612761565,0.895,783.1741686083386,TAKER_BUY_YES
1780430363.2529776,67164.26399817086,67122.66715,0.8423347612761565,0.895,0.0,QUOTING
1780430363.4573786,67164.26399817086,67122.66715,0.8479147976364965,0.895,788.1570331300823,TAKER_BUY_YES
1780430363.4573786,67164.26399817086,67122.66715,0.8479147976364965,0.895,0.0,QUOTING
1780430363.7290459,67167.8190788829,67122.66715,0.8559038839303176,0.895,1029.4551182769835,TAKER_BUY_YES
1780430363.7290459,67167.8190788829,67122.66715,0.8559038839303176,0.895,0.0,QUOTING
1780430363.9916043,67167.8190788829,67122.66715,0.8631584513119421,0.9,1035.3439321228764,TAKER_BUY_YES
1780430363.9916043,67167.8190788829,67122.66715,0.8631584513119421,0.9,0.0,QUOTING
1780430364.2842872,67167.88002885184,67122.66715,0.8707650573615197,0.9,1049.0855054735648,TAKER_BUY_YES
1780430364.2842872,67167.88002885184,67122.66715,0.8707650573615197,0.9,0.0,QUOTING
1780430364.6015882,67167.88002885184,67122.66715,0.8784553007791405,0.9,1060.5123014972821,TAKER_BUY_YES
1780430364.6015882,67167.88002885184,67122.66715,0.8784553007791405,0.9,0.0,QUOTING
1780430364.8873053,67167.88002885184,67122.66715,0.8848958296136102,0.9199999999999999,1072.6226930952946,TAKER_BUY_YES
1780430364.8873053,67167.88002885184,67122.66715,0.8848958296136102,0.9199999999999999,0.0,QUOTING
1780430365.1295633,67167.88002885184,67122.66715,0.8900313332024368,0.925,1083.098600104651,TAKER_BUY_YES
1780430365.1295633,67167.88002885184,67122.66715,0.8900313332024368,0.925,0.0,QUOTING
1780430365.4644482,67167.69587,67122.66715,0.8963659627837602,0.925,1033.5775210029424,TAKER_BUY_YES
1780430365.4644482,67167.69587,67122.66715,0.8963659627837602,0.925,0.0,QUOTING
1780430365.7922084,67167.69587,67122.66715,0.9021350761294896,0.925,1050.82215722149,TAKER_BUY_YES
1780430365.7922084,67167.69587,67122.66715,0.9021350761294896,0.925,0.0,QUOTING
1780430366.0060637,67167.69587,67122.66715,0.9056609280113556,0.925,1059.2019045354302,TAKER_BUY_YES
1780430366.0060637,67167.69587,67122.66715,0.9056609280113556,0.925,0.0,QUOTING
1780430366.1714165,67167.69587,67122.66715,0.90826502074322,0.925,1064.4981881970625,TAKER_BUY_YES
1780430366.1714165,67167.69587,67122.66715,0.90826502074322,0.925,0.0,QUOTING
1780430366.3762693,67167.69587,67122.66715,0.91137357425873,0.925,1075.992180454679,TAKER_BUY_YES
1780430366.3762693,67167.69587,67122.66715,0.91137357425873,0.925,0.0,QUOTING
1780430366.6464798,67172.19951987271,67122.66715,0.9162110131820209,0.925,1301.3835840841332,TAKER_BUY_YES
1780430366.6464798,67172.19951987271,67122.66715,0.9162110131820209,0.925,0.0,QUOTING
1780430366.8463821,67172.19951987271,67122.66715,0.9195815665643834,0.965,0.0,QUOTING
1780430367.1055832,67172.19951987271,67122.66715,0.9237177966418592,0.965,0.0,QUOTING
1780430367.2769287,67172.19951987271,67122.66715,0.9263073897816645,0.965,0.0,QUOTING
1780430367.5059245,67174.65613,67122.66715,0.9299258396835888,0.965,100.0,QUOTING
1780430367.7482593,67174.65613,67122.66715,0.9335433099140692,0.97,100.0,MAKER_FILL_BUY
1780430367.7482593,67174.65613,67122.66715,0.9335433099140692,0.965,100.0,QUOTING
1780430368.2896173,67174.65613,67122.66715,0.9410030965476753,0.97,100.0,MAKER_FILL_BUY
1780430368.2896173,67174.65613,67122.66715,0.9410030965476753,0.965,100.0,QUOTING
1780430368.7607458,67176.10115062146,67122.66715,0.9470009719677588,0.97,100.0,MAKER_FILL_BUY
1780430368.7607458,67176.10115062146,67122.66715,0.9470009719677588,0.975,0.0,QUOTING
1780430369.44143,67176.10115062146,67122.66715,0.9545323520824288,0.975,0.0,QUOTING
1780430369.7397165,67176.10115062146,67122.66715,0.95740672285597,0.975,100.0,QUOTING
1780430369.9899137,67185.367883403,67122.66715,0.9600138677239467,0.97,100.0,MAKER_FILL_BUY
1780430369.9899137,67185.367883403,67122.66715,0.9600138677239467,0.975,100.0,QUOTING
1780430370.43322,67186.76418393107,67122.66715,0.9641889902158284,0.97,100.0,MAKER_FILL_BUY
1780430370.43322,67186.76418393107,67122.66715,0.9641889902158284,0.975,100.0,QUOTING
1780430370.852999,67186.76418393107,67122.66715,0.967651040160466,0.97,100.0,MAKER_FILL_BUY
1780430370.852999,67186.76418393107,67122.66715,0.967651040160466,0.975,100.0,QUOTING
1780430371.3796375,67186.76418393107,67122.66715,0.971407254987461,0.97,100.0,MAKER_FILL_BUY
1780430371.3796375,67186.76418393107,67122.66715,0.971407254987461,0.975,100.0,QUOTING
1780430371.809059,67188.42677025506,67122.66715,0.9740342561492272,0.985,0.0,QUOTING
1780430372.0307603,67188.42677025506,67122.66715,0.9752509411822758,0.985,0.0,QUOTING
1780430372.2790663,67188.42677025506,67122.66715,0.9765146245697833,0.985,0.0,QUOTING
1780430372.561407,67188.42677025506,67122.66715,0.9778332520166029,0.985,0.0,QUOTING
1780430372.768504,67195.68051,67122.66715,0.9787242299209278,0.985,0.0,QUOTING
1780430373.0739698,67195.68051,67122.66715,0.9799335325034151,0.985,0.0,QUOTING
1780430373.2806304,67195.68051,67122.66715,0.9806827732921756,0.985,0.0,QUOTING
1780430373.5658839,67195.68051,67122.66715,0.9816358568666541,0.985,0.0,QUOTING
1780430373.7559967,67196.56836334884,67122.66715,0.9822203339679915,0.985,0.0,QUOTING
1780430373.9638436,67196.56836334884,67122.66715,0.9828172428224592,0.98,100.0,QUOTING
1780430374.2775285,67196.44974579869,67122.66715,0.9836418748232042,0.98,100.0,QUOTING
1780430374.5919127,67196.44974579869,67122.66715,0.9843818657152043,0.98,100.0,QUOTING
1780430374.8707466,67196.44974579869,67122.66715,0.9849719121530615,0.98,100.0,QUOTING
1780430375.1922524,67196.44974579869,67122.66715,0.9855830879537869,0.98,100.0,QUOTING
1780430375.4474409,67192.54021718322,67122.66715,0.9860191107154284,0.98,100.0,QUOTING
1780430375.6545687,67192.54021718322,67122.66715,0.9863437921112364,0.98,100.0,QUOTING
1780430375.935253,67192.54021718322,67122.66715,0.9867463110513218,0.98,100.0,QUOTING
1780430376.1136403,67192.54021718322,67122.66715,0.9869804503124734,0.98,100.0,QUOTING
1780430376.3088198,67192.54021718322,67122.66715,0.9872192439594879,0.98,100.0,QUOTING
1780430376.4798796,67192.54021718322,67122.66715,0.9874143066479915,0.98,100.0,QUOTING
1780430376.7830942,67192.54021718322,67122.66715,0.9877308780844969,0.98,100.0,QUOTING
1780430376.9768581,67191.8313613836,67122.66715,0.987914033264299,0.98,100.0,QUOTING
1780430377.26658,67191.8313613836,67122.66715,0.9881636329044527,0.98,100.0,QUOTING
1780430377.4512513,67187.48741219267,67122.66715,0.9883080349836448,0.98,100.0,QUOTING
1780430377.7445822,67187.48741219267,67122.66715,0.9885169681158426,0.98,100.0,QUOTING
1780430378.0328279,67187.48741219267,67122.66715,0.9886993397737206,0.98,100.0,QUOTING
1780430378.2008915,67187.48741219267,67122.66715,0.9887958481791297,0.97,100.0,MAKER_FILL_BUY
1780430378.2008915,67187.48741219267,67122.66715,0.9887958481791297,0.97,100.0,QUOTING
1780430378.7194185,67177.64290699601,67122.66715,0.9890562430587285,0.97,100.0,MAKER_FILL_BUY
1780430378.7194185,67177.64290699601,67122.66715,0.9890562430587285,0.97,100.0,QUOTING
1780430379.310936,67177.64290699601,67122.66715,0.9892909256503796,0.985,0.0,QUOTING
1780430379.492707,67177.64290699601,67122.66715,0.9893510711245401,0.985,0.0,QUOTING
1780430379.777368,67176.69633390874,67122.66715,0.9894362789617568,0.985,0.0,QUOTING
1780430380.068085,67176.69633390874,67122.66715,0.9895127854666036,0.975,100.0,QUOTING
1780430380.2708435,67176.69633390874,67122.66715,0.989560369971911,0.97,100.0,MAKER_FILL_BUY
1780430380.2708435,67176.69633390874,67122.66715,0.989560369971911,0.975,100.0,QUOTING
1780430380.771669,67176.76300264263,67122.66715,0.9896611792199881,0.97,100.0,MAKER_FILL_BUY
1780430380.771669,67176.76300264263,67122.66715,0.9896611792199881,0.975,100.0,QUOTING
1780430381.253568,67176.76300264263,67122.66715,0.9897379829529893,0.97,100.0,MAKER_FILL_BUY
1780430381.253568,67176.76300264263,67122.66715,0.9897379829529893,0.975,100.0,QUOTING
1780430381.7034502,67176.67072941018,67122.66715,0.9897950992115206,0.97,100.0,MAKER_FILL_BUY
1780430381.7034502,67176.67072941018,67122.66715,0.9897950992115206,0.975,100.0,QUOTING
1780430382.1813223,67176.67072941018,67122.66715,0.9898432989543426,0.97,100.0,MAKER_FILL_BUY
1780430382.1813223,67176.67072941018,67122.66715,0.9898432989543426,0.975,100.0,QUOTING
1780430382.670678,67175.55664,67122.66715,0.989881850123821,0.97,100.0,MAKER_FILL_BUY
1780430382.670678,67175.55664,67122.66715,0.989881850123821,0.975,0.0,QUOTING
1780430383.1122153,67175.55664,67122.66715,0.9899090326859681,0.975,0.0,QUOTING
1780430383.4205024,67175.55664,67122.66715,0.9899244680722505,0.975,0.0,QUOTING
1780430383.627406,67175.17522876871,67122.66715,0.9899334346862476,0.975,0.0,QUOTING
1780430383.887894,67175.17522876871,67122.66715,0.9899433715570728,0.975,0.0,QUOTING
1780430384.1612937,67175.17522876871,67122.66715,0.9899523493446667,0.975,0.0,QUOTING
1780430384.4325626,67175.17522876871,67122.66715,0.9899599694717303,0.975,0.0,QUOTING
1780430384.6278698,67181.9281711921,67122.66715,0.9899647456281481,0.975,0.0,QUOTING
1780430384.8350668,67181.9281711921,67122.66715,0.989969247830161,0.975,0.0,QUOTING
1780430385.0079508,67181.9281711921,67122.66715,0.9899725972481743,0.975,0.0,QUOTING
1780430385.2375333,67181.9281711921,67122.66715,0.989976544014722,0.975,0.0,QUOTING
1780430402.6465774,67207.96848533575,67207.96848533575,0.4997412503030687,0.405,609.7281766710834,TAKER_BUY_YES
1780430402.6465774,67207.96848533575,67207.96848533575,0.4997412503030687,0.405,0.0,QUOTING
1780430402.945971,67207.96848533575,67207.96848533575,0.49974124096942785,0.405,609.7221005410015,TAKER_BUY_YES
1780430402.945971,67207.96848533575,67207.96848533575,0.49974124096942785,0.405,0.0,QUOTING
1780430403.2534323,67207.96848533575,67207.96848533575,0.4997412376067513,0.405,609.726366598481,TAKER_BUY_YES
1780430403.2534323,67207.96848533575,67207.96848533575,0.4997412376067513,0.405,0.0,QUOTING
1780430403.5686326,67207.96848533575,67207.96848533575,0.4997412350311509,0.405,609.7271059906788,TAKER_BUY_YES
1780430403.5686326,67207.96848533575,67207.96848533575,0.4997412350311509,0.405,0.0,QUOTING
1780430403.7962217,67206.69887200868,67207.96848533575,0.4996940756138606,0.405,567.8674305538011,TAKER_BUY_YES
1780430403.7962217,67206.69887200868,67207.96848533575,0.4996940756138606,0.405,0.0,QUOTING
1780430404.0293756,67206.69887200868,67207.96848533575,0.49964614925993356,0.29000000000000004,1311.1721190862838,TAKER_BUY_YES
1780430404.0293756,67206.69887200868,67207.96848533575,0.49964614925993356,0.29000000000000004,0.0,QUOTING
1780430404.257913,67206.69887200868,67207.96848533575,0.49959951187024443,0.305,1305.5435427798498,TAKER_BUY_YES
1780430404.257913,67206.69887200868,67207.96848533575,0.49959951187024443,0.305,0.0,QUOTING
1780430404.4840572,67206.69887200868,67207.96848533575,0.49955371754977246,0.305,1305.5742864461931,TAKER_BUY_YES
1780430404.4840572,67206.69887200868,67207.96848533575,0.49955371754977246,0.305,0.0,QUOTING
1780430404.766716,67206.69887200868,67207.96848533575,0.4994968832226954,0.295,1507.896435490732,TAKER_BUY_YES
1780430404.766716,67206.69887200868,67207.96848533575,0.4994968832226954,0.295,0.0,QUOTING
1780430405.087322,67172.790035,67207.96848533575,0.4977079389635959,0.295,265.6865885908996,TAKER_BUY_YES
1780430405.087322,67172.790035,67207.96848533575,0.4977079389635959,0.295,0.0,QUOTING
1780430405.3131828,67172.790035,67207.96848533575,0.4964580368864693,0.295,265.3301793387467,TAKER_BUY_YES
1780430405.3131828,67172.790035,67207.96848533575,0.4964580368864693,0.295,0.0,QUOTING
1780430405.608297,67172.790035,67207.96848533575,0.49483645309425744,0.265,264.1445889268223,TAKER_BUY_YES
1780430405.608297,67172.790035,67207.96848533575,0.49483645309425744,0.265,0.0,QUOTING
1780430405.8573883,67152.82843236608,67207.96848533575,0.4927788724366004,0.265,100.0,QUOTING
1780430406.2108562,67152.82843236608,67207.96848533575,0.4898833918773599,0.265,100.0,QUOTING
1780430406.522125,67152.82843236608,67207.96848533575,0.48735874336002216,0.265,100.0,QUOTING
1780430406.8124554,67152.82843236608,67207.96848533575,0.48502407593475283,0.265,100.0,QUOTING
1780430407.1343553,67152.82843236608,67207.96848533575,0.48245880090995663,0.25,0.0,QUOTING
1780430407.4116504,67152.82843236608,67207.96848533575,0.48026825427089376,0.26,100.0,MAKER_FILL_SELL
1780430407.4116504,67152.82843236608,67207.96848533575,0.48026825427089376,0.28,100.0,QUOTING
1780430407.9592588,67144.21977085178,67207.96848533575,0.47635035822030636,0.26,100.0,MAKER_FILL_SELL
1780430407.9592588,67144.21977085178,67207.96848533575,0.47635035822030636,0.28,100.0,QUOTING
1780430408.5534673,67144.21977085178,67207.96848533575,0.4721691237587142,0.28,100.0,MAKER_FILL_SELL
1780430408.5534673,67144.21977085178,67207.96848533575,0.4721691237587142,0.28500000000000003,100.0,QUOTING
1780430408.9702,67129.69092830016,67207.96848533575,0.46865394774679553,0.28,100.0,MAKER_FILL_SELL
1780430408.9702,67129.69092830016,67207.96848533575,0.46865394774679553,0.28500000000000003,445.73577528753725,TAKER_SELL_YES
1780430408.9702,67129.69092830016,67207.96848533575,0.46865394774679553,0.28500000000000003,0.0,QUOTING
1780430409.533839,67125.87963413226,67207.96848533575,0.4637582945220831,0.255,534.1846691196365,TAKER_SELL_YES
1780430409.533839,67125.87963413226,67207.96848533575,0.4637582945220831,0.255,0.0,QUOTING
1780430409.8375278,67125.87963413226,67207.96848533575,0.4611556119410593,0.255,535.2390253628494,TAKER_SELL_YES
1780430409.8375278,67125.87963413226,67207.96848533575,0.4611556119410593,0.255,0.0,QUOTING
1780430410.1011968,67125.87963413226,67207.96848533575,0.4589151871437019,0.215,0.0,QUOTING
1780430410.4113774,67125.87963413226,67207.96848533575,0.45630112552210117,0.215,0.0,QUOTING
1780430410.7187078,67125.87963413226,67207.96848533575,0.45373426029622016,0.215,0.0,QUOTING
1780430411.0059304,67132.04856740775,67207.96848533575,0.45153129685849375,0.22,100.0,MAKER_FILL_SELL
1780430411.0059304,67132.04856740775,67207.96848533575,0.45153129685849375,0.22,100.0,QUOTING
1780430411.5003226,67132.04856740775,67207.96848533575,0.4477803006152603,0.22,100.0,MAKER_FILL_BUY
1780430411.5003226,67132.04856740775,67207.96848533575,0.4477803006152603,0.22,100.0,QUOTING
1780430412.1273065,67138.87045580553,67207.96848533575,0.44354225864127017,0.22,100.0,MAKER_FILL_BUY
1780430412.1273065,67138.87045580553,67207.96848533575,0.44354225864127017,0.22,294.49302217101695,TAKER_BUY_YES
1780430412.1273065,67138.87045580553,67207.96848533575,0.44354225864127017,0.22,0.0,QUOTING
1780430412.921666,67141.28465745675,67207.96848533575,0.4384810713246831,0.22,361.0337412596509,TAKER_BUY_YES
1780430412.921666,67141.28465745675,67207.96848533575,0.4384810713246831,0.22,0.0,QUOTING
1780430413.1677728,67141.28465745675,67207.96848533575,0.4369398670136883,0.235,362.11684266951573,TAKER_BUY_YES
1780430413.1677728,67141.28465745675,67207.96848533575,0.4369398670136883,0.235,0.0,QUOTING
1780430413.4041264,67141.28465745675,67207.96848533575,0.43547124125807796,0.28,100.0,QUOTING
1780430413.615526,67143.34398851253,67207.96848533575,0.4342159994357864,0.28,100.0,QUOTING
1780430413.836674,67143.34398851253,67207.96848533575,0.4329108525596481,0.28,100.0,QUOTING
1780430414.0679028,67143.34398851253,67207.96848533575,0.43155405262624086,0.28,100.0,QUOTING
1780430414.3652403,67143.34398851253,67207.96848533575,0.42982208609261574,0.28,100.0,QUOTING
1780430414.6142342,67143.34398851253,67207.96848533575,0.4283840945043091,0.28,100.0,QUOTING
1780430414.8098745,67143.34398851253,67207.96848533575,0.4272616991791075,0.26,0.0,QUOTING
1780430415.0984926,67140.35400589056,67207.96848533575,0.42552143728608177,0.26,0.0,QUOTING
1780430415.362468,67140.35400589056,67207.96848533575,0.42394208299749103,0.26,100.0,MAKER_FILL_SELL
1780430415.362468,67140.35400589056,67207.96848533575,0.42394208299749103,0.26,0.0,QUOTING
1780430415.8704863,67132.75530138362,67207.96848533575,0.42052406124179337,0.26,100.0,MAKER_FILL_SELL
1780430415.8704863,67132.75530138362,67207.96848533575,0.42052406124179337,0.26,245.02092101825966,TAKER_SELL_YES
1780430415.8704863,67132.75530138362,67207.96848533575,0.42052406124179337,0.26,0.0,QUOTING
1780430416.2976243,67132.75530138362,67207.96848533575,0.41768938526083627,0.26,246.99953976208414,TAKER_SELL_YES
1780430416.2976243,67132.75530138362,67207.96848533575,0.41768938526083627,0.26,0.0,QUOTING
1780430416.4938304,67132.75530138362,67207.96848533575,0.4164002782843682,0.26,247.3144014541324,TAKER_SELL_YES
1780430416.4938304,67132.75530138362,67207.96848533575,0.4164002782843682,0.26,0.0,QUOTING
1780430416.7190638,67130.35837341839,67207.96848533575,0.41487401807406576,0.26,287.3369697734573,TAKER_SELL_YES
1780430416.7190638,67130.35837341839,67207.96848533575,0.41487401807406576,0.26,0.0,QUOTING
1780430416.9165196,67130.35837341839,67207.96848533575,0.41354451692711797,0.26,40.02256831932493,TAKER_SELL_YES
1780430416.9165196,67130.35837341839,67207.96848533575,0.41354451692711797,0.26,0.0,QUOTING
1780430417.0990138,67130.35837341839,67207.96848533575,0.4123224052271006,0.26,40.02256831932493,TAKER_SELL_YES
1780430417.0990138,67130.35837341839,67207.96848533575,0.4123224052271006,0.26,0.0,QUOTING
1780430417.389316,67130.35837341839,67207.96848533575,0.41039052171981805,0.26,40.02256831932493,TAKER_SELL_YES
1780430417.389316,67130.35837341839,67207.96848533575,0.41039052171981805,0.26,0.0,QUOTING
1780430417.6002386,67129.93962635931,67207.96848533575,0.40898846706920533,0.26,40.02256831932493,TAKER_SELL_YES
1780430417.6002386,67129.93962635931,67207.96848533575,0.40898846706920533,0.26,0.0,QUOTING
1780430417.8120792,67129.93962635931,67207.96848533575,0.40759737563901804,0.26,40.02256831932493,TAKER_SELL_YES
1780430417.8120792,67129.93962635931,67207.96848533575,0.40759737563901804,0.26,0.0,QUOTING
1780430418.0114567,67129.93962635931,67207.96848533575,0.4062961564987704,0.26,40.02256831932493,TAKER_SELL_YES
1780430418.0114567,67129.93962635931,67207.96848533575,0.4062961564987704,0.26,0.0,QUOTING
1780430418.335496,67129.93962635931,67207.96848533575,0.4041971361994356,0.26,40.02256831932493,TAKER_SELL_YES
1780430418.335496,67129.93962635931,67207.96848533575,0.4041971361994356,0.26,0.0,QUOTING
1780430418.5403776,67129.93962635931,67207.96848533575,0.4028810600400698,0.26,40.02256831932493,TAKER_SELL_YES
1780430418.5403776,67129.93962635931,67207.96848533575,0.4028810600400698,0.26,0.0,QUOTING
1780430418.8270276,67129.66132019267,67207.96848533575,0.4010451528779064,0.255,40.02256831932493,TAKER_SELL_YES
1780430418.8270276,67129.66132019267,67207.96848533575,0.4010451528779064,0.255,0.0,QUOTING
1780430419.111393,67129.66132019267,67207.96848533575,0.39923902110283904,0.255,40.02256831932493,TAKER_SELL_YES
1780430419.111393,67129.66132019267,67207.96848533575,0.39923902110283904,0.255,0.0,QUOTING
1780430419.3145971,67129.74651887642,67207.96848533575,0.39796038146068546,0.255,40.02256831932493,TAKER_SELL_YES
1780430419.3145971,67129.74651887642,67207.96848533575,0.39796038146068546,0.255,0.0,QUOTING
1780430419.5100274,67129.74651887642,67207.96848533575,0.3967380759490946,0.255,40.02256831932493,TAKER_SELL_YES
1780430419.5100274,67129.74651887642,67207.96848533575,0.3967380759490946,0.255,0.0,QUOTING
1780430419.790931,67129.74651887642,67207.96848533575,0.39499241116226674,0.255,40.02256831932493,TAKER_SELL_YES
1780430419.790931,67129.74651887642,67207.96848533575,0.39499241116226674,0.255,0.0,QUOTING
1780430420.0162568,67129.74651887642,67207.96848533575,0.39360244271153566,0.255,40.02256831932493,TAKER_SELL_YES
1780430420.0162568,67129.74651887642,67207.96848533575,0.39360244271153566,0.255,0.0,QUOTING
1780430420.2571247,67129.74651887642,67207.96848533575,0.3921264917102364,0.255,40.02256831932493,TAKER_SELL_YES
1780430420.2571247,67129.74651887642,67207.96848533575,0.3921264917102364,0.255,0.0,QUOTING
1780430420.499562,67130.06798727212,67207.96848533575,0.39065947477003465,0.255,40.02256831932493,TAKER_SELL_YES
1780430420.499562,67130.06798727212,67207.96848533575,0.39065947477003465,0.255,0.0,QUOTING
1780430420.7580078,67130.06798727212,67207.96848533575,0.38910697847560016,0.255,40.02256831932493,TAKER_SELL_YES
1780430420.7580078,67130.06798727212,67207.96848533575,0.38910697847560016,0.255,0.0,QUOTING
1780430420.9908903,67130.06798727212,67207.96848533575,0.3877182846578339,0.255,40.02256831932493,TAKER_SELL_YES
1780430420.9908903,67130.06798727212,67207.96848533575,0.3877182846578339,0.255,0.0,QUOTING
1780430421.3090448,67130.06798727212,67207.96848533575,0.38583630056629475,0.25,40.02256831932493,TAKER_SELL_YES
1780430421.3090448,67130.06798727212,67207.96848533575,0.38583630056629475,0.25,0.0,QUOTING
1780430421.543527,67130.06798727212,67207.96848533575,0.38446120044674886,0.25,40.02256831932493,TAKER_SELL_YES
1780430421.543527,67130.06798727212,67207.96848533575,0.38446120044674886,0.25,0.0,QUOTING
1780430421.7863216,67129.34268083631,67207.96848533575,0.3830290323306437,0.25,40.02256831932493,TAKER_SELL_YES
1780430421.7863216,67129.34268083631,67207.96848533575,0.3830290323306437,0.25,0.0,QUOTING
1780430422.0305104,67129.34268083631,67207.96848533575,0.38159895525192067,0.25,40.02256831932493,TAKER_SELL_YES
1780430422.0305104,67129.34268083631,67207.96848533575,0.38159895525192067,0.25,0.0,QUOTING
1780430422.250962,67126.2683424417,67207.96848533575,0.3802474371811052,0.25,40.02256831932493,TAKER_SELL_YES
1780430422.250962,67126.2683424417,67207.96848533575,0.3802474371811052,0.25,0.0,QUOTING
1780430422.5259771,67126.2683424417,67207.96848533575,0.37857341346130297,0.25,40.02256831932493,TAKER_SELL_YES
1780430422.5259771,67126.2683424417,67207.96848533575,0.37857341346130297,0.25,0.0,QUOTING
1780430422.7913678,67126.2683424417,67207.96848533575,0.3769709000260686,0.25,40.02256831932493,TAKER_SELL_YES
1780430422.7913678,67126.2683424417,67207.96848533575,0.3769709000260686,0.25,0.0,QUOTING
1780430423.0821033,67126.2683424417,67207.96848533575,0.37522900079816723,0.25,40.02256831932493,TAKER_SELL_YES
1780430423.0821033,67126.2683424417,67207.96848533575,0.37522900079816723,0.25,0.0,QUOTING
1780430423.354134,67126.2683424417,67207.96848533575,0.3736129747675469,0.25,40.02256831932493,TAKER_SELL_YES
1780430423.354134,67126.2683424417,67207.96848533575,0.3736129747675469,0.25,0.0,QUOTING
1780430423.6019986,67126.2683424417,67207.96848533575,0.37215201562915406,0.25,40.02256831932493,TAKER_SELL_YES
1780430423.6019986,67126.2683424417,67207.96848533575,0.37215201562915406,0.25,0.0,QUOTING
1780430423.808719,67126.2683424417,67207.96848533575,0.3709419808307553,0.25,40.02256831932493,TAKER_SELL_YES
1780430423.808719,67126.2683424417,67207.96848533575,0.3709419808307553,0.25,0.0,QUOTING
1780430424.0427623,67125.28047705848,67207.96848533575,0.3695573148935441,0.25,40.02256831932493,TAKER_SELL_YES
1780430424.0427623,67125.28047705848,67207.96848533575,0.3695573148935441,0.25,0.0,QUOTING
1780430424.2487035,67125.28047705848,67207.96848533575,0.36834709655626885,0.25,40.02256831932493,TAKER_SELL_YES
1780430424.2487035,67125.28047705848,67207.96848533575,0.36834709655626885,0.25,0.0,QUOTING
1780430424.9257705,67128.42899832004,67207.96848533575,0.36463562334965927,0.25,40.02256831932493,TAKER_SELL_YES
1780430424.9257705,67128.42899832004,67207.96848533575,0.36463562334965927,0.25,0.0,QUOTING
1780430425.2959397,67128.42899832004,67207.96848533575,0.3626426687424044,0.245,40.02256831932493,TAKER_SELL_YES
1780430425.2959397,67128.42899832004,67207.96848533575,0.3626426687424044,0.245,0.0,QUOTING
1780430425.464979,67128.42899832004,67207.96848533575,0.3617403337778769,0.245,40.02256831932493,TAKER_SELL_YES
1780430425.464979,67128.42899832004,67207.96848533575,0.3617403337778769,0.245,0.0,QUOTING
1780430425.8006206,67126.6327050869,67207.96848533575,0.35989822486917455,0.245,40.02256831932493,TAKER_SELL_YES
1780430425.8006206,67126.6327050869,67207.96848533575,0.35989822486917455,0.245,0.0,QUOTING
1780430426.0109305,67126.6327050869,67207.96848533575,0.3587537931074594,0.245,40.02256831932493,TAKER_SELL_YES
1780430426.0109305,67126.6327050869,67207.96848533575,0.3587537931074594,0.245,0.0,QUOTING
1780430426.2694535,67126.6327050869,67207.96848533575,0.3573570582565791,0.245,40.02256831932493,TAKER_SELL_YES
1780430426.2694535,67126.6327050869,67207.96848533575,0.3573570582565791,0.245,0.0,QUOTING
1780430426.4969132,67126.6327050869,67207.96848533575,0.3561361864291381,0.245,40.02256831932493,TAKER_SELL_YES
1780430426.4969132,67126.6327050869,67207.96848533575,0.3561361864291381,0.245,0.0,QUOTING
1780430426.8154316,67124.24478554355,67207.96848533575,0.3543618047363277,0.245,40.02256831932493,TAKER_SELL_YES
1780430426.8154316,67124.24478554355,67207.96848533575,0.3543618047363277,0.245,0.0,QUOTING
1780430427.0167205,67124.24478554355,67207.96848533575,0.35324962307679014,0.245,40.02256831932493,TAKER_SELL_YES
1780430427.0167205,67124.24478554355,67207.96848533575,0.35324962307679014,0.245,0.0,QUOTING
1780430427.2805,67124.24478554355,67207.96848533575,0.3518022345460164,0.245,40.02256831932493,TAKER_SELL_YES
1780430427.2805,67124.24478554355,67207.96848533575,0.3518022345460164,0.245,0.0,QUOTING
1780430427.5787191,67124.24478554355,67207.96848533575,0.35017887180643953,0.245,40.02256831932493,TAKER_SELL_YES
1780430427.5787191,67124.24478554355,67207.96848533575,0.35017887180643953,0.245,0.0,QUOTING
1780430427.8612456,67122.54633748384,67207.96848533575,0.34859386758365524,0.245,40.02256831932493,TAKER_SELL_YES
1780430427.8612456,67122.54633748384,67207.96848533575,0.34859386758365524,0.245,0.0,QUOTING
1780430428.1022122,67122.54633748384,67207.96848533575,0.3472526981988987,0.245,40.02256831932493,TAKER_SELL_YES
1780430428.1022122,67122.54633748384,67207.96848533575,0.3472526981988987,0.245,0.0,QUOTING
1780430428.2806847,67122.54633748384,67207.96848533575,0.34626768550576004,0.235,40.02256831932493,TAKER_SELL_YES
1780430428.2806847,67122.54633748384,67207.96848533575,0.34626768550576004,0.235,0.0,QUOTING
1780430428.4459085,67122.54633748384,67207.96848533575,0.3453614028178465,0.235,40.02256831932493,TAKER_SELL_YES
1780430428.4459085,67122.54633748384,67207.96848533575,0.3453614028178465,0.235,0.0,QUOTING
1780430428.7392344,67122.54633748384,67207.96848533575,0.34376484570825777,0.235,40.02256831932493,TAKER_SELL_YES
1780430428.7392344,67122.54633748384,67207.96848533575,0.34376484570825777,0.235,0.0,QUOTING
1780430428.9939206,67122.54633748384,67207.96848533575,0.3423880257413133,0.235,40.02256831932493,TAKER_SELL_YES
1780430428.9939206,67122.54633748384,67207.96848533575,0.3423880257413133,0.235,0.0,QUOTING
1780430429.2459652,67122.54633748384,67207.96848533575,0.34103651995904466,0.235,40.02256831932493,TAKER_SELL_YES
1780430429.2459652,67122.54633748384,67207.96848533575,0.34103651995904466,0.235,0.0,QUOTING
1780430429.4385805,67122.54484432988,67207.96848533575,0.34000996555842344,0.235,40.02256831932493,TAKER_SELL_YES
1780430429.4385805,67122.54484432988,67207.96848533575,0.34000996555842344,0.235,0.0,QUOTING
1780430429.6069882,67122.54484432988,67207.96848533575,0.33911791619476717,0.235,40.02256831932493,TAKER_SELL_YES
1780430429.6069882,67122.54484432988,67207.96848533575,0.33911791619476717,0.235,0.0,QUOTING
1780430429.7695239,67122.54484432988,67207.96848533575,0.3382614425042513,0.235,40.02256831932493,TAKER_SELL_YES
1780430429.7695239,67122.54484432988,67207.96848533575,0.3382614425042513,0.235,0.0,QUOTING
1780430429.969205,67122.54484432988,67207.96848533575,0.3372141274295872,0.235,40.02256831932493,TAKER_SELL_YES
1780430429.969205,67122.54484432988,67207.96848533575,0.3372141274295872,0.235,0.0,QUOTING
1780430430.245566,67122.54484432988,67207.96848533575,0.33577369570071397,0.235,40.02256831932493,TAKER_SELL_YES
1780430430.245566,67122.54484432988,67207.96848533575,0.33577369570071397,0.235,0.0,QUOTING
1780430430.514815,67122.38662200404,67207.96848533575,0.33437645752484385,0.235,40.02256831932493,TAKER_SELL_YES
1780430430.514815,67122.38662200404,67207.96848533575,0.33437645752484385,0.235,0.0,QUOTING
1780430430.7783456,67122.38662200404,67207.96848533575,0.3330205943158009,0.235,40.02256831932493,TAKER_SELL_YES
1780430430.7783456,67122.38662200404,67207.96848533575,0.3330205943158009,0.235,0.0,QUOTING
1780430431.0889523,67122.38662200404,67207.96848533575,0.3314347847561473,0.235,40.02256831932493,TAKER_SELL_YES
1780430431.0889523,67122.38662200404,67207.96848533575,0.3314347847561473,0.235,0.0,QUOTING
1780430431.3068433,67122.38662200404,67207.96848533575,0.3303323673642665,0.235,40.02256831932493,TAKER_SELL_YES
1780430431.3068433,67122.38662200404,67207.96848533575,0.3303323673642665,0.235,0.0,QUOTING
1780430431.6161864,67122.71638472886,67207.96848533575,0.3287888516977254,0.235,40.02256831932493,TAKER_SELL_YES
1780430431.6161864,67122.71638472886,67207.96848533575,0.3287888516977254,0.235,0.0,QUOTING
1780430431.8829231,67122.71638472886,67207.96848533575,0.3274695213902328,0.235,40.02256831932493,TAKER_SELL_YES
1780430431.8829231,67122.71638472886,67207.96848533575,0.3274695213902328,0.235,0.0,QUOTING
1780430432.1586256,67122.71638472886,67207.96848533575,0.3261164275838815,0.235,40.02256831932493,TAKER_SELL_YES
1780430432.1586256,67122.71638472886,67207.96848533575,0.3261164275838815,0.235,0.0,QUOTING
1780430432.4564848,67122.71638472886,67207.96848533575,0.3246671502222495,0.235,40.02256831932493,TAKER_SELL_YES
1780430432.4564848,67122.71638472886,67207.96848533575,0.3246671502222495,0.235,0.0,QUOTING
1780430432.7191894,67122.3995471509,67207.96848533575,0.3233910947164338,0.235,40.02256831932493,TAKER_SELL_YES
1780430432.7191894,67122.3995471509,67207.96848533575,0.3233910947164338,0.235,0.0,QUOTING
1780430433.0629144,67122.3995471509,67207.96848533575,0.3217290315602606,0.235,40.02256831932493,TAKER_SELL_YES
1780430433.0629144,67122.3995471509,67207.96848533575,0.3217290315602606,0.235,0.0,QUOTING
1780430433.3315358,67122.62290235251,67207.96848533575,0.32044942584528013,0.235,40.02256831932493,TAKER_SELL_YES
1780430433.3315358,67122.62290235251,67207.96848533575,0.32044942584528013,0.235,0.0,QUOTING
1780430433.5765855,67122.62290235251,67207.96848533575,0.3192915805480568,0.235,40.02256831932493,TAKER_SELL_YES
1780430433.5765855,67122.62290235251,67207.96848533575,0.3192915805480568,0.235,0.0,QUOTING
1780430433.7496212,67122.62290235251,67207.96848533575,0.31847975609025797,0.235,40.02256831932493,TAKER_SELL_YES
1780430433.7496212,67122.62290235251,67207.96848533575,0.31847975609025797,0.235,0.0,QUOTING
1780430433.996005,67122.62290235251,67207.96848533575,0.3173310803942354,0.235,40.02256831932493,TAKER_SELL_YES
1780430433.996005,67122.62290235251,67207.96848533575,0.3173310803942354,0.235,0.0,QUOTING
1780430434.2545595,67122.62290235251,67207.96848533575,0.3161334135832286,0.21000000000000002,40.02256831932493,TAKER_SELL_YES
1780430434.2545595,67122.62290235251,67207.96848533575,0.3161334135832286,0.21000000000000002,0.0,QUOTING
1780430434.4789038,67119.84369325021,67207.96848533575,0.31503848471418616,0.21000000000000002,40.02256831932493,TAKER_SELL_YES
1780430434.4789038,67119.84369325021,67207.96848533575,0.31503848471418616,0.21000000000000002,0.0,QUOTING
1780430434.6989872,67119.84369325021,67207.96848533575,0.31397190514763357,0.185,0.0,QUOTING
1780430434.9411526,67119.84369325021,67207.96848533575,0.3128083574699826,0.185,0.0,QUOTING
1780430435.2259874,67119.84369325021,67207.96848533575,0.3114475114152688,0.185,0.0,QUOTING
1780430435.5077257,67108.37014687606,67207.96848533575,0.30980354556874773,0.185,100.0,QUOTING
1780430435.8139272,67108.37014687606,67207.96848533575,0.30803325974581514,0.18,100.0,MAKER_FILL_SELL
1780430435.8139272,67108.37014687606,67207.96848533575,0.30803325974581514,0.185,100.0,QUOTING
1780430436.5499892,67104.49112906861,67207.96848533575,0.30358523532190707,0.18,100.0,MAKER_FILL_SELL
1780430436.5499892,67104.49112906861,67207.96848533575,0.30358523532190707,0.185,40.02256831932493,TAKER_SELL_YES
1780430436.5499892,67104.49112906861,67207.96848533575,0.30358523532190707,0.185,0.0,QUOTING
1780430437.3465128,67104.49112906861,67207.96848533575,0.2988797427918954,0.185,40.02256831932493,TAKER_SELL_YES
1780430437.3465128,67104.49112906861,67207.96848533575,0.2988797427918954,0.185,0.0,QUOTING
1780430437.5875719,67104.49112906861,67207.96848533575,0.29748287373705407,0.185,40.02256831932493,TAKER_SELL_YES
1780430437.5875719,67104.49112906861,67207.96848533575,0.29748287373705407,0.185,0.0,QUOTING
1780430437.8238537,67104.49112906861,67207.96848533575,0.29612536635444314,0.185,40.02256831932493,TAKER_SELL_YES
1780430437.8238537,67104.49112906861,67207.96848533575,0.29612536635444314,0.185,0.0,QUOTING
1780430438.0596812,67102.53739778962,67207.96848533575,0.29478035630539023,0.185,40.02256831932493,TAKER_SELL_YES
1780430438.0596812,67102.53739778962,67207.96848533575,0.29478035630539023,0.185,0.0,QUOTING
1780430438.3062747,67102.53739778962,67207.96848533575,0.29338151563419845,0.185,40.02256831932493,TAKER_SELL_YES
1780430438.3062747,67102.53739778962,67207.96848533575,0.29338151563419845,0.185,0.0,QUOTING
1780430438.5582922,67102.53739778962,67207.96848533575,0.29196348931835947,0.185,40.02256831932493,TAKER_SELL_YES
1780430438.5582922,67102.53739778962,67207.96848533575,0.29196348931835947,0.185,0.0,QUOTING
1780430438.8395507,67102.53739778962,67207.96848533575,0.2903912933951509,0.185,40.02256831932493,TAKER_SELL_YES
1780430438.8395507,67102.53739778962,67207.96848533575,0.2903912933951509,0.185,0.0,QUOTING
1780430439.0234292,67103.03397391074,67207.96848533575,0.2893784664589705,0.185,40.02256831932493,TAKER_SELL_YES
1780430439.0234292,67103.03397391074,67207.96848533575,0.2893784664589705,0.185,0.0,QUOTING
1780430439.3071682,67103.03397391074,67207.96848533575,0.2878252497072654,0.185,40.02256831932493,TAKER_SELL_YES
1780430439.3071682,67103.03397391074,67207.96848533575,0.2878252497072654,0.185,0.0,QUOTING
1780430439.4929345,67103.03397391074,67207.96848533575,0.2868163788890865,0.185,40.02256831932493,TAKER_SELL_YES
1780430439.4929345,67103.03397391074,67207.96848533575,0.2868163788890865,0.185,0.0,QUOTING
1780430439.7007232,67103.15477381187,67207.96848533575,0.2856985080547184,0.18,40.02256831932493,TAKER_SELL_YES
1780430439.7007232,67103.15477381187,67207.96848533575,0.2856985080547184,0.18,0.0,QUOTING
1780430439.9172099,67103.15477381187,67207.96848533575,0.28454347510393774,0.18,40.02256831932493,TAKER_SELL_YES
1780430439.9172099,67103.15477381187,67207.96848533575,0.28454347510393774,0.18,0.0,QUOTING
1780430440.180077,67103.15477381187,67207.96848533575,0.28315260045451435,0.16999999999999998,40.02256831932493,TAKER_SELL_YES
1780430440.180077,67103.15477381187,67207.96848533575,0.28315260045451435,0.16999999999999998,0.0,QUOTING
1780430440.4453394,67103.15477381187,67207.96848533575,0.28176313832218464,0.16999999999999998,40.02256831932493,TAKER_SELL_YES
1780430440.4453394,67103.15477381187,67207.96848533575,0.28176313832218464,0.16999999999999998,0.0,QUOTING
1780430440.6568227,67103.15477381187,67207.96848533575,0.2806611830254309,0.16999999999999998,40.02256831932493,TAKER_SELL_YES
1780430440.6568227,67103.15477381187,67207.96848533575,0.2806611830254309,0.16999999999999998,0.0,QUOTING
1780430440.9729543,67097.68730577262,67207.96848533575,0.2788795549321249,0.16999999999999998,40.02256831932493,TAKER_SELL_YES
1780430440.9729543,67097.68730577262,67207.96848533575,0.2788795549321249,0.16999999999999998,0.0,QUOTING
1780430441.2145326,67097.68730577262,67207.96848533575,0.27752930999529446,0.16999999999999998,40.02256831932493,TAKER_SELL_YES
1780430441.2145326,67097.68730577262,67207.96848533575,0.27752930999529446,0.16999999999999998,0.0,QUOTING
1780430441.3936338,67097.68730577262,67207.96848533575,0.27653578212124014,0.16999999999999998,40.02256831932493,TAKER_SELL_YES
1780430441.3936338,67097.68730577262,67207.96848533575,0.27653578212124014,0.16999999999999998,0.0,QUOTING
1780430441.6625004,67096.74911645205,67207.96848533575,0.27503161265336107,0.155,100.0,QUOTING
1780430441.9534397,67096.74911645205,67207.96848533575,0.2734189767017156,0.15,100.0,MAKER_FILL_SELL
1780430441.9534397,67096.74911645205,67207.96848533575,0.2734189767017156,0.155,100.0,QUOTING
1780430442.6609075,67096.74911645205,67207.96848533575,0.2695473708618277,0.15,100.0,MAKER_FILL_SELL
1780430442.6609075,67096.74911645205,67207.96848533575,0.2695473708618277,0.155,100.0,QUOTING
1780430443.2921903,67097.20575460134,67207.96848533575,0.26619646830548876,0.15,100.0,MAKER_FILL_SELL
1780430443.2921903,67097.20575460134,67207.96848533575,0.26619646830548876,0.155,100.0,QUOTING
1780430443.8611255,67097.17251245111,67207.96848533575,0.2632339335173749,0.15,100.0,MAKER_FILL_SELL
1780430443.8611255,67097.17251245111,67207.96848533575,0.2632339335173749,0.155,100.0,QUOTING
1780430444.603672,67097.17251245111,67207.96848533575,0.2594455326143188,0.15,100.0,MAKER_FILL_SELL
1780430444.603672,67097.17251245111,67207.96848533575,0.2594455326143188,0.155,100.0,QUOTING
1780430445.19402,67097.17251245111,67207.96848533575,0.256497920521777,0.15,100.0,MAKER_FILL_SELL
1780430445.19402,67097.17251245111,67207.96848533575,0.256497920521777,0.155,100.0,QUOTING
1780430445.9542491,67098.80512489984,67207.96848533575,0.25288382164669326,0.15,100.0,MAKER_FILL_SELL
1780430445.9542491,67098.80512489984,67207.96848533575,0.25288382164669326,0.15,100.0,QUOTING
1780430446.6762314,67098.80512489984,67207.96848533575,0.2495321497626066,0.15,100.0,MAKER_FILL_SELL
1780430446.6762314,67098.80512489984,67207.96848533575,0.2495321497626066,0.15,100.0,QUOTING
1780430447.3637347,67098.80512489984,67207.96848533575,0.24640755663336802,0.15,100.0,MAKER_FILL_SELL
1780430447.3637347,67098.80512489984,67207.96848533575,0.24640755663336802,0.15,100.0,QUOTING
1780430448.0377674,67085.69698,67207.96848533575,0.24271831049374826,0.15,100.0,MAKER_FILL_SELL
1780430448.0377674,67085.69698,67207.96848533575,0.24271831049374826,0.15,40.02256831932493,TAKER_SELL_YES
1780430448.0377674,67085.69698,67207.96848533575,0.24271831049374826,0.15,0.0,QUOTING
1780430448.8611097,67085.69698,67207.96848533575,0.23834830359044026,0.15,40.02256831932493,TAKER_SELL_YES
1780430448.8611097,67085.69698,67207.96848533575,0.23834830359044026,0.15,0.0,QUOTING
1780430449.107049,67086.11938101008,67207.96848533575,0.23707599664487308,0.15,40.02256831932493,TAKER_SELL_YES
1780430449.107049,67086.11938101008,67207.96848533575,0.23707599664487308,0.15,0.0,QUOTING
1780430449.4098966,67086.11938101008,67207.96848533575,0.23552097999702354,0.15,40.02256831932493,TAKER_SELL_YES
1780430449.4098966,67086.11938101008,67207.96848533575,0.23552097999702354,0.15,0.0,QUOTING
1780430449.7597878,67086.56221843485,67207.96848533575,0.233753936999674,0.15,40.02256831932493,TAKER_SELL_YES
1780430449.7597878,67086.56221843485,67207.96848533575,0.233753936999674,0.15,0.0,QUOTING
1780430450.0610335,67086.56221843485,67207.96848533575,0.2322486645642444,0.15,40.02256831932493,TAKER_SELL_YES
1780430450.0610335,67086.56221843485,67207.96848533575,0.2322486645642444,0.15,0.0,QUOTING
1780430450.2764618,67086.56221843485,67207.96848533575,0.23118098098165907,0.15,40.02256831932493,TAKER_SELL_YES
1780430450.2764618,67086.56221843485,67207.96848533575,0.23118098098165907,0.15,0.0,QUOTING
1780430450.5347593,67086.56221843485,67207.96848533575,0.2299101055652488,0.15,40.02256831932493,TAKER_SELL_YES
1780430450.5347593,67086.56221843485,67207.96848533575,0.2299101055652488,0.15,0.0,QUOTING
1780430450.7794678,67086.56221843485,67207.96848533575,0.22871572981288865,0.15,40.02256831932493,TAKER_SELL_YES
1780430450.7794678,67086.56221843485,67207.96848533575,0.22871572981288865,0.15,0.0,QUOTING
1780430451.0883815,67088.28263688488,67207.96848533575,0.22726112051649716,0.15,40.02256831932493,TAKER_SELL_YES
1780430451.0883815,67088.28263688488,67207.96848533575,0.22726112051649716,0.15,0.0,QUOTING
1780430451.3778245,67088.28263688488,67207.96848533575,0.22591120271009954,0.15,40.02256831932493,TAKER_SELL_YES
1780430451.3778245,67088.28263688488,67207.96848533575,0.22591120271009954,0.15,0.0,QUOTING
1780430451.628597,67089.01482064542,67207.96848533575,0.22476613029461417,0.15,40.02256831932493,TAKER_SELL_YES
1780430451.628597,67089.01482064542,67207.96848533575,0.22476613029461417,0.15,0.0,QUOTING
1780430451.8009682,67089.01482064542,67207.96848533575,0.22398561264733688,0.15,40.02256831932493,TAKER_SELL_YES
1780430451.8009682,67089.01482064542,67207.96848533575,0.22398561264733688,0.15,0.0,QUOTING
1780430452.127066,67089.01482064542,67207.96848533575,0.22252206216594722,0.15,40.02256831932493,TAKER_SELL_YES
1780430452.127066,67089.01482064542,67207.96848533575,0.22252206216594722,0.15,0.0,QUOTING
1780430452.4083035,67089.01482064542,67207.96848533575,0.22127166010966767,0.15,40.02256831932493,TAKER_SELL_YES
1780430452.4083035,67089.01482064542,67207.96848533575,0.22127166010966767,0.15,0.0,QUOTING
1780430452.5788972,67089.01482064542,67207.96848533575,0.2205204207782296,0.15,40.02256831932493,TAKER_SELL_YES
1780430452.5788972,67089.01482064542,67207.96848533575,0.2205204207782296,0.15,0.0,QUOTING
1780430452.7696018,67089.01482064542,67207.96848533575,0.21968419957212468,0.15,40.02256831932493,TAKER_SELL_YES
1780430452.7696018,67089.01482064542,67207.96848533575,0.21968419957212468,0.15,0.0,QUOTING
1780430453.0224638,67089.01482064542,67207.96848533575,0.21858217684955733,0.15,40.02256831932493,TAKER_SELL_YES
1780430453.0224638,67089.01482064542,67207.96848533575,0.21858217684955733,0.15,0.0,QUOTING
1780430453.1963668,67089.01482064542,67207.96848533575,0.21783564916942216,0.15,40.02256831932493,TAKER_SELL_YES
1780430453.1963668,67089.01482064542,67207.96848533575,0.21783564916942216,0.15,0.0,QUOTING
1780430453.3898857,67089.85132705717,67207.96848533575,0.21702107291711417,0.15,40.02256831932493,TAKER_SELL_YES
1780430453.3898857,67089.85132705717,67207.96848533575,0.21702107291711417,0.15,0.0,QUOTING
1780430453.586996,67089.85132705717,67207.96848533575,0.21619609271871545,0.15,40.02256831932493,TAKER_SELL_YES
1780430453.586996,67089.85132705717,67207.96848533575,0.21619609271871545,0.15,0.0,QUOTING
1780430453.7520092,67089.85132705717,67207.96848533575,0.21550919976561214,0.15,40.02256831932493,TAKER_SELL_YES
1780430453.7520092,67089.85132705717,67207.96848533575,0.21550919976561214,0.15,0.0,QUOTING
1780430454.062912,67089.85132705717,67207.96848533575,0.21422346102508596,0.15,40.02256831932493,TAKER_SELL_YES
1780430454.062912,67089.85132705717,67207.96848533575,0.21422346102508596,0.15,0.0,QUOTING
1780430454.300107,67089.85132705717,67207.96848533575,0.21325143252426243,0.15,40.02256831932493,TAKER_SELL_YES
1780430454.300107,67089.85132705717,67207.96848533575,0.21325143252426243,0.15,0.0,QUOTING
1780430454.4818115,67089.85132705717,67207.96848533575,0.21251188028788115,0.15,40.02256831932493,TAKER_SELL_YES
1780430454.4818115,67089.85132705717,67207.96848533575,0.21251188028788115,0.15,0.0,QUOTING
1780430454.6666448,67089.85132705717,67207.96848533575,0.21176403951537084,0.15,40.02256831932493,TAKER_SELL_YES
1780430454.6666448,67089.85132705717,67207.96848533575,0.21176403951537084,0.15,0.0,QUOTING
1780430454.8413966,67089.85132705717,67207.96848533575,0.21106106304829533,0.15,40.02256831932493,TAKER_SELL_YES
1780430454.8413966,67089.85132705717,67207.96848533575,0.21106106304829533,0.15,0.0,QUOTING
1780430455.1123865,67089.85132705717,67207.96848533575,0.20997806072173172,0.15,40.02256831932493,TAKER_SELL_YES
1780430455.1123865,67089.85132705717,67207.96848533575,0.20997806072173172,0.15,0.0,QUOTING
1780430455.4070184,67089.58599981871,67207.96848533575,0.20880470650689145,0.15,40.02256831932493,TAKER_SELL_YES
1780430455.4070184,67089.58599981871,67207.96848533575,0.20880470650689145,0.15,0.0,QUOTING
1780430455.7050204,67089.58599981871,67207.96848533575,0.2076290988316441,0.15,40.02256831932493,TAKER_SELL_YES
1780430455.7050204,67089.58599981871,67207.96848533575,0.2076290988316441,0.15,0.0,QUOTING
1780430456.0268695,67089.58599981871,67207.96848533575,0.20637168398055794,0.15,40.02256831932493,TAKER_SELL_YES
1780430456.0268695,67089.58599981871,67207.96848533575,0.20637168398055794,0.15,0.0,QUOTING
1780430456.2924407,67089.87166422437,67207.96848533575,0.205350108573685,0.15,40.02256831932493,TAKER_SELL_YES
1780430456.2924407,67089.87166422437,67207.96848533575,0.205350108573685,0.15,0.0,QUOTING
1780430456.6542292,67089.87166422437,67207.96848533575,0.20397161580609724,0.15,40.02256831932493,TAKER_SELL_YES
1780430456.6542292,67089.87166422437,67207.96848533575,0.20397161580609724,0.15,0.0,QUOTING
1780430456.956708,67089.87166422437,67207.96848533575,0.20283148374135546,0.15,40.02256831932493,TAKER_SELL_YES
1780430456.956708,67089.87166422437,67207.96848533575,0.20283148374135546,0.15,0.0,QUOTING
1780430457.1737208,67090.78450331862,67207.96848533575,0.20203641446169673,0.15,40.02256831932493,TAKER_SELL_YES
1780430457.1737208,67090.78450331862,67207.96848533575,0.20203641446169673,0.15,0.0,QUOTING
1780430457.454916,67090.78450331862,67207.96848533575,0.20101469166356783,0.15500000000000003,40.02256831932493,TAKER_SELL_YES
1780430457.454916,67090.78450331862,67207.96848533575,0.20101469166356783,0.15500000000000003,0.0,QUOTING
1780430457.7521665,67094.0348976914,67207.96848533575,0.20002472303619603,0.15500000000000003,100.0,QUOTING
1780430458.0289266,67094.0348976914,67207.96848533575,0.19911107095319922,0.14,100.0,MAKER_FILL_SELL
1780430458.0289266,67094.0348976914,67207.96848533575,0.19911107095319922,0.15500000000000003,100.0,QUOTING
1780430458.9179854,67094.0348976914,67207.96848533575,0.1961602610181764,0.15,100.0,MAKER_FILL_SELL
1780430458.9179854,67094.0348976914,67207.96848533575,0.1961602610181764,0.16,40.02256831932493,TAKER_SELL_YES
1780430458.9179854,67094.0348976914,67207.96848533575,0.1961602610181764,0.16,0.0,QUOTING
1780430459.5936806,67094.0348976914,67207.96848533575,0.19397408466630295,0.16,40.02256831932493,TAKER_SELL_YES
1780430459.5936806,67094.0348976914,67207.96848533575,0.19397408466630295,0.16,0.0,QUOTING
1780430459.8862884,67094.0348976914,67207.96848533575,0.1930440795620001,0.16,40.02256831932493,TAKER_SELL_YES
1780430459.8862884,67094.0348976914,67207.96848533575,0.1930440795620001,0.16,0.0,QUOTING
1780430460.0796554,67097.68140002778,67207.96848533575,0.19249494466408773,0.16,40.02256831932493,TAKER_SELL_YES
1780430460.0796554,67097.68140002778,67207.96848533575,0.19249494466408773,0.16,0.0,QUOTING
1780430460.392099,67097.68140002778,67207.96848533575,0.19161359927091123,0.16,40.02256831932493,TAKER_SELL_YES
1780430460.392099,67097.68140002778,67207.96848533575,0.19161359927091123,0.16,0.0,QUOTING
1780430460.569539,67097.68140002778,67207.96848533575,0.19111736688026515,0.16,40.02256831932493,TAKER_SELL_YES
1780430460.569539,67097.68140002778,67207.96848533575,0.19111736688026515,0.16,0.0,QUOTING
1780430460.8669143,67097.68140002778,67207.96848533575,0.19029089202808286,0.125,0.0,QUOTING
1780430461.1517758,67097.68140002778,67207.96848533575,0.18950656503881422,0.125,0.0,QUOTING
1780430461.4508955,67097.28489502778,67207.96848533575,0.18868020674094985,0.12,0.0,QUOTING
1780430461.6763167,67097.28489502778,67207.96848533575,0.18806287949730952,0.12,0.0,QUOTING
1780430462.2624257,67079.96551849261,67207.96848533575,0.18568172731633611,0.12,0.0,QUOTING
1780430462.6999924,67074.61028,67207.96848533575,0.1837778702247807,0.12,0.0,QUOTING
1780430463.0383604,67074.61028,67207.96848533575,0.18232620075178918,0.12,0.0,QUOTING
1780430463.2742586,67074.61028,67207.96848533575,0.1813322814787185,0.12,0.0,QUOTING
1780430463.4484463,67074.61028,67207.96848533575,0.18060142045662242,0.11499999999999999,0.0,QUOTING
1780430463.7694666,67072.4861002501,67207.96848533575,0.17921878887633885,0.11499999999999999,0.0,QUOTING
1780430464.0303247,67072.4861002501,67207.96848533575,0.17810579930098183,0.11499999999999999,0.0,QUOTING
1780430464.270158,67072.4861002501,67207.96848533575,0.17709196440990138,0.12,0.0,QUOTING
1780430464.504993,67072.4861002501,67207.96848533575,0.17610755713588455,0.185,40.02256831932493,TAKER_SELL_YES
1780430464.504993,67072.4861002501,67207.96848533575,0.17610755713588455,0.185,0.0,QUOTING
1780430464.78532,67074.64665357578,67207.96848533575,0.1749830517348863,0.185,40.02256831932493,TAKER_SELL_YES
1780430464.78532,67074.64665357578,67207.96848533575,0.1749830517348863,0.185,0.0,QUOTING
1780430464.949393,67074.64665357578,67207.96848533575,0.17432966713256093,0.185,40.02256831932493,TAKER_SELL_YES
1780430464.949393,67074.64665357578,67207.96848533575,0.17432966713256093,0.185,0.0,QUOTING
1780430465.132825,67074.64665357578,67207.96848533575,0.1736023118103423,0.185,40.02256831932493,TAKER_SELL_YES
1780430465.132825,67074.64665357578,67207.96848533575,0.1736023118103423,0.185,0.0,QUOTING
1780430465.3077905,67074.64665357578,67207.96848533575,0.17291308952198015,0.185,40.02256831932493,TAKER_SELL_YES
1780430465.3077905,67074.64665357578,67207.96848533575,0.17291308952198015,0.185,0.0,QUOTING
1780430465.5310915,67074.64665357578,67207.96848533575,0.17203804353872792,0.185,40.02256831932493,TAKER_SELL_YES
1780430465.5310915,67074.64665357578,67207.96848533575,0.17203804353872792,0.185,0.0,QUOTING
1780430465.7856066,67089.32022,67207.96848533575,0.17132161124900744,0.185,40.02256831932493,TAKER_SELL_YES
1780430465.7856066,67089.32022,67207.96848533575,0.17132161124900744,0.185,0.0,QUOTING
1780430466.018464,67089.32022,67207.96848533575,0.17067155443213147,0.185,40.02256831932493,TAKER_SELL_YES
1780430466.018464,67089.32022,67207.96848533575,0.17067155443213147,0.185,0.0,QUOTING
1780430466.2603924,67089.32022,67207.96848533575,0.17000315126946602,0.185,40.02256831932493,TAKER_SELL_YES
1780430466.2603924,67089.32022,67207.96848533575,0.17000315126946602,0.185,0.0,QUOTING
1780430466.4408581,67089.32022,67207.96848533575,0.16950687201401962,0.18,40.02256831932493,TAKER_SELL_YES
1780430466.4408581,67089.32022,67207.96848533575,0.16950687201401962,0.18,0.0,QUOTING
1780430466.6441805,67089.32022,67207.96848533575,0.16895034044299592,0.18,40.02256831932493,TAKER_SELL_YES
1780430466.6441805,67089.32022,67207.96848533575,0.16895034044299592,0.18,0.0,QUOTING
1780430466.8597238,67102.05794152917,67207.96848533575,0.16860556145744995,0.18,40.02256831932493,TAKER_SELL_YES
1780430466.8597238,67102.05794152917,67207.96848533575,0.16860556145744995,0.18,0.0,QUOTING
1780430467.0857935,67102.05794152917,67207.96848533575,0.1682455291425631,0.18,40.02256831932493,TAKER_SELL_YES
1780430467.0857935,67102.05794152917,67207.96848533575,0.1682455291425631,0.18,0.0,QUOTING
1780430467.3658814,67102.09062,67207.96848533575,0.16780305641272783,0.18,40.02256831932493,TAKER_SELL_YES
1780430467.3658814,67102.09062,67207.96848533575,0.16780305641272783,0.18,0.0,QUOTING
1780430467.5843322,67102.09062,67207.96848533575,0.16746011546390344,0.18,40.02256831932493,TAKER_SELL_YES
1780430467.5843322,67102.09062,67207.96848533575,0.16746011546390344,0.18,0.0,QUOTING
1780430467.8397782,67102.09062,67207.96848533575,0.16706150267736516,0.18,40.02256831932493,TAKER_SELL_YES
1780430467.8397782,67102.09062,67207.96848533575,0.16706150267736516,0.18,0.0,QUOTING
1780430468.139005,67102.09062,67207.96848533575,0.16659778484494575,0.18,40.02256831932493,TAKER_SELL_YES
1780430468.139005,67102.09062,67207.96848533575,0.16659778484494575,0.18,0.0,QUOTING
1780430468.334357,67101.90673816056,67207.96848533575,0.16635297899846044,0.18,40.02256831932493,TAKER_SELL_YES
1780430468.334357,67101.90673816056,67207.96848533575,0.16635297899846044,0.18,0.0,QUOTING
1780430468.7313614,67101.90673816056,67207.96848533575,0.1658555224735466,0.18,40.02256831932493,TAKER_SELL_YES
1780430468.7313614,67101.90673816056,67207.96848533575,0.1658555224735466,0.18,0.0,QUOTING
1780430469.0046587,67101.90673816056,67207.96848533575,0.16551700056779772,0.175,40.02256831932493,TAKER_SELL_YES
1780430469.0046587,67101.90673816056,67207.96848533575,0.16551700056779772,0.175,0.0,QUOTING
1780430469.230923,67101.90673816056,67207.96848533575,0.16523814790400196,0.175,40.02256831932493,TAKER_SELL_YES
1780430469.230923,67101.90673816056,67207.96848533575,0.16523814790400196,0.175,0.0,QUOTING
1780430469.4699798,67101.998782184,67207.96848533575,0.164947608319385,0.175,40.02256831932493,TAKER_SELL_YES
1780430469.4699798,67101.998782184,67207.96848533575,0.164947608319385,0.175,0.0,QUOTING
1780430469.7777627,67101.998782184,67207.96848533575,0.1645744619761225,0.175,40.02256831932493,TAKER_SELL_YES
1780430469.7777627,67101.998782184,67207.96848533575,0.1645744619761225,0.175,0.0,QUOTING
1780430470.084779,67101.998782184,67207.96848533575,0.16420492055360406,0.175,40.02256831932493,TAKER_SELL_YES
1780430470.084779,67101.998782184,67207.96848533575,0.16420492055360406,0.175,0.0,QUOTING
1780430470.3873844,67111.68754848497,67207.96848533575,0.16414455363460823,0.175,100.0,QUOTING
1780430470.6850011,67111.68754848497,67207.96848533575,0.16408317078211332,0.17,100.0,MAKER_FILL_SELL
1780430470.6850011,67111.68754848497,67207.96848533575,0.16408317078211332,0.175,100.0,QUOTING
1780430471.32024,67111.68754848497,67207.96848533575,0.1639470352029207,0.19,100.0,MAKER_FILL_SELL
1780430471.32024,67111.68754848497,67207.96848533575,0.1639470352029207,0.2,40.02256831932493,TAKER_SELL_YES
1780430471.32024,67111.68754848497,67207.96848533575,0.1639470352029207,0.2,0.0,QUOTING
1780430472.083648,67116.41575129966,67207.96848533575,0.16417158638051504,0.2,100.0,QUOTING
1780430472.3282053,67116.41575129966,67207.96848533575,0.16424296876947145,0.19,100.0,MAKER_FILL_SELL
1780430472.3282053,67116.41575129966,67207.96848533575,0.16424296876947145,0.2,100.0,QUOTING
1780430472.994588,67107.05399291289,67207.96848533575,0.16374009633150133,0.19,100.0,MAKER_FILL_SELL
1780430472.994588,67107.05399291289,67207.96848533575,0.16374009633150133,0.2,40.02256831932493,TAKER_SELL_YES
1780430472.994588,67107.05399291289,67207.96848533575,0.16374009633150133,0.2,0.0,QUOTING
1780430473.8132315,67101.2897192444,67207.96848533575,0.16265970849515718,0.2,40.02256831932493,TAKER_SELL_YES
1780430473.8132315,67101.2897192444,67207.96848533575,0.16265970849515718,0.2,0.0,QUOTING
1780430474.0226882,67101.2897192444,67207.96848533575,0.16238854854754126,0.2,40.02256831932493,TAKER_SELL_YES
1780430474.0226882,67101.2897192444,67207.96848533575,0.16238854854754126,0.2,0.0,QUOTING
1780430474.2330952,67101.2897192444,67207.96848533575,0.16211587784712034,0.185,40.02256831932493,TAKER_SELL_YES
1780430474.2330952,67101.2897192444,67207.96848533575,0.16211587784712034,0.185,0.0,QUOTING
1780430474.502453,67101.2897192444,67207.96848533575,0.16176740017727909,0.185,40.02256831932493,TAKER_SELL_YES
1780430474.502453,67101.2897192444,67207.96848533575,0.16176740017727909,0.185,0.0,QUOTING
1780430474.8274274,67101.2897192444,67207.96848533575,0.16134935006906573,0.185,40.02256831932493,TAKER_SELL_YES
1780430474.8274274,67101.2897192444,67207.96848533575,0.16134935006906573,0.185,0.0,QUOTING
1780430475.0101016,67101.2897192444,67207.96848533575,0.1611160337097916,0.185,40.02256831932493,TAKER_SELL_YES
1780430475.0101016,67101.2897192444,67207.96848533575,0.1611160337097916,0.185,0.0,QUOTING
1780430475.184713,67101.2897192444,67207.96848533575,0.16089376554812154,0.185,40.02256831932493,TAKER_SELL_YES
1780430475.184713,67101.2897192444,67207.96848533575,0.16089376554812154,0.185,0.0,QUOTING
1780430475.3881428,67106.84897141736,67207.96848533575,0.16075086181918388,0.185,40.02256831932493,TAKER_SELL_YES
1780430475.3881428,67106.84897141736,67207.96848533575,0.16075086181918388,0.185,0.0,QUOTING
1780430475.5703657,67106.84897141736,67207.96848533575,0.16062381064595055,0.185,40.02256831932493,TAKER_SELL_YES
1780430475.5703657,67106.84897141736,67207.96848533575,0.16062381064595055,0.185,0.0,QUOTING
1780430475.7935424,67107.59368398016,67207.96848533575,0.1604868884884737,0.185,40.02256831932493,TAKER_SELL_YES
1780430475.7935424,67107.59368398016,67207.96848533575,0.1604868884884737,0.185,0.0,QUOTING
1780430476.0147364,67107.59368398016,67207.96848533575,0.16035218506058263,0.185,40.02256831932493,TAKER_SELL_YES
1780430476.0147364,67107.59368398016,67207.96848533575,0.16035218506058263,0.185,0.0,QUOTING
1780430476.2917166,67107.59368398016,67207.96848533575,0.16018334935296558,0.18,40.02256831932493,TAKER_SELL_YES
1780430476.2917166,67107.59368398016,67207.96848533575,0.16018334935296558,0.18,0.0,QUOTING
