timestamp,spot_price,strike,model_prob,implied_prob,kelly_size,status
1779836102.4588063,75639.0071050624,75639.0071050624,0.49308556876235604,0.525,116.74,BUY_NO
1779836102.5121403,75638.99714394721,75639.0071050624,0.4790257830916103,0.525,128.11873883298398,BUY_NO
1779836102.5849643,75638.99714394721,75639.0071050624,0.46001189789834773,0.525,111.40742008415015,BUY_NO
1779836103.4852588,75638.65764365574,75639.0071050624,0.5453984037402244,0.535,356.26615891713413,SELL_NO
1779836103.5797846,75638.65764365574,75639.0071050624,0.5615052372164894,0.535,129.76845396813587,BUY_YES
1779836104.215787,75638.65764365574,75639.0071050624,0.5724414861335144,0.525,123.82367779377046,BUY_YES
1779836104.2380486,75638.65764365574,75639.0071050624,0.5905122585736663,0.525,105.5822474060526,BUY_YES
1779836106.3256412,75638.8135371483,75639.0071050624,0.4945221530343153,0.51,359.17437916795893,SELL_YES
1779836106.3902495,75638.8135371483,75639.0071050624,0.611503950976003,0.505,146.12,BUY_YES
1779836106.3941824,75638.8135371483,75639.0071050624,0.6015600387682337,0.505,339.4176234291481,BUY_YES
1779836106.4079835,75638.8135371483,75639.0071050624,0.4852670873516209,0.505,386.71562083204105,SELL_YES
1779836106.4609513,75638.8135371483,75639.0071050624,0.48196343451875545,0.505,107.38406045736258,BUY_NO
1779836106.720753,75638.8135371483,75639.0071050624,0.4602658703248541,0.505,127.89974102121661,BUY_NO
1779836106.7258604,75638.8135371483,75639.0071050624,0.44009257893820536,0.505,117.15548558669522,BUY_NO
1779836106.7339723,75638.8135371483,75639.0071050624,0.4146006905271938,0.505,146.96741491933278,BUY_NO
1779836107.0126777,75638.7607321483,75639.0071050624,0.39025072869866656,0.505,137.55531912669454,BUY_NO
1779836107.5679665,75638.76930390604,75639.0071050624,0.5155883669693243,0.505,160.21,SELL_NO
1779836107.6167734,75638.76930390604,75639.0071050624,0.515155849523814,0.505,160.21,SELL_NO
1779836107.651246,75638.76930390604,75639.0071050624,0.4281642939164113,0.505,104.17640576999605,BUY_NO
1779836108.0969932,75638.76930390604,75639.0071050624,0.5169543478354782,0.505,160.21,SELL_NO
1779836108.498479,75638.76940390604,75639.0071050624,0.5406373034367754,0.505,215.21,SELL_NO
1779836108.6014721,75638.76940390604,75639.0071050624,0.5495487379944656,0.505,136.0230467616654,BUY_YES
1779836108.8210933,75638.76940390604,75639.0071050624,0.5837998728066156,0.505,200.3129256091367,BUY_YES
1779836108.8360236,75638.76940390604,75639.0071050624,0.6021827258568078,0.505,102.73942113440637,BUY_YES
1779836108.9747694,75638.76940390604,75639.0071050624,0.6198077927497986,0.505,99.38887995135394,BUY_YES
1779836109.056294,75638.76940390604,75639.0071050624,0.6388026376528462,0.505,106.31831881950541,BUY_YES
1779836109.4495544,75638.76940390604,75639.0071050624,0.4946269336473543,0.505,159.91,SELL_YES
1779836109.707351,75638.76940390604,75639.0071050624,0.46350560975448263,0.505,159.91,BUY_NO
1779836109.7529604,75638.76940390604,75639.0071050624,0.45947281278774826,0.505,159.91,SELL_YES
1779836110.2161896,75636.29381,75639.0071050624,0.4787376940733833,0.505,144.91,SELL_YES
1779836110.7747884,75634.94224,75639.0071050624,0.5179849770474099,0.505,205.20842688129773,SELL_NO
1779836111.2544408,75634.94224,75639.0071050624,0.484944835899588,0.505,140.91,SELL_YES
1779836111.280453,75634.94224,75639.0071050624,0.5527375785178756,0.505,115.66860912308283,BUY_YES
1779836111.3460333,75634.34003280914,75639.0071050624,0.4534016313187905,0.505,100.91,BUY_NO
1779836111.5030205,75634.34003280914,75639.0071050624,0.5709846099704105,0.495,104.28150426565466,BUY_YES
1779836113.0288928,75634.35691913744,75639.0071050624,0.5022600851180339,0.425,100.91,SELL_NO
1779836113.146374,75634.35691913744,75639.0071050624,0.5108252573348581,0.425,125.94469276666837,BUY_YES
1779836113.5517082,75634.34786413744,75639.0071050624,0.5345458583565534,0.425,138.53616555064252,BUY_YES
1779836113.9773865,75634.34786413744,75639.0071050624,0.5553025011757979,0.425,119.00061985472075,BUY_YES
1779836118.7912138,75634.3662997368,75639.0071050624,0.4115952836838492,0.425,574.99,SELL_YES
1779836118.7998161,75634.3662997368,75639.0071050624,0.48580481734365477,0.425,170.28058456326852,BUY_YES
1779836118.8067942,75634.3662997368,75639.0071050624,0.5082061705153781,0.425,131.64800253469878,BUY_YES
1779836118.9484398,75633.32507643683,75639.0071050624,0.4121391851252695,0.425,468.33477353191137,SELL_YES
1779836118.9548,75633.32507643683,75639.0071050624,0.4549463453598888,0.425,151.52814473075657,BUY_YES
1779836118.9639947,75633.32507643683,75639.0071050624,0.47660345736049875,0.425,129.6896011635682,BUY_YES
1779836119.1800783,75633.32507643683,75639.0071050624,0.41197823984378956,0.425,281.21774589432476,SELL_YES
1779836119.1936996,75633.32507643683,75639.0071050624,0.4509178495640534,0.425,127.02125579748734,BUY_YES
1779836120.4199948,75632.87568252912,75639.0071050624,0.47068480094095927,0.425,118.67185439966077,BUY_YES
1779836121.582981,75632.87568252912,75639.0071050624,0.40791632424395385,0.425,245.69311019714812,SELL_YES
1779836121.8167667,75632.87568252912,75639.0071050624,0.40534843287522626,0.425,89.49483683925753,BUY_NO
1779836122.2219028,75632.87568252912,75639.0071050624,0.3910772251852364,0.425,86.24654505497834,BUY_NO
1779836122.3039486,75632.90102692763,75639.0071050624,0.3758197846011779,0.425,91.34602171801617,BUY_NO
1779836124.583146,75633.18208526766,75639.0071050624,0.35761948592082465,0.425,107.99199336697359,BUY_NO
1779836125.4908485,75633.1894671095,75639.0071050624,0.45510129396102833,0.445,269.54,SELL_NO
1779836125.5066514,75633.1894671095,75639.0071050624,0.40692096863964394,0.445,92.81965885555778,BUY_NO
1779836125.6626427,75633.1894671095,75639.0071050624,0.4624950168459055,0.445,198.3590558347834,SELL_NO
1779836125.7038605,75633.1894671095,75639.0071050624,0.4248532150851823,0.445,91.35411843466613,BUY_NO
1779836126.0743043,75633.1894671095,75639.0071050624,0.45507815095689685,0.445,91.35411843466613,SELL_NO
1779836126.102682,75633.1894671095,75639.0071050624,0.4231877073248804,0.445,101.38925606527539,BUY_NO
1779836126.1760917,75633.1894671095,75639.0071050624,0.45625806107803574,0.445,101.38925606527539,SELL_NO
1779836126.2046394,75633.1894671095,75639.0071050624,0.42366962317962215,0.445,98.47230841382388,BUY_NO
1779836126.8141987,75633.59060609179,75639.0071050624,0.45531697309151287,0.445,98.47230841382388,SELL_NO
1779836126.8527539,75633.59060609179,75639.0071050624,0.4251488046305778,0.445,89.54338668546501,BUY_NO
1779836133.6526308,75634.66199138678,75639.0071050624,0.40805480753451434,0.445,102.09032609963657,BUY_NO
1779836133.665717,75634.66199138678,75639.0071050624,0.39058615952400494,0.445,103.07073553893883,BUY_NO
1779836136.1197555,75634.38482830844,75639.0071050624,0.466863912894188,0.445,239.66999999999996,SELL_NO
1779836136.1538348,75634.38482830844,75639.0071050624,0.4866891513602372,0.445,219.48813367568766,BUY_YES
1779836136.1865888,75634.38482830844,75639.0071050624,0.5059051882107161,0.445,111.60994792040975,BUY_YES
1779836136.800554,75634.3101370202,75639.0071050624,0.4168073413331238,0.5,117.03,BUY_NO
1779836136.8084116,75634.3101370202,75639.0071050624,0.4088510859552396,0.505,117.03,BUY_NO
1779836136.8307788,75634.3101370202,75639.0071050624,0.40492431643081434,0.505,117.03,BUY_NO
1779836136.852059,75634.3101370202,75639.0071050624,0.4017690390793613,0.505,117.03,BUY_NO
1779836136.910485,75634.3101370202,75639.0071050624,0.4166406279522384,0.505,117.03,SELL_YES
1779836136.925792,75634.3101370202,75639.0071050624,0.41158977685544273,0.505,117.03,SELL_YES
1779836138.0143664,75634.48835841623,75639.0071050624,0.517118499801968,0.49,160.34,SELL_NO
1779836138.0428667,75634.48835841623,75639.0071050624,0.5159553751611898,0.485,160.34,SELL_NO
1779836138.1042583,75634.48835841623,75639.0071050624,0.5162026305353484,0.475,160.34,SELL_NO
1779836139.6608994,75634.21928965939,75639.0071050624,0.5274749762438855,0.46499999999999997,124.30853249298937,BUY_YES
1779836140.517655,75634.1833146594,75639.0071050624,0.541043635186304,0.435,218.18,BUY_YES
1779836140.570542,75634.1833146594,75639.0071050624,0.5535424849137185,0.435,167.99206489830192,BUY_YES
1779836145.4758859,75631.0517879099,75639.0071050624,0.41056203123643575,0.425,473.94,SELL_YES
1779836145.68709,75631.0517879099,75639.0071050624,0.49925477170585686,0.425,119.46,BUY_YES
1779836148.3357546,75627.44401344286,75639.0071050624,0.34450959626550126,0.355,253.03867898738872,SELL_YES
1779836148.5964134,75627.44401344286,75639.0071050624,0.3259861310075679,0.355,113.69139834912096,BUY_NO
1779836148.8093393,75627.44401344286,75639.0071050624,0.3073070731177696,0.355,119.12723814950442,BUY_NO
1779836150.143876,75627.2800889135,75639.0071050624,0.2936283045463859,0.355,85.21553177004654,BUY_NO
1779836150.3725562,75627.2800889135,75639.0071050624,0.5506776322082818,0.355,87.4,SELL_NO
1779836150.379967,75627.2800889135,75639.0071050624,0.535570532946667,0.355,86.0,SELL_NO
1779836150.3882616,75627.2800889135,75639.0071050624,0.5148315375727205,0.355,228.0,BUY_YES
1779836150.3950255,75627.2800889135,75639.0071050624,0.4897939025240843,0.355,121.0,SELL_NO
1779836150.4325676,75627.2800889135,75639.0071050624,0.33934488775205257,0.355,149.29,SELL_YES
1779836150.521013,75627.2800889135,75639.0071050624,0.32638348470250156,0.355,86.5846253940681,BUY_NO
1779836150.703851,75626.7283656555,75639.0071050624,0.3134374648141565,0.355,82.15899995768154,BUY_NO
1779836150.8344352,75626.7283656555,75639.0071050624,0.29710528975737427,0.355,102.8911120045596,BUY_NO
1779836150.8378706,75626.7283656555,75639.0071050624,0.27926832378187866,0.355,110.65756187131632,BUY_NO
1779836151.074641,75626.7227456555,75639.0071050624,0.2620817296611249,0.355,104.69994673790904,BUY_NO
1779836151.2177293,75626.7227456555,75639.0071050624,0.24465107649925208,0.365,104.86098516261188,BUY_NO
1779836151.3982012,75626.7227456555,75639.0071050624,0.3899147565041751,0.365,239.24,SELL_NO
1779836151.4032116,75626.7227456555,75639.0071050624,0.4219521836182814,0.36,125.0,SELL_NO
1779836151.4085982,75626.7227456555,75639.0071050624,0.44300994965070906,0.36,179.99081674156204,BUY_YES
1779836151.4253707,75626.7227456555,75639.0071050624,0.4699642559464242,0.36,239.24,BUY_YES
1779836151.437199,75626.7227456555,75639.0071050624,0.4829090322479867,0.36,125.0,SELL_NO
1779836151.4528759,75626.7227456555,75639.0071050624,0.4787549801132021,0.37,168.3818477208588,SELL_NO
1779836151.5420198,75626.7227456555,75639.0071050624,0.3632701322452814,0.375,181.42,SELL_YES
1779836151.5776827,75626.7227456555,75639.0071050624,0.4533364424044167,0.375,136.6272887333834,BUY_YES
1779836151.9026687,75626.7227456555,75639.0071050624,0.3641152438825761,0.375,223.12,SELL_YES
1779836151.933129,75626.7227456555,75639.0071050624,0.44671638265170394,0.375,183.51321165115286,BUY_YES
1779836152.197411,75626.69268026957,75639.0071050624,0.36419186534390113,0.375,250.85,SELL_YES
1779836152.2245843,75626.69268026957,75639.0071050624,0.43882358417313483,0.375,202.7886205567502,BUY_YES
1779836152.5222793,75626.69268026957,75639.0071050624,0.3585951285857824,0.375,267.61,SELL_YES
1779836152.5469413,75626.69268026957,75639.0071050624,0.43003848022081437,0.375,213.7243697178938,BUY_YES
1779836153.3356113,75626.69268026957,75639.0071050624,0.34732333229406137,0.375,80.04988276015985,BUY_NO
1779836153.3558297,75626.69268026957,75639.0071050624,0.3635125694483951,0.375,185.86,SELL_YES
1779836153.3736765,75626.69268026957,75639.0071050624,0.42669667467421285,0.375,163.15438099239418,BUY_YES
1779836153.8145146,75626.69268026957,75639.0071050624,0.3445088271848874,0.375,250.65,SELL_YES
1779836153.8315258,75626.69268026957,75639.0071050624,0.4087563671861133,0.375,140.22413373523688,BUY_YES
1779836153.870841,75626.69268026957,75639.0071050624,0.43374503441675405,0.36,153.25603318241124,BUY_YES
1779836153.8782153,75626.69268026957,75639.0071050624,0.46053160481896305,0.355,162.34146191399196,BUY_YES
1779836153.8859937,75626.69268026957,75639.0071050624,0.48700502457801487,0.355,158.20928544036713,BUY_YES
1779836153.8947754,75626.69268026957,75639.0071050624,0.5115219792371932,0.355,144.41108318768966,BUY_YES
1779836153.9092422,75626.69268026957,75639.0071050624,0.542675910575056,0.355,183.02498813751617,BUY_YES
1779836154.4195328,75626.73920257777,75639.0071050624,0.32498904593662514,0.345,767.72,SELL_YES
1779836154.6136396,75626.73920257777,75639.0071050624,0.3662346950463933,0.355,80.04988276015985,SELL_NO
1779836154.6762648,75626.73925553342,75639.0071050624,0.3295043662037146,0.355,88.65,BUY_NO
1779836154.678336,75626.73925553342,75639.0071050624,0.33472027945552496,0.355,202.43,SELL_YES
1779836155.239374,75626.73925553342,75639.0071050624,0.380134371538313,0.355,86.07,SELL_NO
1779836155.8164437,75626.73925553342,75639.0071050624,0.38548161016287397,0.355,152.36506117984732,BUY_YES
1779836155.8656616,75627.43684610196,75639.0071050624,0.337147912798335,0.355,79.66347678629035,BUY_NO
1779836155.8718817,75627.43684610196,75639.0071050624,0.3658486314341264,0.355,82.24347678629036,SELL_NO
1779836155.900415,75627.43684610196,75639.0071050624,0.41330315723226824,0.355,174.9127129286125,BUY_YES
1779836155.9192371,75627.43684610196,75639.0071050624,0.4360660107265892,0.355,140.72325778682574,BUY_YES
1779836156.0233223,75627.43684610196,75639.0071050624,0.45976510628516604,0.355,145.4949716489652,BUY_YES
1779836159.0550995,75627.56948638207,75639.0071050624,0.3217526061341481,0.355,90.8,BUY_NO
1779836159.1446152,75627.56948638207,75639.0071050624,0.3292051341607838,0.355,282.66,SELL_YES
1779836159.1557333,75627.56948638207,75639.0071050624,0.37352525874326303,0.355,90.8,SELL_NO
1779836159.4767425,75627.56948638207,75639.0071050624,0.31784654036452725,0.355,116.95,BUY_NO
1779836159.8040576,75627.56948638207,75639.0071050624,0.34020766964886223,0.355,232.47,SELL_YES
1779836159.8244407,75627.56948638207,75639.0071050624,0.3744405647046202,0.355,116.95,SELL_NO
1779836160.1253781,75627.56948638207,75639.0071050624,0.27527791171541127,0.355,114.46000000000001,BUY_NO
1779836160.1997447,75628.9302483927,75639.0071050624,0.31417049719162543,0.355,91.0,BUY_NO
1779836161.3181965,75628.9302483927,75639.0071050624,0.29440909288810424,0.355,145.74503934817366,BUY_NO
1779836161.3553293,75628.9302483927,75639.0071050624,0.2788163392858907,0.355,94.06218775300664,BUY_NO
1779836161.55909,75628.9302483927,75639.0071050624,0.26475846459361413,0.355,84.49668423892797,BUY_NO
1779836161.6896875,75629.03209010957,75639.0071050624,0.24674069026582865,0.38,108.2365241957649,BUY_NO
1779836161.7083416,75629.03209010957,75639.0071050624,0.22389954398607315,0.38,135.2749250739247,BUY_NO
1779836161.7665148,75629.03209010957,75639.0071050624,0.20947371666974096,0.38,80.31251716492568,BUY_NO
1779836167.269846,75625.31989902405,75639.0071050624,0.22579682845169813,0.395,94.80836103497245,BUY_NO
1779836168.07062,75621.19743364195,75639.0071050624,0.20534260803192536,0.415,174.06,BUY_NO
1779836172.5760686,75620.01778554019,75639.0071050624,0.43256758574519183,0.415,228.21,SELL_NO
1779836176.4690244,75621.25747894293,75639.0071050624,0.23596359150276264,0.415,91.27329851337663,BUY_NO
1779836177.6683714,75621.25747894293,75639.0071050624,0.21961187477111865,0.415,86.2340918573434,BUY_NO
1779836177.820939,75621.20057697555,75639.0071050624,0.20190537951858387,0.415,93.10627664286767,BUY_NO
1779836184.3839383,75614.81436464042,75639.0071050624,0.19816441200715157,0.435,91.0,BUY_NO
1779836185.0452318,75614.81080297248,75639.0071050624,0.18337834313216952,0.435,90.51149076893103,BUY_NO
1779836185.2739544,75614.81080297248,75639.0071050624,0.16544903819089785,0.435,89.52298197176788,BUY_NO
1779836185.4265368,75614.81080297248,75639.0071050624,0.14755345306235568,0.435,88.30557294856862,BUY_NO
1779836186.2129953,75614.65149075931,75639.0071050624,0.124105572798766,0.435,117.10611922137718,BUY_NO
1779836186.2438464,75614.65149075931,75639.0071050624,0.10478666086081732,0.435,90.36623463096498,BUY_NO
1779836186.4523158,75614.88935267576,75639.0071050624,0.12362227255051904,0.48,109.32,BUY_NO
1779836186.4548965,75614.88935267576,75639.0071050624,0.11987217011747103,0.485,107.9216775346002,SELL_YES
1779836194.0194545,75614.58615750866,75639.0071050624,0.3043224649453793,0.275,117.08999999999999,SELL_NO
1779836194.0291107,75614.58615750866,75639.0071050624,0.3101461103945751,0.275,235.34,SELL_NO
1779836194.043375,75614.58615750866,75639.0071050624,0.31524945070476734,0.275,124.0,SELL_NO
1779836197.3740191,75614.21144618245,75639.0071050624,0.28519974353914507,0.275,419.07,SELL_NO
1779836197.5238323,75614.21144618245,75639.0071050624,0.2881577088593195,0.275,438.12,SELL_NO
1779836197.6602006,75614.21144618245,75639.0071050624,0.19083065754089323,0.275,70.71876038453752,BUY_NO
1779836197.8475404,75614.21144618245,75639.0071050624,0.2901238746298062,0.275,219.30999999999995,SELL_NO
1779836197.975616,75614.21144618245,75639.0071050624,0.2881357736876137,0.275,331.6,SELL_NO
1779836198.25457,75614.21022618245,75639.0071050624,0.24677565351764352,0.275,80.25,BUY_NO
1779836198.2686434,75614.21022618245,75639.0071050624,0.31924002729967327,0.275,288.49298330664504,BUY_YES
1779836198.2781413,75614.21022618245,75639.0071050624,0.3496680319011032,0.275,219.51813222603533,BUY_YES
1779836198.2875643,75614.21022618245,75639.0071050624,0.3592593001704777,0.275,107.43106574943113,SELL_NO
1779836199.610341,75610.50362049243,75639.0071050624,0.19115877932324427,0.20500000000000002,79.0,BUY_NO
1779836199.9544947,75610.50362049243,75639.0071050624,0.17501081321972434,0.20500000000000002,63.48325944789181,BUY_NO
1779836200.2039304,75610.50362049243,75639.0071050624,0.17650084832300053,0.20500000000000002,71.2437467323548,BUY_NO
1779836200.4355357,75610.50362049243,75639.0071050624,0.16758636807888203,0.20500000000000002,79.34358409200499,BUY_NO
1779836200.6293335,75610.50362049243,75639.0071050624,0.158483373579617,0.20500000000000002,79.80948265319245,BUY_NO
1779836201.2872796,75608.31109868959,75639.0071050624,0.15018123813770895,0.20500000000000002,71.58191970018208,BUY_NO
1779836201.7971237,75608.31109868959,75639.0071050624,0.14225805232693292,0.20500000000000002,67.5857402581575,BUY_NO
1779836201.8226717,75608.31109868959,75639.0071050624,0.13317025406682695,0.20500000000000002,77.1999250838004,BUY_NO
1779836203.474283,75608.00618340289,75639.0071050624,0.12529297596125147,0.20500000000000002,65.12748115611043,BUY_NO
1779836205.8365138,75607.86172903956,75639.0071050624,0.11626267940972763,0.20500000000000002,75.00578396893638,BUY_NO
1779836206.8620362,75608.25335020699,75639.0071050624,0.10830890369318188,0.20500000000000002,64.09462798711456,BUY_NO
1779836210.0221362,75608.02996624519,75639.0071050624,0.11729429039244035,0.20500000000000002,250.29,SELL_YES
1779836210.065796,75608.02996624519,75639.0071050624,0.2174006131166351,0.20500000000000002,141.17,SELL_NO
1779836210.8896644,75608.02996624519,75639.0071050624,0.14598301101626462,0.20500000000000002,257.7211155326804,SELL_YES
1779836211.1788056,75608.02996624519,75639.0071050624,0.11873468060892231,0.20500000000000002,63.25846423547773,BUY_NO
1779836216.2388315,75608.19818087711,75639.0071050624,0.11093199441672669,0.20500000000000002,64.47661458791151,BUY_NO
1779836216.2733033,75608.19818087711,75639.0071050624,0.10131284930701333,0.20500000000000002,79.4676052942624,BUY_NO
1779836217.1991272,75608.07105673308,75639.0071050624,0.09516140586079666,0.22,98.49568322482003,BUY_NO
1779836217.2907276,75608.07105673308,75639.0071050624,0.09044090027442919,0.225,63.89,BUY_NO
1779836230.2256472,75609.81245142141,75639.0071050624,0.08773013992489191,0.235,74.323288990082,BUY_NO
1779836238.8343914,75610.04313899999,75639.0071050624,0.22256458281691321,0.20500000000000002,397.51,SELL_NO
1779836238.8418863,75610.04313899999,75639.0071050624,0.2568746896662152,0.20500000000000002,190.09000000000003,SELL_NO
1779836239.023774,75610.04313899999,75639.0071050624,0.29814927365494054,0.20500000000000002,67.61999999999998,SELL_NO
1779836239.0330076,75610.04313899999,75639.0071050624,0.2893442756598726,0.20500000000000002,408.0,BUY_YES
1779836239.2191703,75610.04313899999,75639.0071050624,0.19406083083729106,0.20500000000000002,319.3,SELL_YES
1779836239.2338583,75610.04313899999,75639.0071050624,0.256661564878078,0.20500000000000002,71.38999999999999,SELL_NO
1779836239.2413423,75610.04313899999,75639.0071050624,0.2657458779593681,0.20500000000000002,302.8,SELL_NO
1779836239.4389818,75610.04313899999,75639.0071050624,0.17561054220669078,0.20500000000000002,70.78755461297149,BUY_NO
1779836239.620078,75610.04313899999,75639.0071050624,0.1679099392666381,0.20500000000000002,72.39949887993325,BUY_NO
1779836239.7573502,75610.04313899999,75639.0071050624,0.16044864511115234,0.20500000000000002,69.23919172309968,BUY_NO
1779836239.8409219,75610.04313899999,75639.0071050624,0.1449962438926212,0.20500000000000002,63.637535608980556,BUY_NO
1779836240.178302,75610.04313899999,75639.0071050624,0.13813617901053823,0.20500000000000002,64.97476965292998,BUY_NO
1779836240.6355567,75610.00234848863,75639.0071050624,0.13136173972654977,0.20500000000000002,63.362916362903434,BUY_NO
1779836241.1404207,75610.00234848863,75639.0071050624,0.12369704120550282,0.20500000000000002,71.28114013842617,BUY_NO
1779836242.3624902,75609.71729,75639.0071050624,0.2169893444448171,0.20500000000000002,482.73,SELL_NO
1779836242.3862166,75609.71729,75639.0071050624,0.17964325094914083,0.20500000000000002,127.33886131948628,BUY_NO
1779836242.3997009,75609.71729,75639.0071050624,0.17030760320325755,0.20500000000000002,82.96726240651634,BUY_NO
1779836242.4380612,75609.71729,75639.0071050624,0.15241624489223335,0.20500000000000002,82.8663157971576,BUY_NO
1779836242.5524535,75609.71729,75639.0071050624,0.1451991011532528,0.20500000000000002,64.84075312069075,BUY_NO
1779836242.8530948,75609.71729,75639.0071050624,0.1382886965945228,0.20500000000000002,61.77375508883853,BUY_NO
1779836243.2057948,75609.71729,75639.0071050624,0.13056127191779301,0.20500000000000002,68.73449426866824,BUY_NO
1779836244.8247857,75610.01654483812,75639.0071050624,0.2169173664297477,0.20500000000000002,424.93,SELL_NO
1779836244.84453,75610.01654483812,75639.0071050624,0.1792532337662348,0.20500000000000002,66.16249065068777,BUY_NO
1779836244.8515184,75610.01654483812,75639.0071050624,0.17203266568632766,0.20500000000000002,64.56854024060343,BUY_NO
1779836244.8654187,75610.01654483812,75639.0071050624,0.1625393580984495,0.20500000000000002,84.4312408740181,BUY_NO
1779836244.9054697,75610.01654483812,75639.0071050624,0.14665881782127255,0.20500000000000002,65.78502372841581,BUY_NO
1779836245.1500657,75610.01654483812,75639.0071050624,0.13940776389160014,0.20500000000000002,65.01082477062255,BUY_NO
1779836245.4575918,75610.01654483812,75639.0071050624,0.21578699245509275,0.20500000000000002,399.32,SELL_NO
1779836245.478961,75610.01654483812,75639.0071050624,0.17879578646479513,0.20500000000000002,124.4308604060723,BUY_NO
1779836245.5041332,75610.01654483812,75639.0071050624,0.16034300656716696,0.20500000000000002,85.40225904729678,BUY_NO
1779836245.574346,75610.01654483812,75639.0071050624,0.153523615932899,0.20500000000000002,61.882557808199124,BUY_NO
1779836245.809582,75610.01654483812,75639.0071050624,0.14602003102665215,0.20500000000000002,68.4643227384318,BUY_NO
1779836245.9136503,75609.75184583668,75639.0071050624,0.13107799182385205,0.20500000000000002,62.4417658703515,BUY_NO
1779836246.3512714,75609.75184583668,75639.0071050624,0.1243552842867183,0.20500000000000002,62.047569094486505,BUY_NO
1779836248.0030017,75609.68351974923,75639.0071050624,0.13216087760849196,0.20500000000000002,63.41474832569486,BUY_NO
1779836248.2716067,75609.68466772654,75639.0071050624,0.1242603665956479,0.20500000000000002,66.04695510097008,BUY_NO
1779836248.3332841,75609.68466772654,75639.0071050624,0.11597077542510788,0.20500000000000002,68.52223080166198,BUY_NO
1779836249.8000088,75609.68501057416,75639.0071050624,0.1080608480192011,0.20500000000000002,64.23839599101404,BUY_NO
1779836251.240448,75609.68501057416,75639.0071050624,0.09887880035349085,0.20500000000000002,74.710500765206,BUY_NO
1779836262.2855363,75610.97667546739,75639.0071050624,0.09090579306111521,0.20500000000000002,62.60562106190355,BUY_NO
1779836267.163982,75616.69819929478,75639.0071050624,0.22627133590280296,0.215,499.83,SELL_NO
1779836267.2531178,75616.69819929478,75639.0071050624,0.1500213221694617,0.215,79.40059425148303,BUY_NO
1779836268.0433009,75616.62675753207,75639.0071050624,0.2274615818743382,0.215,383.08,SELL_NO
1779836268.0629306,75616.62675753207,75639.0071050624,0.1856216250423189,0.215,83.33574821415556,BUY_NO
1779836268.2151713,75616.62675753207,75639.0071050624,0.1777800174868296,0.215,66.92453741600292,BUY_NO
1779836269.0152152,75616.62675753207,75639.0071050624,0.1701143835716787,0.215,64.9341564352066,BUY_NO
1779836269.608878,75616.31770087447,75639.0071050624,0.16250273107037846,0.215,63.79520012237384,BUY_NO
1779836270.4459457,75616.31770087447,75639.0071050624,0.22544399124360132,0.215,365.78999999999996,SELL_NO
1779836270.4742317,75616.31770087447,75639.0071050624,0.188942358547145,0.215,142.20642870708684,BUY_NO
1779836270.497952,75616.31770087447,75639.0071050624,0.1700965341208821,0.215,84.73396202765906,BUY_NO
1779836270.539659,75616.31770087447,75639.0071050624,0.15437911197370513,0.215,62.20409989853215,BUY_NO
1779836271.1852577,75616.31163842743,75639.0071050624,0.1635183217706015,0.215,65.0,BUY_NO
1779836272.9084833,75616.47415652721,75639.0071050624,0.22812683803251962,0.215,398.0318907410376,SELL_NO
1779836272.9564462,75616.47415652721,75639.0071050624,0.20108642379698807,0.215,78.98722194637531,BUY_NO
1779836272.9853804,75616.47415652721,75639.0071050624,0.19340540040960913,0.215,67.12830691365454,BUY_NO
1779836273.165379,75616.47415652721,75639.0071050624,0.23501559936119004,0.215,146.11552886002985,SELL_NO
1779836273.2979674,75616.45222991807,75639.0071050624,0.20204434671882077,0.215,70.4842675624663,BUY_NO
1779836273.3239057,75616.45222991807,75639.0071050624,0.2302238835496701,0.215,70.4842675624663,SELL_NO
1779836273.6192179,75616.45222991807,75639.0071050624,0.20257567895477913,0.215,65.77171811330625,BUY_NO
1779836273.6517487,75616.45222991807,75639.0071050624,0.19375634511776213,0.215,77.3665079286615,BUY_NO
1779836273.747786,75616.45222991807,75639.0071050624,0.17665356622158018,0.215,68.82092512546336,BUY_NO
1779836274.1397245,75616.45222991807,75639.0071050624,0.16923410694458552,0.215,65.77141068554704,BUY_NO
1779836274.2249033,75616.45222991807,75639.0071050624,0.15242426598474942,0.215,72.98659456954499,BUY_NO
1779836275.5939922,75616.8519239396,75639.0071050624,0.15059065251537537,0.215,111.87,BUY_NO
1779836277.396534,75615.64005928628,75639.0071050624,0.14767042436902647,0.215,68.77282815086295,BUY_NO
1779836277.733409,75615.64005928628,75639.0071050624,0.13968511072523052,0.215,64.61882682037708,BUY_NO
1779836281.6000652,75615.64181018902,75639.0071050624,0.22780122013974075,0.215,595.9788113937632,SELL_NO
1779836281.6224499,75615.64181018902,75639.0071050624,0.19677937669257894,0.215,91.57,BUY_NO
1779836281.646375,75615.64181018902,75639.0071050624,0.23533696576579066,0.215,91.57,SELL_NO
1779836281.9654121,75615.64181018902,75639.0071050624,0.2023224591322858,0.215,67.93911875997797,BUY_NO
1779836282.0717895,75615.64181018902,75639.0071050624,0.19290895160957883,0.215,82.4709572305462,BUY_NO
1779836282.1384718,75615.64181018902,75639.0071050624,0.17628983646042118,0.215,64.48289509054081,BUY_NO
1779836283.74016,75615.90087376966,75639.0071050624,0.17185729761832616,0.255,386.2390051159646,BUY_NO
1779836283.7611756,75615.90087376966,75639.0071050624,0.14877240054551238,0.255,98.52974002041162,BUY_NO
1779836283.7753386,75615.90087376966,75639.0071050624,0.13524355314959108,0.255,97.30465528746652,BUY_NO
1779836283.7993498,75615.90087376966,75639.0071050624,0.11506694123297483,0.255,96.34272423081097,BUY_NO
1779836287.3092558,75616.2771767081,75639.0071050624,0.1175630299422471,0.255,71.0899831022823,BUY_NO
1779836304.7600827,75616.10705012729,75639.0071050624,0.08377354424931044,0.215,68.36238992941992,BUY_NO
1779836308.4947183,75626.18749423452,75639.0071050624,0.24531165070198,0.225,183.51,SELL_NO
1779836308.5246236,75626.18749423452,75639.0071050624,0.24969460167922225,0.225,76.16,SELL_NO
1779836308.5741835,75626.18749423452,75639.0071050624,0.24399543203908297,0.225,71.16,SELL_NO
1779836308.655963,75626.18749423452,75639.0071050624,0.24520703566668467,0.225,179.67,SELL_NO
1779836308.6998255,75626.18749423452,75639.0071050624,0.24556622800319605,0.225,178.67,SELL_NO
1779836308.8439357,75626.18749423452,75639.0071050624,0.26329116734457614,0.225,131.0,SELL_NO
1779836308.8733468,75626.18749423452,75639.0071050624,0.26514555926926264,0.225,104.0,SELL_NO
1779836309.26196,75631.38880988558,75639.0071050624,0.31328053117827137,0.225,108.59146876742102,SELL_NO
1779836310.772849,75631.47235988558,75639.0071050624,0.36189752279928705,0.225,217.88,BUY_YES
1779836311.4540045,75631.47235988558,75639.0071050624,0.35359433487391223,0.225,250.43,BUY_YES
1779836312.0344656,75631.74235542095,75639.0071050624,0.3923562885336867,0.225,329.63,BUY_YES
1779836312.6200447,75631.74235542095,75639.0071050624,0.3872444106036435,0.225,382.63,BUY_YES
1779836313.6652184,75632.49784627339,75639.0071050624,0.4739071066361263,0.225,219.45000000000005,BUY_YES
1779836313.9529028,75632.49784627339,75639.0071050624,0.44613997846553355,0.225,241.9760607606895,BUY_YES
1779836314.7874496,75632.41866444092,75639.0071050624,0.47646413411616717,0.225,231.19025205179264,BUY_YES
1779836331.382123,75623.81521749038,75639.0071050624,0.15459254196109923,0.165,387.87,SELL_YES
1779836331.5933611,75623.81521749038,75639.0071050624,0.15638018849778523,0.175,136.2041643398542,BUY_NO
1779836331.8707747,75623.81521749038,75639.0071050624,0.14997606533578503,0.175,61.61262192752301,BUY_NO
1779836332.1048758,75623.65023001918,75639.0071050624,0.15524314058308136,0.175,295.8,SELL_YES
1779836332.1221626,75623.65023001918,75639.0071050624,0.1947334578777568,0.175,197.8167862673772,SELL_NO
1779836332.3208191,75623.65023001918,75639.0071050624,0.16380475149603238,0.175,62.26507326004572,BUY_NO
1779836333.1203122,75623.65023001918,75639.0071050624,0.1638308984107319,0.175,391.48,SELL_YES
1779836333.132693,75623.65023001918,75639.0071050624,0.18515011032360468,0.175,62.26507326004572,SELL_NO
1779836333.3187497,75623.75449861637,75639.0071050624,0.16300278709412405,0.175,70.81492879062425,BUY_NO
1779836333.543132,75623.75449861637,75639.0071050624,0.16176615310147274,0.175,297.3450712093757,SELL_YES
1779836333.8838236,75623.75449861637,75639.0071050624,0.1569763819093312,0.175,60.87517542901351,BUY_NO
1779836334.293859,75623.75449861637,75639.0071050624,0.16304880612362485,0.175,589.3912416031067,SELL_YES
1779836334.3272123,75623.75449861637,75639.0071050624,0.1882534496530653,0.175,64.38,SELL_NO
1779836334.3854983,75623.75449861637,75639.0071050624,0.15278265431099214,0.175,108.65919770881109,BUY_NO
1779836334.3983743,75623.75449861637,75639.0071050624,0.14522943852851736,0.175,74.82170113489457,BUY_NO
1779836334.4647892,75623.75449861637,75639.0071050624,0.13801862858078356,0.175,70.89386556601497,BUY_NO
1779836336.5440488,75630.20732,75639.0071050624,0.2661407006502007,0.20500000000000002,132.89,SELL_NO
1779836336.5523648,75630.20732,75639.0071050624,0.2652924326358006,0.20500000000000002,188.7948686293584,SELL_NO
1779836345.3289618,75629.67118794036,75639.0071050624,0.2575396406882225,0.375,157.54,BUY_NO
1779836345.6908216,75631.77385355567,75639.0071050624,0.30193666595879576,0.375,201.76,BUY_NO
1779836345.827286,75631.77385355567,75639.0071050624,0.2973928389353208,0.375,81.09905041079384,BUY_NO
1779836346.10235,75631.77385355567,75639.0071050624,0.28094210634583694,0.375,96.85222578049246,BUY_NO
1779836346.16873,75631.77385355567,75639.0071050624,0.2656784328010398,0.38,87.98160514949313,BUY_NO
1779836346.3514907,75631.77385355567,75639.0071050624,0.24770863282643546,0.38,103.33454520261887,BUY_NO
1779836349.757319,75632.94704207973,75639.0071050624,0.30244268051671386,0.455,93.553568162087,BUY_NO
1779836350.1568966,75633.82488274018,75639.0071050624,0.2850192958923563,0.455,91.92717962026381,BUY_NO
1779836353.0708463,75633.71265051585,75639.0071050624,0.4779689030288209,0.44,105.6,SELL_NO
1779836353.166127,75633.71265051585,75639.0071050624,0.4944449305758167,0.44,134.65743953299537,BUY_YES
1779836353.182219,75633.71265051585,75639.0071050624,0.5025078945896693,0.44,105.34256046700463,SELL_NO
1779836353.9015658,75633.71265051585,75639.0071050624,0.3562623621888369,0.455,115.0,SELL_YES
1779836354.3225443,75632.98540125109,75639.0071050624,0.3072925617480972,0.455,91.91816568295656,BUY_NO
1779836360.3522546,75633.41776106019,75639.0071050624,0.3911490186257962,0.375,236.46,SELL_NO
1779836371.2071695,75631.6918379939,75639.0071050624,0.2538773372553158,0.195,96.89000000000001,SELL_NO
1779836371.4340901,75631.6918379939,75639.0071050624,0.24752304269371728,0.21500000000000002,80.0,SELL_NO
1779836371.4627335,75631.6918379939,75639.0071050624,0.24042581055893,0.21500000000000002,119.38,SELL_NO
1779836371.5357656,75631.6918379939,75639.0071050624,0.23736394093676375,0.21000000000000002,106.64,SELL_NO
1779836371.5930524,75631.6918379939,75639.0071050624,0.24547573751914128,0.21000000000000002,88.51,SELL_NO
1779836371.6786911,75631.70015242053,75639.0071050624,0.2596960583427724,0.21000000000000002,67.14377954170094,SELL_NO
1779836372.7550964,75631.70015242053,75639.0071050624,0.26252814668423613,0.20500000000000002,242.18,BUY_YES
1779836373.093761,75632.03930804753,75639.0071050624,0.2675490837638505,0.20500000000000002,238.52999999999997,BUY_YES
1779836373.256953,75632.03930804753,75639.0071050624,0.29697447956898737,0.185,255.85040397673913,BUY_YES
1779836382.8218067,75636.97810006078,75639.0071050624,0.4074127360485549,0.195,273.39,BUY_YES
1779836382.927923,75636.97810006078,75639.0071050624,0.39765708987022924,0.195,252.0,BUY_YES
1779836382.960603,75636.97810006078,75639.0071050624,0.40226191457164745,0.195,511.7194048589572,BUY_YES
1779836383.8112264,75636.88588118367,75639.0071050624,0.43698851769924457,0.195,285.15352166703065,BUY_YES
1779836386.550859,75636.89006618368,75639.0071050624,0.4106034934992373,0.165,299.7639483882567,BUY_YES
1779836387.0219338,75637.60210352128,75639.0071050624,0.4545900678685504,0.165,419.3586829300957,BUY_YES
1779836387.3663313,75637.60210352128,75639.0071050624,0.5115932118492407,0.165,521.98,BUY_YES
1779836388.1030118,75637.60210352128,75639.0071050624,0.5606471017599068,0.165,454.10921903495046,BUY_YES
1779836388.2773504,75637.60210352128,75639.0071050624,0.6077090390838784,0.165,418.6874934481875,BUY_YES
1779836492.1598768,75748.30643967011,75638.26702525091,0.9539167033789858,0.9539167033789858,127836.4236033902,BUY_YES
1779836686.152538,75775.79000099699,75775.79000099699,0.01403549781296734,0.505,324.31,BUY_NO
1779836686.396079,75775.79000099699,75775.79000099699,0.022207692357313704,0.505,318.59,BUY_NO
1779836686.565383,75775.79000099699,75775.79000099699,0.0690002781585477,0.505,318.59,BUY_NO
1779836687.3612964,75775.79000099699,75775.79000099699,0.16560282670460702,0.505,318.59,BUY_NO
1779836689.1816068,75775.848545997,75775.79000099699,0.377123614701564,0.505,318.59,BUY_NO
1779836689.5935264,75775.849575997,75775.79000099699,0.38484017262799386,0.505,321.59,BUY_NO
1779836689.6787324,75775.849575997,75775.79000099699,0.3822434703560678,0.505,321.59,BUY_NO
1779836692.6650984,75771.52872187168,75775.79000099699,0.4689683572840572,0.505,214.17,BUY_NO
1779836693.383046,75771.52872187168,75775.79000099699,0.464278495375149,0.505,208.17,BUY_NO
1779836693.797162,75771.21536617,75775.79000099699,0.4540268865379513,0.51,208.17,BUY_NO
1779836693.8015149,75771.21536617,75775.79000099699,0.4513012846529555,0.51,126.1,BUY_NO
1779836695.441586,75771.16139789073,75775.79000099699,0.44320765314996674,0.51,208.17,BUY_NO
1779836695.6493866,75771.38865791334,75775.79000099699,0.436168223093165,0.51,138.1,BUY_NO
1779836700.8344302,75768.82898306058,75775.79000099699,0.4566843011376473,0.505,124.93,BUY_NO
1779836701.1186793,75768.82898306058,75775.79000099699,0.4419232810704588,0.505,114.91999999999999,BUY_NO
1779836701.1796317,75768.82898306058,75775.79000099699,0.4534387530517572,0.505,107.00000000000003,BUY_NO
1779836701.188969,75768.82898306058,75775.79000099699,0.44504181283990646,0.51,265.85,BUY_NO
1779836701.2155879,75768.82898306058,75775.79000099699,0.43931270180306536,0.52,239.85,BUY_NO
1779836701.2309072,75768.82898306058,75775.79000099699,0.4382722143108639,0.52,239.85,BUY_NO
1779836701.2494273,75768.82898306058,75775.79000099699,0.4405388674408979,0.525,212.85,BUY_NO
1779836701.2928665,75768.82898306058,75775.79000099699,0.433788891376116,0.525,212.85,BUY_NO
1779836701.3117094,75768.82898306058,75775.79000099699,0.42618198979333083,0.53,212.85,BUY_NO
1779836701.3196125,75768.82898306058,75775.79000099699,0.4133593503567754,0.53,212.85,BUY_NO
1779836701.5767543,75768.92378350541,75775.79000099699,0.4191731540757173,0.5549999999999999,116.0,BUY_NO
1779836701.6135128,75768.92378350541,75775.79000099699,0.4361117572565581,0.5549999999999999,136.51,BUY_NO
1779836701.6278496,75768.92378350541,75775.79000099699,0.4335088603297177,0.545,271.02,BUY_NO
1779836701.7751591,75768.92378350541,75775.79000099699,0.4500768253595465,0.5549999999999999,164.02,BUY_NO
1779836701.7907567,75768.92378350541,75775.79000099699,0.44500875769519377,0.56,178.06,BUY_NO
1779836701.8136723,75768.92378350541,75775.79000099699,0.434906864011107,0.56,236.06,BUY_NO
1779836704.374353,75770.47113858869,75775.79000099699,0.43900899561010615,0.615,140.0,BUY_NO
1779836704.7312417,75770.47113858869,75775.79000099699,0.45830463992062453,0.615,181.0,BUY_NO
1779836705.2023807,75781.41887938499,75775.79000099699,0.5251743976492048,0.615,166.0,BUY_NO
1779836705.2334378,75781.41887938499,75775.79000099699,0.5202378315473637,0.615,208.0,BUY_NO
1779836705.298712,75781.41887938499,75775.79000099699,0.5121974456567426,0.615,251.0,BUY_NO
1779836705.3330178,75781.41887938499,75775.79000099699,0.5136945053128603,0.615,220.0,BUY_NO
1779836705.3411665,75781.41887938499,75775.79000099699,0.5100471537124525,0.615,220.0,BUY_NO
1779836705.4904385,75781.41887938499,75775.79000099699,0.5066894877871363,0.615,133.0,BUY_NO
1779836706.8935573,75791.16286205166,75775.79000099699,0.5239476624856911,0.625,147.7813058917718,BUY_NO
1779836708.7449284,75791.92355892777,75775.79000099699,0.520843191494943,0.625,256.8595208898232,BUY_NO
1779836708.841438,75791.92355892777,75775.79000099699,0.5162593334766358,0.625,377.88655971676053,BUY_NO
1779836709.2138982,75791.84201502518,75775.79000099699,0.5092641260328115,0.63,575.9549742726158,BUY_NO
1779836710.0568326,75791.84201502518,75775.79000099699,0.5282565509837371,0.645,279.4709971966331,BUY_NO
1779836710.186857,75791.84201502518,75775.79000099699,0.521730326462153,0.645,466.37,BUY_NO
1779836710.366317,75791.84201502518,75775.79000099699,0.5175897820875655,0.645,423.57610040396685,BUY_NO
1779836710.4781876,75791.84201502518,75775.79000099699,0.506326255362629,0.645,654.87,BUY_NO
1779836711.2728858,75791.67660489977,75775.79000099699,0.49748394734003637,0.645,578.19,BUY_NO
1779836711.2955823,75791.67660489977,75775.79000099699,0.5006001054410019,0.645,161.4024073720375,BUY_NO
1779836711.3002315,75791.67660489977,75775.79000099699,0.4949183155628028,0.645,442.53759262796257,BUY_NO
1779836711.3109899,75791.67660489977,75775.79000099699,0.4831647632339845,0.645,620.94,BUY_NO
1779836711.8512502,75791.66366725482,75775.79000099699,0.47891087324874543,0.645,553.3,BUY_NO
1779836712.3460357,75791.66366725482,75775.79000099699,0.47257094769966784,0.645,564.54,BUY_NO
1779836712.400311,75791.66366725482,75775.79000099699,0.46620207265436175,0.645,571.03,BUY_NO
1779836712.447492,75791.66366725482,75775.79000099699,0.46456154604889954,0.645,186.5947926622939,BUY_NO
1779836723.6793075,75775.10077471347,75775.79000099699,0.4746508563425712,0.655,153.66,BUY_NO
1779836726.6244376,75772.2000325482,75775.79000099699,0.472078111316233,0.655,164.93,BUY_NO
1779836726.6764612,75772.11330736727,75775.79000099699,0.46998625623407553,0.655,162.07,BUY_NO
1779836727.2624087,75772.11330736727,75775.79000099699,0.46658426757342203,0.655,185.0,BUY_NO
1779836727.5651922,75772.11330736727,75775.79000099699,0.44428513947138487,0.655,369.46,BUY_NO
1779836727.6248696,75772.11330736727,75775.79000099699,0.4532560516315905,0.655,366.6,BUY_NO
1779836727.9342556,75771.38218846361,75775.79000099699,0.4450089705394439,0.655,329.45,BUY_NO
1779836728.6145399,75771.38218846361,75775.79000099699,0.44332725086517044,0.655,314.45,BUY_NO
1779836730.3037372,75771.44091026078,75775.79000099699,0.4952441093450447,0.485,327.05,BUY_YES
1779836730.321051,75771.44091026078,75775.79000099699,0.5060351064090676,0.485,137.80453560363475,BUY_YES
1779836730.3568823,75771.44091026078,75775.79000099699,0.4733182003277247,0.485,464.85453560363476,SELL_YES
1779836730.367836,75771.44091026078,75775.79000099699,0.5150074984369037,0.485,148.86546439636527,BUY_YES
1779836730.44808,75771.44091026078,75775.79000099699,0.5255423486212383,0.485,152.76,BUY_YES
1779836730.6812584,75771.44091026078,75775.79000099699,0.47466855730547547,0.485,177.36546439636527,SELL_YES
1779836730.7215562,75771.44091026078,75775.79000099699,0.5273450303780363,0.485,220.31,BUY_YES
1779836732.004146,75770.83656696715,75775.79000099699,0.46484584655913874,0.485,289.1,SELL_YES
1779836739.5241365,75763.8472976792,75775.79000099699,0.4950123160674794,0.485,331.08383779975225,BUY_YES
1779836739.5371432,75763.8472976792,75775.79000099699,0.4597013872408552,0.485,171.58,SELL_YES
1779836740.197901,75760.90466645994,75775.79000099699,0.437773571185808,0.485,112.05,SELL_YES
1779836740.2191062,75760.90466645994,75775.79000099699,0.497514414606242,0.485,476.4757696826055,BUY_YES
1779836740.6798735,75760.90466645994,75775.79000099699,0.5127048728455106,0.485,1168.0793672765703,BUY_YES
1779836742.0459056,75761.09316337653,75775.79000099699,0.4136773176651549,0.43,178.77,SELL_YES
1779836742.1608453,75761.09316337653,75775.79000099699,0.4146613340612319,0.43,137.39,SELL_YES
1779836742.2607086,75761.09316337653,75775.79000099699,0.41325126367002113,0.43,119.8,SELL_YES
1779836743.1147494,75761.798955,75775.79000099699,0.38109852678873063,0.425,170.82,SELL_YES
1779836743.1218529,75761.798955,75775.79000099699,0.3857256605460156,0.425,130.0,SELL_YES
1779836743.4579859,75761.798955,75775.79000099699,0.4029755507778197,0.425,145.82,SELL_YES
1779836743.464421,75761.798955,75775.79000099699,0.4035576848446243,0.425,183.0,SELL_YES
1779836743.5505571,75761.798955,75775.79000099699,0.468290905085984,0.425,90.0,SELL_NO
1779836743.560445,75761.798955,75775.79000099699,0.4612264895396094,0.425,197.03,BUY_YES
1779836743.5683184,75761.798955,75775.79000099699,0.4519486225614034,0.425,149.99999999999997,SELL_NO
1779836743.6011298,75761.798955,75775.79000099699,0.389687092931825,0.425,171.87,SELL_YES
1779836744.071868,75761.798955,75775.79000099699,0.43647254743996605,0.425,319.13,SELL_NO
1779836744.1177964,75761.798955,75775.79000099699,0.43778283222061376,0.425,319.13,SELL_NO
1779836744.2140582,75761.798955,75775.79000099699,0.43678104082823477,0.425,361.13,SELL_NO
1779836744.2734437,75761.798955,75775.79000099699,0.3463250720697315,0.425,273.31,SELL_YES
1779836744.2803788,75761.798955,75775.79000099699,0.3554099338729746,0.425,203.0,SELL_YES
1779836744.2879694,75761.798955,75775.79000099699,0.37640802469534657,0.425,173.94,SELL_YES
1779836744.4941907,75761.798955,75775.79000099699,0.5225675911270713,0.425,415.03,BUY_YES
1779836744.5026188,75761.798955,75775.79000099699,0.49940353804160287,0.425,239.11,BUY_YES
1779836744.5096538,75761.798955,75775.79000099699,0.4751658004657632,0.425,194.83,BUY_YES
1779836744.5396233,75761.798955,75775.79000099699,0.371758525459058,0.425,150.0,SELL_YES
1779836744.5680106,75761.798955,75775.79000099699,0.32883531938720256,0.425,262.17,SELL_YES
1779836744.576441,75761.798955,75775.79000099699,0.34751284475287836,0.425,198.0,SELL_YES
1779836744.5830488,75761.798955,75775.79000099699,0.37386910517871763,0.425,166.87,SELL_YES
1779836744.5991762,75761.798955,75775.79000099699,0.45146458378789756,0.425,393.13,BUY_YES
1779836744.605823,75761.798955,75775.79000099699,0.44809876727099096,0.425,372.03,SELL_NO
1779836745.130936,75762.43113430405,75775.79000099699,0.4352005082618698,0.425,507.51,SELL_NO
1779836745.1408463,75762.43113430405,75775.79000099699,0.39906631225729833,0.425,254.07,SELL_YES
1779836745.146778,75762.43113430405,75775.79000099699,0.39584734122888277,0.425,151.89,SELL_YES
1779836745.1707363,75762.43113430405,75775.79000099699,0.44237292851863574,0.425,536.13,BUY_YES
1779836745.1858587,75762.43113430405,75775.79000099699,0.4037260250862104,0.425,247.61,SELL_YES
1779836745.2013636,75762.43113430405,75775.79000099699,0.45047807648768295,0.425,541.15,BUY_YES
1779836745.2179036,75762.43113430405,75775.79000099699,0.4120862531858744,0.425,242.61,SELL_YES
1779836745.3024423,75762.43113430405,75775.79000099699,0.448764442973826,0.425,97.0,SELL_NO
1779836745.4834993,75762.43113430405,75775.79000099699,0.4376630836438452,0.425,664.15,SELL_NO
1779836745.4958854,75762.43113430405,75775.79000099699,0.4044665369302149,0.425,243.77,SELL_YES
1779836745.5011108,75762.43113430405,75775.79000099699,0.40344921832604297,0.425,151.89,SELL_YES
1779836745.5356057,75762.43113430405,75775.79000099699,0.4461733569870705,0.425,114.03,BUY_YES
1779836745.5675437,75762.43113430405,75775.79000099699,0.4481032963119395,0.425,691.15,BUY_YES
1779836745.5826228,75762.43113430405,75775.79000099699,0.4144506033226555,0.425,235.77,SELL_YES
1779836745.6283917,75762.43113430405,75775.79000099699,0.4049741027091154,0.425,151.89,SELL_YES
1779836745.6459627,75762.43113430405,75775.79000099699,0.4501500278485576,0.425,690.59,BUY_YES
1779836745.6669972,75762.43113430405,75775.79000099699,0.4076288786723262,0.425,232.73,SELL_YES
1779836745.744807,75762.43113430405,75775.79000099699,0.45451963050193206,0.425,119.03,SELL_NO
1779836745.775372,75762.43113430405,75775.79000099699,0.4377699796703022,0.425,636.59,SELL_NO
1779836745.7853901,75762.43113430405,75775.79000099699,0.40436859619814713,0.425,227.27,SELL_YES
1779836745.7917964,75762.43113430405,75775.79000099699,0.4020486870475578,0.425,150.0,SELL_YES
1779836745.834345,75762.43113430405,75775.79000099699,0.46358917349790985,0.425,619.59,BUY_YES
1779836745.8433726,75762.43113430405,75775.79000099699,0.44828191430806885,0.425,119.03,SELL_NO
1779836745.8556855,75762.43113430405,75775.79000099699,0.41428992388582897,0.425,219.13,SELL_YES
1779836745.8737054,75762.43113430405,75775.79000099699,0.4046680345142284,0.425,150.0,SELL_YES
1779836745.9107635,75762.43113430405,75775.79000099699,0.46350574373043635,0.425,619.59,BUY_YES
1779836745.94211,75762.43113430405,75775.79000099699,0.41153170078224377,0.425,207.5,SELL_YES
1779836746.3665903,75762.63468222045,75775.79000099699,0.44800680175480695,0.425,540.02,SELL_NO
1779836746.3818185,75762.63468222045,75775.79000099699,0.4033438985928041,0.425,208.27,SELL_YES
1779836746.3890982,75762.63468222045,75775.79000099699,0.40415980447669975,0.425,150.0,SELL_YES
1779836746.5026736,75762.63468222045,75775.79000099699,0.4844497229963628,0.425,576.18,BUY_YES
1779836746.5107644,75762.63468222045,75775.79000099699,0.4660815675222409,0.425,171.97,BUY_YES
1779836746.528522,75762.63468222045,75775.79000099699,0.4088046845114761,0.425,208.27,SELL_YES
1779836746.5348384,75762.63468222045,75775.79000099699,0.402694307901099,0.425,150.0,SELL_YES
1779836746.6744642,75762.63468222045,75775.79000099699,0.47105427278146716,0.425,656.52,BUY_YES
1779836746.6796632,75762.63468222045,75775.79000099699,0.45394387481852067,0.425,176.97,SELL_NO
1779836746.6983047,75762.63468222045,75775.79000099699,0.4074156042494166,0.425,178.27,SELL_YES
1779836746.9644175,75762.63468222045,75775.79000099699,0.45107385339030376,0.425,739.4,SELL_NO
1779836747.2073693,75762.63468222045,75775.79000099699,0.46027200249380984,0.425,437.9278977806125,BUY_YES
1779836747.2141578,75762.63468222045,75775.79000099699,0.46874800102821246,0.425,355.3021022193875,BUY_YES
1779836747.220758,75762.63468222045,75775.79000099699,0.4535475272781721,0.425,216.92,SELL_NO
1779836748.0329552,75762.66706173577,75775.79000099699,0.45278834130788936,0.425,692.31,SELL_NO
1779836748.1689427,75762.66706173577,75775.79000099699,0.45223711824496315,0.425,731.31,SELL_NO
1779836748.2543592,75762.66706173577,75775.79000099699,0.4396955218772944,0.425,734.29,SELL_NO
1779836748.402439,75762.66706173577,75775.79000099699,0.45040916862833985,0.425,710.27,SELL_NO
1779836748.5046017,75762.66706173577,75775.79000099699,0.44392652890366235,0.425,632.57,SELL_NO
1779836748.8722048,75762.79880530635,75775.79000099699,0.43608709717589506,0.425,239.98000000000002,SELL_NO
1779836749.2075596,75762.79880530635,75775.79000099699,0.4359528127159414,0.425,172.0,SELL_NO
1779836749.352166,75762.79880530635,75775.79000099699,0.46014339766996626,0.425,957.99,SELL_NO
1779836749.361535,75762.79880530635,75775.79000099699,0.4865518112064937,0.425,957.99,BUY_YES
1779836749.3746843,75762.79880530635,75775.79000099699,0.4676695488317769,0.425,221.97,SELL_NO
1779836749.4183996,75762.79880530635,75775.79000099699,0.34153508209458205,0.425,90.58,BUY_NO
1779836749.4254868,75762.79880530635,75775.79000099699,0.3389875567668469,0.425,220.0,SELL_YES
1779836749.4320216,75762.79880530635,75775.79000099699,0.35200516900679973,0.425,251.94,SELL_YES
1779836749.4862428,75762.79880530635,75775.79000099699,0.4380530385342659,0.425,125.30999999999995,SELL_NO
1779836749.6516638,75762.79880530635,75775.79000099699,0.4359950075553495,0.425,952.29,SELL_NO
1779836750.3468614,75762.91308144062,75775.79000099699,0.45667686607976643,0.425,819.53,SELL_NO
1779836750.9490242,75762.91308144062,75775.79000099699,0.45060863767205794,0.425,910.75,SELL_NO
1779836750.9896133,75762.91308144062,75775.79000099699,0.37501850605268067,0.425,93.61,BUY_NO
1779836750.998464,75762.91308144062,75775.79000099699,0.3751073246312583,0.425,195.0,SELL_YES
1779836751.0056036,75762.91308144062,75775.79000099699,0.3886863602980389,0.425,301.94,SELL_YES
1779836751.0247626,75762.91308144062,75775.79000099699,0.4589601678419851,0.425,221.97,SELL_NO
1779836751.0339732,75762.91308144062,75775.79000099699,0.46384855773559686,0.425,142.0,SELL_NO
1779836751.7146864,75762.95038644063,75775.79000099699,0.43616727844852027,0.425,132.93000000000006,SELL_NO
1779836751.7664042,75762.95038644063,75775.79000099699,0.43848078432906096,0.425,931.12,SELL_NO
1779836751.7990046,75762.95038644063,75775.79000099699,0.391758298039975,0.425,86.98,BUY_NO
1779836751.8065274,75762.95038644063,75775.79000099699,0.39359109999445635,0.425,225.0,SELL_YES
1779836751.83827,75762.95038644063,75775.79000099699,0.46103041758174323,0.425,100.2600000000001,SELL_NO
1779836751.8492265,75762.95038644063,75775.79000099699,0.46336800964298425,0.425,236.97,SELL_NO
1779836752.0027156,75762.95038644063,75775.79000099699,0.4407639092218075,0.425,923.79,SELL_NO
1779836752.0220447,75762.95038644063,75775.79000099699,0.39942661794133544,0.425,86.44,BUY_NO
1779836752.931527,75762.95038644063,75775.79000099699,0.43520937491194195,0.425,118.52999999999997,SELL_NO
1779836752.9849896,75762.95038644063,75775.79000099699,0.4041144053560478,0.425,200.0,SELL_YES
1779836753.1481576,75762.134775,75775.79000099699,0.46713232325274523,0.425,122.96999999999991,BUY_YES
1779836753.1593323,75762.134775,75775.79000099699,0.461186796826324,0.425,248.97,SELL_NO
1779836753.202393,75762.134775,75775.79000099699,0.3937684563648205,0.425,301.94,SELL_YES
1779836753.7767053,75762.134775,75775.79000099699,0.4387703439090082,0.425,177.0,SELL_NO
1779836755.3130782,75762.49511,75775.79000099699,0.45032050259573175,0.425,611.5842510338737,SELL_NO
1779836756.044187,75762.7733862671,75775.79000099699,0.4139422363241808,0.425,102.88,BUY_NO
1779836756.0683546,75762.7733862671,75775.79000099699,0.438269546443295,0.425,102.88,SELL_NO
1779836756.121742,75762.7733862671,75775.79000099699,0.40424747099060593,0.425,245.0,BUY_NO
1779836756.1758852,75762.7733862671,75775.79000099699,0.43913918825975734,0.425,139.35574896612638,SELL_NO
1779836757.198811,75762.7733862671,75775.79000099699,0.45010264797669813,0.425,105.64425103387362,SELL_NO
1779836757.2078815,75762.7733862671,75775.79000099699,0.47244363558282637,0.425,706.3957489661263,BUY_YES
1779836757.233381,75762.7733862671,75775.79000099699,0.40757002023681005,0.425,110.39,BUY_NO
1779836757.241543,75762.7733862671,75775.79000099699,0.40103127775502195,0.425,328.22,BUY_NO
1779836757.2649698,75762.7733862671,75775.79000099699,0.4521635738554921,0.425,263.97,SELL_NO
1779836758.038691,75762.9270931076,75775.79000099699,0.44431409973604546,0.425,174.64,SELL_NO
1779836758.050421,75762.9270931076,75775.79000099699,0.4810269157377545,0.425,599.96,BUY_YES
1779836758.0703866,75762.9270931076,75775.79000099699,0.40529377860891636,0.425,107.48,BUY_NO
1779836758.0777273,75762.9270931076,75775.79000099699,0.40096218675627127,0.425,328.22,BUY_NO
1779836758.0959744,75762.9270931076,75775.79000099699,0.44629651375057,0.425,278.97,SELL_NO
1779836758.1700873,75762.9270931076,75775.79000099699,0.3948849796734334,0.425,278.6647408676629,BUY_NO
1779836758.4668255,75762.9270931076,75775.79000099699,0.45709803154615714,0.425,92.0,SELL_NO
1779836758.5677173,75762.9270931076,75775.79000099699,0.43558702227655266,0.425,343.3947408676629,SELL_NO
1779836758.5872707,75762.9270931076,75775.79000099699,0.48019198898485976,0.425,473.88525913233707,BUY_YES
1779836758.6148365,75762.9270931076,75775.79000099699,0.40949547113313434,0.425,88.45,BUY_NO
1779836758.6203997,75762.9270931076,75775.79000099699,0.4001634717696018,0.425,328.22,BUY_NO
1779836758.6441162,75762.9270931076,75775.79000099699,0.44906991229522114,0.425,233.97,SELL_NO
1779836758.6995018,75762.9270931076,75775.79000099699,0.3941603706319657,0.425,313.5093116793174,BUY_NO
1779836758.7604694,75762.9270931076,75775.79000099699,0.48888768507196817,0.425,172.0,SELL_NO
1779836758.7712271,75762.9270931076,75775.79000099699,0.480182571919651,0.425,193.0,SELL_NO
1779836758.8353157,75761.05430618097,75775.79000099699,0.38189922919182273,0.425,216.1,BUY_NO
1779836759.895589,75761.05430618097,75775.79000099699,0.4453424026852641,0.425,347.3093116793175,SELL_NO
1779836760.052508,75754.0574029356,75775.79000099699,0.4122454510965123,0.425,110.76,BUY_NO
1779836760.1763241,75754.0574029356,75775.79000099699,0.44642945562148684,0.425,110.76,SELL_NO
1779836760.193817,75754.0574029356,75775.79000099699,0.47870745644775353,0.425,118.51830741771391,BUY_YES
1779836760.2272894,75754.0574029356,75775.79000099699,0.4136894481678473,0.425,104.45,BUY_NO
1779836760.2493591,75754.0574029356,75775.79000099699,0.41184457136993197,0.425,104.45,BUY_NO
1779836760.3723578,75754.0574029356,75775.79000099699,0.3769799498267138,0.425,108.98,BUY_NO
1779836760.3775458,75754.0574029356,75775.79000099699,0.3797297091855744,0.425,352.22,BUY_NO
1779836760.3882735,75754.0574029356,75775.79000099699,0.4403985648761953,0.425,670.1,SELL_NO
1779836760.4090807,75754.0574029356,75775.79000099699,0.38629925914011026,0.425,300.94,BUY_NO
1779836760.414473,75754.0574029356,75775.79000099699,0.3844843618303173,0.425,171.29727955720352,BUY_NO
1779836760.4491167,75754.0574029356,75775.79000099699,0.45571000097138126,0.425,472.2372795572035,SELL_NO
1779836760.4796045,75754.0574029356,75775.79000099699,0.41146010351433365,0.425,108.98,BUY_NO
1779836760.556007,75754.0574029356,75775.79000099699,0.4469867542812003,0.425,108.98,SELL_NO
1779836760.566127,75754.0574029356,75775.79000099699,0.4813914065520371,0.425,220.972705606398,BUY_YES
1779836760.616129,75754.0574029356,75775.79000099699,0.4141171130816667,0.425,158.83,BUY_NO
1779836760.628227,75754.0574029356,75775.79000099699,0.4365571038200703,0.425,158.83,SELL_NO
1779836760.671359,75754.0574029356,75775.79000099699,0.3695818482936407,0.425,352.22,BUY_NO
1779836760.6765885,75754.0574029356,75775.79000099699,0.38807872794034126,0.425,300.94,BUY_NO
1779836760.685563,75754.0574029356,75775.79000099699,0.44057593702483705,0.425,345.32729439360196,SELL_NO
1779836760.7013085,75754.0574029356,75775.79000099699,0.44903750434381795,0.425,266.97,SELL_NO
1779836760.720701,75754.0574029356,75775.79000099699,0.38072954062700176,0.425,260.1,BUY_NO
1779836760.8661327,75750.264408613,75775.79000099699,0.4116602187222687,0.425,154.59,BUY_NO
1779836760.871663,75750.264408613,75775.79000099699,0.4397752449063429,0.425,455.55270560639815,SELL_NO
1779836761.054275,75750.264408613,75775.79000099699,0.4040042914628444,0.425,352.22,BUY_NO
1779836761.061909,75750.264408613,75775.79000099699,0.43991081150288014,0.425,352.22,SELL_NO
1779836762.6568444,75747.38689032804,75775.79000099699,0.32695192937105555,0.425,134.2,BUY_NO
1779836762.6657386,75747.38689032804,75775.79000099699,0.35990670006826403,0.425,352.22,BUY_NO
1779836762.674478,75747.38689032804,75775.79000099699,0.3914113650648508,0.425,241.10733454288214,BUY_NO
1779836762.6843548,75747.38689032804,75775.79000099699,0.4497737569710278,0.425,727.5273345428822,SELL_NO
1779836762.7601697,75747.38689032804,75775.79000099699,0.3792750793357451,0.425,84.83266545711786,BUY_NO
1779836762.7649388,75747.38689032804,75775.79000099699,0.3832259716914371,0.425,244.1,BUY_NO
1779836762.7757516,75747.38689032804,75775.79000099699,0.44021106129192006,0.425,328.9326654571179,SELL_NO
1779836762.802391,75747.38689032804,75775.79000099699,0.3725595376525311,0.425,206.9,BUY_NO
1779836763.1551604,75747.38689032804,75775.79000099699,0.3056597215585044,0.425,128.0,BUY_NO
1779836763.1614635,75747.38689032804,75775.79000099699,0.3398767354805792,0.425,352.22,BUY_NO
1779836763.1663418,75747.38689032804,75775.79000099699,0.37238289870655017,0.425,325.94,BUY_NO
1779836763.179,75747.38689032804,75775.79000099699,0.4604705377785284,0.425,971.77,SELL_NO
1779836763.2307682,75747.38689032804,75775.79000099699,0.3798761184481394,0.425,268.1,BUY_NO
1779836763.362535,75747.38689032804,75775.79000099699,0.31756705139139685,0.425,206.9,BUY_NO
1779836763.3689055,75747.38689032804,75775.79000099699,0.32996419138095234,0.425,327.0,BUY_NO
1779836763.7804782,75749.31876489705,75775.79000099699,0.31776316357465106,0.425,128.0,BUY_NO
1779836763.7877588,75749.31876489705,75775.79000099699,0.3513750053959185,0.425,352.22,BUY_NO
1779836763.7927084,75749.31876489705,75775.79000099699,0.38330625512612254,0.425,84.59107977255235,BUY_NO
1779836763.801852,75749.31876489705,75775.79000099699,0.44245889525132553,0.425,945.62,SELL_NO
1779836763.8208807,75749.31876489705,75775.79000099699,0.39083371422644764,0.425,241.34892022744765,BUY_NO
1779836763.9914083,75749.31876489705,75775.79000099699,0.38336601983829943,0.425,211.1,SELL_YES
1779836764.3638911,75749.31876489705,75775.79000099699,0.2853531044290915,0.425,201.9,BUY_NO
1779836764.3703856,75749.31876489705,75775.79000099699,0.29869663286022474,0.425,277.0,BUY_NO
1779836764.3752854,75749.31876489705,75775.79000099699,0.32711273638715416,0.425,161.22,BUY_NO
1779836764.628861,75751.89354745943,75775.79000099699,0.3449641472076244,0.425,334.0,SELL_YES
1779836764.6476853,75751.89354745943,75775.79000099699,0.4432396441589479,0.425,163.87,SELL_NO
1779836765.4415824,75755.67571628182,75775.79000099699,0.439633639197326,0.425,1145.15,SELL_NO
1779836765.45791,75755.67571628182,75775.79000099699,0.49771625666531233,0.425,1160.17,BUY_YES
1779836765.5662506,75755.67571628182,75775.79000099699,0.5039651188277651,0.425,1133.44,BUY_YES
1779836765.759808,75755.67571628182,75775.79000099699,0.2871074201708581,0.42,236.24,BUY_NO
1779836765.7644384,75755.67571628182,75775.79000099699,0.3222520491623152,0.42,236.24,BUY_NO
1779836765.7747493,75755.67571628182,75775.79000099699,0.3556394467041994,0.42,275.94,BUY_NO
1779836766.9429314,75755.67571628182,75775.79000099699,0.3461472714396603,0.415,88.86000000000001,BUY_NO
1779836767.4769018,75755.67571628182,75775.79000099699,0.3334891583570031,0.415,93.57,BUY_NO
1779836767.5421684,75755.67571628182,75775.79000099699,0.3653013565735721,0.415,208.35,BUY_NO
1779836767.5760767,75755.67571628182,75775.79000099699,0.4252977025800579,0.415,304.43,SELL_NO
1779836767.6008487,75755.67571628182,75775.79000099699,0.36623980284448343,0.415,134.0,BUY_NO
1779836767.817079,75755.67571628182,75775.79000099699,0.3638422504529907,0.415,302.0,SELL_YES
1779836768.3492987,75755.67571628182,75775.79000099699,0.33259112412531294,0.415,385.73,BUY_NO
1779836768.356667,75755.67571628182,75775.79000099699,0.3547739944949661,0.415,343.87,BUY_NO
1779836768.3693185,75755.67571628182,75775.79000099699,0.4396193077913256,0.415,377.84,SELL_NO
1779836768.3750765,75755.67571628182,75775.79000099699,0.44008408427162565,0.415,550.43,SELL_NO
1779836769.131067,75755.67571628182,75775.79000099699,0.3389769524653919,0.415,91.65999999999997,BUY_NO
1779836769.3769193,75765.80629374046,75775.79000099699,0.3071036256700377,0.415,527.96,BUY_NO
1779836769.384399,75765.80629374046,75775.79000099699,0.3355488569560663,0.415,353.87,BUY_NO
1779836769.393441,75765.80629374046,75775.79000099699,0.3681185134341389,0.415,293.35,SELL_YES
1779836769.4036644,75765.80629374046,75775.79000099699,0.42875195837431035,0.415,434.46,SELL_NO
1779836769.4099414,75765.80629374046,75775.79000099699,0.44829320553730556,0.415,337.11,SELL_NO
1779836769.477262,75765.80629374046,75775.79000099699,0.3801569785010365,0.415,86.88,BUY_NO
1779836769.7689095,75765.80629374046,75775.79000099699,0.37982031878320144,0.415,90.0,BUY_NO
1779836770.1326716,75765.80629374046,75775.79000099699,0.39769342002492214,0.415,177.66999999999996,SELL_YES
1779836770.3004355,75765.80629374046,75775.79000099699,0.39040101377486586,0.415,449.9355533603682,BUY_NO
1779836770.3085718,75765.80629374046,75775.79000099699,0.38370336678434647,0.415,443.90444663963183,BUY_NO
1779836770.3245003,75765.80629374046,75775.79000099699,0.42775293133513387,0.415,181.28,SELL_NO
1779836770.3356934,75765.80629374046,75775.79000099699,0.4391171962965697,0.415,243.11,SELL_NO
1779836770.4004483,75765.80629374046,75775.79000099699,0.35255442609522747,0.415,87.96999999999991,BUY_NO
1779836770.4135623,75765.80629374046,75775.79000099699,0.35437727223603954,0.415,360.94,BUY_NO
1779836770.4190373,75765.80629374046,75775.79000099699,0.3795165405934248,0.415,314.1,SELL_YES
1779836770.4334486,75765.80629374046,75775.79000099699,0.46286521697808714,0.415,194.97,SELL_NO
1779836770.4408076,75765.80629374046,75775.79000099699,0.4782337291096086,0.415,107.0,SELL_NO
1779836770.4502192,75765.80629374046,75775.79000099699,0.48416791554934235,0.415,123.0,SELL_NO
1779836770.4596632,75765.80629374046,75775.79000099699,0.4798229444181622,0.415,184.0,SELL_NO
1779836770.513194,75765.80629374046,75775.79000099699,0.37324303612894877,0.415,92.73000000000002,BUY_NO
1779836770.585696,75765.80629374046,75775.79000099699,0.4365355284981345,0.415,134.39999999999998,SELL_NO
1779836770.934335,75765.80629374046,75775.79000099699,0.38802228479872003,0.415,98.60000000000002,BUY_NO
1779836771.1073,75765.80629374046,75775.79000099699,0.38052235622749325,0.415,904.6418528939935,BUY_NO
1779836771.1142428,75765.80629374046,75775.79000099699,0.39110564353735355,0.415,162.57814710600655,SELL_YES
1779836771.1274683,75765.80629374046,75775.79000099699,0.4274998747585277,0.415,140.85,SELL_NO
1779836771.1407745,75765.80629374046,75775.79000099699,0.43572345900153997,0.415,389.51,SELL_NO
1779836771.1539712,75765.80629374046,75775.79000099699,0.3942154217488898,0.415,1013.7,SELL_YES
1779836771.1646054,75765.80629374046,75775.79000099699,0.4376712904799702,0.415,136.08,SELL_NO
1779836771.169917,75765.80629374046,75775.79000099699,0.44727071302265353,0.415,389.51,SELL_NO
1779836771.1940753,75765.80629374046,75775.79000099699,0.3821363709358772,0.415,106.72768741223626,BUY_NO
1779836771.2005339,75765.80629374046,75775.79000099699,0.38065002642798507,0.415,124.49621455255533,BUY_NO
1779836771.2091596,75765.80629374046,75775.79000099699,0.38863643827257,0.415,132.6460980352084,SELL_YES
1779836771.2348087,75765.80629374046,75775.79000099699,0.4498998146524717,0.415,242.97,SELL_NO
1779836771.270131,75765.80629374046,75775.79000099699,0.38266740286955336,0.415,871.32,BUY_NO
1779836771.3048263,75765.80629374046,75775.79000099699,0.4261799969228218,0.415,126.08,SELL_NO
1779836771.5349312,75765.80629374046,75775.79000099699,0.40256575688384394,0.415,178.89999999999986,SELL_YES
1779836771.5577116,75765.80629374046,75775.79000099699,0.42998527005264736,0.415,149.44,SELL_NO
1779836771.7334955,75765.80629374046,75775.79000099699,0.38227858406033255,0.415,331.18242192741354,BUY_NO
1779836771.7419658,75765.80629374046,75775.79000099699,0.36938168592505366,0.415,575.1375780725865,BUY_NO
1779836771.7497587,75765.80629374046,75775.79000099699,0.39377968220964465,0.415,363.87,SELL_YES
1779836771.7598648,75765.80629374046,75775.79000099699,0.43077036520180806,0.415,254.56,SELL_NO
1779836772.597095,75765.82912662726,75775.79000099699,0.38839798381851937,0.415,125.53999999999996,SELL_YES
1779836772.8732288,75765.82912662726,75775.79000099699,0.3856839338104048,0.415,942.56,SELL_YES
1779836772.8920329,75765.82912662726,75775.79000099699,0.42980278150434764,0.415,233.13,SELL_NO
1779836772.9071572,75765.82912662726,75775.79000099699,0.4352628407378829,0.415,240.07,SELL_NO
1779836773.0940237,75765.82912662726,75775.79000099699,0.3567376087269085,0.415,353.87,BUY_NO
1779836773.1584795,75765.82912662726,75775.79000099699,0.35720559356709575,0.415,273.5452432316861,BUY_NO
1779836773.2065864,75765.82912662726,75775.79000099699,0.4468354951151614,0.415,242.97,SELL_NO
1779836773.7343142,75765.8821598642,75775.79000099699,0.3986459533341587,0.415,902.68,SELL_YES
1779836773.8194013,75765.8821598642,75775.79000099699,0.434777510074497,0.415,192.55,SELL_NO
1779836773.8307548,75765.8821598642,75775.79000099699,0.43546920703271574,0.415,240.07,SELL_NO
1779836773.9177551,75765.8821598642,75775.79000099699,0.3352988277717741,0.415,86.15999999999997,BUY_NO
1779836773.9260461,75765.8821598642,75775.79000099699,0.34009419931946067,0.415,363.87,BUY_NO
1779836773.9374268,75765.8821598642,75775.79000099699,0.3668240645837557,0.415,334.1,SELL_YES
1779836773.9775467,75765.8821598642,75775.79000099699,0.4529056117497346,0.415,242.97,BUY_YES
1779836773.9906251,75765.8821598642,75775.79000099699,0.46803340680705763,0.415,133.0,BUY_YES
1779836774.0011876,75765.8821598642,75775.79000099699,0.47191614570380835,0.415,153.0,SELL_NO
1779836774.4693022,75765.8821598642,75775.79000099699,0.36295760279418593,0.415,967.9,BUY_NO
1779836774.4786391,75765.8821598642,75775.79000099699,0.38625404742326785,0.415,360.94,SELL_YES
1779836774.4904983,75765.8821598642,75775.79000099699,0.443653492397078,0.415,157.55,BUY_YES
1779836774.499057,75765.8821598642,75775.79000099699,0.4649398931080983,0.415,219.0,BUY_YES
1779836774.5078714,75765.8821598642,75775.79000099699,0.4705353371523044,0.415,242.97,BUY_YES
1779836774.5174687,75765.8821598642,75775.79000099699,0.4585819830734311,0.415,107.0,SELL_NO
1779836776.6524704,75761.64457727359,75775.79000099699,0.41455639473000744,0.435,396.0,SELL_YES
1779836776.6595604,75761.64457727359,75775.79000099699,0.4687973140402624,0.435,736.01,BUY_YES
1779836776.681305,75761.64457727359,75775.79000099699,0.4142289972034201,0.435,279.64,SELL_YES
1779836777.0921152,75761.64457727359,75775.79000099699,0.40362423224628907,0.435,390.53,SELL_YES
1779836777.1060042,75761.64457727359,75775.79000099699,0.4597521013873229,0.435,535.0049620350146,BUY_YES
1779836777.112089,75761.64457727359,75775.79000099699,0.4587151058682721,0.435,205.63503796498537,SELL_NO
1779836777.130923,75761.64457727359,75775.79000099699,0.411676697228431,0.435,274.64,SELL_YES
1779836777.1689012,75761.64457727359,75775.79000099699,0.4557338557261514,0.435,202.13,SELL_NO
1779836777.199949,75761.64457727359,75775.79000099699,0.3976325315602804,0.435,210.91,SELL_YES
1779836777.848666,75761.64457727359,75775.79000099699,0.3593974262721302,0.435,176.91000000000008,BUY_NO
1779836778.1100528,75761.64457727359,75775.79000099699,0.36403855604987584,0.435,94.6099999999999,BUY_NO
1779836778.3727849,75761.64457727359,75775.79000099699,0.3804354410660301,0.435,649.82,BUY_NO
1779836778.3809555,75761.64457727359,75775.79000099699,0.4101077776674471,0.435,314.64,SELL_YES
1779836778.3957481,75761.64457727359,75775.79000099699,0.46238180297713444,0.435,589.64,BUY_YES
1779836778.4740167,75761.64457727359,75775.79000099699,0.330653514370304,0.435,93.04999999999995,BUY_NO
1779836778.4826422,75761.64457727359,75775.79000099699,0.334336634411303,0.435,202.35,BUY_NO
1779836778.7358427,75761.64457727359,75775.79000099699,0.36164735027993833,0.435,707.86,BUY_NO
1779836778.7439818,75761.64457727359,75775.79000099699,0.39201096810610137,0.435,314.64,SELL_YES
1779836778.7604299,75761.64457727359,75775.79000099699,0.4503148987157565,0.435,589.64,SELL_NO
1779836778.799114,75761.64457727359,75775.79000099699,0.4572931085898907,0.435,144.13,SELL_NO
1779836779.0648718,75761.64457727359,75775.79000099699,0.378835656533864,0.435,208.35,SELL_YES
1779836779.228579,75761.64457727359,75775.79000099699,0.3549937979201686,0.435,93.72000000000003,BUY_NO
1779836779.2369106,75761.64457727359,75775.79000099699,0.3607867481507546,0.435,157.35,SELL_YES
1779836779.3369691,75761.639175,75775.79000099699,0.37680428349567296,0.435,221.07,SELL_YES
1779836780.0917475,75761.639175,75775.79000099699,0.37386313635942603,0.435,470.1579136308719,BUY_NO
1779836780.1017182,75761.639175,75775.79000099699,0.40197097247998514,0.435,133.01208636912804,SELL_YES
1779836780.1171067,75761.639175,75775.79000099699,0.45580063039929813,0.435,587.36,BUY_YES
1779836780.1521773,75761.639175,75775.79000099699,0.40135294322585374,0.435,314.64,SELL_YES
1779836780.1873124,75761.639175,75775.79000099699,0.46310228933326275,0.435,144.13,BUY_YES
1779836780.483402,75761.639175,75775.79000099699,0.3788382501806101,0.435,652.94,SELL_YES
1779836780.4920163,75761.639175,75775.79000099699,0.40866187634065554,0.435,139.05962640617395,SELL_YES
1779836780.504102,75761.639175,75775.79000099699,0.46441442782694525,0.435,585.08,BUY_YES
1779836780.5100408,75761.639175,75775.79000099699,0.45965955139699816,0.435,144.13,BUY_YES
1779836782.5146487,75761.59877201234,75775.79000099699,0.3757354576779862,0.435,517.32,SELL_YES
1779836782.5200982,75761.59877201234,75775.79000099699,0.40507226256008655,0.435,211.89,SELL_YES
1779836782.533387,75761.59877201234,75775.79000099699,0.46150499561474434,0.435,747.8,BUY_YES
1779836783.5504458,75761.59577201234,75775.79000099699,0.37224261802498393,0.435,119.06795140576833,BUY_NO
1779836783.5587695,75761.59577201234,75775.79000099699,0.3937457354553495,0.435,417.84204859423164,SELL_YES
1779836783.5770314,75761.59577201234,75775.79000099699,0.45095451972446854,0.435,564.5292447617402,BUY_YES
1779836783.5831637,75761.59577201234,75775.79000099699,0.4463225680534057,0.435,168.27075523825977,SELL_NO
1779836783.6017764,75761.59577201234,75775.79000099699,0.40847318367692587,0.435,242.71,SELL_YES
1779836784.6415477,75761.730865,75775.79000099699,0.3532592374183616,0.435,230.12,BUY_NO
1779836784.6487904,75761.730865,75775.79000099699,0.3611510170153625,0.435,182.35,SELL_YES
1779836784.7739263,75761.730865,75775.79000099699,0.3808422285862824,0.435,143.35,SELL_YES
1779836785.122082,75761.730865,75775.79000099699,0.384599751738345,0.435,186.07,SELL_YES
1779836786.1748633,75761.730865,75775.79000099699,0.3628559967164,0.435,713.4926677809981,BUY_NO
1779836786.1934576,75761.730865,75775.79000099699,0.4459803773160048,0.435,346.9142460595327,BUY_YES
1779836786.201173,75761.730865,75775.79000099699,0.4483716828369536,0.435,193.9216654862222,BUY_YES
1779836786.3682835,75761.730865,75775.79000099699,0.35946777791010653,0.435,93.23733221900193,BUY_NO
1779836786.3801243,75761.730865,75775.79000099699,0.3639399661882466,0.435,262.93,SELL_YES
1779836786.3995261,75761.730865,75775.79000099699,0.3859566067726623,0.435,212.35,SELL_YES
1779836786.4536433,75761.730865,75775.79000099699,0.49998794510080635,0.435,583.25,BUY_YES
1779836786.4643998,75761.730865,75775.79000099699,0.4761339112303792,0.435,159.13,BUY_YES
1779836786.4994025,75761.730865,75775.79000099699,0.4472881605323571,0.435,583.25,SELL_NO
1779836786.5145016,75761.730865,75775.79000099699,0.4058096124074237,0.435,680.67,SELL_YES
1779836786.5329967,75761.730865,75775.79000099699,0.4650550441917422,0.435,159.13,BUY_YES
1779836786.6194816,75761.730865,75775.79000099699,0.41297759154314034,0.435,248.71,SELL_YES
1779836786.8967228,75761.730865,75775.79000099699,0.370781794237326,0.435,118.39999999999998,SELL_YES
1779836789.1419835,75761.77224,75775.79000099699,0.36617242324613264,0.435,212.81532513122056,BUY_NO
1779836792.192083,75765.20381526556,75775.79000099699,0.44558058016296587,0.435,395.61883317210936,BUY_YES
1779836792.6596115,75765.22391839908,75775.79000099699,0.36456896691011154,0.435,99.66467486877946,BUY_NO
1779836792.6666245,75765.22391839908,75775.79000099699,0.3699279274175986,0.435,197.7,SELL_YES
1779836792.6726656,75765.22391839908,75775.79000099699,0.3889998639048436,0.435,197.35,SELL_YES
1779836792.6890857,75765.22391839908,75775.79000099699,0.46008324020130464,0.435,616.4511668278907,BUY_YES
1779836792.7787268,75765.22391839908,75775.79000099699,0.3835023935958443,0.435,127.35,SELL_YES
1779836792.78472,75765.22391839908,75775.79000099699,0.38219674482152516,0.435,138.07,SELL_YES
1779836792.9727855,75765.22391839908,75775.79000099699,0.44835795185648897,0.435,269.233196122671,BUY_YES
1779836792.983657,75765.22391839908,75775.79000099699,0.468066803919163,0.435,703.2268038773291,BUY_YES
1779836793.0040817,75765.22391839908,75775.79000099699,0.40843499275096423,0.435,303.7,SELL_YES
1779836793.0138314,75765.22391839908,75775.79000099699,0.4082219134145829,0.435,202.98,SELL_YES
1779836793.0336542,75765.22391839908,75775.79000099699,0.45646989179462044,0.435,174.13,SELL_NO
1779836793.1295645,75765.22391839908,75775.79000099699,0.3890220526828196,0.435,200.01,SELL_YES
1779836793.1364157,75765.22391839908,75775.79000099699,0.3914982100696463,0.435,172.35,SELL_YES
1779836793.195953,75765.22391839908,75775.79000099699,0.42377934773876796,0.435,146.76000000000005,SELL_YES
1779836796.5556748,75767.62043181193,75775.79000099699,0.3980105553840759,0.435,118.63999999999999,SELL_YES
1779836802.04785,75760.729945,75775.79000099699,0.35919905673367186,0.42000000000000004,196.35,SELL_YES
1779836802.122554,75760.729945,75775.79000099699,0.5775214395922812,0.39,417.03,BUY_YES
1779836802.1348696,75760.729945,75775.79000099699,0.5980089609718561,0.39,174.13,BUY_YES
1779836802.1436968,75760.729945,75775.79000099699,0.6141973002856141,0.39,115.0,BUY_YES
1779836802.1522121,75760.729945,75775.79000099699,0.6230581922689825,0.39,179.32,BUY_YES
1779836802.1634655,75760.729945,75775.79000099699,0.6171182729163622,0.39,175.4,BUY_YES
1779836802.1728795,75760.729945,75775.79000099699,0.5984411408398407,0.39,204.0,BUY_YES
1779836802.1838346,75760.729945,75775.79000099699,0.5722457713602964,0.435,316.23,BUY_YES
1779836802.192831,75760.729945,75775.79000099699,0.5441334827922815,0.435,414.2,BUY_YES
1779836802.8507988,75760.37287332676,75775.79000099699,0.3387222437364699,0.435,123.13,BUY_NO
1779836803.2726698,75760.37287332676,75775.79000099699,0.3554559718169351,0.435,171.88,BUY_NO
1779836803.7642324,75760.37287332676,75775.79000099699,0.35194167958043093,0.435,108.75202808009362,BUY_NO
1779836805.8042922,75758.79272433369,75775.79000099699,0.45152557245069713,0.435,788.95,SELL_NO
1779836806.2502496,75758.50236207963,75775.79000099699,0.4602499012434724,0.435,861.09,SELL_NO
1779836806.2937057,75758.50236207963,75775.79000099699,0.4596719730211324,0.435,781.03,SELL_NO
1779836806.6297026,75758.50236207963,75775.79000099699,0.46682321637276325,0.435,151.5540055965198,BUY_YES
1779836806.6507246,75758.50236207963,75775.79000099699,0.4809502613167773,0.435,712.0359944034802,BUY_YES
1779836807.2180982,75758.50236207963,75775.79000099699,0.4472508988411501,0.435,817.7,SELL_NO
1779836807.4396718,75758.50236207963,75775.79000099699,0.30013904677708136,0.43,106.06,BUY_NO
1779836808.4525504,75758.75704172648,75775.79000099699,0.30346588620394116,0.425,103.04,BUY_NO
1779836808.6460586,75758.75704172648,75775.79000099699,0.33293371622804174,0.425,88.04,BUY_NO
1779836808.7232878,75758.75704172648,75775.79000099699,0.36389966389095335,0.425,90.05,BUY_NO
1779836809.4342642,75759.02863,75775.79000099699,0.3337527277209606,0.41000000000000003,120.0,BUY_NO
1779836809.8227892,75759.02863,75775.79000099699,0.3522321603887291,0.4,125.0,BUY_NO
1779836810.2431703,75759.02863,75775.79000099699,0.3394953329153326,0.395,93.06,BUY_NO
1779836810.4501677,75759.02863,75775.79000099699,0.3432014377034942,0.395,91.90885025908392,BUY_NO
1779836811.9118679,75761.754755,75775.79000099699,0.3599372663614558,0.405,122.28,BUY_NO
1779836812.435103,75761.754755,75775.79000099699,0.35640126467950783,0.405,122.28,BUY_NO
1779836812.4519663,75761.754755,75775.79000099699,0.3519079493929539,0.405,122.28,BUY_NO
1779836812.582336,75762.3309,75775.79000099699,0.35021119357675795,0.405,122.28,BUY_NO
1779836812.6224618,75762.3309,75775.79000099699,0.3450537977718182,0.405,102.49,BUY_NO
1779836813.264246,75762.3309,75775.79000099699,0.33465255589682935,0.405,113.0,BUY_NO
1779836813.7819533,75762.3309,75775.79000099699,0.3141128408432076,0.405,172.28,BUY_NO
1779836813.7932746,75762.3309,75775.79000099699,0.3185658845512728,0.405,102.49,BUY_NO
1779836813.8083282,75762.3309,75775.79000099699,0.33026160415558053,0.405,101.76730938709625,BUY_NO
1779836813.9831426,75762.3309,75775.79000099699,0.41620747561256977,0.405,238.5,SELL_NO
1779836814.1495268,75762.3309,75775.79000099699,0.36177774178573247,0.405,172.28,SELL_YES
1779836814.190845,75762.3309,75775.79000099699,0.4214894374139618,0.405,315.87,SELL_NO
1779836814.251126,75762.6617,75775.79000099699,0.3432702207618379,0.405,97.49,BUY_NO
1779836814.328574,75762.6617,75775.79000099699,0.41662862945723,0.405,157.24,SELL_NO
1779836815.1542137,75762.6617,75775.79000099699,0.4326522769104134,0.405,684.65,SELL_NO
1779836815.1739044,75762.6617,75775.79000099699,0.3939792531219837,0.405,157.19,SELL_YES
1779836815.2069304,75762.6617,75775.79000099699,0.3538348131661242,0.405,92.49,BUY_NO
1779836815.749488,75762.659545,75775.79000099699,0.34306936661305004,0.405,113.0,BUY_NO
1779836816.2049582,75762.659545,75775.79000099699,0.37874087994245287,0.405,157.19,SELL_YES
1779836816.2217433,75762.659545,75775.79000099699,0.4277907975317494,0.405,533.51,SELL_NO
1779836816.295395,75762.659545,75775.79000099699,0.35791250904442923,0.405,87.49,BUY_NO
1779836816.4523988,75762.659545,75775.79000099699,0.3777308914335991,0.405,152.1,SELL_YES
1779836816.4672647,75762.659545,75775.79000099699,0.42843254268944997,0.405,518.83,SELL_NO
1779836816.7210734,75762.659545,75775.79000099699,0.36281993921572175,0.405,87.49,BUY_NO
1779836818.1504707,75762.55342,75775.79000099699,0.3309146618578049,0.405,114.00000000000003,BUY_NO
1779836818.4162238,75762.55342,75775.79000099699,0.3762207269051717,0.405,251.1,SELL_YES
1779836818.4383337,75762.55342,75775.79000099699,0.41794967104315595,0.405,353.88,SELL_NO
1779836818.5439737,75762.55342,75775.79000099699,0.3652339224117562,0.405,87.49,BUY_NO
1779836819.2276146,75762.57531,75775.79000099699,0.3386442079216917,0.405,96.08000000000001,BUY_NO
1779836819.3111959,75762.57531,75775.79000099699,0.3619688190306971,0.405,100.0,BUY_NO
1779836819.4602587,75762.57531,75775.79000099699,0.3491011336396524,0.405,84.16000000000003,BUY_NO
1779836819.5999477,75762.57531,75775.79000099699,0.34329999059669986,0.405,103.23000000000002,BUY_NO
1779836819.7665012,75762.57531,75775.79000099699,0.35633275048469565,0.405,87.17999999999995,BUY_NO
1779836819.9377189,75762.57531,75775.79000099699,0.334315937081848,0.405,710.27,BUY_NO
1779836820.0585024,75762.57531,75775.79000099699,0.3824551567225466,0.405,737.44,SELL_YES
1779836821.8649702,75760.25748,75775.79000099699,0.40044186127135206,0.295,642.0,BUY_YES
1779836821.871667,75760.25748,75775.79000099699,0.3958593343377282,0.295,223.84,BUY_YES
1779836821.8803246,75760.25748,75775.79000099699,0.38082417178457134,0.295,199.0,BUY_YES
1779836821.9695032,75760.25748,75775.79000099699,0.3080585082900717,0.295,235.0,SELL_NO
1779836822.184441,75760.25748,75775.79000099699,0.309817532523515,0.295,87.10000000000002,SELL_NO
1779836822.2671242,75760.25748,75775.79000099699,0.33676475045649545,0.295,824.59,BUY_YES
1779836822.275133,75760.25748,75775.79000099699,0.33071091817758513,0.295,179.0,SELL_NO
1779836822.282727,75760.25748,75775.79000099699,0.32521112230042226,0.295,179.0,SELL_NO
1779836822.293099,75760.25748,75775.79000099699,0.3453047899318432,0.295,823.92,BUY_YES
1779836822.3015559,75760.25748,75775.79000099699,0.3313874487911979,0.295,353.0,SELL_NO
1779836822.4065208,75760.25748,75775.79000099699,0.3062024630489228,0.295,209.41000000000008,SELL_NO
1779836822.4825428,75760.25748,75775.79000099699,0.3074215734596198,0.295,103.99999999999989,SELL_NO
1779836822.8284547,75760.25748,75775.79000099699,0.3446071476092016,0.295,79.4799999999999,SELL_NO
1779836822.88016,75760.25748,75775.79000099699,0.3431768220600672,0.295,83.59000000000003,SELL_NO
1779836822.8889558,75760.25748,75775.79000099699,0.339283961936773,0.295,223.0,SELL_NO
1779836823.0143692,75760.25748,75775.79000099699,0.3342909399875749,0.295,75.86000000000001,SELL_NO
1779836823.038804,75760.25748,75775.79000099699,0.36735082594123963,0.295,1131.79,BUY_YES
1779836823.049013,75760.25748,75775.79000099699,0.3570418875803674,0.295,353.0,SELL_NO
1779836823.0749295,75760.25748,75775.79000099699,0.34219026142419395,0.295,223.0,SELL_NO
1779836823.0906577,75760.25748,75775.79000099699,0.3584468267957097,0.295,503.08464032224765,BUY_YES
1779836823.0982225,75760.25748,75775.79000099699,0.36534109705205436,0.295,634.6653596777523,BUY_YES
1779836823.1065524,75760.25748,75775.79000099699,0.3477126112155274,0.295,353.0,SELL_NO
1779836823.142053,75760.25748,75775.79000099699,0.2729580735938314,0.295,301.25,BUY_NO
1779836823.1562195,75760.25748,75775.79000099699,0.25735200391736174,0.295,181.79,BUY_NO
1779836823.3169997,75760.30385417111,75775.79000099699,0.3480997902017614,0.295,1017.6892576501396,SELL_NO
1779836823.4178553,75760.30385417111,75775.79000099699,0.2830221875113455,0.295,146.85,BUY_NO
1779836823.4384804,75760.30385417111,75775.79000099699,0.31890089246030906,0.295,123.9907423498604,SELL_NO
1779836824.032546,75758.2502279804,75775.79000099699,0.38967026437663205,0.295,1038.72,BUY_YES
1779836824.0720308,75758.2502279804,75775.79000099699,0.28398224801451,0.295,154.8,BUY_NO
1779836824.130188,75758.2502279804,75775.79000099699,0.30524013416081314,0.295,74.72000000000003,SELL_NO
1779836824.314821,75758.2502279804,75775.79000099699,0.34291058141743364,0.295,102.93925765013958,SELL_NO
1779836824.3268049,75758.2502279804,75775.79000099699,0.4039666895578364,0.295,954.5707423498604,BUY_YES
1779836824.3649886,75758.2502279804,75775.79000099699,0.2848675777106853,0.295,154.8,BUY_NO
1779836824.422983,75758.2502279804,75775.79000099699,0.31565961712239815,0.295,154.8,SELL_NO
1779836824.9089553,75758.2502279804,75775.79000099699,0.41102576296493865,0.295,1064.94,BUY_YES
1779836824.9807212,75758.2502279804,75775.79000099699,0.28062099569079063,0.295,154.8,BUY_NO
1779836825.063155,75758.2502279804,75775.79000099699,0.3142630986269294,0.295,79.06999999999994,SELL_NO
1779836825.3009899,75758.2502279804,75775.79000099699,0.33051736744196364,0.295,75.73000000000008,SELL_NO
1779836825.3172069,75758.2502279804,75775.79000099699,0.42032103888040423,0.295,956.6999999999999,BUY_YES
1779836825.363633,75758.2502279804,75775.79000099699,0.28302244488196043,0.295,159.88,BUY_NO
1779836825.5030963,75758.2502279804,75775.79000099699,0.3411451288597057,0.295,159.88,SELL_NO
1779836825.5188694,75758.2502279804,75775.79000099699,0.4241267837676974,0.295,842.42,BUY_YES
1779836825.5703979,75758.2502279804,75775.79000099699,0.28480873436702314,0.295,154.88,BUY_NO
1779836825.6077466,75758.2502279804,75775.79000099699,0.31640303783268686,0.295,154.88,SELL_NO
1779836825.901443,75758.2502279804,75775.79000099699,0.43086656449842575,0.295,700.08,BUY_YES
1779836825.9727836,75758.2502279804,75775.79000099699,0.28458793229245616,0.295,149.8,BUY_NO
1779836825.9984517,75758.2502279804,75775.79000099699,0.3195230396693978,0.295,149.8,SELL_NO
1779836826.0606236,75758.2502279804,75775.79000099699,0.4427379069300384,0.295,662.31,BUY_YES
1779836826.2219145,75757.8586094142,75775.79000099699,0.284962385711814,0.295,141.38,BUY_NO
1779836826.2420647,75757.8586094142,75775.79000099699,0.31579769042305494,0.295,141.38,SELL_NO
1779836826.6080158,75757.8586094142,75775.79000099699,0.44633112685298054,0.295,681.95,BUY_YES
1779836826.6575701,75757.8586094142,75775.79000099699,0.2832784686994748,0.295,140.92,BUY_NO
1779836826.7609723,75757.8586094142,75775.79000099699,0.31614617710065374,0.295,140.92,SELL_NO
1779836827.1238823,75757.8586094142,75775.79000099699,0.4454217921938692,0.295,640.636808090916,BUY_YES
1779836827.1854057,75757.8586094142,75775.79000099699,0.28450429829864593,0.295,140.92,BUY_NO
1779836827.2949896,75757.50521571931,75775.79000099699,0.31662287322871385,0.295,140.92,SELL_NO
1779836827.857324,75757.50521571931,75775.79000099699,0.2737350502019837,0.295,202.4,BUY_NO
1779836828.1453593,75757.50521571931,75775.79000099699,0.3111857326779735,0.295,72.40999999999997,SELL_NO
1779836828.237354,75757.50521571931,75775.79000099699,0.3287941663278919,0.295,129.99000000000004,SELL_NO
1779836829.6651082,75758.84811382082,75775.79000099699,0.2836227353451224,0.295,156.19,BUY_NO
1779836829.6952963,75759.08561930167,75775.79000099699,0.3080247980307927,0.295,156.19,SELL_NO
1779836830.7146735,75759.08561930167,75775.79000099699,0.28377951190260176,0.295,162.56,BUY_NO
1779836830.7265751,75759.08561930167,75775.79000099699,0.30558501301074,0.295,162.56,SELL_NO
1779836830.8060546,75759.08561930167,75775.79000099699,0.273921792481406,0.295,328.4,BUY_NO
1779836830.8198235,75759.08561930167,75775.79000099699,0.31006616117834823,0.295,225.19,SELL_NO
1779836830.902301,75759.08561930167,75775.79000099699,0.31581126460974007,0.295,103.20999999999998,SELL_NO
1779836835.9069571,75760.76808,75775.79000099699,0.28356793098114635,0.295,469.36,BUY_NO
1779836835.916824,75760.76808,75775.79000099699,0.3110041986517956,0.295,217.73,SELL_NO
1779836835.9263575,75760.76808,75775.79000099699,0.32135600925910623,0.295,156.0,SELL_NO
1779836835.9545612,75760.76808,75775.79000099699,0.30692661465786625,0.295,95.63000000000002,SELL_NO
1779836835.9749484,75760.76808,75775.79000099699,0.2830791727501014,0.295,460.1,BUY_NO
1779836835.9911473,75760.76808,75775.79000099699,0.31272931873835796,0.295,122.09999999999997,SELL_NO
1779836835.9990163,75760.76808,75775.79000099699,0.31614398494833124,0.295,156.0,SELL_NO
1779836836.179938,75760.76808,75775.79000099699,0.27380400697813345,0.295,217.73,BUY_NO
1779836836.2821693,75760.76808,75775.79000099699,0.2818473204428028,0.295,96.34000000000003,BUY_NO
1779836836.3973358,75760.76808,75775.79000099699,0.3264507291799741,0.295,144.0,SELL_NO
1779836836.4414551,75760.76808,75775.79000099699,0.2736633778623722,0.295,729.4399999999999,BUY_NO
1779836836.4580503,75760.76808,75775.79000099699,0.3094473982048016,0.295,214.39,SELL_NO
1779836836.51427,75760.76808,75775.79000099699,0.273227068894951,0.295,241.55999999999997,BUY_NO
1779836836.5865207,75760.76808,75775.79000099699,0.25301399050914297,0.295,201.79,BUY_NO
1779836837.2215204,75760.87096,75775.79000099699,0.3150817836438533,0.295,106.0,SELL_NO
1779836837.3988335,75760.87096,75775.79000099699,0.2833198896409087,0.295,176.74,SELL_YES
1779836837.5293293,75760.87096,75775.79000099699,0.33586443300784674,0.295,119.0,SELL_NO
1779836838.0714316,75760.87096,75775.79000099699,0.2775535144564624,0.295,110.40516922541701,BUY_NO
1779836838.0778508,75760.87096,75775.79000099699,0.2653588337515802,0.295,860.194830774583,BUY_NO
1779836838.0927804,75760.87096,75775.79000099699,0.3140171844525719,0.295,127.1,SELL_NO
1779836838.2885313,75760.87096,75775.79000099699,0.3370167843594198,0.295,112.1,SELL_NO
1779836838.3087127,75760.87096,75775.79000099699,0.2766071446178803,0.295,782.9,SELL_YES
1779836838.325802,75760.87096,75775.79000099699,0.3075978207542486,0.295,96.1,SELL_NO
1779836838.3395786,75760.87096,75775.79000099699,0.2798172461716597,0.295,777.77,SELL_YES
1779836840.999965,75760.78085246302,75775.79000099699,0.30069743651612996,0.345,205.96,BUY_NO
1779836841.5477312,75760.78085246302,75775.79000099699,0.31293867957306615,0.345,87.76000000000002,BUY_NO
1779836841.8053548,75760.78085246302,75775.79000099699,0.31478843898313,0.345,105.75,BUY_NO
1779836841.8630383,75760.78085246302,75775.79000099699,0.3211907567407224,0.345,177.79,SELL_YES
1779836841.8785963,75760.78085246302,75775.79000099699,0.32047124300515034,0.345,399.47,SELL_YES
1779836842.0599468,75760.78085246302,75775.79000099699,0.3093730755162614,0.345,76.0,BUY_NO
1779836842.0826385,75760.78085246302,75775.79000099699,0.3124245816335665,0.345,327.79,SELL_YES
1779836842.2060575,75760.78085246302,75775.79000099699,0.3097985017991777,0.345,79.07999999999993,BUY_NO
1779836842.5603895,75759.803355,75775.79000099699,0.30994006305581917,0.345,76.85000000000002,BUY_NO
1779836842.7394168,75759.803355,75775.79000099699,0.30953997991446636,0.345,106.0,BUY_NO
1779836843.0921452,75759.803355,75775.79000099699,0.2922045151939734,0.35,744.85,BUY_NO
1779836843.1008532,75759.803355,75775.79000099699,0.29949320933322826,0.35,358.79,SELL_YES
1779836843.41504,75759.803355,75775.79000099699,0.33193176276417974,0.355,143.6,SELL_YES
1779836843.6516378,75759.803355,75775.79000099699,0.3059635428696221,0.355,200.35,BUY_NO
1779836843.8120892,75759.803355,75775.79000099699,0.3073811950562195,0.355,106.11000000000001,BUY_NO
1779836843.8789532,75759.803355,75775.79000099699,0.30729396004237075,0.355,99.99999999999994,BUY_NO
1779836844.0400145,75759.761135,75775.79000099699,0.3063543262413852,0.355,88.40000000000009,BUY_NO
1779836844.1370363,75759.761135,75775.79000099699,0.30525059844124075,0.355,94.95999999999992,BUY_NO
1779836844.3901434,75759.761135,75775.79000099699,0.30411335566360603,0.355,80.23000000000002,BUY_NO
1779836844.423132,75759.761135,75775.79000099699,0.30186743261958504,0.355,100.60000000000002,BUY_NO
1779836844.620675,75759.761135,75775.79000099699,0.3059027349313952,0.355,665.81,SELL_YES
1779836844.6313188,75759.761135,75775.79000099699,0.3091677974144415,0.355,206.24,SELL_YES
1779836844.7212746,75759.761135,75775.79000099699,0.34206682698047036,0.355,604.69,SELL_YES
1779836844.8349664,75759.761135,75775.79000099699,0.3448285752361631,0.355,151.1199999999999,SELL_YES
1779836845.1241364,75759.761135,75775.79000099699,0.33336339397420034,0.355,713.76,SELL_YES
1779836845.4644725,75760.378,75775.79000099699,0.290410113978216,0.36,822.74,BUY_NO
1779836845.4737787,75760.378,75775.79000099699,0.3049310949502121,0.36,156.24,SELL_YES
1779836845.7730472,75760.378,75775.79000099699,0.37900175168695205,0.365,264.04,SELL_NO
1779836845.7997785,75760.378,75775.79000099699,0.3257230189587271,0.365,253.99,SELL_YES
1779836846.090787,75760.378,75775.79000099699,0.30494335356315,0.365,101.69,BUY_NO
1779836846.1360347,75760.378,75775.79000099699,0.325008106698588,0.365,345.37,SELL_YES
1779836846.1522665,75760.378,75775.79000099699,0.3758553788679422,0.365,264.04,SELL_NO
1779836846.4266722,75760.378,75775.79000099699,0.30277565209087276,0.365,89.81,BUY_NO
1779836846.4350646,75760.378,75775.79000099699,0.307447794681516,0.365,173.66,SELL_YES
1779836846.4499168,75760.378,75775.79000099699,0.31445186521716234,0.365,163.24,SELL_YES
1779836847.161887,75759.9942202755,75775.79000099699,0.3063423409227072,0.365,90.19000000000005,BUY_NO
1779836847.8158748,75759.9942202755,75775.79000099699,0.2929223778808792,0.365,90.44,BUY_NO
1779836848.0432544,75759.9942202755,75775.79000099699,0.3005378625703301,0.365,455.53234405218154,BUY_NO
1779836848.076287,75759.9942202755,75775.79000099699,0.3759077907295337,0.365,262.04,SELL_NO
1779836848.1393254,75759.213034446,75775.79000099699,0.293383958848261,0.365,84.44765594781848,BUY_NO
1779836848.1466863,75759.213034446,75775.79000099699,0.2955500315209913,0.365,168.66,SELL_YES
1779836848.1534045,75759.213034446,75775.79000099699,0.3093343202823274,0.365,187.24,SELL_YES
1779836848.2978647,75759.213034446,75775.79000099699,0.38447603520382156,0.365,247.04,SELL_NO
1779836848.3850935,75759.213034446,75775.79000099699,0.34978273121580117,0.365,473.5,SELL_YES
1779836848.5134602,75759.213034446,75775.79000099699,0.3352222359812148,0.365,523.38,SELL_YES
1779836848.529417,75759.213034446,75775.79000099699,0.3872554060764679,0.365,241.9,SELL_NO
1779836848.6769302,75759.213034446,75775.79000099699,0.31846087648246457,0.365,163.66,SELL_YES
1779836848.6870081,75759.213034446,75775.79000099699,0.3293717729414252,0.365,213.0,SELL_YES
1779836849.2753139,75759.213034446,75775.79000099699,0.2924648179198938,0.365,494.81,BUY_NO
1779836849.3134332,75759.213034446,75775.79000099699,0.37892972526401464,0.365,296.9,SELL_NO
1779836849.418906,75759.21159944599,75775.79000099699,0.28408397264424834,0.365,175.7,BUY_NO
1779836849.4250827,75759.21159944599,75775.79000099699,0.2968039709733861,0.365,385.24,SELL_YES
1779836849.9560816,75759.21159944599,75775.79000099699,0.30712169527388405,0.365,487.25,SELL_YES
1779836849.9660978,75759.21159944599,75775.79000099699,0.3273987890813379,0.365,187.63,SELL_YES
1779836849.9857001,75759.21159944599,75775.79000099699,0.38039142978694024,0.365,259.7,SELL_NO
1779836850.0280988,75759.21159944599,75775.79000099699,0.32975464657346987,0.365,385.24,SELL_YES
1779836850.8079333,75759.21159944599,75775.79000099699,0.30282773497379156,0.365,242.79,SELL_YES
1779836851.3520534,75759.58765,75775.79000099699,0.290088547891956,0.365,79.10999999999996,BUY_NO
1779836851.4487743,75759.58765,75775.79000099699,0.3144440698451001,0.365,158.0,SELL_YES
1779836851.6014142,75759.58765,75775.79000099699,0.33704882133268343,0.365,418.74,SELL_YES
1779836851.6091363,75759.58765,75775.79000099699,0.338498872943114,0.37,168.66,SELL_YES
1779836851.6188874,75759.58765,75775.79000099699,0.3335533597020445,0.375,418.74,SELL_YES
1779836851.640529,75759.58765,75775.79000099699,0.3554691164361779,0.385,157.89,SELL_YES
1779836852.066022,75759.58765,75775.79000099699,0.3148089700061247,0.385,80.0,BUY_NO
1779836852.2899547,75759.58765,75775.79000099699,0.2958805737130117,0.385,96.26,BUY_NO
1779836852.3010802,75759.58765,75775.79000099699,0.2996820748896604,0.385,203.99,BUY_NO
1779836852.3520644,75759.58765,75775.79000099699,0.4009592793139093,0.385,372.49,SELL_NO
1779836852.6983218,75758.79263706703,75775.79000099699,0.298866115645707,0.385,81.2,BUY_NO
1779836852.7155466,75758.79263706703,75775.79000099699,0.3048221057414333,0.385,133.99,BUY_NO
1779836854.1080303,75758.26847,75775.79000099699,0.2679549025089357,0.385,83.39999999999998,BUY_NO
1779836855.40507,75751.24605461591,75775.79000099699,0.21352622916168276,0.385,455.91,BUY_NO
1779836856.4189224,75751.24605461591,75775.79000099699,0.20346819292958523,0.385,86.17000000000002,BUY_NO
1779836857.3829691,75750.68,75775.79000099699,0.2079758671731806,0.385,381.82,BUY_NO
1779836857.725755,75750.68,75775.79000099699,0.206676395276306,0.385,366.82,BUY_NO
1779836857.7501624,75749.51422195013,75775.79000099699,0.20169735688737458,0.385,366.82,BUY_NO
1779836858.3399122,75749.51422195013,75775.79000099699,0.18202042433548568,0.385,372.02,BUY_NO
1779836859.5817041,75749.51422195013,75775.79000099699,0.18824551531758252,0.385,134.93,BUY_NO
1779836859.8529973,75749.51422195013,75775.79000099699,0.18874656605906076,0.385,84.07,BUY_NO
1779836860.056119,75749.51422195013,75775.79000099699,0.1959082917719884,0.385,96.5,BUY_NO
1779836860.1656175,75749.51422195013,75775.79000099699,0.19278321492259567,0.385,86.74000000000001,BUY_NO
1779836862.2239163,75749.93648533957,75775.79000099699,0.18796059062364082,0.385,501.42,BUY_NO
1779836863.7770495,75749.9108329844,75775.79000099699,0.19831372151899906,0.385,424.98,BUY_NO
1779836864.0147862,75749.9108329844,75775.79000099699,0.1879983858226185,0.385,434.98,BUY_NO
1779836864.5687556,75749.9108329844,75775.79000099699,0.19149315886924645,0.385,399.98,BUY_NO
1779836865.2456071,75749.9108329844,75775.79000099699,0.17186865592347322,0.385,80.74000000000001,BUY_NO
1779836865.259968,75749.9108329844,75775.79000099699,0.16497955593184563,0.385,480.72,BUY_NO
1779836867.1209948,75749.67999994708,75775.79000099699,0.21991582864401182,0.175,619.35,BUY_YES
1779836867.132275,75749.67999994708,75775.79000099699,0.21633333724142048,0.175,229.0,SELL_NO
1779836867.143472,75749.67999994708,75775.79000099699,0.239327602907203,0.175,619.35,BUY_YES
1779836867.1506233,75749.67999994708,75775.79000099699,0.23124390099987413,0.175,229.0,SELL_NO
1779836867.1579516,75749.67999994708,75775.79000099699,0.22223986206567753,0.175,282.56,SELL_NO
1779836867.5645092,75749.67999994708,75775.79000099699,0.20961514900152806,0.175,738.2,SELL_NO
1779836867.5721161,75749.67999994708,75775.79000099699,0.20509703177345787,0.175,145.0,SELL_NO
1779836868.0286493,75749.67999994708,75775.79000099699,0.1878180444504348,0.175,61.799999999999955,SELL_NO
1779836868.0614755,75749.67999994708,75775.79000099699,0.18758124877154714,0.175,142.83000000000004,SELL_NO
1779836868.1802123,75749.67999994708,75775.79000099699,0.2323140552271625,0.175,857.72,BUY_YES
1779836868.188785,75749.67999994708,75775.79000099699,0.22620899396808855,0.175,229.0,SELL_NO
1779836868.1951902,75749.67999994708,75775.79000099699,0.2188370065546772,0.175,383.59,SELL_NO
1779836868.2919676,75749.67999994708,75775.79000099699,0.16549294725321015,0.14500000000000002,108.53,SELL_NO
1779836868.3070202,75749.67999994708,75775.79000099699,0.1691665399478914,0.14500000000000002,108.53,SELL_NO
1779836868.3206067,75749.67999994708,75775.79000099699,0.17278063280507933,0.14500000000000002,108.53,SELL_NO
1779836868.4432237,75749.67999994708,75775.79000099699,0.17290827615018994,0.14,78.0,SELL_NO
1779836868.4826746,75749.67999994708,75775.79000099699,0.17902283045844625,0.14,71.41999999999999,SELL_NO
1779836868.5659015,75749.67999994708,75775.79000099699,0.18197801833744948,0.14,257.95,SELL_NO
1779836868.5824153,75749.67999994708,75775.79000099699,0.18587996334129284,0.14,257.95,SELL_NO
1779836868.5922523,75749.67999994708,75775.79000099699,0.18552551533229414,0.14,878.88,SELL_NO
1779836869.4252856,75747.42665742828,75775.79000099699,0.1729351400635691,0.11499999999999999,61.17,SELL_NO
1779836869.433929,75747.42665742828,75775.79000099699,0.1722810226370191,0.11499999999999999,226.88,SELL_NO
1779836869.4758852,75747.42665742828,75775.79000099699,0.18576016439293766,0.11499999999999999,1028.11,SELL_NO
1779836869.6902986,75747.42665742828,75775.79000099699,0.18948066534552205,0.11499999999999999,61.17,SELL_NO
1779836869.6976128,75747.42665742828,75775.79000099699,0.18907988746227927,0.11499999999999999,86.93,SELL_NO
1779836869.7045166,75747.42665742828,75775.79000099699,0.18930202982689423,0.11499999999999999,61.17,SELL_NO
1779836869.7111413,75747.42665742828,75775.79000099699,0.1887350029617489,0.11499999999999999,86.93,SELL_NO
1779836869.717705,75747.42665742828,75775.79000099699,0.18693858945952646,0.11499999999999999,199.5,SELL_NO
1779836870.09983,75747.42665742828,75775.79000099699,0.1759708084976616,0.11,87.99999999999999,SELL_NO
1779836870.1306205,75747.42665742828,75775.79000099699,0.17914218739861335,0.11,149.17,SELL_NO
1779836870.1365747,75747.42665742828,75775.79000099699,0.1796644237644313,0.11,86.93,SELL_NO
1779836870.1458867,75747.42665742828,75775.79000099699,0.1787935134128792,0.11,224.5,SELL_NO
1779836870.2623837,75747.42665742828,75775.79000099699,0.14634480339742348,0.11,164.17,SELL_NO
1779836870.3292272,75747.42665742828,75775.79000099699,0.15317662292291218,0.11,99.93,SELL_NO
1779836870.6815414,75747.42665742828,75775.79000099699,0.1666165604747515,0.11,60.52,SELL_NO
1779836870.6894934,75747.42665742828,75775.79000099699,0.16588862398483864,0.11,163.0,SELL_NO
1779836870.8466787,75747.42665742828,75775.79000099699,0.17460088403189403,0.11,221.13,SELL_NO
1779836870.8551757,75747.42665742828,75775.79000099699,0.17291023890567975,0.11,196.88,SELL_NO
1779836870.8618047,75747.42665742828,75775.79000099699,0.16857769277143217,0.11,186.55,SELL_NO
1779836871.0268366,75747.42665742828,75775.79000099699,0.13374001466324179,0.11,221.13,SELL_NO
1779836871.08647,75747.42665742828,75775.79000099699,0.14847304962574726,0.11,221.13,SELL_NO
1779836871.1626427,75747.42665742828,75775.79000099699,0.1489680947258406,0.11,92.95,SELL_NO
1779836871.256426,75747.42665742828,75775.79000099699,0.1457119322794777,0.11,212.79,SELL_NO
1779836871.267079,75747.42665742828,75775.79000099699,0.14598905192704587,0.11,112.95,SELL_NO
1779836871.3305948,75747.42665742828,75775.79000099699,0.1340931053263359,0.11,209.51999999999998,SELL_NO
1779836871.3758998,75747.42665742828,75775.79000099699,0.13871562353773131,0.11,209.51999999999998,SELL_NO
1779836871.389049,75747.42665742828,75775.79000099699,0.14288220335165416,0.11,209.51999999999998,SELL_NO
1779836871.4146748,75747.42665742828,75775.79000099699,0.14515791338341716,0.11,112.95,SELL_NO
1779836871.4230814,75747.42665742828,75775.79000099699,0.14851481250268858,0.11,209.51999999999998,SELL_NO
1779836871.430642,75747.42665742828,75775.79000099699,0.14888397763159217,0.11,108.05999999999796,SELL_NO
1779836873.1623483,75733.58460388568,75775.79000099699,0.09453223367915961,0.10500000000000001,84.0,BUY_NO
1779836873.7072804,75733.58460388568,75775.79000099699,0.0843816972387925,0.095,84.8,BUY_NO
1779836874.6314912,75733.58046888569,75775.79000099699,0.10642702028495875,0.095,168.8,SELL_NO
1779836874.8340044,75733.58046888569,75775.79000099699,0.08499512219684137,0.095,125.0,BUY_NO
1779836874.900498,75733.58046888569,75775.79000099699,0.10612535712210389,0.095,125.0,SELL_NO
1779836875.156136,75733.58046888569,75775.79000099699,0.1264559800763917,0.095,536.31,BUY_YES
1779836875.2380898,75733.58046888569,75775.79000099699,0.07540617273407964,0.095,225.0,BUY_NO
1779836875.5475607,75733.58304888569,75775.79000099699,0.11497161212098655,0.095,225.0,SELL_NO
1779836875.6836743,75733.58304888569,75775.79000099699,0.15171109754196238,0.095,530.57,BUY_YES
1779836875.805018,75733.58304888569,75775.79000099699,0.14993082999767648,0.095,780.47,BUY_YES
1779836875.8506103,75733.58304888569,75775.79000099699,0.1508578041045735,0.095,830.19,BUY_YES
1779836879.866841,75734.91734791994,75775.79000099699,0.07485709366342622,0.08499999999999999,140.84,BUY_NO
1779836879.9485574,75734.91734791994,75775.79000099699,0.07412576621882477,0.08499999999999999,135.84,BUY_NO
1779836880.370888,75734.91734791994,75775.79000099699,0.09507929666918077,0.08499999999999999,276.68,SELL_NO
1779836885.7689846,75733.24348910265,75775.79000099699,0.06528926675004934,0.08499999999999999,510.76,BUY_NO
1779836886.2060888,75733.24348910265,75775.79000099699,0.07443954702377963,0.08499999999999999,55.37,BUY_NO
1779836886.8055632,75733.04712236757,75775.79000099699,0.07473768919257412,0.08499999999999999,59.97,BUY_NO
1779836887.3824902,75733.04712236757,75775.79000099699,0.0739877746354861,0.08499999999999999,55.0,BUY_NO
1779836887.4696224,75733.04712236757,75775.79000099699,0.07078744091727325,0.08499999999999999,112.92,BUY_NO
1779836887.581536,75733.04712236757,75775.79000099699,0.06551621702233452,0.08499999999999999,311.7,BUY_NO
1779836887.6065137,75733.04712236757,75775.79000099699,0.06425649146421789,0.08499999999999999,311.7,BUY_NO
1779836887.7314508,75733.04712236757,75775.79000099699,0.06715278383704572,0.08499999999999999,316.88,BUY_NO
1779836887.7473288,75733.04712236757,75775.79000099699,0.0672555153270307,0.08499999999999999,316.87,BUY_NO
1779836888.0344288,75727.31062250581,75775.79000099699,0.053835808540319795,0.08499999999999999,173.57055281331168,BUY_NO
1779836888.0980582,75727.31062250581,75775.79000099699,0.06458592954199185,0.08499999999999999,54.99999999999997,BUY_NO
1779836888.1451383,75727.31062250581,75775.79000099699,0.06011160338959359,0.08499999999999999,361.87,BUY_NO
1779836888.2223756,75727.31062250581,75775.79000099699,0.05241288534794536,0.08499999999999999,85.58394762969965,BUY_NO
1779836888.3262138,75727.31062250581,75775.79000099699,0.05224871451469599,0.08499999999999999,57.35225636144287,BUY_NO
1779836888.384169,75727.31062250581,75775.79000099699,0.05202658822357213,0.08499999999999999,78.65206216551542,BUY_NO
1779836889.1064603,75727.29012668456,75775.79000099699,0.04106808334131744,0.08499999999999999,242.91,BUY_NO
1779836889.1127687,75727.29012668456,75775.79000099699,0.0416182638454035,0.08499999999999999,2598.0299999999997,BUY_NO
1779836889.1258926,75727.29012668456,75775.79000099699,0.0967928466138679,0.08499999999999999,418.67,SELL_NO
1779836889.8402698,75727.29012668456,75775.79000099699,0.04090961015373851,0.08499999999999999,194.59,BUY_NO
1779836889.975742,75727.29012668456,75775.79000099699,0.047750613337136164,0.08499999999999999,58.22999999999999,BUY_NO
1779836889.987687,75727.29012668456,75775.79000099699,0.048714333233474266,0.08499999999999999,426.31,BUY_NO
1779836890.5008147,75727.25737480505,75775.79000099699,0.04312951338566306,0.08499999999999999,56.25999999999999,BUY_NO
1779836890.953292,75727.25737480505,75775.79000099699,0.04108409362720561,0.08499999999999999,462.34000000000003,BUY_NO
1779836891.2321105,75727.25737480505,75775.79000099699,0.0410171404472823,0.08499999999999999,434.20000000000005,BUY_NO
1779836891.324573,75727.25737480505,75775.79000099699,0.04142409964985794,0.08499999999999999,441.53999999999996,BUY_NO
1779836892.0712888,75727.24835612698,75775.79000099699,0.04064048523526645,0.08499999999999999,435.35,BUY_NO
1779836892.133177,75727.24835612698,75775.79000099699,0.04114083145092067,0.08499999999999999,408.82,BUY_NO
1779836893.3771577,75727.29525056704,75775.79000099699,0.0414320036177671,0.08499999999999999,368.65,BUY_NO
1779836893.623035,75727.29525056704,75775.79000099699,0.040522936508133336,0.08499999999999999,359.3,BUY_NO
1779836894.036785,75727.879895,75775.79000099699,0.04228341241008496,0.08499999999999999,58.0,BUY_NO
1779836895.1100867,75727.1818791344,75775.79000099699,0.03992965549635359,0.08499999999999999,391.86,BUY_NO
1779836896.1843514,75727.123635,75775.79000099699,0.04336047768285444,0.08499999999999999,150.22,BUY_NO
1779836896.477114,75727.123635,75775.79000099699,0.039676730624387424,0.08499999999999999,149.72,BUY_NO
1779836897.0008147,75727.123635,75775.79000099699,0.03681670007480681,0.08499999999999999,149.72,BUY_NO
1779836897.0738387,75727.123635,75775.79000099699,0.03826216746162858,0.08499999999999999,149.72,BUY_NO
1779836897.6829834,75724.60894214538,75775.79000099699,0.03270037264519176,0.08499999999999999,129.28,BUY_NO
1779836897.7405777,75724.60894214538,75775.79000099699,0.03000581640645863,0.08499999999999999,114.96972911388912,BUY_NO
1779836898.1039598,75724.60894214538,75775.79000099699,0.02989086869055065,0.08499999999999999,119.67,BUY_NO
1779836898.1176953,75724.60894214538,75775.79000099699,0.029307672877134032,0.08499999999999999,100.40513036510492,BUY_NO
1779836898.2910836,75724.60894214538,75775.79000099699,0.033568104474597356,0.07500000000000001,288.40518473801603,BUY_NO
1779836898.4834328,75724.60894214538,75775.79000099699,0.033276559318638085,0.07500000000000001,63.03328877056629,BUY_NO
1779836898.7259626,75724.60894214538,75775.79000099699,0.027853039404832546,0.07500000000000001,107.36415226449026,BUY_NO
1779836898.805035,75724.08174992196,75775.79000099699,0.03202131880063011,0.07500000000000001,176.68224386182249,BUY_NO
1779836898.8125892,75724.08174992196,75775.79000099699,0.03188703290003254,0.07500000000000001,2042.53,SELL_YES
1779836898.8241506,75724.08174992196,75775.79000099699,0.12530304719227936,0.07500000000000001,386.53,SELL_NO
1779836898.899362,75724.08174992196,75775.79000099699,0.33249192008014755,0.07500000000000001,858.89,SELL_NO
1779836898.9067025,75724.08174992196,75775.79000099699,0.31677421990877236,0.07500000000000001,531.87,SELL_NO
1779836898.913374,75724.08174992196,75775.79000099699,0.3015298667073179,0.07500000000000001,299.53,SELL_NO
1779836898.9559896,75724.08174992196,75775.79000099699,0.22502804632822257,0.07500000000000001,306.03,SELL_NO
1779836898.965268,75724.08174992196,75775.79000099699,0.21427664401181143,0.07500000000000001,858.89,SELL_NO
1779836899.0171158,75724.08174992196,75775.79000099699,0.13437711004884392,0.07500000000000001,526.87,SELL_NO
1779836899.2298894,75724.08174992196,75775.79000099699,0.045465806420498425,0.07500000000000001,78.97132221889933,BUY_NO
1779836899.2318327,75724.08174992196,75775.79000099699,0.04511224116946047,0.07500000000000001,102.29162821838963,BUY_NO
1779836899.242113,75724.08174992196,75775.79000099699,0.04476655470758537,0.07500000000000001,98.54027668471099,BUY_NO
1779836899.2505815,75724.08174992196,75775.79000099699,0.04375513237249576,0.07500000000000001,298.7291217723723,BUY_NO
1779836899.2643068,75724.08174992196,75775.79000099699,0.04286063823124205,0.07500000000000001,251.458596034332,BUY_NO
1779836899.271309,75724.08174992196,75775.79000099699,0.038056444193913117,0.07500000000000001,796.8299999999999,BUY_NO
1779836899.2729442,75724.08174992196,75775.79000099699,0.037688377327268395,0.07500000000000001,2042.53,SELL_YES
1779836899.274495,75724.08174992196,75775.79000099699,0.08530395846090497,0.07500000000000001,68.06,SELL_NO
1779836899.2759438,75724.08174992196,75775.79000099699,0.13053876053785973,0.07500000000000001,473.18,SELL_NO
1779836899.2777774,75724.08174992196,75775.79000099699,0.17336508680157459,0.07500000000000001,174.0,SELL_NO
1779836899.2799675,75724.08174992196,75775.79000099699,0.21268054673890346,0.07500000000000001,822.73,SELL_NO
1779836899.2819006,75724.08174992196,75775.79000099699,0.23475558169551874,0.07500000000000001,531.87,SELL_NO
1779836899.2836368,75724.08174992196,75775.79000099699,0.23915707136203454,0.07500000000000001,519.9,SELL_NO
1779836899.2852361,75724.08174992196,75775.79000099699,0.23100817337780624,0.07500000000000001,613.0,SELL_NO
1779836899.2868567,75724.08174992196,75775.79000099699,0.22083195643790757,0.07500000000000001,371.38,SELL_NO
1779836899.3239367,75724.08174992196,75775.79000099699,0.05207123523231649,0.07500000000000001,106.15106957761327,BUY_NO
1779836899.3640974,75724.08174992196,75775.79000099699,0.051162378221489876,0.07500000000000001,273.0204611229892,BUY_NO
1779836899.3740447,75724.08174992196,75775.79000099699,0.05083598076236609,0.07500000000000001,88.26279269438146,BUY_NO
1779836899.3802912,75724.08174992196,75775.79000099699,0.04774291971654849,0.07500000000000001,442.7367461826293,BUY_NO
1779836899.385753,75724.08174992196,75775.79000099699,0.04321837077125118,0.07500000000000001,56.99000000000001,BUY_NO
1779836899.3871598,75724.08174992196,75775.79000099699,0.04274195957060776,0.07500000000000001,2042.53,SELL_YES
1779836899.4016635,75724.08174992196,75775.79000099699,0.03556582740243584,0.07500000000000001,57.430000000000035,BUY_NO
1779836899.434128,75724.08174992196,75775.79000099699,0.028035178261769673,0.07500000000000001,74.44000000000005,BUY_NO
1779836899.4408736,75724.08174992196,75775.79000099699,0.027195559150609765,0.07500000000000001,55.0,BUY_NO
1779836899.514921,75724.08174992196,75775.79000099699,0.02437200135750331,0.07500000000000001,830.95,BUY_NO
1779836899.5213497,75724.08174992196,75775.79000099699,0.025846408497519336,0.07500000000000001,2060.5299999999997,BUY_NO
1779836899.52272,75724.08174992196,75775.79000099699,0.02505408807264337,0.07500000000000001,848.6800000000001,BUY_NO
1779836899.5244718,75724.08174992196,75775.79000099699,0.02562294085447056,0.07500000000000001,1127.1606581540407,SELL_YES
1779836899.5270717,75724.08174992196,75775.79000099699,0.11061266443636397,0.07500000000000001,192.38,SELL_NO
1779836899.5295157,75724.08174992196,75775.79000099699,0.1434062032234651,0.07500000000000001,822.73,SELL_NO
1779836899.5316446,75724.08174992196,75775.79000099699,0.1572271361393755,0.07500000000000001,192.38,SELL_NO
1779836899.5337648,75724.08174992196,75775.79000099699,0.16541994841737484,0.07500000000000001,822.73,SELL_NO
1779836899.5352635,75724.08174992196,75775.79000099699,0.16010890172740405,0.07500000000000001,506.56,SELL_NO
1779836899.536669,75724.08174992196,75775.79000099699,0.1529500324243754,0.07500000000000001,549.9,SELL_NO
1779836899.56869,75724.08174992196,75775.79000099699,0.0453444064447547,0.07500000000000001,253.55301493743445,BUY_NO
1779836899.5883126,75724.08174992196,75775.79000099699,0.04349218172913481,0.07500000000000001,543.375485358597,BUY_NO
1779836899.691008,75724.08174992196,75775.79000099699,0.02677113627820574,0.07500000000000001,2049.13,BUY_NO
1779836899.862457,75722.75117432264,75775.79000099699,0.02166852061493962,0.07500000000000001,767.6400000000001,BUY_NO
1779836899.8642533,75722.75117432264,75775.79000099699,0.02220908502966565,0.07500000000000001,385.611752690078,BUY_NO
1779836899.9453027,75722.75117432264,75775.79000099699,0.030977204489628894,0.07500000000000001,241.17559081755462,BUY_NO
1779836899.9554305,75722.75117432264,75775.79000099699,0.02904803269973403,0.07500000000000001,529.5744091824454,BUY_NO
1779836899.996198,75722.75117432264,75775.79000099699,0.02231309429387762,0.07500000000000001,740.3,BUY_NO
1779836900.0965517,75722.75117432264,75775.79000099699,0.023468964839622727,0.07500000000000001,55.56999999999999,BUY_NO
1779836900.257911,75722.75117432264,75775.79000099699,0.0216945771259245,0.07500000000000001,56.190000000000055,BUY_NO
1779836900.366983,75722.75117432264,75775.79000099699,0.021796722135106455,0.07500000000000001,746.1,BUY_NO
1779836900.548924,75722.75117432264,75775.79000099699,0.021964730355948568,0.07500000000000001,54.609999999999985,BUY_NO
1779836900.696328,75722.74069314876,75775.79000099699,0.021038127573904854,0.07500000000000001,467.93635685084155,BUY_NO
1779836900.7140765,75722.74069314876,75775.79000099699,0.019763820876034503,0.07500000000000001,290.3436431491584,BUY_NO
