timestamp,side,qty,vwap,p_market,expected_slippage_bps,realized_slippage_bps,ev,strike,resolved_won,pnl,capital
1779836102.4588063,BUY_NO,116.74,0.48,0.48,0.0,0.0,0.02691443123764392,75639.0071050624,False,0.0,10004.6396
1779836102.5121403,BUY_NO,128.11873883298398,0.48,0.48,0.0,0.0,0.04097421690838976,75639.0071050624,False,0.0,10009.73434955332
1779836102.5849643,BUY_NO,111.40742008415015,0.48,0.48,0.0,0.0,0.059988102101652285,75639.0071050624,False,0.0,10014.160646356686
1779836103.4852588,SELL_NO,356.26615891713413,0.46,0.45999999999999996,-1.2067641572012573e-12,-1.2067641572012573e-12,0.005398403740224433,75639.0071050624,False,-7.155323178342684,9992.754676821658
1779836103.5797846,BUY_YES,129.76845396813587,0.54,0.54,0.0,0.0,0.021505237216489337,75639.0071050624,False,0.0,9992.72467682166
1779836104.215787,BUY_YES,123.82367779377046,0.53,0.53,0.0,0.0,0.042441486133514394,75639.0071050624,False,0.0,9991.396992281978
1779836104.2380486,BUY_YES,105.5822474060526,0.53,0.53,0.0,0.0,0.06051225857366627,75639.0071050624,False,0.0,9991.366992281977
1779836106.3256412,SELL_YES,359.17437916795893,0.5,0.5,0.0,0.0,0.005477846965684707,75639.0071050624,False,-12.102915914720114,9980.56176090694
1779836106.3902495,BUY_YES,146.12,0.51,0.51,0.0,0.0,0.10150395097600295,75639.0071050624,False,0.0,9980.531760906939
1779836106.3941824,BUY_YES,339.4176234291481,0.52,0.52,0.0,0.0,0.0815600387682337,75639.0071050624,False,0.0,9981.96296090694
1779836106.4079835,SELL_YES,386.71562083204105,0.5,0.5,0.0,0.0,0.014732912648379115,75639.0071050624,False,-6.600512047950701,9972.222208438356
1779836106.4609513,BUY_NO,107.38406045736258,0.5,0.5,0.0,0.0,0.01803656548124455,75639.0071050624,False,0.0,9972.192208438357
1779836106.720753,BUY_NO,127.89974102121661,0.5,0.5,0.0,0.0,0.03973412967514589,75639.0071050624,False,0.0,9972.162208438358
1779836106.7258604,BUY_NO,117.15548558669522,0.5,0.5,0.0,0.0,0.0599074210617947,75639.0071050624,False,0.0,9972.13220843836
1779836106.7339723,BUY_NO,146.96741491933278,0.5,0.5,0.0,0.0,0.08539930947280627,75639.0071050624,False,0.0,9972.102208438359
1779836107.0126777,BUY_NO,137.55531912669454,0.5,0.5,0.0,0.0,0.1097492713013335,75639.0071050624,False,0.0,9972.07220843836
1779836107.5679665,SELL_NO,160.21,0.48999999999999994,0.49,1.1328806373726088e-12,1.1328806373726088e-12,0.005588366969324243,75639.0071050624,False,-1.6321000000000083,9974.219408623501
1779836107.6167734,SELL_NO,160.21,0.48999999999999994,0.49,1.1328806373726088e-12,1.1328806373726088e-12,0.005155849523813927,75639.0071050624,False,-1.6321000000000083,9970.985208623502
1779836107.651246,BUY_NO,104.17640576999605,0.5,0.5,0.0,0.0,0.07183570608358869,75639.0071050624,False,0.0,9968.778008438361
1779836108.0969932,SELL_NO,160.21,0.48999999999999994,0.49,1.1328806373726088e-12,1.1328806373726088e-12,0.0069543478354781585,75639.0071050624,False,-1.6321000000000083,9968.762772681202
1779836108.498479,SELL_NO,215.21,0.49,0.49,0.0,0.0,0.030637303436775398,75639.0071050624,False,-2.1821000000000055,9964.428572681203
1779836108.6014721,BUY_YES,136.0230467616654,0.51,0.51,0.0,0.0,0.039548737994465566,75639.0071050624,False,0.0,9965.469044195519
1779836108.8210933,BUY_YES,200.3129256091367,0.51,0.51,0.0,0.0,0.0737998728066156,75639.0071050624,False,0.0,9965.439044195518
1779836108.8360236,BUY_YES,102.73942113440637,0.51,0.51,0.0,0.0,0.09218272585680776,75639.0071050624,False,0.0,9965.409044195518
1779836108.9747694,BUY_YES,99.38887995135394,0.51,0.51,0.0,0.0,0.10980779274979857,75639.0071050624,False,0.0,9965.379044195517
1779836109.056294,BUY_YES,106.31831881950541,0.51,0.51,0.0,0.0,0.12880263765284616,75639.0071050624,False,0.0,9965.349044195518
1779836109.4495544,SELL_YES,159.91,0.5,0.5,0.0,0.0,0.005373066352645672,75639.0071050624,False,-1.7776589116472934,9958.335982515599
1779836109.707351,BUY_NO,159.91,0.5,0.5,0.0,0.0,0.03649439024551737,75639.0071050624,False,0.0,9958.305982515598
1779836109.7529604,SELL_YES,159.91,0.5,0.5,0.0,0.0,0.040527187212251736,75639.0071050624,False,-1.7776589116472934,9958.275982515597
1779836110.2161896,SELL_YES,144.91,0.5,0.5,0.0,0.0,0.02126230592661671,75639.0071050624,False,-1.61372367510981,9958.245982515597
1779836110.7747884,SELL_NO,205.20842688129773,0.49,0.49,0.0,0.0,0.007984977047409858,75639.0071050624,False,-2.0820842688129773,9953.375152298051
1779836111.2544408,SELL_YES,140.91,0.5,0.5,0.0,0.0,0.015055164100412022,75639.0071050624,False,-1.5700076120331374,9956.133898246782
1779836111.280453,BUY_YES,115.66860912308283,0.51,0.51,0.0,0.0,0.04273757851787563,75639.0071050624,False,0.0,9957.483544195515
1779836111.3460333,BUY_NO,100.91,0.5,0.5,0.0,0.0,0.04659836868120948,75639.0071050624,False,0.0,9954.917212155551
1779836111.5030205,BUY_YES,104.28150426565466,0.51,0.51,0.0,0.0,0.06098460997041044,75639.0071050624,False,0.0,9956.414444195514
1779836113.0288928,SELL_NO,100.91,0.5700000000000001,0.5700000000000001,0.0,0.0,0.07226008511803395,75639.0071050624,True,7.033700000000003,9985.932126691228
1779836113.146374,BUY_YES,125.94469276666837,0.43,0.43,0.0,0.0,0.08082525733485807,75639.0071050624,False,0.0,9935.79406753456
1779836113.5517082,BUY_YES,138.53616555064252,0.43,0.43,0.0,0.0,0.10454585835655344,75639.0071050624,False,0.0,9935.76406753456
1779836113.9773865,BUY_YES,119.00061985472075,0.43,0.43,0.0,0.0,0.12530250117579794,75639.0071050624,False,0.0,9935.734067534559
1779836118.7912138,SELL_YES,574.99,0.42,0.42,0.0,0.0,0.008404716316150806,75639.0071050624,False,-28.08577067697388,9928.29010567022
1779836118.7998161,BUY_YES,170.28058456326852,0.43,0.43,0.0,0.0,0.05580481734365478,75639.0071050624,False,0.0,9929.92416753456
1779836118.8067942,BUY_YES,131.64800253469878,0.43,0.43,0.0,0.0,0.07820617051537809,75639.0071050624,False,0.0,9929.89416753456
1779836118.9484398,SELL_YES,468.33477353191137,0.42,0.42,0.0,0.0,0.007860814874730504,75639.0071050624,False,-11.16882500352196,9925.18081979924
1779836118.9548,BUY_YES,151.52814473075657,0.43,0.43,0.0,0.0,0.024946345359888822,75639.0071050624,False,0.0,9925.150819799239
1779836118.9639947,BUY_YES,129.6896011635682,0.43,0.43,0.0,0.0,0.04660345736049876,75639.0071050624,False,0.0,9925.12081979924
1779836119.1800783,SELL_YES,281.21774589432476,0.42,0.42,0.0,0.0,0.008021760156210422,75639.0071050624,False,-2.8421774589432545,9922.278642340296
1779836119.1936996,BUY_YES,127.02125579748734,0.43,0.43,0.0,0.0,0.020917849564053403,75639.0071050624,False,0.0,9922.248642340295
1779836120.4199948,BUY_YES,118.67185439966077,0.43,0.43,0.0,0.0,0.040684800940959276,75639.0071050624,False,0.0,9922.218642340295
1779836121.582981,SELL_YES,245.69311019714812,0.42,0.42,0.0,0.0,0.01208367575604613,75639.0071050624,False,-2.4869311019714786,9919.731711238323
1779836121.8167667,BUY_NO,89.49483683925753,0.5800000000000001,0.5800000000000001,0.0,0.0,0.014651567124773668,75639.0071050624,False,0.0,9905.382537344041
1779836122.2219028,BUY_NO,86.24654505497834,0.5800000000000001,0.5800000000000001,0.0,0.0,0.028922774814763574,75639.0071050624,False,0.0,9891.553090135243
1779836122.3039486,BUY_NO,91.34602171801617,0.5800000000000001,0.5800000000000001,0.0,0.0,0.044180215398822,75639.0071050624,False,0.0,9876.90772666036
1779836124.583146,BUY_NO,107.99199336697359,0.5800000000000001,0.5800000000000001,0.0,0.0,0.06238051407917533,75639.0071050624,False,0.0,9859.599007721643
1779836125.4908485,SELL_NO,269.54,0.55,0.55,0.0,0.0,0.00510129396102843,75639.0071050624,False,-8.11620000000002,9897.77538963102
1779836125.5066514,BUY_NO,92.81965885555778,0.56,0.56,0.0,0.0,0.03307903136035595,75639.0071050624,False,0.0,9885.551636598562
1779836125.6626427,SELL_NO,198.3590558347834,0.55,0.55,0.0,0.0,0.012495016845905482,75639.0071050624,False,-4.124378497932341,9907.341132740388
1779836125.7038605,BUY_NO,91.35411843466613,0.56,0.56,0.0,0.0,0.01514678491481769,75639.0071050624,False,0.0,9896.348638528229
1779836126.0743043,SELL_NO,91.35411843466613,0.55,0.55,0.0,0.0,0.0050781509568968985,75639.0071050624,False,-0.9435411843466568,9906.367591556042
1779836126.102682,BUY_NO,101.38925606527539,0.56,0.56,0.0,0.0,0.016812292675119522,75639.0071050624,False,0.0,9894.170880828207
1779836126.1760917,SELL_NO,101.38925606527539,0.55,0.55,0.0,0.0,0.006258061078035837,75639.0071050624,False,-1.0438925606527576,9905.293698995389
1779836126.2046394,BUY_NO,98.47230841382388,0.56,0.56,0.0,0.0,0.016330376820377746,75639.0071050624,False,0.0,9893.44702198573
1779836126.8141987,SELL_NO,98.47230841382388,0.55,0.55,0.0,0.0,0.005316973091512911,75639.0071050624,False,-1.0147230841382395,9904.24897591125
1779836126.8527539,BUY_NO,89.54338668546501,0.56,0.56,0.0,0.0,0.014851195369422143,75639.0071050624,False,0.0,9893.473769508995
1779836133.6526308,BUY_NO,102.09032609963657,0.56,0.56,0.0,0.0,0.03194519246548566,75639.0071050624,False,0.0,9881.192930377038
1779836133.665717,BUY_NO,103.07073553893883,0.56,0.56,0.0,0.0,0.04941384047599495,75639.0071050624,False,0.0,9868.794442112367
1779836136.1197555,SELL_NO,239.66999999999996,0.55,0.55,0.0,0.0,0.016863912894188093,75639.0071050624,False,-2.4266999999999825,9895.678486595607
1779836136.1538348,BUY_YES,219.48813367568766,0.45,0.45,0.0,0.0,0.036689151360237204,75639.0071050624,False,0.0,9901.15193142801
1779836136.1865888,BUY_YES,111.60994792040975,0.45,0.45,0.0,0.0,0.05590518821071605,75639.0071050624,False,0.0,9901.12193142801
1779836136.800554,BUY_NO,117.03,0.5,0.5,0.0,0.0,0.0831926586668762,75639.0071050624,False,0.0,9914.895113091612
1779836136.8084116,BUY_NO,117.03,0.5,0.5,0.0,0.0,0.09114891404476033,75639.0071050624,False,0.0,9914.865113091613
1779836136.8307788,BUY_NO,117.03,0.5,0.5,0.0,0.0,0.09507568356918572,75639.0071050624,False,0.0,9914.835113091613
1779836136.852059,BUY_NO,117.03,0.5,0.5,0.0,0.0,0.09823096092063865,75639.0071050624,False,0.0,9914.805113091612
1779836136.910485,SELL_YES,117.03,0.5,0.5,0.0,0.0,0.08335937204776162,75639.0071050624,True,5.821499999999993,9914.775113091613
1779836136.925792,SELL_YES,117.03,0.5,0.5,0.0,0.0,0.08841022314455727,75639.0071050624,True,5.821499999999993,9914.745113091614
1779836138.0143664,SELL_NO,160.34,0.48999999999999994,0.49,1.1328806373726088e-12,1.1328806373726088e-12,0.007118499801967937,75639.0071050624,False,-2.6454403417246226,9915.769476758893
1779836138.0428667,SELL_NO,160.34,0.48999999999999994,0.49,1.1328806373726088e-12,1.1328806373726088e-12,0.005955375161189769,75639.0071050624,False,-2.6454403417246226,9912.532676758892
1779836138.1042583,SELL_NO,160.34,0.48999999999999994,0.49,1.1328806373726088e-12,1.1328806373726088e-12,0.0062026305353483635,75639.0071050624,False,-2.6454403417246226,9909.295876758892
1779836139.6608994,BUY_YES,124.30853249298937,0.49,0.49,0.0,0.0,0.037474976243885516,75639.0071050624,False,0.0,9909.265876758891
1779836140.517655,BUY_YES,218.18,0.45000000000000007,0.45,1.2335811384723962e-12,1.2335811384723962e-12,0.09104363518630398,75639.0071050624,False,0.0,9902.06739012829
1779836140.570542,BUY_YES,167.99206489830192,0.44999999999999996,0.45,-1.2335811384723962e-12,-1.2335811384723962e-12,0.10354248491371854,75639.0071050624,False,0.0,9902.03739012829
1779836145.4758859,SELL_YES,473.94,0.42,0.42,0.0,0.0,0.00943796876356423,75639.0071050624,False,-18.127243586803075,9885.045863208388
1779836145.68709,BUY_YES,119.46,0.43,0.43,0.0,0.0,0.06925477170585687,75639.0071050624,False,0.0,9885.930305515021
1779836148.3357546,SELL_YES,253.03867898738872,0.35,0.35,0.0,0.0,0.005490403734498717,75639.0071050624,False,-24.03796561165541,9869.027967061953
1779836148.5964134,BUY_NO,113.69139834912096,0.65,0.65,0.0,0.0,0.024013868992432075,75639.0071050624,False,0.0,9822.250213060006
1779836148.8093393,BUY_NO,119.12723814950442,0.65,0.65,0.0,0.0,0.042692926882230364,75639.0071050624,False,0.0,9786.482041615154
1779836150.143876,BUY_NO,85.21553177004654,0.65,0.65,0.0,0.0,0.05637169545361409,75639.0071050624,False,0.0,9760.887382084142
1779836150.3725562,SELL_NO,87.4,0.64,0.64,0.0,0.0,0.19067763220828182,75639.0071050624,True,0.5651422954139633,9788.931068250069
1779836150.379967,SELL_NO,86.0,0.63,0.63,0.0,0.0,0.16557053294666702,75639.0071050624,False,-0.3043908763661278,9813.988754415996
1779836150.3882616,BUY_YES,228.0,0.38,0.38,0.0,0.0,0.13483153757272048,75639.0071050624,False,0.0,9860.650908564174
1779836150.3950255,SELL_NO,121.0,0.61,0.61,0.0,0.0,0.09979390252408427,75639.0071050624,False,-2.8360615818639587,9896.724126747851
1779836150.4325676,SELL_YES,149.29,0.35,0.35,0.0,0.0,0.010655112247947407,75639.0071050624,False,-4.508700000000005,9854.513967061956
1779836150.521013,BUY_NO,86.5846253940681,0.65,0.65,0.0,0.0,0.02361651529749842,75639.0071050624,False,0.0,9832.39099446592
1779836150.703851,BUY_NO,82.15899995768154,0.65,0.65,0.0,0.0,0.036562535185843514,75639.0071050624,False,0.0,9807.713294478617
1779836150.8344352,BUY_NO,102.8911120045596,0.65,0.65,0.0,0.0,0.05289471024262571,75639.0071050624,False,0.0,9776.81596087725
1779836150.8378706,BUY_NO,110.65756187131632,0.65,0.65,0.0,0.0,0.07073167621812126,75639.0071050624,False,0.0,9743.588692315854
1779836151.074641,BUY_NO,104.69994673790904,0.65,0.65,0.0,0.0,0.08791827033887512,75639.0071050624,False,0.0,9712.148708294482
1779836151.2177293,BUY_NO,104.86098516261188,0.6500000000000001,0.65,1.7080354225002406e-12,1.7080354225002406e-12,0.10534892350074776,75639.0071050624,False,0.0,9680.660412745698
1779836151.3982012,SELL_NO,239.24,0.62,0.62,0.0,0.0,0.00991475650417517,75639.0071050624,False,-6.805012381286815,9755.415368177324
1779836151.4032116,SELL_NO,125.0,0.61,0.61,0.0,0.0,0.03195218361828134,75639.0071050624,False,-4.819861844427578,9786.282086654532
1779836151.4085982,BUY_YES,179.99081674156204,0.4,0.4,0.0,0.0,0.043009949650709034,75639.0071050624,False,0.0,9831.333174675912
1779836151.4253707,BUY_YES,239.24,0.38,0.38,0.0,0.0,0.08996425594642421,75639.0071050624,False,0.0,9831.996795295498
1779836151.437199,SELL_NO,125.0,0.61,0.61,0.0,0.0,0.09290903224798674,75639.0071050624,False,-4.819861844427578,9906.51535817026
1779836151.4528759,SELL_NO,168.3818477208588,0.6,0.6,0.0,0.0,0.07875498011320203,75639.0071050624,False,-8.166024778747428,9936.866138024225
1779836151.5420198,SELL_YES,181.42,0.37,0.37,0.0,0.0,0.006729867754718621,75639.0071050624,False,-3.155758838937359,9822.309750173665
1779836151.5776827,BUY_YES,136.6272887333834,0.38,0.38,0.0,0.0,0.07333644240441667,75639.0071050624,False,0.0,9825.44495834108
1779836151.9026687,SELL_YES,223.12,0.37,0.37,0.0,0.0,0.005884756117423895,75639.0071050624,False,-3.387886852080584,9820.883477286332
1779836151.933129,BUY_YES,183.51321165115286,0.38,0.38,0.0,0.0,0.06671638265170393,75639.0071050624,False,0.0,9823.15375834108
1779836152.197411,SELL_YES,250.85,0.37,0.37,0.0,0.0,0.005808134656098862,75639.0071050624,False,-3.243097059431733,9818.988345169819
1779836152.2245843,BUY_YES,202.7886205567502,0.37999999999999995,0.38,-1.4608197692436272e-12,-1.4608197692436272e-12,0.05882358417313488,75639.0071050624,False,0.0,9820.585258341081
1779836152.5222793,SELL_YES,267.61,0.37,0.37,0.0,0.0,0.011404871414217588,75639.0071050624,False,-3.040703047411256,9816.900458964252
1779836152.5469413,BUY_YES,213.7243697178938,0.38,0.38,0.0,0.0,0.05003848022081436,75639.0071050624,False,0.0,9817.84915834108
1779836153.3356113,BUY_NO,80.04988276015985,0.64,0.64,0.0,0.0,0.01267666770593856,75639.0071050624,False,0.0,9876.419711092427
1779836153.3558297,SELL_YES,185.86,0.37,0.37,0.0,0.0,0.006487430551604889,75639.0071050624,False,-1.96159166724523,9813.87271643947
1779836153.3736765,BUY_YES,163.15438099239418,0.38,0.38,0.0,0.0,0.046696674674212846,75639.0071050624,False,0.0,9814.299560685877
1779836153.8145146,SELL_YES,250.65,0.37,0.37,0.0,0.0,0.025491172815112595,75639.0071050624,False,-2.579342846376022,9812.181172629545
1779836153.8315258,BUY_YES,140.22413373523688,0.38,0.38,0.0,0.0,0.028756367186113296,75639.0071050624,False,0.0,9811.733060685874
1779836153.870841,BUY_YES,153.25603318241124,0.38,0.38,0.0,0.0,0.053745034416754045,75639.0071050624,False,0.0,9811.703060685873
1779836153.8782153,BUY_YES,162.34146191399196,0.38,0.38,0.0,0.0,0.08053160481896304,75639.0071050624,False,0.0,9811.673060685873
1779836153.8859937,BUY_YES,158.20928544036713,0.38,0.38,0.0,0.0,0.10700502457801486,75639.0071050624,False,0.0,9811.643060685872
1779836153.8947754,BUY_YES,144.41108318768966,0.38,0.38,0.0,0.0,0.13152197923719322,75639.0071050624,False,0.0,9811.613060685873
1779836153.9092422,BUY_YES,183.02498813751617,0.37999999999999995,0.38,-1.4608197692436272e-12,-1.4608197692436272e-12,0.1626759105750561,75639.0071050624,False,0.0,9811.583060685873
1779836154.4195328,SELL_YES,767.72,0.33,0.33,0.0,0.0,0.005010954063374873,75639.0071050624,False,-38.421121778896236,9766.570271124363
1779836154.6136396,SELL_NO,80.04988276015985,0.64,0.64,0.0,0.0,0.00623469504639329,75639.0071050624,False,-0.030000000000001137,9829.854333578567
1779836154.6762648,BUY_NO,88.65,0.65,0.65,0.0,0.0,0.020495633796285384,75639.0071050624,False,0.0,9805.34919031847
1779836154.678336,SELL_YES,202.43,0.3400000000000001,0.34,-1.6326809185664065e-12,-1.6326809185664065e-12,0.005279720544475119,75639.0071050624,False,-8.128550494583905,9767.085131381462
1779836155.239374,SELL_NO,86.07,0.64,0.64,0.0,0.0,0.02013437153831299,75639.0071050624,False,-0.8907000000000025,9767.426433578567
1779836155.8164437,BUY_YES,152.36506117984732,0.36,0.36,0.0,0.0,0.02548161016287398,75639.0071050624,False,0.0,9765.443244861268
1779836155.8656616,BUY_NO,79.66347678629035,0.65,0.65,0.0,0.0,0.012852087201664975,75639.0071050624,False,0.0,9787.72301502474
1779836155.8718817,SELL_NO,82.24347678629036,0.64,0.64,0.0,0.0,0.0058486314341263945,75639.0071050624,False,-0.8524347678629027,9809.924415941061
1779836155.900415,BUY_YES,174.9127129286125,0.36,0.36,0.0,0.0,0.05330315723226825,75639.0071050624,False,0.0,9764.556610093405
1779836155.9192371,BUY_YES,140.72325778682574,0.36,0.36,0.0,0.0,0.0760660107265892,75639.0071050624,False,0.0,9764.526610093406
1779836156.0233223,BUY_YES,145.4949716489652,0.36,0.36,0.0,0.0,0.09976510628516605,75639.0071050624,False,0.0,9764.496610093405
1779836159.0550995,BUY_NO,90.8,0.65,0.65,0.0,0.0,0.028247393865851955,75639.0071050624,False,0.0,9917.91159657844
1779836159.1446152,SELL_YES,282.66,0.34,0.34,0.0,0.0,0.010794865839216239,75639.0071050624,False,-5.7699314184178405,9752.883576542714
1779836159.1557333,SELL_NO,90.8,0.64,0.64,0.0,0.0,0.013525258743263047,75639.0071050624,False,-0.9380000000000024,9853.155079803095
1779836159.4767425,BUY_NO,116.95,0.65,0.65,0.0,0.0,0.03215345963547278,75639.0071050624,False,0.0,9821.44399657844
1779836159.8040576,SELL_YES,232.47,0.35,0.35,0.0,0.0,0.009792330351137746,75639.0071050624,False,-2.4260311145531688,9754.38149331806
1779836159.8244407,SELL_NO,116.95,0.64,0.64,0.0,0.0,0.014440564704620296,75639.0071050624,False,-1.1995000000000005,9784.479279803094
1779836160.1253781,BUY_NO,114.46000000000001,0.6499999999999999,0.65,-1.7080354225002406e-12,-1.7080354225002406e-12,0.07472208828458882,75639.0071050624,False,0.0,9751.19049657844
1779836160.1997447,BUY_NO,91.0,0.65,0.65,0.0,0.0,0.03582950280837449,75639.0071050624,False,0.0,9723.86049657844
1779836161.3181965,BUY_NO,145.74503934817366,0.65,0.65,0.0,0.0,0.05559090711189574,75639.0071050624,False,0.0,9680.106984773987
1779836161.3553293,BUY_NO,94.06218775300664,0.65,0.65,0.0,0.0,0.07118366071410931,75639.0071050624,False,0.0,9651.858328448085
1779836161.55909,BUY_NO,84.49668423892797,0.65,0.65,0.0,0.0,0.0852415354063859,75639.0071050624,False,0.0,9626.479323176405
1779836161.6896875,BUY_NO,108.2365241957649,0.65,0.65,0.0,0.0,0.1032593097341713,75639.0071050624,False,0.0,9593.978365917676
1779836161.7083416,BUY_NO,135.2749250739247,0.65,0.65,0.0,0.0,0.12610045601392683,75639.0071050624,False,0.0,9553.365888395498
1779836161.7665148,BUY_NO,80.31251716492568,0.65,0.65,0.0,0.0,0.14052628333025907,75639.0071050624,False,0.0,9529.24213324602
1779836167.269846,BUY_NO,94.80836103497245,0.61,0.61,0.0,0.0,0.16420317154830188,75639.0071050624,False,0.0,9538.180941827932
1779836168.07062,BUY_NO,174.06,0.5900000000000001,0.5900000000000001,0.0,0.0,0.20465739196807453,75639.0071050624,False,0.0,9523.629633053435
1779836172.5760686,SELL_NO,228.21,0.5800000000000001,0.5800000000000001,0.0,0.0,0.0125675857451919,75639.0071050624,False,-13.110348766924943,9570.258578666186
1779836176.4690244,BUY_NO,91.27329851337663,0.5900000000000001,0.5900000000000001,0.0,0.0,0.17403640849723723,75639.0071050624,False,0.0,9545.936139321027
1779836177.6683714,BUY_NO,86.2340918573434,0.5900000000000001,0.5900000000000001,0.0,0.0,0.19038812522888127,75639.0071050624,False,0.0,9530.384002786705
1779836177.820939,BUY_NO,93.10627664286767,0.5900000000000001,0.5900000000000001,0.0,0.0,0.20809462048141603,75639.0071050624,False,0.0,9513.59487299099
1779836184.3839383,BUY_NO,91.0,0.5700000000000001,0.5700000000000001,0.0,0.0,0.23183558799284842,75639.0071050624,False,0.0,9521.963637556764
1779836185.0452318,BUY_NO,90.51149076893103,0.5700000000000001,0.5700000000000001,0.0,0.0,0.24662165686783044,75639.0071050624,False,0.0,9509.262028849113
1779836185.2739544,BUY_NO,89.52298197176788,0.5700000000000001,0.5700000000000001,0.0,0.0,0.2645509618091021,75639.0071050624,False,0.0,9496.698811373066
1779836185.4265368,BUY_NO,88.30557294856862,0.5700000000000001,0.5700000000000001,0.0,0.0,0.28244654693764426,75639.0071050624,False,0.0,9484.306031160266
1779836186.2129953,BUY_NO,117.10611922137718,0.5700000000000001,0.5700000000000001,0.0,0.0,0.30589442720123394,75639.0071050624,False,0.0,9467.881174469272
1779836186.2438464,BUY_NO,90.36623463096498,0.5700000000000001,0.5700000000000001,0.0,0.0,0.3252133391391826,75639.0071050624,False,0.0,9455.199901620937
1779836186.4523158,BUY_NO,109.32,0.52,0.52,0.0,0.0,0.35637772744948093,75639.0071050624,False,0.0,9531.984633012453
1779836186.4548965,SELL_YES,107.9216775346002,0.48000000000000004,0.48,-1.1564823173178715e-12,-1.1564823173178715e-12,0.360127829882529,75639.0071050624,True,12.887486607447123,9601.277458125665
1779836194.0194545,SELL_NO,117.08999999999999,0.7119660090528653,0.72,111.58320759909222,111.58320759909222,0.016288473998244624,75639.0071050624,True,12.76752244984091,9209.98820483809
1779836194.0291107,SELL_NO,235.34,0.700509900569389,0.71,133.66337226212627,133.66337226212627,0.010656010963964069,75639.0071050624,True,22.995748222269697,9323.80662789174
1779836194.043375,SELL_NO,124.0,0.69,0.69,0.0,0.0,0.005249450704767344,75639.0071050624,True,10.798975862842866,9400.667873999037
1779836197.3740191,SELL_NO,419.07,0.72,0.72,0.0,0.0,0.005199743539145096,75639.0071050624,True,49.13967189388359,9544.09180483809
1779836197.5238323,SELL_NO,438.12,0.72,0.72,0.0,0.0,0.008157708859319435,75639.0071050624,True,51.37481697603806,9736.83460483809
1779836197.6602006,BUY_NO,70.71876038453752,0.73,0.73,0.0,0.0,0.07916934245910678,75639.0071050624,False,0.0,9699.200252007553
1779836197.8475404,SELL_NO,219.30999999999995,0.7199999999999999,0.72,1.5419764230904952e-12,1.5419764230904952e-12,0.010123874629806129,75639.0071050624,True,22.285652765129356,9801.447562665047
1779836197.975616,SELL_NO,331.6,0.72,0.72,0.0,0.0,0.008135773687613757,75639.0071050624,True,33.71160073374173,9947.321562665047
1779836198.25457,BUY_NO,80.25,0.73,0.73,0.0,0.0,0.023224346482356495,75639.0071050624,False,0.0,9910.104752007554
1779836198.2686434,BUY_YES,288.49298330664504,0.28,0.28,0.0,0.0,0.03924002729967324,75639.0071050624,False,0.0,9958.418731594797
1779836198.2781413,BUY_YES,219.51813222603533,0.28,0.28,0.0,0.0,0.06966803190110316,75639.0071050624,False,0.0,9958.388731594798
1779836198.2875643,SELL_NO,107.43106574943113,0.72,0.72,0.0,0.0,0.07925930017047766,75639.0071050624,True,1.9332800604188378,10181.883622429177
1779836199.610341,BUY_NO,79.0,0.8,0.8,0.0,0.0,0.008841220676755634,75639.0071050624,False,0.0,10175.094511671792
1779836199.9544947,BUY_NO,63.48325944789181,0.81,0.81,0.0,0.0,0.01498918678027561,75639.0071050624,False,0.0,10139.995001969426
1779836200.2039304,BUY_NO,71.2437467323548,0.8007360290513713,0.8,9.200363142140844,9.200363142140844,0.022763122625628185,75639.0071050624,False,0.0,10093.511037901842
1779836200.4355357,BUY_NO,79.34358409200499,0.807863721409365,0.8,98.29651761706221,98.29651761706221,0.024549910511752926,75639.0071050624,False,0.0,10045.25095160572
1779836200.6293335,BUY_NO,79.80948265319245,0.8,0.8,0.0,0.0,0.04151662642038301,75639.0071050624,False,0.0,9997.335262013805
1779836201.2872796,BUY_NO,71.58191970018208,0.8,0.8,0.0,0.0,0.04981876186229095,75639.0071050624,False,0.0,9954.356110193696
1779836201.7971237,BUY_NO,67.5857402581575,0.8,0.8,0.0,0.0,0.05774194767306706,75639.0071050624,False,0.0,9913.774666038802
1779836201.8226717,BUY_NO,77.1999250838004,0.8,0.8,0.0,0.0,0.06682974593317303,75639.0071050624,False,0.0,9867.424710988522
1779836203.474283,BUY_NO,65.12748115611043,0.8,0.8,0.0,0.0,0.07470702403874852,75639.0071050624,False,0.0,9828.318222294856
1779836205.8365138,BUY_NO,75.00578396893638,0.8038618067082578,0.8,48.27258385322192,48.27258385322192,0.07987551388201453,75639.0071050624,False,0.0,9782.995094073805
1779836206.8620362,BUY_NO,64.09462798711456,0.8021927934412757,0.8,27.409918015945667,27.409918015945667,0.08949830286554239,75639.0071050624,False,0.0,9744.367771001665
1779836210.0221362,SELL_YES,250.29,0.2,0.2,0.0,0.0,0.08270570960755966,75639.0071050624,False,-20.05320000000001,9915.616432329904
1779836210.065796,SELL_NO,141.17,0.79,0.79,0.0,0.0,0.007400613116635091,75639.0071050624,False,-1.7515203246604756,9681.369915357136
1779836210.8896644,SELL_YES,257.7211155326804,0.2,0.2,0.0,0.0,0.05401698898373539,75639.0071050624,False,-20.64768924261444,9914.144732329905
1779836211.1788056,BUY_NO,63.25846423547773,0.8,0.8,0.0,0.0,0.08126531939107762,75639.0071050624,False,0.0,9484.77632314077
1779836216.2388315,BUY_NO,64.47661458791151,0.8,0.8,0.0,0.0,0.08906800558327332,75639.0071050624,False,0.0,9446.060354388022
1779836216.2733033,BUY_NO,79.4676052942624,0.8,0.8,0.0,0.0,0.09868715069298661,75639.0071050624,False,0.0,9398.349791211465
1779836217.1991272,BUY_NO,98.49568322482003,0.7989847270791377,0.79,113.73072252072996,113.73072252072996,0.10585386706006561,75639.0071050624,False,0.0,9348.902420460796
1779836217.2907276,BUY_NO,63.89,0.789217404914697,0.78,118.17185788073108,118.17185788073108,0.12034169481087376,75639.0071050624,False,0.0,9322.085159645017
1779836230.2256472,BUY_NO,74.323288990082,0.77,0.77,0.0,0.0,0.1422698600751081,75639.0071050624,False,0.0,9292.139522774594
1779836238.8343914,SELL_NO,397.51,0.7899999999999999,0.79,1.4053456007913371e-12,1.4053456007913371e-12,0.012564582816913084,75639.0071050624,False,-3.429619217335869,9500.740978626349
1779836238.8418863,SELL_NO,190.09000000000003,0.7805250144668315,0.79,119.93652573631013,119.93652573631013,0.03739970413304672,75639.0071050624,False,-3.456804050271387,9609.162078626348
1779836239.023774,SELL_NO,67.61999999999998,0.7879872818692695,0.79,25.47744469279192,25.47744469279192,0.08613655552420996,75639.0071050624,False,-0.7444055809319323,9648.215578626348
1779836239.0330076,BUY_YES,408.0,0.23,0.23,0.0,0.0,0.059344275659872575,75639.0071050624,False,0.0,9895.144014777234
1779836239.2191703,SELL_YES,319.3,0.2,0.2,0.0,0.0,0.0059391691627089516,75639.0071050624,False,-9.609000000000002,9896.103930999603
1779836239.2338583,SELL_NO,71.38999999999999,0.7865961619274409,0.79,43.08655788049586,43.08655788049586,0.04325772680551887,75639.0071050624,False,-0.8835476992418023,9729.381778626346
1779836239.2413423,SELL_NO,302.8,0.7567635402906209,0.76,42.584996176041265,42.584996176041265,0.022509418249988977,75639.0071050624,False,-12.683632208018196,9894.254994848716
1779836239.4389818,BUY_NO,70.78755461297149,0.81,0.81,0.0,0.0,0.014389457793309135,75639.0071050624,False,0.0,9851.431350618059
1779836239.620078,BUY_NO,72.39949887993325,0.81,0.81,0.0,0.0,0.022090060733361838,75639.0071050624,False,0.0,9806.5136613125
1779836239.7573502,BUY_NO,69.23919172309968,0.811667588099841,0.81,20.587507405443343,20.587507405443343,0.027883766789006725,75639.0071050624,False,0.0,9763.439899992018
1779836239.8409219,BUY_NO,63.637535608980556,0.8200000000000001,0.8200000000000001,0.0,0.0,0.035003756107378714,75639.0071050624,False,0.0,9720.776542675987
1779836240.178302,BUY_NO,64.97476965292998,0.8200000000000001,0.8200000000000001,0.0,0.0,0.04186382098946173,75639.0071050624,False,0.0,9679.16269009811
1779836240.6355567,BUY_NO,63.362916362903434,0.8200000000000001,0.8200000000000001,0.0,0.0,0.048638260273450196,75639.0071050624,False,0.0,9638.580423625852
1779836241.1404207,BUY_NO,71.28114013842617,0.8221383786720644,0.8200000000000001,26.07778868371152,26.07778868371152,0.05416458012243275,75639.0071050624,False,0.0,9592.778067867468
1779836242.3624902,SELL_NO,482.73,0.79,0.79,0.0,0.0,0.006989344444817136,75639.0071050624,False,-11.585001174126432,9886.345162299214
1779836242.3862166,BUY_NO,127.33886131948628,0.8,0.8,0.0,0.0,0.020356749050859158,75639.0071050624,False,0.0,9810.201247363606
1779836242.3997009,BUY_NO,82.96726240651634,0.8085583303180588,0.8,106.97912897573435,106.97912897573435,0.021134066478683655,75639.0071050624,False,0.0,9759.680828682436
1779836242.4380612,BUY_NO,82.8663157971576,0.81,0.81,0.0,0.0,0.03758375510776657,75639.0071050624,False,0.0,9706.460053507024
1779836242.5524535,BUY_NO,64.84075312069075,0.815466190773244,0.81,67.48383670671544,67.48383670671544,0.039334708073503255,75639.0071050624,False,0.0,9665.874354645757
1779836242.8530948,BUY_NO,61.77375508883853,0.8171492748053483,0.81,88.26265191787921,88.26265191787921,0.04456202860012892,75639.0071050624,False,0.0,9627.102988939789
1779836243.2057948,BUY_NO,68.73449426866824,0.8174379676191164,0.81,91.82676072983091,91.82676072983091,0.052000760463090656,75639.0071050624,False,0.0,9583.946357550529
1779836244.8247857,SELL_NO,424.93,0.79,0.79,0.0,0.0,0.006917366429747718,75639.0071050624,False,-8.64452435806038,9839.567382678386
1779836244.84453,BUY_NO,66.16249065068777,0.8,0.8,0.0,0.0,0.020746766233765146,75639.0071050624,False,0.0,9799.493375724045
1779836244.8515184,BUY_NO,64.56854024060343,0.8,0.8,0.0,0.0,0.027967334313672265,75639.0071050624,False,0.0,9760.722251579684
1779836244.8654187,BUY_NO,84.4312408740181,0.8066163035372964,0.8,82.70379421620456,82.70379421620456,0.030844338364254043,75639.0071050624,False,0.0,9709.47488433762
1779836244.9054697,BUY_NO,65.78502372841581,0.81,0.81,0.0,0.0,0.0433411821787274,75639.0071050624,False,0.0,9666.160034344419
1779836245.1500657,BUY_NO,65.01082477062255,0.8105211624796798,0.81,6.434104687403757,6.434104687403757,0.0500710736287201,75639.0071050624,False,0.0,9625.78944178399
1779836245.4575918,SELL_NO,399.32,0.79,0.79,0.0,0.0,0.005786992455092843,75639.0071050624,False,-6.718429532909283,9864.977229317135
1779836245.478961,BUY_NO,124.4308604060723,0.8001495497499574,0.8,1.869371874467507,1.869371874467507,0.02105466378524745,75639.0071050624,False,0.0,9790.457210702858
1779836245.5041332,BUY_NO,85.40225904729678,0.81,0.81,0.0,0.0,0.029656993432833012,75639.0071050624,False,0.0,9736.420607722901
1779836245.574346,BUY_NO,61.882557808199124,0.81,0.81,0.0,0.0,0.036476384067100964,75639.0071050624,False,0.0,9698.023421881819
1779836245.809582,BUY_NO,68.4643227384318,0.8075563915144657,0.8,94.4548939308204,94.4548939308204,0.04642357745888215,75639.0071050624,False,0.0,9658.927535550562
1779836245.9136503,BUY_NO,62.4417658703515,0.8200000000000001,0.8200000000000001,0.0,0.0,0.04892200817614789,75639.0071050624,False,0.0,9612.505417860393
1779836246.3512714,BUY_NO,62.047569094486505,0.8200000000000001,0.8200000000000001,0.0,0.0,0.05564471571328167,75639.0071050624,False,0.0,9572.764973639922
1779836248.0030017,BUY_NO,63.41474832569486,0.8,0.8,0.0,0.0,0.06783912239150802,75639.0071050624,False,0.0,9543.605298876944
1779836248.2716067,BUY_NO,66.04695510097008,0.8,0.8,0.0,0.0,0.07573963340435208,75639.0071050624,False,0.0,9503.947125816363
1779836248.3332841,BUY_NO,68.52223080166198,0.8,0.8,0.0,0.0,0.08402922457489204,75639.0071050624,False,0.0,9462.803787335366
1779836249.8000088,BUY_NO,64.23839599101404,0.8,0.8,0.0,0.0,0.09193915198079883,75639.0071050624,False,0.0,9424.230749740758
1779836251.240448,BUY_NO,74.710500765206,0.8,0.8,0.0,0.0,0.10112119964650912,75639.0071050624,False,0.0,9379.374449281635
1779836262.2855363,BUY_NO,62.60562106190355,0.8,0.8,0.0,0.0,0.10909420693888472,75639.0071050624,False,0.0,9341.781076644493
1779836267.163982,SELL_NO,499.83,0.78,0.78,0.0,0.0,0.0062713359028030435,75639.0071050624,False,-12.686259769869139,9638.565819917863
1779836267.2531178,BUY_NO,79.40059425148303,0.79,0.79,0.0,0.0,0.05997867783053823,75639.0071050624,False,0.0,9589.02680361532
1779836268.0433009,SELL_NO,383.08,0.78,0.78,0.0,0.0,0.007461581874338208,75639.0071050624,False,-8.822955628834961,9807.772281194519
1779836268.0629306,BUY_NO,83.33574821415556,0.7899999999999999,0.79,-1.4053456007913371e-12,-1.4053456007913371e-12,0.024378374957681137,75639.0071050624,False,0.0,9758.98766965111
1779836268.2151713,BUY_NO,66.92453741600292,0.79,0.79,0.0,0.0,0.032219982513170375,75639.0071050624,False,0.0,9720.141437949827
1779836269.0152152,BUY_NO,64.9341564352066,0.792741922440023,0.79,34.70787898763183,34.70787898763183,0.03714369398829831,75639.0071050624,False,0.0,9682.271582796753
1779836269.608878,BUY_NO,63.79520012237384,0.7948271970404202,0.79,61.10376000531793,61.10376000531793,0.042670071889201355,75639.0071050624,False,0.0,9644.932414724553
1779836270.4459457,SELL_NO,365.78999999999996,0.78,0.78,0.0,0.0,0.005443991243601287,75639.0071050624,False,-5.633324443391132,9852.95458872563
1779836270.4742317,BUY_NO,142.20642870708684,0.7985935938211911,0.79,108.77966862267178,108.77966862267178,0.012464047631663866,75639.0071050624,False,0.0,9769.670921787372
1779836270.497952,BUY_NO,84.73396202765906,0.8032501764656651,0.8,40.627205820813195,40.627205820813195,0.026653289413452796,75639.0071050624,False,0.0,9717.551205953405
1779836270.539659,BUY_NO,62.20409989853215,0.81,0.81,0.0,0.0,0.03562088802629482,75639.0071050624,False,0.0,9677.13338610789
1779836271.1852577,BUY_NO,65.0,0.7946153846153847,0.79,58.4225900681606,58.4225900681606,0.04186629361401373,75639.0071050624,False,0.0,9643.99002392271
1779836272.9084833,SELL_NO,398.0318907410376,0.78,0.78,0.0,0.0,0.008126838032519679,75639.0071050624,False,-8.132616719433656,9869.9512016451
1779836272.9564462,BUY_NO,78.98722194637531,0.79,0.79,0.0,0.0,0.00891357620301192,75639.0071050624,False,0.0,9824.995612916204
1779836272.9853804,BUY_NO,67.12830691365454,0.7966463062918328,0.79,84.13045939028753,84.13045939028753,0.009948293298558175,75639.0071050624,False,0.0,9785.585039617683
1779836273.165379,SELL_NO,146.11552886002985,0.78,0.78,0.0,0.0,0.015015599361190013,75639.0071050624,False,-1.9373105772006198,9867.9538910679
1779836273.2979674,BUY_NO,70.4842675624663,0.79,0.79,0.0,0.0,0.007955653281179198,75639.0071050624,False,0.0,9827.93001588167
1779836273.3239057,SELL_NO,70.4842675624663,0.78,0.78,0.0,0.0,0.010223883549670187,75639.0071050624,False,-0.7348426756246624,9867.189048392276
1779836273.6192179,BUY_NO,65.77171811330625,0.79,0.79,0.0,0.0,0.007424321045220839,75639.0071050624,False,0.0,9829.898451886558
1779836273.6517487,BUY_NO,77.3665079286615,0.7995620479743227,0.79,121.03858195345185,121.03858195345185,0.006681606907915083,75639.0071050624,False,0.0,9784.256095027515
1779836273.747786,BUY_NO,68.82092512546336,0.8,0.8,0.0,0.0,0.023346433778419717,75639.0071050624,False,0.0,9742.389157691818
1779836274.1397245,BUY_NO,65.77141068554704,0.8016542996021476,0.8,20.678745026844748,20.678745026844748,0.02911159345326686,75639.0071050624,False,0.0,9702.78750566196
1779836274.2249033,BUY_NO,72.98659456954499,0.81,0.81,0.0,0.0,0.037575734015250495,75639.0071050624,False,0.0,9655.61551141031
1779836275.5939922,BUY_NO,111.87,0.7906141056583535,0.79,7.7734893462470165,7.7734893462470165,0.05879524182627105,75639.0071050624,False,0.0,9595.87255453876
1779836277.396534,BUY_NO,68.77282815086295,0.79,0.79,0.0,0.0,0.06232957563097352,75639.0071050624,False,0.0,9555.95431421126
1779836277.733409,BUY_NO,64.61882682037708,0.79,0.79,0.0,0.0,0.07031488927476948,75639.0071050624,False,0.0,9518.44539465544
1779836281.6000652,SELL_NO,595.9788113937632,0.78,0.78,0.0,0.0,0.007801220139740828,75639.0071050624,False,-9.712731242388088,9857.236317149886
1779836281.6224499,BUY_NO,91.57,0.79,0.79,0.0,0.0,0.01322062330742102,75639.0071050624,False,0.0,9804.982717149886
1779836281.646375,SELL_NO,91.57,0.78,0.78,0.0,0.0,0.015336965765790689,75639.0071050624,False,-0.9457000000000022,9856.260617149885
1779836281.9654121,BUY_NO,67.93911875997797,0.79,0.79,0.0,0.0,0.0076775408677141055,75639.0071050624,False,0.0,9817.712928269097
1779836282.0717895,BUY_NO,82.4709572305462,0.7977797176297063,0.79,98.47743835071273,98.47743835071273,0.009311330760714887,75639.0071050624,False,0.0,9769.208172315473
1779836282.1384718,BUY_NO,64.48289509054081,0.8,0.8,0.0,0.0,0.023710163539578777,75639.0071050624,False,0.0,9729.871334501246
1779836283.74016,BUY_NO,386.2390051159646,0.750577078048067,0.75,7.694373974225973,7.694373974225973,0.07756562433360692,75639.0071050624,False,0.0,9542.808590446157
1779836283.7611756,BUY_NO,98.52974002041162,0.76,0.76,0.0,0.0,0.09122759945448755,75639.0071050624,False,0.0,9486.418805873573
1779836283.7753386,BUY_NO,97.30465528746652,0.7647072157327444,0.76,61.93704911505726,61.93704911505726,0.10004923111766462,75639.0071050624,False,0.0,9435.332351119852
1779836283.7993498,BUY_NO,96.34272423081097,0.7699999999999999,0.77,-1.4418480839287748e-12,-1.4418480839287748e-12,0.11493305876702531,75639.0071050624,False,0.0,9376.194616320165
1779836287.3092558,BUY_NO,71.0899831022823,0.75,0.75,0.0,0.0,0.1324369700577529,75639.0071050624,False,0.0,9356.71180668374
1779836304.7600827,BUY_NO,68.36238992941992,0.79,0.79,0.0,0.0,0.12622645575068958,75639.0071050624,False,0.0,9282.003657371155
1779836308.4947183,SELL_NO,183.51,0.7629971118740123,0.77,90.94659903880137,90.94659903880137,0.008308762575992334,75639.0071050624,False,-0.6980827554169196,9398.665186746503
1779836308.5246236,SELL_NO,76.16,0.77,0.77,0.0,0.0,0.019694601679222323,75639.0071050624,True,0.22607342023567156,9439.761586746503
1779836308.5741835,SELL_NO,71.16,0.77,0.77,0.0,0.0,0.013995432039082933,75639.0071050624,True,0.209261877415571,9478.157986746503
1779836308.655963,SELL_NO,179.67,0.7628474425335338,0.77,92.890356707354,92.890356707354,0.008054478200218429,75639.0071050624,False,-0.710994020302735,9573.864686746503
1779836308.6998255,SELL_NO,178.67,0.7628074103095092,0.77,93.4102557206605,93.4102557206605,0.008373638312705212,75639.0071050624,False,-0.7143563288667849,9669.031386746503
1779836308.8439357,SELL_NO,131.0,0.75,0.75,0.0,0.0,0.013291167344576138,75639.0071050624,False,-2.2095375781135402,9739.599216121851
1779836308.8733468,SELL_NO,104.0,0.74,0.74,0.0,0.0,0.005145559269262634,75639.0071050624,False,-2.8003199093420648,9790.728130809526
1779836309.26196,SELL_NO,108.59146876742102,0.73,0.73,0.0,0.0,0.04328053117827135,75639.0071050624,False,-4.008540725280767,9840.849121130213
1779836310.772849,BUY_YES,217.88,0.23,0.23,0.0,0.0,0.13189752279928704,75639.0071050624,False,0.0,9796.469121130212
1779836311.4540045,BUY_YES,250.43,0.23,0.23,0.0,0.0,0.12359433487391222,75639.0071050624,False,0.0,9796.439121130214
1779836312.0344656,BUY_YES,329.63,0.23000000000000004,0.23,1.206764157201257e-12,1.206764157201257e-12,0.16235628853368667,75639.0071050624,False,0.0,9796.409121130213
1779836312.6200447,BUY_YES,382.63,0.23,0.23,0.0,0.0,0.1572444106036435,75639.0071050624,False,0.0,9796.379121130212
1779836313.6652184,BUY_YES,219.45000000000005,0.23,0.23,0.0,0.0,0.24390710663612628,75639.0071050624,False,0.0,9796.349121130212
1779836313.9529028,BUY_YES,241.9760607606895,0.23,0.23,0.0,0.0,0.21613997846553354,75639.0071050624,False,0.0,9796.319121130211
1779836314.7874496,BUY_YES,231.19025205179264,0.23,0.23,0.0,0.0,0.24646413411616716,75639.0071050624,False,0.0,9796.28912113021
1779836331.382123,SELL_YES,387.87,0.16,0.16,0.0,0.0,0.005407458038900775,75639.0071050624,False,-27.18090000000001,9658.927079233337
1779836331.5933611,BUY_NO,136.2041643398542,0.8383935880297019,0.83,101.12756662291463,101.12756662291463,0.005226223472512892,75639.0071050624,False,0.0,10622.450018709998
1779836331.8707747,BUY_NO,61.61262192752301,0.83,0.83,0.0,0.0,0.020023934664215037,75639.0071050624,False,0.0,10581.755688237834
1779836332.1048758,SELL_YES,295.8,0.17,0.17,0.0,0.0,0.01475685941691865,75639.0071050624,False,-17.778000000000013,9673.434000718064
1779836332.1221626,SELL_NO,197.8167862673772,0.8200000000000001,0.8200000000000001,0.0,0.0,0.014733457877756928,75639.0071050624,False,-3.151409506072298,10502.266436183503
1779836332.3208191,BUY_NO,62.26507326004572,0.83,0.83,0.0,0.0,0.0061952485039676874,75639.0071050624,False,0.0,10473.923650959996
1779836333.1203122,SELL_YES,391.48,0.17,0.17,0.0,0.0,0.006169101589268117,75639.0071050624,False,-23.518800000000013,9671.365832855388
1779836333.132693,SELL_NO,62.26507326004572,0.8200000000000001,0.8200000000000001,0.0,0.0,0.005150110323604684,75639.0071050624,False,-0.6526507326004563,10247.091785450903
1779836333.3187497,BUY_NO,70.81492879062425,0.83,0.83,0.0,0.0,0.00699721290587596,75639.0071050624,False,0.0,10209.191295577215
1779836333.543132,SELL_YES,297.3450712093757,0.17,0.17,0.0,0.0,0.00823384689852727,75639.0071050624,False,-17.870704272562556,9670.653182122789
1779836333.8838236,BUY_NO,60.87517542901351,0.83,0.83,0.0,0.0,0.013023618090668876,75639.0071050624,False,0.0,9972.70593279588
1779836334.293859,SELL_YES,589.3912416031067,0.17,0.17,0.0,0.0,0.006951193876375161,75639.0071050624,False,-35.393474496186414,9670.59318212279
1779836334.3272123,SELL_NO,64.38,0.8200000000000001,0.8200000000000001,0.0,0.0,0.008253449653065403,75639.0071050624,False,-0.6737999999999928,9626.167814380025
1779836334.3854983,BUY_NO,108.65919770881109,0.8300000000000001,0.83,1.3376181019580201e-12,1.3376181019580201e-12,0.01721734568900779,75639.0071050624,False,0.0,9553.749642850013
1779836334.3983743,BUY_NO,74.82170113489457,0.83,0.83,0.0,0.0,0.02477056147148271,75639.0071050624,False,0.0,9504.337320100982
1779836334.4647892,BUY_NO,70.89386556601497,0.83,0.83,0.0,0.0,0.03198137141921642,75639.0071050624,False,0.0,9457.517368827412
1779836336.5440488,SELL_NO,132.89,0.7882286101286778,0.79,22.422656599015102,22.422656599015102,0.05436931077887852,75639.0071050624,False,-5.580999999999989,9547.195563572584
1779836336.5523648,SELL_NO,188.7948686293584,0.7664090724964324,0.77,46.63542212425452,46.63542212425452,0.03170150513223302,75639.0071050624,False,-12.035640804055078,9652.212741318732
1779836345.3289618,BUY_NO,157.54,0.63,0.63,0.0,0.0,0.11246035931177756,75639.0071050624,False,0.0,9611.222341318733
1779836345.6908216,BUY_NO,201.76,0.63,0.63,0.0,0.0,0.06806333404120424,75639.0071050624,False,0.0,9558.734741318733
1779836345.827286,BUY_NO,81.09905041079384,0.63,0.63,0.0,0.0,0.07260716106467913,75639.0071050624,False,0.0,9537.618988211927
1779836346.10235,BUY_NO,96.85222578049246,0.63,0.63,0.0,0.0,0.08905789365416306,75639.0071050624,False,0.0,9512.407409508998
1779836346.16873,BUY_NO,87.98160514949313,0.63,0.63,0.0,0.0,0.10432156719896024,75639.0071050624,False,0.0,9489.50219217013
1779836346.3514907,BUY_NO,103.33454520261887,0.63,0.63,0.0,0.0,0.12229136717356448,75639.0071050624,False,0.0,9462.605210417449
1779836349.757319,BUY_NO,93.553568162087,0.55,0.55,0.0,0.0,0.1475573194832861,75639.0071050624,False,0.0,9511.505247724712
1779836350.1568966,BUY_NO,91.92717962026381,0.55,0.55,0.0,0.0,0.16498070410764365,75639.0071050624,False,0.0,9502.282529762686
1779836353.0708463,SELL_NO,105.6,0.54,0.54,0.0,0.0,0.017968903028820926,75639.0071050624,False,-7.819712502602883,9519.841011505943
1779836353.166127,BUY_YES,134.65743953299537,0.47,0.47,0.0,0.0,0.024444930575816703,75639.0071050624,False,0.0,9576.402383708744
1779836353.182219,SELL_NO,105.34256046700463,0.53,0.53,0.0,0.0,0.032507894589669295,75639.0071050624,False,-8.854147766848321,9542.2654932492
1779836353.9015658,SELL_YES,115.0,0.45,0.45,0.0,0.0,0.09373763781116312,75639.0071050624,False,-2.3299999999999983,9587.71134719526
1779836354.3225443,BUY_NO,91.91816568295656,0.55,0.55,0.0,0.0,0.14270743825190269,75639.0071050624,False,0.0,9510.14471319439
1779836360.3522546,SELL_NO,236.46,0.62,0.62,0.0,0.0,0.011149018625796203,75639.0071050624,True,3.187330069199106,9512.589469393779
1779836371.2071695,SELL_NO,96.89000000000001,0.764064402931159,0.77,77.08567621871504,77.08567621871504,0.017941740186474764,75639.0071050624,True,15.246708003064803,9483.469018392474
1779836371.4340901,SELL_NO,80.0,0.77,0.77,0.0,0.0,0.017523042693717295,75639.0071050624,True,13.058498712407719,9526.639018392472
1779836371.4627335,SELL_NO,119.38,0.77,0.77,0.0,0.0,0.010425810558929993,75639.0071050624,True,19.50131220359043,9591.074218392472
1779836371.5357656,SELL_NO,106.64,0.7756864216054014,0.78,55.30228711023938,55.30228711023938,0.013050362542165073,75639.0071050624,True,18.023368783639498,9647.876254992387
1779836371.5930524,SELL_NO,88.51,0.76,0.76,0.0,0.0,0.0054757375191413216,75639.0071050624,True,13.565687762940094,9696.591381792561
1779836371.6786911,SELL_NO,67.14377954170094,0.7722340118626603,0.78,99.56395047871477,99.56395047871477,0.03193007020543259,75639.0071050624,True,11.105140900971762,9732.69073374032
1779836372.7550964,BUY_YES,242.18,0.21,0.21,0.0,0.0,0.05252814668423614,75639.0071050624,False,0.0,9721.455993206513
1779836373.093761,BUY_YES,238.52999999999997,0.21,0.21,0.0,0.0,0.05754908376385051,75639.0071050624,False,0.0,9721.425993206512
1779836373.256953,BUY_YES,255.85040397673913,0.21,0.21,0.0,0.0,0.08697447956898738,75639.0071050624,False,0.0,9721.395993206514
1779836382.8218067,BUY_YES,273.39,0.2,0.2,0.0,0.0,0.20741273604855487,75639.0071050624,False,0.0,9713.803814771416
1779836382.927923,BUY_YES,252.0,0.2,0.2,0.0,0.0,0.19765708987022923,75639.0071050624,False,0.0,9713.773814771415
1779836382.960603,BUY_YES,511.7194048589572,0.2,0.2,0.0,0.0,0.20226191457164744,75639.0071050624,False,0.0,9713.743814771417
1779836383.8112264,BUY_YES,285.15352166703065,0.2,0.2,0.0,0.0,0.23698851769924456,75639.0071050624,False,0.0,9713.713814771416
1779836386.550859,BUY_YES,299.7639483882567,0.17,0.17,0.0,0.0,0.2406034934992373,75639.0071050624,False,0.0,9651.329391670344
1779836387.0219338,BUY_YES,419.3586829300957,0.17,0.17,0.0,0.0,0.28459006786855034,75639.0071050624,False,0.0,9651.299391670344
1779836387.3663313,BUY_YES,521.98,0.17,0.17,0.0,0.0,0.34159321184924063,75639.0071050624,False,0.0,9651.269391670343
1779836388.1030118,BUY_YES,454.10921903495046,0.17,0.17,0.0,0.0,0.3906471017599068,75639.0071050624,False,0.0,9651.239391670342
1779836388.2773504,BUY_YES,418.6874934481875,0.17,0.17,0.0,0.0,0.43770903908387837,75639.0071050624,False,0.0,9651.209391670342
1779836386.8819244,SETTLE_YES,4192.380113837213,0.0,0.0,0.0,0.0,0.0,75639.0071050624,False,-787.7621551670741,8938.504772318016
1779836492.1598768,BUY_YES,127836.4236033902,0.01,0.01,0.0,0.0,0.9439167033789858,75638.26702525091,False,0.0,8938.474772318015
1779836685.7938623,SETTLE_YES,127836.4236033902,1.0,1.0,0.0,0.0,0.0,75638.26702525091,True,126558.0293673563,135496.5341396743
1779836686.152538,BUY_NO,324.31,0.5,0.5,0.0,0.0,0.4859645021870327,75775.79000099699,False,0.0,135496.5041396743
1779836686.396079,BUY_NO,318.59,0.5,0.5,0.0,0.0,0.4777923076426863,75775.79000099699,False,0.0,135496.4741396743
1779836686.565383,BUY_NO,318.59,0.5,0.5,0.0,0.0,0.4309997218414523,75775.79000099699,False,0.0,135496.44413967428
1779836687.3612964,BUY_NO,318.59,0.5,0.5,0.0,0.0,0.334397173295393,75775.79000099699,False,0.0,135496.41413967428
1779836689.1816068,BUY_NO,318.59,0.5,0.5,0.0,0.0,0.12287638529843603,75775.79000099699,False,0.0,135496.38413967425
1779836689.5935264,BUY_NO,321.59,0.5,0.5,0.0,0.0,0.11515982737200614,75775.79000099699,False,0.0,135496.35413967425
1779836689.6787324,BUY_NO,321.59,0.5,0.5,0.0,0.0,0.11775652964393224,75775.79000099699,False,0.0,135496.32413967422
1779836692.6650984,BUY_NO,214.17,0.5,0.5,0.0,0.0,0.03103164271594272,75775.79000099699,False,0.0,135496.29413967425
1779836693.383046,BUY_NO,208.17,0.5,0.5,0.0,0.0,0.03572150462485102,75775.79000099699,False,0.0,135496.26413967425
1779836693.797162,BUY_NO,208.17,0.5,0.5,0.0,0.0,0.04597311346204869,75775.79000099699,False,0.0,135496.23413967426
1779836693.8015149,BUY_NO,126.1,0.51,0.51,0.0,0.0,0.0386987153470445,75775.79000099699,False,0.0,135464.9585396743
1779836695.441586,BUY_NO,208.17,0.5,0.5,0.0,0.0,0.056792346850033315,75775.79000099699,False,0.0,135494.9131396743
1779836695.6493866,BUY_NO,138.1,0.51,0.51,0.0,0.0,0.05383177690683505,75775.79000099699,False,0.0,135460.05483967427
1779836700.8344302,BUY_NO,124.93,0.5,0.5,0.0,0.0,0.04331569886235265,75775.79000099699,False,0.0,135493.47213967427
1779836701.1186793,BUY_NO,114.91999999999999,0.5,0.5,0.0,0.0,0.05807671892954125,75775.79000099699,False,0.0,135493.4421396743
1779836701.1796317,BUY_NO,107.00000000000003,0.5,0.5,0.0,0.0,0.04656124694824282,75775.79000099699,False,0.0,135493.4121396743
1779836701.188969,BUY_NO,265.85,0.5,0.5,0.0,0.0,0.054958187160093486,75775.79000099699,False,0.0,135493.3821396743
1779836701.2155879,BUY_NO,239.85,0.5,0.5,0.0,0.0,0.060687298196934636,75775.79000099699,False,0.0,135493.35213967433
1779836701.2309072,BUY_NO,239.85,0.5,0.5,0.0,0.0,0.06172778568913606,75775.79000099699,False,0.0,135493.32213967433
1779836701.2494273,BUY_NO,212.85,0.5,0.5,0.0,0.0,0.059461132559102126,75775.79000099699,False,0.0,135493.29213967433
1779836701.2928665,BUY_NO,212.85,0.5,0.5,0.0,0.0,0.06621110862388402,75775.79000099699,False,0.0,135493.26213967436
1779836701.3117094,BUY_NO,212.85,0.5,0.5,0.0,0.0,0.07381801020666923,75775.79000099699,False,0.0,135493.23213967436
1779836701.3196125,BUY_NO,212.85,0.5,0.5,0.0,0.0,0.0866406496432246,75775.79000099699,False,0.0,135493.2021396744
1779836701.5767543,BUY_NO,116.0,0.46,0.45999999999999996,1.2067641572012573e-12,1.2067641572012573e-12,0.12082684592428267,75775.79000099699,False,0.0,135713.99333967437
1779836701.6135128,BUY_NO,136.51,0.45999999999999996,0.45999999999999996,0.0,0.0,0.103888242743442,75775.79000099699,False,0.0,135724.88413967437
1779836701.6278496,BUY_NO,271.02,0.45999999999999996,0.45999999999999996,0.0,0.0,0.10649113967028234,75775.79000099699,False,0.0,135746.53573967438
1779836701.7751591,BUY_NO,164.02,0.46,0.45999999999999996,1.2067641572012573e-12,1.2067641572012573e-12,0.08992317464045346,75775.79000099699,False,0.0,135759.62733967436
1779836701.7907567,BUY_NO,178.06,0.4599999999999999,0.45999999999999996,-1.2067641572012573e-12,-1.2067641572012573e-12,0.09499124230480632,75775.79000099699,False,0.0,135773.84213967438
1779836701.8136723,BUY_NO,236.06,0.45999999999999996,0.45999999999999996,0.0,0.0,0.10509313598889303,75775.79000099699,False,0.0,135792.69693967438
1779836704.374353,BUY_NO,140.0,0.39,0.39,0.0,0.0,0.17099100438989379,75775.79000099699,False,0.0,136270.78093967435
1779836704.7312417,BUY_NO,181.0,0.39,0.39,0.0,0.0,0.15169536007937545,75775.79000099699,False,0.0,136310.57093967436
1779836705.2023807,BUY_NO,166.0,0.39000000000000007,0.39,1.4233628520835338e-12,1.4233628520835338e-12,0.08482560235079512,75775.79000099699,False,0.0,136347.06093967438
1779836705.2334378,BUY_NO,208.0,0.39,0.39,0.0,0.0,0.08976216845263629,75775.79000099699,False,0.0,136392.7909396744
1779836705.298712,BUY_NO,251.0,0.39,0.39,0.0,0.0,0.09780255434325735,75775.79000099699,False,0.0,136447.98093967437
1779836705.3330178,BUY_NO,220.0,0.39,0.39,0.0,0.0,0.09630549468713967,75775.79000099699,False,0.0,136496.3509396744
1779836705.3411665,BUY_NO,220.0,0.39,0.39,0.0,0.0,0.09995284628754753,75775.79000099699,False,0.0,136544.7209396744
1779836705.4904385,BUY_NO,133.0,0.39,0.39,0.0,0.0,0.10331051221286369,75775.79000099699,False,0.0,136573.9509396744
1779836706.8935573,BUY_NO,147.7813058917718,0.38,0.38,0.0,0.0,0.09605233751430886,75775.79000099699,False,0.0,136688.4804530884
1779836708.7449284,BUY_NO,256.8595208898232,0.38,0.38,0.0,0.0,0.09915680850505704,75775.79000099699,False,0.0,136750.09673810197
1779836708.841438,BUY_NO,377.88655971676053,0.38,0.38,0.0,0.0,0.10374066652336422,75775.79000099699,False,0.0,136840.759512434
1779836709.2138982,BUY_NO,575.9549742726158,0.38,0.38,0.0,0.0,0.11073587396718854,75775.79000099699,False,0.0,136978.9587062594
1779836710.0568326,BUY_NO,279.4709971966331,0.36,0.36,0.0,0.0,0.11174344901626287,75775.79000099699,False,0.0,137242.53423268988
1779836710.186857,BUY_NO,466.37,0.36,0.36,0.0,0.0,0.11826967353784701,75775.79000099699,False,0.0,137373.0878326899
1779836710.366317,BUY_NO,423.57610040396685,0.36,0.36,0.0,0.0,0.12241021791243456,75775.79000099699,False,0.0,137491.659140803
1779836710.4781876,BUY_NO,654.87,0.36,0.36,0.0,0.0,0.13367374463737103,75775.79000099699,False,0.0,137674.992740803
1779836711.2728858,BUY_NO,578.19,0.36,0.36,0.0,0.0,0.1425160526599637,75775.79000099699,False,0.0,137836.85594080298
1779836711.2955823,BUY_NO,161.4024073720375,0.36,0.36,0.0,0.0,0.13939989455899815,75775.79000099699,False,0.0,137882.01861486718
1779836711.3002315,BUY_NO,442.53759262796257,0.36,0.36,0.0,0.0,0.14508168443719727,75775.79000099699,False,0.0,138005.899140803
1779836711.3109899,BUY_NO,620.94,0.36,0.36,0.0,0.0,0.15683523676601552,75775.79000099699,False,0.0,138179.732340803
1779836711.8512502,BUY_NO,553.3,0.36,0.36,0.0,0.0,0.16108912675125453,75775.79000099699,False,0.0,138334.626340803
1779836712.3460357,BUY_NO,564.54,0.36,0.36,0.0,0.0,0.16742905230033223,75775.79000099699,False,0.0,138492.667540803
1779836712.400311,BUY_NO,571.03,0.36,0.36,0.0,0.0,0.17379792734563826,75775.79000099699,False,0.0,138652.525940803
1779836712.447492,BUY_NO,186.5947926622939,0.36000000000000004,0.36,1.5419764230904952e-12,1.5419764230904952e-12,0.17543845395110041,75775.79000099699,False,0.0,138704.74248274844
1779836723.6793075,BUY_NO,153.66,0.35,0.35,0.0,0.0,0.17534914365742882,75775.79000099699,False,0.0,138898.5155252588
1779836726.6244376,BUY_NO,164.93,0.35,0.35,0.0,0.0,0.17792188868376702,75775.79000099699,False,0.0,138947.96452525878
1779836726.6764612,BUY_NO,162.07,0.35,0.35,0.0,0.0,0.1800137437659245,75775.79000099699,False,0.0,138996.55552525877
1779836727.2624087,BUY_NO,185.0,0.35,0.35,0.0,0.0,0.18341573242657805,75775.79000099699,False,0.0,139052.0255252588
1779836727.5651922,BUY_NO,369.46,0.35,0.35,0.0,0.0,0.2057148605286151,75775.79000099699,False,0.0,139162.8335252588
1779836727.6248696,BUY_NO,366.6,0.35,0.35,0.0,0.0,0.19674394836840958,75775.79000099699,False,0.0,139272.7835252588
1779836727.9342556,BUY_NO,329.45,0.35,0.35,0.0,0.0,0.20499102946055614,75775.79000099699,False,0.0,139371.5885252588
1779836728.6145399,BUY_NO,314.45,0.35,0.35,0.0,0.0,0.20667274913482958,75775.79000099699,False,0.0,139465.89352525878
1779836730.3037372,BUY_YES,327.05,0.49,0.49,0.0,0.0,0.005244109345044712,75775.79000099699,False,0.0,137111.60613011406
1779836730.321051,BUY_YES,137.80453560363475,0.5,0.5,0.0,0.0,0.00603510640906757,75775.79000099699,False,0.0,136946.6853876037
1779836730.3568823,SELL_YES,464.85453560363476,0.48,0.48,0.0,0.0,0.006681799672275279,75775.79000099699,False,-6.056590712072705,137273.68078191232
1779836730.367836,BUY_YES,148.86546439636527,0.5,0.5,0.0,0.0,0.015007498436903743,75775.79000099699,False,0.0,136937.32829689165
1779836730.44808,BUY_YES,152.76,0.51,0.51,0.0,0.0,0.015542348621238267,75775.79000099699,False,0.0,136770.62570902525
1779836730.6812584,SELL_YES,177.36546439636527,0.48,0.48,0.0,0.0,0.005331442694524513,75775.79000099699,False,-4.475587170247763,137266.0306726244
1779836730.7215562,BUY_YES,220.31,0.52,0.52,0.0,0.0,0.007345030378036244,75775.79000099699,False,0.0,136598.32610258303
1779836732.004146,SELL_YES,289.1,0.47,0.47,0.0,0.0,0.005154153440861231,75775.79000099699,False,-12.92788737911357,137421.87381513472
1779836739.5241365,BUY_YES,331.08383779975225,0.49,0.49,0.0,0.0,0.005012316067479428,75775.79000099699,False,0.0,137086.63073011406
1779836739.5371432,SELL_YES,171.58,0.48,0.48,0.0,0.0,0.020298612759144796,75775.79000099699,False,-2.351832359623117,137250.8964342464
1779836740.197901,SELL_YES,112.05,0.48,0.48,0.0,0.0,0.042226428814191974,75775.79000099699,False,-1.546268305721938,137250.8664342464
1779836740.2191062,BUY_YES,476.4757696826055,0.49,0.49,0.0,0.0,0.007514414606242026,75775.79000099699,False,0.0,137083.70443011407
1779836740.6798735,BUY_YES,1168.0793672765703,0.49,0.49,0.0,0.0,0.022704872845510593,75775.79000099699,False,0.0,137083.67443011407
1779836742.0459056,SELL_YES,178.77,0.42,0.42,0.0,0.0,0.0063226823348450645,75775.79000099699,False,-12.581090139171025,138138.4495994533
1779836742.1608453,SELL_YES,137.39,0.42,0.42,0.0,0.0,0.0053386659387680835,75775.79000099699,False,-9.675881715168693,138138.4195994533
1779836742.2607086,SELL_YES,119.8,0.42,0.42,0.0,0.0,0.006748736329978855,75775.79000099699,False,-8.440922406850639,138138.3895994533
1779836743.1147494,SELL_YES,170.82,0.42,0.42,0.0,0.0,0.038901473211269355,75775.79000099699,False,-12.022936273273999,138138.3595994533
1779836743.1218529,SELL_YES,130.0,0.41,0.41,0.0,0.0,0.024274339453984384,75775.79000099699,False,-10.457044348001531,138295.08385221608
1779836743.4579859,SELL_YES,145.82,0.42,0.42,0.0,0.0,0.01702444922218027,75775.79000099699,False,-10.267735437119875,138136.99959945332
1779836743.464421,SELL_YES,183.0,0.41000000000000003,0.41,-1.3539305178355566e-12,-1.3539305178355566e-12,0.006442315155375744,75775.79000099699,False,-14.708070120648301,138296.48205221607
1779836743.5505571,SELL_NO,90.0,0.5700000000000001,0.5700000000000001,0.0,0.0,0.038290905085984095,75775.79000099699,True,14.023829917474743,135727.57280801208
1779836743.560445,BUY_YES,197.03,0.44,0.44,0.0,0.0,0.021226489539609372,75775.79000099699,False,0.0,137813.29469392783
1779836743.5683184,SELL_NO,149.99999999999997,0.56,0.56,0.0,0.0,0.011948622561403388,75775.79000099699,True,21.893049862457893,135929.59886077483
1779836743.6011298,SELL_YES,171.87,0.4,0.4,0.0,0.0,0.010312907068175003,75775.79000099699,False,-13.599585833887119,138441.12330497883
1779836744.071868,SELL_NO,319.13,0.5700000000000001,0.5700000000000001,0.0,0.0,0.006472547439966059,75775.79000099699,True,49.803319350707966,135788.02700801208
1779836744.1177964,SELL_NO,319.13,0.5700000000000001,0.5700000000000001,0.0,0.0,0.007782832220613822,75775.79000099699,True,49.803319350707966,135832.67520801208
1779836744.2140582,SELL_NO,361.13,0.5700000000000001,0.5700000000000001,0.0,0.0,0.00678104082823483,75775.79000099699,True,56.36177331219616,135883.20340801208
1779836744.2734437,SELL_YES,273.31,0.42,0.42,0.0,0.0,0.07367492793026847,75775.79000099699,False,-16.14233903682836,138113.62769945333
1779836744.2803788,SELL_YES,203.0,0.41,0.41,0.0,0.0,0.05459006612702538,75775.79000099699,False,-14.027380719608345,138265.02775221606
1779836744.2879694,SELL_YES,173.94,0.4,0.4,0.0,0.0,0.023591975304653456,75775.79000099699,False,-13.763017745658487,138418.45780497883
1779836744.4941907,BUY_YES,415.03,0.44,0.44,0.0,0.0,0.0825675911270713,75775.79000099699,False,0.0,137797.6299939278
1779836744.5026188,BUY_YES,239.11,0.45,0.45,0.0,0.0,0.04940353804160286,75775.79000099699,False,0.0,137646.55084116507
1779836744.5096538,BUY_YES,194.83,0.46,0.46,0.0,0.0,0.015165800465763157,75775.79000099699,False,0.0,137497.86278840233
1779836744.5396233,SELL_YES,150.0,0.39,0.39,0.0,0.0,0.018241474540941993,75775.79000099699,False,-8.937622657652383,138524.80105774157
1779836744.5680106,SELL_YES,262.17,0.42,0.42,0.0,0.0,0.09116468061279742,75775.79000099699,False,-7.733642881044844,138080.14179945333
1779836744.576441,SELL_YES,198.0,0.41,0.41,0.0,0.0,0.06248715524712162,75775.79000099699,False,-7.828061908101162,138230.94325221606
1779836744.5830488,SELL_YES,166.87,0.4,0.4,0.0,0.0,0.02613089482128239,75775.79000099699,False,-8.270733285883026,138383.7247049788
1779836744.5991762,BUY_YES,393.13,0.43,0.43,0.0,0.0,0.021464583787897562,75775.79000099699,False,0.0,137920.25424669054
1779836744.605823,SELL_NO,372.03,0.56,0.56,0.0,0.0,0.008098767270991014,75775.79000099699,True,54.34354826886809,136007.73276077482
1779836745.130936,SELL_NO,507.51,0.5700000000000001,0.5700000000000001,0.0,0.0,0.005200508261869796,75775.79000099699,True,79.21954690464011,135931.92560801207
1779836745.1408463,SELL_YES,254.07,0.42,0.42,0.0,0.0,0.020933687742701657,75775.79000099699,False,-3.7854807754542605,138058.19739945332
1779836745.146778,SELL_YES,151.89,0.41,0.41,0.0,0.0,0.01415265877111721,75775.79000099699,False,-3.794029196614119,138202.46155221606
1779836745.1707363,BUY_YES,536.13,0.43,0.43,0.0,0.0,0.01237292851863575,75775.79000099699,False,0.0,137910.80544669056
1779836745.1858587,SELL_YES,247.61,0.42,0.42,0.0,0.0,0.01627397491378957,75775.79000099699,False,-2.7165236691768797,138051.2271994533
1779836745.2013636,BUY_YES,541.15,0.43,0.43,0.0,0.0,0.02047807648768296,75775.79000099699,False,0.0,137908.26934669056
1779836745.2179036,SELL_YES,242.61,0.42,0.42,0.0,0.0,0.0079137468141256,75775.79000099699,False,-2.5442794266666624,138045.75569945332
1779836745.3024423,SELL_NO,97.0,0.5700000000000001,0.5700000000000001,0.0,0.0,0.018764442973826068,75775.79000099699,True,15.116905577722783,135960.16890801207
1779836745.4834993,SELL_NO,664.15,0.5700000000000001,0.5700000000000001,0.0,0.0,0.00766308364384527,75775.79000099699,True,103.67945710767617,136053.11990801207
1779836745.4958854,SELL_YES,243.77,0.42,0.42,0.0,0.0,0.015533463069785092,75775.79000099699,False,-2.5563010421604133,138038.05419945333
1779836745.5011108,SELL_YES,151.89,0.41,0.41,0.0,0.0,0.006550781673957007,75775.79000099699,False,-3.1230061873640977,138172.79285221608
1779836745.5356057,BUY_YES,114.03,0.44,0.44,0.0,0.0,0.0061733569870705,75775.79000099699,False,0.0,137763.9001939278
1779836745.5675437,BUY_YES,691.15,0.43000000000000005,0.43,1.2909570053780891e-12,1.2909570053780891e-12,0.018103296311939465,75775.79000099699,False,0.0,137899.01744669056
1779836745.5826228,SELL_YES,235.77,0.42,0.42,0.0,0.0,0.005549396677344498,75775.79000099699,False,-2.65303877266345,138027.22319945332
1779836745.6283917,SELL_YES,151.89,0.41,0.41,0.0,0.0,0.005025897290884596,75775.79000099699,False,-3.238739076981176,138157.78665221608
1779836745.6459627,BUY_YES,690.59,0.43,0.43,0.0,0.0,0.020150027848557628,75775.79000099699,False,0.0,137893.53194669058
1779836745.6669972,SELL_YES,232.73,0.42,0.42,0.0,0.0,0.012371121327673762,75775.79000099699,False,-2.491424843283781,138018.70839945335
1779836745.744807,SELL_NO,119.03,0.56,0.56,0.0,0.0,0.014519630501932168,75775.79000099699,True,17.366670834189094,136247.48946077484
1779836745.775372,SELL_NO,636.59,0.5700000000000001,0.5700000000000001,0.0,0.0,0.007769979670302241,75775.79000099699,True,99.37586207961385,136210.2386080121
1779836745.7853901,SELL_YES,227.27,0.42,0.42,0.0,0.0,0.01563140380185285,75775.79000099699,False,-2.4336781855931946,138009.87189945334
1779836745.7917964,SELL_YES,150.0,0.41,0.41,0.0,0.0,0.007951312952442169,75775.79000099699,False,-3.1164466398511976,138132.0921522161
1779836745.834345,BUY_YES,619.59,0.43,0.43,0.0,0.0,0.03358917349790985,75775.79000099699,False,0.0,137884.5616466906
1779836745.8433726,SELL_NO,119.03,0.56,0.56,0.0,0.0,0.008281914308068905,75775.79000099699,True,17.366670834189094,136370.60866077483
1779836745.8556855,SELL_YES,219.13,0.42,0.42,0.0,0.0,0.005710076114171014,75775.79000099699,False,-2.292676995814716,137999.67539945332
1779836745.8737054,SELL_YES,150.0,0.41,0.41,0.0,0.0,0.005331965485771584,75775.79000099699,False,-3.078859350030619,138118.2007522161
1779836745.9107635,BUY_YES,619.59,0.43,0.43,0.0,0.0,0.033505743730436355,75775.79000099699,False,0.0,137878.06004669057
1779836745.94211,SELL_YES,207.5,0.42,0.42,0.0,0.0,0.008468299217756214,75775.79000099699,False,-2.147594079484122,137991.88949945333
1779836746.3665903,SELL_NO,540.02,0.5700000000000001,0.5700000000000001,0.0,0.0,0.018006801754806956,75775.79000099699,True,84.29610257816353,136328.44550801208
1779836746.3818185,SELL_YES,208.27,0.42,0.42,0.0,0.0,0.016656101407195867,75775.79000099699,False,-2.1554521394417208,137986.42929945333
1779836746.3890982,SELL_YES,150.0,0.41,0.41,0.0,0.0,0.005840195523300229,75775.79000099699,False,-3.060790900831897,138099.0162522161
1779836746.5026736,BUY_YES,576.18,0.43,0.43,0.0,0.0,0.054449722996362804,75775.79000099699,False,0.0,137870.7523466906
1779836746.5107644,BUY_YES,171.97,0.43999999999999995,0.44,-1.261617073437678e-12,-1.261617073437678e-12,0.026081567522240945,75775.79000099699,False,0.0,137762.36719392784
1779836746.528522,SELL_YES,208.27,0.42,0.42,0.0,0.0,0.011195315488523871,75775.79000099699,False,-2.331020994437651,137975.60809945335
1779836746.5348384,SELL_YES,150.0,0.41,0.41,0.0,0.0,0.007305692098900973,75775.79000099699,False,-3.187238916625766,138084.2962522161
1779836746.6744642,BUY_YES,656.52,0.42999999999999994,0.43,-1.2909570053780891e-12,-1.2909570053780891e-12,0.04105427278146723,75775.79000099699,False,0.0,137863.8299466906
1779836746.6796632,SELL_NO,176.97,0.56,0.56,0.0,0.0,0.013943874818520774,75775.79000099699,True,25.834814227727847,136537.54796077486
1779836746.6983047,SELL_YES,178.27,0.42,0.42,0.0,0.0,0.0125843957505834,75775.79000099699,False,-1.9426708425091874,137963.88349945334
1779836746.9644175,SELL_NO,739.4,0.5700000000000001,0.5700000000000001,0.0,0.0,0.021073853390303876,75775.79000099699,True,115.43002045534251,136512.3802080121
1779836747.2073693,BUY_YES,437.9278977806125,0.43,0.43,0.0,0.0,0.030272002493809846,75775.79000099699,False,0.0,137860.15754669058
1779836747.2141578,BUY_YES,355.3021022193875,0.43,0.43,0.0,0.0,0.038748001028212464,75775.79000099699,False,0.0,137860.12754669058
1779836747.220758,SELL_NO,216.92,0.56,0.56,0.0,0.0,0.013547527278172211,75775.79000099699,True,31.67365317442912,136737.71246077484
1779836748.0329552,SELL_NO,692.31,0.5700000000000001,0.5700000000000001,0.0,0.0,0.022788341307889426,75775.79000099699,True,108.07674433518827,136748.4354080121
1779836748.1689427,SELL_NO,731.31,0.5700000000000001,0.5700000000000001,0.0,0.0,0.022237118244963217,75775.79000099699,True,114.16673729942727,136850.7888080121
1779836748.2543592,SELL_NO,734.29,0.5700000000000001,0.5700000000000001,0.0,0.0,0.0096955218772945,75775.79000099699,True,114.63207522336143,136953.5594080121
1779836748.402439,SELL_NO,710.27,0.5700000000000001,0.5700000000000001,0.0,0.0,0.020409168628339858,75775.79000099699,True,110.88126417205319,137052.9672080121
1779836748.5046017,SELL_NO,632.57,0.5700000000000001,0.5700000000000001,0.0,0.0,0.013926528903662416,75775.79000099699,True,98.74812434330005,137141.49700801208
1779836748.8722048,SELL_NO,239.98000000000002,0.5700000000000001,0.5700000000000001,0.0,0.0,0.006087097175895062,75775.79000099699,True,37.44375670661766,137175.0642080121
1779836749.2075596,SELL_NO,172.0,0.5700000000000001,0.5700000000000001,0.0,0.0,0.005952812715941391,75775.79000099699,True,26.828430508951726,137199.11420801212
1779836749.352166,SELL_NO,957.99,0.5700000000000001,0.5700000000000001,0.0,0.0,0.03014339766996632,75775.79000099699,True,149.56365025157368,137333.2028080121
1779836749.361535,BUY_YES,957.99,0.43,0.43,0.0,0.0,0.05655181120649372,75775.79000099699,False,0.0,137857.6583466906
1779836749.3746843,SELL_NO,221.97,0.56,0.56,0.0,0.0,0.02766954883177697,75775.79000099699,True,32.41172918646522,137521.78116077484
1779836749.4183996,BUY_NO,90.58,0.5800000000000001,0.5800000000000001,0.0,0.0,0.07846491790541787,75775.79000099699,False,0.0,137455.93105524933
1779836749.4254868,SELL_YES,220.0,0.41,0.41,0.0,0.0,0.07101244323315309,75775.79000099699,False,-4.515070490312539,137907.5817522161
1779836749.4320216,SELL_YES,251.94,0.4,0.4,0.0,0.0,0.04799483099320029,75775.79000099699,False,-7.685621178769708,137936.32120497886
1779836749.4862428,SELL_NO,125.30999999999995,0.5700000000000001,0.5700000000000001,0.0,0.0,0.008053038534265977,75775.79000099699,True,19.242290448508136,137421.9241080121
1779836749.6516638,SELL_NO,952.29,0.5700000000000001,0.5700000000000001,0.0,0.0,0.005995007555349541,75775.79000099699,True,146.4292568127828,137555.21470801212
1779836750.3468614,SELL_NO,819.53,0.5700000000000001,0.5700000000000001,0.0,0.0,0.026676866079766492,75775.79000099699,True,126.01117940520214,137669.91890801213
1779836750.9490242,SELL_NO,910.75,0.5700000000000001,0.5700000000000001,0.0,0.0,0.020608637672058006,75775.79000099699,True,140.04053328528283,137797.39390801213
1779836750.9896133,BUY_NO,93.61,0.5800000000000001,0.5800000000000001,0.0,0.0,0.04498149394731921,75775.79000099699,False,0.0,137779.17625524936
1779836750.998464,SELL_YES,195.0,0.4099999999999999,0.41,1.3539305178355566e-12,1.3539305178355566e-12,0.03489267536874163,75775.79000099699,False,-4.0054033891406675,137849.63085221613
1779836751.0056036,SELL_YES,301.94,0.4,0.4,0.0,0.0,0.011313639701961142,75775.79000099699,False,-9.204955381113479,137855.69700497887
1779836751.0247626,SELL_NO,221.97,0.56,0.56,0.0,0.0,0.018960167841985176,75775.79000099699,True,30.96165329575055,137736.45456077487
1779836751.0339732,SELL_NO,142.0,0.55,0.55,0.0,0.0,0.0138485577355969,75775.79000099699,True,18.376169157978907,137757.52041353763
1779836751.7146864,SELL_NO,132.93000000000006,0.5700000000000001,0.5700000000000001,0.0,0.0,0.006167278448520275,75775.79000099699,True,19.859107508240406,137765.14890801214
1779836751.7664042,SELL_NO,931.12,0.5700000000000001,0.5700000000000001,0.0,0.0,0.008480784329061075,75775.79000099699,True,139.2850213125164,137895.47570801215
1779836751.7990046,BUY_NO,86.98,0.5800000000000001,0.5800000000000001,0.0,0.0,0.028241701960024956,75775.79000099699,False,0.0,137886.6935552494
1779836751.8065274,SELL_YES,225.0,0.41,0.41,0.0,0.0,0.016408900005543625,75775.79000099699,False,-4.617003910546913,137813.65115221613
1779836751.83827,SELL_NO,100.2600000000001,0.5700000000000001,0.5700000000000001,0.0,0.0,0.031030417581743297,75775.79000099699,True,14.37374100161972,137860.37510801214
1779836751.8492265,SELL_NO,236.97,0.56,0.56,0.0,0.0,0.023368009642984244,75775.79000099699,True,31.644330572050876,137885.73406077488
1779836752.0027156,SELL_NO,923.79,0.57,0.5700000000000001,1.947759692324836e-12,1.947759692324836e-12,0.010763909221807477,75775.79000099699,True,132.68525932461864,138020.45180801215
1779836752.0220447,BUY_NO,86.44,0.5800000000000001,0.5800000000000001,0.0,0.0,0.020573382058664436,75775.79000099699,False,0.0,138021.2464552494
1779836752.931527,SELL_NO,118.52999999999997,0.5700000000000001,0.5700000000000001,0.0,0.0,0.005209374911941955,75775.79000099699,True,15.63664242649152,138024.02000801216
1779836752.9849896,SELL_YES,200.0,0.41,0.41,0.0,0.0,0.005885594643952163,75775.79000099699,False,-4.1073368093750275,137784.37485221616
1779836753.1481576,BUY_YES,122.96999999999991,0.43,0.43,0.0,0.0,0.037132323252745236,75775.79000099699,False,0.0,137810.29674669064
1779836753.1593323,SELL_NO,248.97,0.56,0.56,0.0,0.0,0.021186796826324072,75775.79000099699,True,30.38778304162318,138024.8165607749
1779836753.202393,SELL_YES,301.94,0.4,0.4,0.0,0.0,0.006231543635179526,75775.79000099699,False,-9.199114569760155,137757.6610049789
1779836753.7767053,SELL_NO,177.0,0.5700000000000001,0.5700000000000001,0.0,0.0,0.008770343909008327,75775.79000099699,True,23.364884919336887,138014.90210801215
1779836755.3130782,SELL_NO,611.5842510338737,0.5700000000000001,0.5700000000000001,0.0,0.0,0.020320502595731815,75775.79000099699,True,80.80583712664588,138100.4939031569
1779836756.044187,BUY_NO,102.88,0.5800000000000001,0.5800000000000001,0.0,0.0,0.006057763675819117,75775.79000099699,False,0.0,138105.56489290445
1779836756.0683546,SELL_NO,102.88,0.5700000000000001,0.5700000000000001,0.0,0.0,0.00826954644329514,75775.79000099699,False,-1.058800000000005,138099.4051031569
1779836756.121742,BUY_NO,245.0,0.5900000000000001,0.5900000000000001,0.0,0.0,0.005752529009394047,75775.79000099699,False,0.0,138098.39868265207
1779836756.1758852,SELL_NO,139.35574896612638,0.5700000000000001,0.5700000000000001,0.0,0.0,0.009139188259757347,75775.79000099699,False,-2.8171149793225396,138079.65490801216
1779836757.198811,SELL_NO,105.64425103387362,0.5700000000000001,0.5700000000000001,0.0,0.0,0.02010264797669814,75775.79000099699,False,-2.1428850206774754,138094.4151031569
1779836757.2078815,BUY_YES,706.3957489661263,0.43000000000000005,0.43,1.2909570053780891e-12,1.2909570053780891e-12,0.04244363558282632,75775.79000099699,False,0.0,137792.52004669062
1779836757.233381,BUY_NO,110.39,0.5800000000000001,0.5800000000000001,0.0,0.0,0.012429979763189936,75775.79000099699,False,0.0,138204.2138552494
1779836757.241543,BUY_NO,328.22,0.5900000000000001,0.5900000000000001,0.0,0.0,0.008968722244977911,75775.79000099699,False,0.0,138172.62610248663
1779836757.2649698,SELL_NO,263.97,0.56,0.56,0.0,0.0,0.01216357385549216,75775.79000099699,False,-7.284736481156386,138131.55356077486
1779836758.038691,SELL_NO,174.64,0.5700000000000001,0.5700000000000001,0.0,0.0,0.014314099736045582,75775.79000099699,False,-3.083263518843623,138182.85250801212
1779836758.050421,BUY_YES,599.96,0.43,0.43,0.0,0.0,0.05102691573775453,75775.79000099699,False,0.0,137782.0620466906
1779836758.0703866,BUY_NO,107.48,0.5800000000000001,0.5800000000000001,0.0,0.0,0.014706221391083574,75775.79000099699,False,0.0,138284.2154552494
1779836758.0777273,BUY_NO,328.22,0.5900000000000001,0.5900000000000001,0.0,0.0,0.009037813243728654,75775.79000099699,False,0.0,138258.6564024866
1779836758.0959744,SELL_NO,278.97,0.56,0.56,0.0,0.0,0.006296513750570054,75775.79000099699,False,-7.710927046132696,138201.29776077488
1779836758.1700873,BUY_NO,278.6647408676629,0.6,0.6,0.0,0.0,0.005115020326566633,75775.79000099699,False,0.0,138277.76700155032
1779836758.4668255,SELL_NO,92.0,0.5700000000000001,0.5700000000000001,0.0,0.0,0.027098031546157197,75775.79000099699,False,-2.377130317913405,138199.8028020646
1779836758.5677173,SELL_NO,343.3947408676629,0.5700000000000001,0.5700000000000001,0.0,0.0,0.005587022276552722,75775.79000099699,False,-8.79078486198381,138247.8480657861
1779836758.5872707,BUY_YES,473.88525913233707,0.42999999999999994,0.43,-1.2909570053780891e-12,-1.2909570053780891e-12,0.050191988984859826,75775.79000099699,False,0.0,137763.06320446456
1779836758.6148365,BUY_NO,88.45,0.5800000000000001,0.5800000000000001,0.0,0.0,0.010504528866865592,75775.79000099699,False,0.0,138339.34420189317
1779836758.6203997,BUY_NO,328.22,0.5900000000000001,0.5900000000000001,0.0,0.0,0.009836528230398045,75775.79000099699,False,0.0,138318.71430172172
1779836758.6441162,SELL_NO,233.97,0.56,0.56,0.0,0.0,0.009069912295221139,75775.79000099699,False,-6.552432457340359,138241.168202236
1779836758.6995018,BUY_NO,313.5093116793174,0.6,0.6,0.0,0.0,0.005839629368034394,75775.79000099699,False,0.0,138328.58513921444
1779836758.7604694,SELL_NO,172.0,0.55,0.55,0.0,0.0,0.03888768507196816,75775.79000099699,False,-7.862277239269673,138173.74460565555
1779836758.7712271,SELL_NO,193.0,0.54,0.54,0.0,0.0,0.020182571919651116,75775.79000099699,False,-10.748543646389791,138153.03249894376
1779836758.8353157,BUY_NO,216.1,0.61,0.61,0.0,0.0,0.008100770808177282,75775.79000099699,False,0.0,138371.82524592624
1779836759.895589,SELL_NO,347.3093116793175,0.5700000000000001,0.5700000000000001,0.0,0.0,0.015342402685264211,75775.79000099699,False,-12.024626007379652,138276.85412271423
1779836760.052508,BUY_NO,110.76,0.5800000000000001,0.5800000000000001,0.0,0.0,0.00775454890348759,75775.79000099699,False,0.0,138298.4667225428
1779836760.1763241,SELL_NO,110.76,0.5700000000000001,0.5700000000000001,0.0,0.0,0.0164294556214869,75775.79000099699,False,-1.137599999999999,138275.68652271424
1779836760.193817,BUY_YES,118.51830741771391,0.43,0.43,0.0,0.0,0.04870745644775354,75775.79000099699,False,0.0,137724.5577251142
1779836760.2272894,BUY_NO,104.45,0.5800000000000001,0.5800000000000001,0.0,0.0,0.006310551832152678,75775.79000099699,False,0.0,138316.05646865547
1779836760.2493591,BUY_NO,104.45,0.5800000000000001,0.5800000000000001,0.0,0.0,0.008155428630068018,75775.79000099699,False,0.0,138299.31446865547
1779836760.3723578,BUY_NO,108.98,0.5800000000000001,0.5800000000000001,0.0,0.0,0.04302005017328614,75775.79000099699,False,0.0,138281.84766865545
1779836760.3775458,BUY_NO,352.22,0.5900000000000001,0.5900000000000001,0.0,0.0,0.03027029081442545,75775.79000099699,False,0.0,138255.78865155822
1779836760.3882735,SELL_NO,670.1,0.5700000000000001,0.5700000000000001,0.0,0.0,0.010398564876195282,75775.79000099699,False,-10.25320000000005,138281.87588575273
1779836760.4090807,BUY_NO,300.94,0.6,0.6,0.0,0.0,0.013700740859889815,75775.79000099699,False,0.0,138343.30603446095
1779836760.414473,BUY_NO,171.29727955720352,0.61,0.61,0.0,0.0,0.005515638169682702,75775.79000099699,False,0.0,138343.13061586113
1779836760.4491167,SELL_NO,472.2372795572035,0.5700000000000001,0.5700000000000001,0.0,0.0,0.02571000097138132,75775.79000099699,False,-15.910091182288056,138265.90579457043
1779836760.4796045,BUY_NO,108.98,0.5800000000000001,0.5800000000000001,0.0,0.0,0.00853989648566622,75775.79000099699,False,0.0,138288.98837747317
1779836760.556007,SELL_NO,108.98,0.5700000000000001,0.5700000000000001,0.0,0.0,0.016986754281200334,75775.79000099699,False,-1.119800000000005,138264.7559945704
1779836760.566127,BUY_YES,220.972705606398,0.43,0.43,0.0,0.0,0.05139140655203711,75775.79000099699,False,0.0,137697.03463393188
1779836760.616129,BUY_NO,158.83,0.5800000000000001,0.5800000000000001,0.0,0.0,0.005882886918333163,75775.79000099699,False,0.0,138312.9784833141
1779836760.628227,SELL_NO,158.83,0.5700000000000001,0.5700000000000001,0.0,0.0,0.0065571038200703535,75775.79000099699,False,-1.618300000000005,138294.0138733553
1779836760.671359,BUY_NO,352.22,0.5900000000000001,0.5900000000000001,0.0,0.0,0.04041815170635921,75775.79000099699,False,0.0,138316.10249327295
1779836760.6765885,BUY_NO,300.94,0.6,0.6,0.0,0.0,0.01192127205965876,75775.79000099699,False,0.0,138295.12140323175
1779836760.685563,SELL_NO,345.32729439360196,0.5700000000000001,0.5700000000000001,0.0,0.0,0.010575937024837057,75775.79000099699,False,-8.527623050815436,138234.7546945704
1779836760.7013085,SELL_NO,266.97,0.56,0.56,0.0,0.0,0.009037504343818004,75775.79000099699,False,-9.269150091861121,138227.08031166767
1779836760.720701,BUY_NO,260.1,0.61,0.61,0.0,0.0,0.009270459372998308,75775.79000099699,False,0.0,138381.58072618142
1779836760.8661327,BUY_NO,154.59,0.5800000000000001,0.5800000000000001,0.0,0.0,0.008339781277731273,75775.79000099699,False,0.0,138237.56787747316
1779836760.871663,SELL_NO,455.55270560639815,0.57,0.5700000000000001,1.947759692324836e-12,1.947759692324836e-12,0.00977524490634285,75775.79000099699,False,-12.985426857323432,138263.1116733553
1779836761.054275,BUY_NO,352.22,0.5900000000000001,0.5900000000000001,0.0,0.0,0.005995708537155586,75775.79000099699,False,0.0,138285.20029327297
1779836761.061909,SELL_NO,352.22,0.5700000000000001,0.5700000000000001,0.0,0.0,0.009910811502880201,75775.79000099699,False,-7.074400000000026,138256.00727335532
1779836762.6568444,BUY_NO,134.2,0.5800000000000001,0.5800000000000001,0.0,0.0,0.09304807062894438,75775.79000099699,False,0.0,138277.26438331415
1779836762.6657386,BUY_NO,352.22,0.5900000000000001,0.5900000000000001,0.0,0.0,0.050093299931735835,75775.79000099699,False,0.0,138255.25189327297
1779836762.674478,BUY_NO,241.10733454288214,0.6,0.6,0.0,0.0,0.008588634935149275,75775.79000099699,False,0.0,138244.89533632318
1779836762.6843548,SELL_NO,727.5273345428822,0.5700000000000001,0.5700000000000001,0.0,0.0,0.0197737569710279,75775.79000099699,False,-15.649620036286478,138240.26765331902
1779836762.7601697,BUY_NO,84.83266545711786,0.6,0.6,0.0,0.0,0.02072492066425491,75775.79000099699,False,0.0,138351.54845010405
1779836762.7649388,BUY_NO,244.1,0.61,0.61,0.0,0.0,0.006774028308562996,75775.79000099699,False,0.0,138339.72723340828
1779836762.7757516,SELL_NO,328.9326654571179,0.5700000000000001,0.5700000000000001,0.0,0.0,0.010211061291920176,75775.79000099699,False,-12.338979963713484,138227.8686733553
1779836762.802391,BUY_NO,206.9,0.62,0.62,0.0,0.0,0.007440462347468979,75775.79000099699,False,0.0,138391.97822314937
1779836763.1551604,BUY_NO,128.0,0.5800000000000001,0.5800000000000001,0.0,0.0,0.11434027844149552,75775.79000099699,False,0.0,138208.70778331414
1779836763.1614635,BUY_NO,352.22,0.5900000000000001,0.5900000000000001,0.0,0.0,0.07012326451942075,75775.79000099699,False,0.0,138184.68829327298
1779836763.1663418,BUY_NO,325.94,0.6,0.6,0.0,0.0,0.027617101293449853,75775.79000099699,False,0.0,138155.35820323176
1779836763.179,SELL_NO,971.77,0.5700000000000001,0.5700000000000001,0.0,0.0,0.030470537778528484,75775.79000099699,False,-27.318141128857064,138193.49047335534
1779836763.2307682,BUY_NO,268.1,0.61,0.61,0.0,0.0,0.010123881551860614,75775.79000099699,False,0.0,138303.8633131906
1779836763.362535,BUY_NO,206.9,0.62,0.62,0.0,0.0,0.062432948608603156,75775.79000099699,False,0.0,138293.84252314942
1779836763.3689055,BUY_NO,327.0,0.63,0.63,0.0,0.0,0.04003580861904765,75775.79000099699,False,0.0,138246.38873310824
1779836763.7804782,BUY_NO,128.0,0.5800000000000001,0.5800000000000001,0.0,0.0,0.10223683642534886,75775.79000099699,False,0.0,138054.24768331417
1779836763.7877588,BUY_NO,352.22,0.5900000000000001,0.5900000000000001,0.0,0.0,0.05862499460408144,75775.79000099699,False,0.0,138023.86429327299
1779836763.7927084,BUY_NO,84.59107977255235,0.6,0.6,0.0,0.0,0.016693744873877425,75775.79000099699,False,0.0,138036.4400872773
1779836763.801852,SELL_NO,945.62,0.5700000000000001,0.5700000000000001,0.0,0.0,0.012458895251325597,75775.79000099699,False,-35.428161415668455,138082.762589794
1779836763.8208807,BUY_NO,241.34892022744765,0.6,0.6,0.0,0.0,0.009166285773552385,75775.79000099699,False,0.0,138148.86570323177
1779836763.9914083,SELL_YES,211.1,0.38999999999999996,0.39,1.4233628520835338e-12,1.4233628520835338e-12,0.006633980161700526,75775.79000099699,False,-8.51310320292103,137398.69869409667
1779836764.3638911,BUY_NO,201.9,0.62,0.62,0.0,0.0,0.09464689557090844,75775.79000099699,False,0.0,138123.2383231494
1779836764.3703856,BUY_NO,277.0,0.63,0.63,0.0,0.0,0.07130336713977525,75775.79000099699,False,0.0,138082.7791331082
1779836764.3752854,BUY_NO,161.22,0.64,0.64,0.0,0.0,0.032887263612845774,75775.79000099699,False,0.0,138066.42834306703
1779836764.628861,SELL_YES,334.0,0.35,0.35,0.0,0.0,0.005035852792375561,75775.79000099699,False,-26.811868639391875,137277.34865426138
1779836764.6476853,SELL_NO,163.87,0.5700000000000001,0.5700000000000001,0.0,0.0,0.01323964415894796,75775.79000099699,False,-7.657224862553363,137825.36987335532
1779836765.4415824,SELL_NO,1145.15,0.5700000000000001,0.5700000000000001,0.0,0.0,0.009633639197326072,75775.79000099699,False,-53.33027797249645,137985.66087335534
1779836765.45791,BUY_YES,1160.17,0.43,0.43,0.0,0.0,0.06771625666531234,75775.79000099699,False,0.0,137468.20753393194
1779836765.5662506,BUY_YES,1133.44,0.43,0.43,0.0,0.0,0.07396511882776508,75775.79000099699,False,0.0,137468.17753393194
1779836765.759808,BUY_NO,236.24,0.5900000000000001,0.5900000000000001,0.0,0.0,0.12289257982914181,75775.79000099699,False,0.0,138383.942893273
1779836765.7644384,BUY_NO,236.24,0.5900000000000001,0.5900000000000001,0.0,0.0,0.08774795083768472,75775.79000099699,False,0.0,138341.389693273
1779836765.7747493,BUY_NO,275.94,0.6,0.6,0.0,0.0,0.044360553295800575,75775.79000099699,False,0.0,138341.3418032318
1779836766.9429314,BUY_NO,88.86000000000001,0.5900000000000001,0.5900000000000001,0.0,0.0,0.06385272856033963,75775.79000099699,False,0.0,138272.90629327297
1779836767.4769018,BUY_NO,93.57,0.5900000000000001,0.5900000000000001,0.0,0.0,0.07651084164299682,75775.79000099699,False,0.0,138256.03369327297
1779836767.5421684,BUY_NO,208.35,0.61,0.61,0.0,0.0,0.024698643426427913,75775.79000099699,False,0.0,138311.3395131906
1779836767.5760767,SELL_NO,304.43,0.5800000000000001,0.5800000000000001,0.0,0.0,0.005297702580058017,75775.79000099699,False,-5.110590538778354,138214.50958331418
1779836767.6008487,BUY_NO,134.0,0.62,0.62,0.0,0.0,0.013760197155516574,75775.79000099699,False,0.0,138388.50842314947
1779836767.817079,SELL_YES,302.0,0.37,0.37,0.0,0.0,0.006157749547009317,75775.79000099699,False,-18.184643277767734,137133.29817417907
1779836768.3492987,BUY_NO,385.73,0.5900000000000001,0.5900000000000001,0.0,0.0,0.07740887587468692,75775.79000099699,False,0.0,138101.955393273
1779836768.356667,BUY_NO,343.87,0.6,0.6,0.0,0.0,0.04522600550503386,75775.79000099699,False,0.0,138076.48130323182
1779836768.3693185,SELL_NO,377.84,0.5800000000000001,0.5800000000000001,0.0,0.0,0.01961930779132559,75775.79000099699,False,-6.702420297818691,138057.1232833142
1779836768.3750765,SELL_NO,550.43,0.5700000000000001,0.5700000000000001,0.0,0.0,0.01008408427162566,75775.79000099699,False,-15.254552764472635,138090.48387335538
1779836769.131067,BUY_NO,91.65999999999997,0.5900000000000001,0.5900000000000001,0.0,0.0,0.07102304753460809,75775.79000099699,False,0.0,138172.302893273
1779836769.3769193,BUY_NO,527.96,0.5900000000000001,0.5900000000000001,0.0,0.0,0.10289637432996224,75775.79000099699,False,0.0,138077.24009327302
1779836769.384399,BUY_NO,353.87,0.6,0.6,0.0,0.0,0.06445114304393373,75775.79000099699,False,0.0,138049.41380323182
1779836769.393441,SELL_YES,293.35,0.39,0.39,0.0,0.0,0.021881486565861086,75775.79000099699,False,-11.797651011699202,137221.1645940967
1779836769.4036644,SELL_NO,434.46,0.5800000000000001,0.5800000000000001,0.0,0.0,0.00875195837431042,75775.79000099699,False,-6.7452887966785795,137984.2528833142
1779836769.4099414,SELL_NO,337.11,0.5700000000000001,0.5700000000000001,0.0,0.0,0.018293205537305623,75775.79000099699,False,-8.611685568863209,137990.56817335542
1779836769.477262,BUY_NO,86.88,0.5900000000000001,0.5900000000000001,0.0,0.0,0.02984302149896334,75775.79000099699,False,0.0,138063.34219327304
1779836769.7689095,BUY_NO,90.0,0.5900000000000001,0.5900000000000001,0.0,0.0,0.030179681216798482,75775.79000099699,False,0.0,138047.11219327303
1779836770.1326716,SELL_YES,177.66999999999996,0.41,0.41,0.0,0.0,0.012306579975077836,75775.79000099699,False,-3.6037810303344173,137282.93881401434
1779836770.3004355,BUY_NO,449.9355533603682,0.5900000000000001,0.5900000000000001,0.0,0.0,0.019598986225134007,75775.79000099699,False,0.0,137934.08319366816
1779836770.3085718,BUY_NO,443.90444663963183,0.5900000000000001,0.5900000000000001,0.0,0.0,0.026296633215653453,75775.79000099699,False,0.0,137854.15039327304
1779836770.3245003,SELL_NO,181.28,0.5800000000000001,0.5800000000000001,0.0,0.0,0.0077529313351338836,75775.79000099699,False,-2.322208775312319,137851.38788331422
1779836770.3356934,SELL_NO,243.11,0.5700000000000001,0.5700000000000001,0.0,0.0,0.009117196296569707,75775.79000099699,False,-5.535122922364167,137851.84317335542
1779836770.4004483,BUY_NO,87.96999999999991,0.5900000000000001,0.5900000000000001,0.0,0.0,0.05744557390477245,75775.79000099699,False,0.0,137907.94099327305
1779836770.4135623,BUY_NO,360.94,0.6,0.6,0.0,0.0,0.04562272776396048,75775.79000099699,False,0.0,137870.82450323185
1779836770.4190373,SELL_YES,314.1,0.39,0.39,0.0,0.0,0.01048345940657519,75775.79000099699,False,-12.630031303135226,137209.46019409676
1779836770.4334486,SELL_NO,194.97,0.56,0.56,0.0,0.0,0.02286521697808719,75775.79000099699,False,-6.61936487505784,137714.79546339661
1779836770.4408076,SELL_NO,107.0,0.55,0.55,0.0,0.0,0.02823372910960864,75775.79000099699,False,-4.716259125153563,137695.1646534378
1779836770.4502192,SELL_NO,123.0,0.54,0.54,0.0,0.0,0.02416791554934239,75775.79000099699,False,-6.647008153213903,137673.603843479
1779836770.4596632,SELL_NO,184.0,0.53,0.53,0.0,0.0,0.009822944418162227,75775.79000099699,False,-11.768613822693965,137652.01303352017
1779836770.513194,BUY_NO,92.73000000000002,0.5900000000000001,0.5900000000000001,0.0,0.0,0.03675696387105121,75775.79000099699,False,0.0,137841.93649327307
1779836770.585696,SELL_NO,134.39999999999998,0.5700000000000001,0.5700000000000001,0.0,0.0,0.006535528498134546,75775.79000099699,False,-3.198455231825875,137793.69547335544
1779836770.934335,BUY_NO,98.60000000000002,0.5900000000000001,0.5900000000000001,0.0,0.0,0.02197771520127989,75775.79000099699,False,0.0,137845.6324932731
1779836771.1073,BUY_NO,904.6418528939935,0.5900000000000001,0.5900000000000001,0.0,0.0,0.029477643772506612,75775.79000099699,False,0.0,137682.7669597522
1779836771.1142428,SELL_YES,162.57814710600655,0.41,0.41,0.0,0.0,0.018894356462646422,75775.79000099699,False,-3.300212743143817,137235.88531401442
1779836771.1274683,SELL_NO,140.85,0.5800000000000001,0.5800000000000001,0.0,0.0,0.007499874758527758,75775.79000099699,False,-1.736233591575612,137652.7795833143
1779836771.1407745,SELL_NO,389.51,0.5700000000000001,0.5700000000000001,0.0,0.0,0.005723459001540032,75775.79000099699,False,-8.643559682318909,137682.67317335546
1779836771.1539712,SELL_YES,1013.7,0.41,0.41,0.0,0.0,0.015784578251110182,75775.79000099699,False,-20.420284406202427,137226.59661401442
1779836771.1646054,SELL_NO,136.08,0.5800000000000001,0.5800000000000001,0.0,0.0,0.017671290479970292,75775.79000099699,False,-1.6784506009343971,137560.55988331427
1779836771.169917,SELL_NO,389.51,0.5700000000000001,0.5700000000000001,0.0,0.0,0.017270713022653594,75775.79000099699,False,-8.643559682318909,137595.33457335547
1779836771.1940753,BUY_NO,106.72768741223626,0.6,0.6,0.0,0.0,0.017863629064122866,75775.79000099699,False,0.0,137644.82446574944
1779836771.2005339,BUY_NO,124.49621455255533,0.6,0.6,0.0,0.0,0.019349973572014956,75775.79000099699,False,0.0,137619.89522283894
1779836771.2091596,SELL_YES,132.6460980352084,0.4,0.4,0.0,0.0,0.011363561727430027,75775.79000099699,False,-4.0245991517153215,137193.6738040556
1779836771.2348087,SELL_NO,242.97,0.56,0.56,0.0,0.0,0.009899814652471806,75775.79000099699,False,-8.104496300490013,137542.52996339664
1779836771.270131,BUY_NO,871.32,0.5900000000000001,0.5900000000000001,0.0,0.0,0.027332597130446556,75775.79000099699,False,0.0,137452.9007932731
1779836771.3048263,SELL_NO,126.08,0.5800000000000001,0.5800000000000001,0.0,0.0,0.006179996922821895,75775.79000099699,False,-1.5411138877338715,137459.3439833143
1779836771.5349312,SELL_YES,178.89999999999986,0.4099999999999999,0.41,1.3539305178355566e-12,1.3539305178355566e-12,0.007434243116155981,75775.79000099699,False,-3.6285221271279795,137204.98701401442
1779836771.5577116,SELL_NO,149.44,0.5800000000000001,0.5800000000000001,0.0,0.0,0.009985270052647488,75775.79000099699,False,-1.8210918415525867,137452.7813833143
1779836771.7334955,BUY_NO,331.18242192741354,0.5900000000000001,0.5900000000000001,0.0,0.0,0.02772141593966737,75775.79000099699,False,0.0,137407.80435732615
1779836771.7419658,BUY_NO,575.1375780725865,0.5900000000000001,0.5900000000000001,0.0,0.0,0.040618314074946316,75775.79000099699,False,0.0,137304.2495932731
1779836771.7497587,SELL_YES,363.87,0.4,0.4,0.0,0.0,0.0062203177903553675,75775.79000099699,False,-10.987840561196492,137197.7700040556
1779836771.7598648,SELL_NO,254.56,0.5800000000000001,0.5800000000000001,0.0,0.0,0.010770365201808074,75775.79000099699,False,-2.922455684380168,137273.8199833143
1779836772.597095,SELL_YES,125.53999999999996,0.41,0.41,0.0,0.0,0.02160201618148061,75775.79000099699,False,-2.5552010499700657,137197.12831401447
1779836772.8732288,SELL_YES,942.56,0.41,0.41,0.0,0.0,0.024316066189595198,75775.79000099699,False,-18.989323734744175,137197.09831401444
1779836772.8920329,SELL_NO,233.13,0.5800000000000001,0.5800000000000001,0.0,0.0,0.009802781504347768,75775.79000099699,False,-2.678955820629909,137129.4537833143
1779836772.9071572,SELL_NO,240.07,0.5700000000000001,0.5700000000000001,0.0,0.0,0.005262840737882968,75775.79000099699,False,-5.158512052754361,137166.87377335547
1779836773.0940237,BUY_NO,353.87,0.6,0.6,0.0,0.0,0.043262391273091505,75775.79000099699,False,0.0,137091.7513032319
1779836773.1584795,BUY_NO,273.5452432316861,0.61,0.61,0.0,0.0,0.03279440643290432,75775.79000099699,False,0.0,137026.56315967973
1779836773.2065864,SELL_NO,242.97,0.56,0.56,0.0,0.0,0.006835495115161461,75775.79000099699,False,-8.360612071503311,137094.25777204725
1779836773.7343142,SELL_YES,902.68,0.41000000000000003,0.41,-1.3539305178355566e-12,-1.3539305178355566e-12,0.011354046665841333,75775.79000099699,False,-18.187148986673378,137173.48690914977
1779836773.8194013,SELL_NO,192.55,0.5800000000000001,0.5800000000000001,0.0,0.0,0.014777510074497124,75775.79000099699,False,-2.780882349129385,136960.98228710025
1779836773.8307548,SELL_NO,240.07,0.5700000000000001,0.5700000000000001,0.0,0.0,0.005469207032715806,75775.79000099699,False,-5.86048096886779,137006.94732957374
1779836773.9177551,BUY_NO,86.15999999999997,0.5900000000000001,0.5900000000000001,0.0,0.0,0.07470117222822581,75775.79000099699,False,0.0,136971.43944462674
1779836773.9260461,BUY_NO,363.87,0.6,0.6,0.0,0.0,0.05990580068053941,75775.79000099699,False,0.0,136887.78930215325
1779836773.9374268,SELL_YES,334.1,0.39,0.39,0.0,0.0,0.023175935416244298,75775.79000099699,False,-13.432325559941034,137191.94099409677
1779836773.9775467,BUY_YES,242.97,0.44,0.44,0.0,0.0,0.012905611749734591,75775.79000099699,False,0.0,137102.78178172928
1779836773.9906251,BUY_YES,133.0,0.45,0.45,0.0,0.0,0.018033406807057617,75775.79000099699,False,0.0,137087.35563925575
1779836774.0011876,SELL_NO,153.0,0.54,0.54,0.0,0.0,0.01191614570380839,75775.79000099699,False,-8.437891592352457,136972.97035699425
1779836774.4693022,BUY_NO,967.9,0.5900000000000001,0.5900000000000001,0.0,0.0,0.047042397205814046,75775.79000099699,False,0.0,136736.03764462675
1779836774.4786391,SELL_YES,360.94,0.4,0.4,0.0,0.0,0.013745952576732168,75775.79000099699,False,-12.474355557217763,137158.09535162328
1779836774.4904983,BUY_YES,157.55,0.42,0.42,0.0,0.0,0.023653492397078035,75775.79000099699,False,0.0,137106.41626667627
1779836774.499057,BUY_YES,219.0,0.43,0.43,0.0,0.0,0.03493989310809831,75775.79000099699,False,0.0,137082.13722420274
1779836774.5078714,BUY_YES,242.97,0.44,0.44,0.0,0.0,0.030535337152304387,75775.79000099699,False,0.0,137060.04818172925
1779836774.5174687,SELL_NO,107.0,0.55,0.55,0.0,0.0,0.008581983073431165,75775.79000099699,False,-4.688168844946851,136854.79541452075
1779836776.6524704,SELL_YES,396.0,0.43,0.43,0.0,0.0,0.015443605269992555,75775.79000099699,False,-1.2659789801689385,137077.47752420275
1779836776.6595604,BUY_YES,736.01,0.44,0.44,0.0,0.0,0.028797314040262423,75775.79000099699,False,0.0,137054.92818172928
1779836776.681305,SELL_YES,279.64,0.42,0.42,0.0,0.0,0.005771002796579883,75775.79000099699,False,-4.50578602772633,137085.21666667628
1779836777.0921152,SELL_YES,390.53,0.43,0.43,0.0,0.0,0.02637576775371092,75775.79000099699,False,-2.375339098154626,137067.2310242028
1779836777.1060042,BUY_YES,535.0049620350146,0.44,0.44,0.0,0.0,0.019752101387322918,75775.79000099699,False,0.0,137045.3400817293
1779836777.112089,SELL_NO,205.63503796498537,0.56,0.56,0.0,0.0,0.018715105868272186,75775.79000099699,False,-6.9258246416394655,136871.8555720473
1779836777.130923,SELL_YES,274.64,0.42,0.42,0.0,0.0,0.008323302771569008,75775.79000099699,False,-4.788029134453197,137074.1891666763
1779836777.1689012,SELL_NO,202.13,0.55,0.55,0.0,0.0,0.005733855726151482,75775.79000099699,False,-8.829585688122492,136870.7599145208
1779836777.199949,SELL_YES,210.91,0.41,0.41,0.0,0.0,0.012367468439719587,75775.79000099699,False,-5.793032146619296,137083.24490914983
1779836777.848666,BUY_NO,176.91000000000008,0.5700000000000001,0.5700000000000001,0.0,0.0,0.07060257372786971,75775.79000099699,False,0.0,136781.82762957382
1779836778.1100528,BUY_NO,94.6099999999999,0.5700000000000001,0.5700000000000001,0.0,0.0,0.06596144395012415,75775.79000099699,False,0.0,136768.5522295738
1779836778.3727849,BUY_NO,649.82,0.5700000000000001,0.5700000000000001,0.0,0.0,0.04956455893396983,75775.79000099699,False,0.0,136677.5474295738
1779836778.3809555,SELL_YES,314.64,0.42,0.42,0.0,0.0,0.00989222233255288,75775.79000099699,False,-5.481013278707934,137075.04956667635
1779836778.3957481,BUY_YES,589.64,0.44,0.44,0.0,0.0,0.022381802977134435,75775.79000099699,False,0.0,137015.72248172935
1779836778.4740167,BUY_NO,93.04999999999995,0.5700000000000001,0.5700000000000001,0.0,0.0,0.09934648562969595,75775.79000099699,False,0.0,136693.88762957384
1779836778.4826422,BUY_NO,202.35,0.5900000000000001,0.5900000000000001,0.0,0.0,0.07566336558869691,75775.79000099699,False,0.0,136608.06934462683
1779836778.7358427,BUY_NO,707.86,0.5700000000000001,0.5700000000000001,0.0,0.0,0.06835264972006161,75775.79000099699,False,0.0,136562.35122957386
1779836778.7439818,SELL_YES,314.64,0.42,0.42,0.0,0.0,0.02798903189389862,75775.79000099699,False,-5.833142310416008,137069.09236667637
1779836778.7604299,SELL_NO,589.64,0.56,0.56,0.0,0.0,0.010314898715756526,75775.79000099699,False,-14.723646164532681,136622.78317204735
1779836778.799114,SELL_NO,144.13,0.55,0.55,0.0,0.0,0.00729310858989074,75775.79000099699,False,-5.06297495708246,136668.20091452086
1779836779.0648718,SELL_YES,208.35,0.41,0.41,0.0,0.0,0.031164343466136002,75775.79000099699,False,-5.95625584914562,137082.4791091499
1779836779.228579,BUY_NO,93.72000000000003,0.5700000000000001,0.5700000000000001,0.0,0.0,0.07500620207983133,75775.79000099699,False,0.0,136562.49722957384
1779836779.2369106,SELL_YES,157.35,0.4,0.4,0.0,0.0,0.0392132518492454,75775.79000099699,False,-6.079124467785277,137116.9076516234
1779836779.3369691,SELL_YES,221.07,0.39,0.39,0.0,0.0,0.013195716504327049,75775.79000099699,False,-10.73946038190843,137151.0652940969
1779836780.0917475,BUY_NO,470.1579136308719,0.5700000000000001,0.5700000000000001,0.0,0.0,0.05613686364057391,75775.79000099699,False,0.0,136430.0430216655
1779836780.1017182,SELL_YES,133.01208636912804,0.43,0.43,0.0,0.0,0.02802902752001485,75775.79000099699,False,-1.1531211468776164,137005.41192420287
1779836780.1171067,BUY_YES,587.36,0.44,0.44,0.0,0.0,0.015800630399298132,75775.79000099699,False,0.0,136962.95188172936
1779836780.1521773,SELL_YES,314.64,0.42,0.42,0.0,0.0,0.018647056774146242,75775.79000099699,False,-6.131950065334706,137036.03476667637
1779836780.1873124,BUY_YES,144.13,0.45000000000000007,0.45,1.2335811384723962e-12,1.2335811384723962e-12,0.013102289333262684,75775.79000099699,False,0.0,136916.89623925585
1779836780.483402,SELL_YES,652.94,0.43,0.43,0.0,0.0,0.05116174981938987,75775.79000099699,False,-7.423659075701096,136993.38932420287
1779836780.4920163,SELL_YES,139.05962640617395,0.42,0.42,0.0,0.0,0.011338123659344446,75775.79000099699,False,-2.995257747263288,137038.15026667638
1779836780.504102,BUY_YES,585.08,0.44,0.44,0.0,0.0,0.02441442782694525,75775.79000099699,False,0.0,136945.75718920125
1779836780.5100408,BUY_YES,144.13,0.45000000000000007,0.45,1.2335811384723962e-12,1.2335811384723962e-12,0.00965955139699809,75775.79000099699,False,0.0,136905.39645046368
1779836782.5146487,SELL_YES,517.32,0.43,0.43,0.0,0.0,0.054264542322013776,75775.79000099699,False,-6.225694639404281,136983.1453279388
1779836782.5200982,SELL_YES,211.89,0.42,0.42,0.0,0.0,0.014927737439913435,75775.79000099699,False,-4.6866053605957205,137027.17796667636
1779836782.533387,BUY_YES,747.8,0.44,0.44,0.0,0.0,0.021504995614744338,75775.79000099699,False,0.0,136934.78488920123
1779836783.5504458,BUY_NO,119.06795140576833,0.5700000000000001,0.5700000000000001,0.0,0.0,0.05775738197501601,75775.79000099699,False,0.0,136414.9393724161
1779836783.5587695,SELL_YES,417.84204859423164,0.43,0.43,0.0,0.0,0.03625426454465047,75775.79000099699,False,-4.208420485942327,136973.42842793878
1779836783.5770314,BUY_YES,564.5292447617402,0.44,0.44,0.0,0.0,0.010954519724468537,75775.79000099699,False,0.0,136929.32578920122
1779836783.5831637,SELL_NO,168.27075523825977,0.56,0.56,0.0,0.0,0.006322568053405808,75775.79000099699,False,-3.8613197444473997,136488.36012435044
1779836783.6017764,SELL_YES,242.71,0.42,0.42,0.0,0.0,0.011526816323074118,75775.79000099699,False,-4.884200000000007,137002.75506667636
1779836784.6415477,BUY_NO,230.12,0.5700000000000001,0.5700000000000001,0.0,0.0,0.07674076258163831,75775.79000099699,False,0.0,136382.9321856129
1779836784.6487904,SELL_YES,182.35,0.41,0.41,0.0,0.0,0.04884898298463747,75775.79000099699,False,-5.500500000000002,137046.46920541392
1779836784.7739263,SELL_YES,143.35,0.4,0.4,0.0,0.0,0.019157771413717606,75775.79000099699,False,-5.763999999999996,137089.7356441515
1779836785.122082,SELL_YES,186.07,0.39,0.39,0.0,0.0,0.005400248261655027,75775.79000099699,False,-9.3335,137134.43558288904
1779836786.1748633,BUY_NO,713.4926677809981,0.5700000000000001,0.5700000000000001,0.0,0.0,0.06714400328359993,75775.79000099699,False,0.0,136195.88511212353
1779836786.1934576,BUY_YES,346.9142460595327,0.44,0.44,0.0,0.0,0.005980377316004815,75775.79000099699,False,0.0,136894.28746252338
1779836786.201173,BUY_YES,193.9216654862222,0.44,0.44,0.0,0.0,0.008371682836953609,75775.79000099699,False,0.0,136894.25746252338
1779836786.3682835,BUY_NO,93.23733221900193,0.5700000000000001,0.5700000000000001,0.0,0.0,0.0705322220898934,75775.79000099699,False,0.0,136253.0505541138
1779836786.3801243,SELL_YES,262.93,0.42,0.42,0.0,0.0,0.056060033811753396,75775.79000099699,False,-5.288600000000017,136991.7642484454
1779836786.3995261,SELL_YES,212.35,0.41,0.41,0.0,0.0,0.024043393227337673,75775.79000099699,False,-6.400500000000022,137043.6131280675
1779836786.4536433,BUY_YES,583.25,0.44,0.44,0.0,0.0,0.05998794510080635,75775.79000099699,False,0.0,136881.57598920117
1779836786.4643998,BUY_YES,159.13,0.45000000000000007,0.45,1.2335811384723962e-12,1.2335811384723962e-12,0.026133911230379114,75775.79000099699,False,0.0,136833.37610957908
1779836786.4994025,SELL_NO,583.25,0.56,0.56,0.0,0.0,0.007288160532357146,75775.79000099699,False,-11.932419958665207,136390.9717337359
1779836786.5145016,SELL_YES,680.67,0.43,0.43,0.0,0.0,0.0241903875925763,75775.79000099699,False,-7.9793320442509525,136920.64076882327
1779836786.5329967,BUY_YES,159.13,0.45000000000000007,0.45,1.2335811384723962e-12,1.2335811384723962e-12,0.01505504419174214,75775.79000099699,False,0.0,136825.50520957907
1779836786.6194816,SELL_YES,248.71,0.42,0.42,0.0,0.0,0.007022408456859641,75775.79000099699,False,-6.194061004989493,136963.3596484454
1779836786.8967228,SELL_YES,118.39999999999998,0.43,0.43,0.0,0.0,0.059218205762674,75775.79000099699,False,-1.7804410075620467,136914.88106882328
1779836789.1419835,BUY_NO,212.81532513122056,0.5700000000000001,0.5700000000000001,0.0,0.0,0.0638275767538673,75775.79000099699,False,0.0,136190.20080859543
1779836792.192083,BUY_YES,395.61883317210936,0.44,0.44,0.0,0.0,0.005580580162965865,75775.79000099699,False,0.0,136863.06033594985
1779836792.6596115,BUY_NO,99.66467486877946,0.5700000000000001,0.5700000000000001,0.0,0.0,0.0654310330898884,75775.79000099699,False,0.0,136227.61820242615
1779836792.6666245,SELL_YES,197.7,0.42,0.42,0.0,0.0,0.05007207258240137,75775.79000099699,False,-4.107278269770205,136959.60607178192
1779836792.6726656,SELL_YES,197.35,0.41000000000000003,0.41,-1.3539305178355566e-12,-1.3539305178355566e-12,0.02100013609515644,75775.79000099699,False,-6.073560022959782,137010.3542630723
1779836792.6890857,BUY_YES,616.4511668278907,0.43999999999999995,0.44,-1.261617073437678e-12,-1.261617073437678e-12,0.020083240201304697,75775.79000099699,False,0.0,136852.06918920114
1779836792.7787268,SELL_YES,127.35,0.4,0.4,0.0,0.0,0.016497606404155707,75775.79000099699,False,-5.131028809929639,137038.38790768958
1779836792.78472,SELL_YES,138.07,0.39,0.39,0.0,0.0,0.007803255178474855,75775.79000099699,False,-6.941120477322222,137086.21858731168
1779836792.9727855,BUY_YES,269.233196122671,0.44,0.44,0.0,0.0,0.008357951856488965,75775.79000099699,False,0.0,136839.98168920117
1779836792.983657,BUY_YES,703.2268038773291,0.44,0.44,0.0,0.0,0.028066803919162997,75775.79000099699,False,0.0,136839.95168920115
1779836793.0040817,SELL_YES,303.7,0.42999999999999994,0.43,1.2909570053780891e-12,1.2909570053780891e-12,0.021565007249035706,75775.79000099699,False,-3.071978785871977,136879.43846882324
1779836793.0138314,SELL_YES,202.98,0.42,0.42,0.0,0.0,0.011778086585417069,75775.79000099699,False,-4.092927606046402,136921.96224844534
1779836793.0336542,SELL_NO,174.13,0.55,0.55,0.0,0.0,0.00646989179462043,75775.79000099699,False,-5.218640061920496,136359.75871335797
1779836793.1295645,SELL_YES,200.01,0.43000000000000005,0.43,-1.2909570053780891e-12,-1.2909570053780891e-12,0.04097794731718046,75775.79000099699,False,-2.0333789165698164,136873.83606882324
1779836793.1364157,SELL_YES,172.35,0.41000000000000003,0.41,-1.3539305178355566e-12,-1.3539305178355566e-12,0.01850178993035373,75775.79000099699,False,-5.2033254650807805,136963.49082806744
1779836793.195953,SELL_YES,146.76000000000005,0.43,0.43,0.0,0.0,0.006220652261232029,75775.79000099699,False,-1.5000059486815047,136870.32906882325
1779836796.5556748,SELL_YES,118.63999999999999,0.43,0.43,0.0,0.0,0.03198944461592407,75775.79000099699,False,-1.218344956061415,136870.29906882325
1779836802.04785,SELL_YES,196.35,0.4,0.4,0.0,0.0,0.04080094326632816,75775.79000099699,False,-7.8872189153966445,137017.92870768957
1779836802.122554,BUY_YES,417.03,0.44000000000000006,0.44,1.261617073437678e-12,1.261617073437678e-12,0.13752143959228114,75775.79000099699,False,0.0,136813.16518920116
1779836802.1348696,BUY_YES,174.13,0.45000000000000007,0.45,1.2335811384723962e-12,1.2335811384723962e-12,0.148008960971856,75775.79000099699,False,0.0,136766.12210957904
1779836802.1436968,BUY_YES,115.0,0.4600000000000001,0.46,1.206764157201257e-12,1.206764157201257e-12,0.15419730028561407,75775.79000099699,False,0.0,136720.82032995694
1779836802.1522121,BUY_YES,179.32,0.4699999999999999,0.47,-1.1810883240693154e-12,-1.1810883240693154e-12,0.1530581922689826,75775.79000099699,False,0.0,136676.66855033484
1779836802.1634655,BUY_YES,175.4,0.4799999999999999,0.48,-1.1564823173178715e-12,-1.1564823173178715e-12,0.1371182729163623,75775.79000099699,False,0.0,136634.30997071273
1779836802.1728795,BUY_YES,204.0,0.49,0.49,0.0,0.0,0.10844114083984069,75775.79000099699,False,0.0,136593.70539109063
1779836802.1838346,BUY_YES,316.23,0.5,0.5,0.0,0.0,0.07224577136029642,75775.79000099699,False,0.0,136555.14081146853
1779836802.192831,BUY_YES,414.2,0.51,0.51,0.0,0.0,0.034133482792281455,75775.79000099699,False,0.0,136519.73853184644
1779836802.8507988,BUY_NO,123.13,0.5700000000000001,0.5700000000000001,0.0,0.0,0.09127775626353007,75775.79000099699,False,0.0,136315.0886541138
1779836803.2726698,BUY_NO,171.88,0.5700000000000001,0.5700000000000001,0.0,0.0,0.07454402818306483,75775.79000099699,False,0.0,136290.9954541138
1779836803.7642324,BUY_NO,108.75202808009362,0.5800000000000001,0.5800000000000001,0.0,0.0,0.06805832041956905,75775.79000099699,False,0.0,136239.3847499989
1779836805.8042922,SELL_NO,788.95,0.56,0.56,0.0,0.0,0.011525572450697186,75775.79000099699,False,-15.242574554090822,136404.56454980472
1779836806.2502496,SELL_NO,861.09,0.56,0.56,0.0,0.0,0.02024990124347248,75775.79000099699,False,-16.633581751419115,136507.86534980472
1779836806.2937057,SELL_NO,781.03,0.56,0.56,0.0,0.0,0.01967197302113244,75775.79000099699,False,-15.08986070597831,136601.55894980472
1779836806.6297026,BUY_YES,151.5540055965198,0.43999999999999995,0.44,-1.261617073437678e-12,-1.261617073437678e-12,0.026823216372763303,75775.79000099699,False,0.0,136733.01534863963
1779836806.6507246,BUY_YES,712.0359944034802,0.44000000000000006,0.44,1.261617073437678e-12,1.261617073437678e-12,0.04095026131677726,75775.79000099699,False,0.0,136732.98534863963
1779836807.2180982,SELL_NO,817.7,0.56,0.56,0.0,0.0,0.007250898841150155,75775.79000099699,False,-15.796933535560015,136803.22374980475
1779836807.4396718,BUY_NO,106.06,0.5800000000000001,0.5800000000000001,0.0,0.0,0.11986095322291856,75775.79000099699,False,0.0,136797.93554999892
1779836808.4525504,BUY_NO,103.04,0.5800000000000001,0.5800000000000001,0.0,0.0,0.11653411379605871,75775.79000099699,False,0.0,136781.41914999895
1779836808.6460586,BUY_NO,88.04,0.5800000000000001,0.5800000000000001,0.0,0.0,0.08706628377195824,75775.79000099699,False,0.0,136767.30274999895
1779836808.7232878,BUY_NO,90.05,0.5900000000000001,0.5900000000000001,0.0,0.0,0.046100336109046625,75775.79000099699,False,0.0,136753.94805009602
1779836809.4342642,BUY_NO,120.0,0.61,0.61,0.0,0.0,0.05624727227903936,75775.79000099699,False,0.0,136731.4856502902
1779836809.8227892,BUY_NO,125.0,0.61,0.61,0.0,0.0,0.03776783961127095,75775.79000099699,False,0.0,136703.9556502902
1779836810.2431703,BUY_NO,93.06,0.61,0.61,0.0,0.0,0.05050466708466739,75775.79000099699,False,0.0,136683.4524502902
1779836810.4501677,BUY_NO,91.90885025908392,0.62,0.62,0.0,0.0,0.0367985622965058,75775.79000099699,False,0.0,136659.9675263251
1779836811.9118679,BUY_NO,122.28,0.6,0.6,0.0,0.0,0.04006273363854429,75775.79000099699,False,0.0,136640.1133031361
1779836812.435103,BUY_NO,122.28,0.6,0.6,0.0,0.0,0.04359873532049219,75775.79000099699,False,0.0,136615.62730313613
1779836812.4519663,BUY_NO,122.28,0.6,0.6,0.0,0.0,0.04809205060704613,75775.79000099699,False,0.0,136591.14130313613
1779836812.582336,BUY_NO,122.28,0.6,0.6,0.0,0.0,0.049788806423242016,75775.79000099699,False,0.0,136566.65530313615
1779836812.6224618,BUY_NO,102.49,0.61,0.61,0.0,0.0,0.0449462022281818,75775.79000099699,False,0.0,136536.87041473066
1779836813.264246,BUY_NO,113.0,0.62,0.62,0.0,0.0,0.0453474441031706,75775.79000099699,False,0.0,136501.48842632517
1779836813.7819533,BUY_NO,172.28,0.6,0.6,0.0,0.0,0.08588715915679235,75775.79000099699,False,0.0,136485.72640313618
1779836813.7932746,BUY_NO,102.49,0.61,0.61,0.0,0.0,0.07143411544872713,75775.79000099699,False,0.0,136452.06381473067
1779836813.8083282,BUY_NO,101.76730938709625,0.62,0.62,0.0,0.0,0.049738395844419414,75775.79000099699,False,0.0,136415.49997207228
1779836813.9831426,SELL_NO,238.5,0.5900000000000001,0.5900000000000001,0.0,0.0,0.006207475612569846,75775.79000099699,True,0.03326901510752123,136497.78205657037
1779836814.1495268,SELL_YES,172.28,0.4,0.4,0.0,0.0,0.03822225821426756,75775.79000099699,False,-11.351040204951147,136701.8569250584
1779836814.190845,SELL_NO,315.87,0.5900000000000001,0.5900000000000001,0.0,0.0,0.0114894374139618,75775.79000099699,True,0.05379364277573018,136521.8454565704
1779836814.251126,BUY_NO,97.49,0.61,0.61,0.0,0.0,0.04672977923816213,75775.79000099699,False,0.0,136481.75473357164
1779836814.328574,SELL_NO,157.24,0.5900000000000001,0.5900000000000001,0.0,0.0,0.006628629457230084,75775.79000099699,False,-0.0709669999162088,136530.5906565704
1779836815.1542137,SELL_NO,684.65,0.5900000000000001,0.5900000000000001,0.0,0.0,0.022652276910413494,75775.79000099699,False,-0.20837736258351924,136653.7976565704
1779836815.1739044,SELL_YES,157.19,0.4,0.4,0.0,0.0,0.0060207468780163476,75775.79000099699,False,-10.359430635107202,136689.1544250584
1779836815.2069304,BUY_NO,92.49,0.61,0.61,0.0,0.0,0.03616518683387582,75775.79000099699,False,0.0,136596.65503357165
1779836815.749488,BUY_NO,113.0,0.62,0.62,0.0,0.0,0.03693063338695002,75775.79000099699,False,0.0,136565.14577207228
1779836816.2049582,SELL_YES,157.19,0.4,0.4,0.0,0.0,0.021259120057547154,75775.79000099699,False,-10.359430635107202,136685.87952505838
1779836816.2217433,SELL_NO,533.51,0.5900000000000001,0.5900000000000001,0.0,0.0,0.017790797531749503,75775.79000099699,False,-1.05557261645896,136647.7192565704
1779836816.295395,BUY_NO,87.49,0.61,0.61,0.0,0.0,0.03208749095557073,75775.79000099699,False,0.0,136624.98933357166
1779836816.4523988,SELL_YES,152.1,0.4,0.4,0.0,0.0,0.022269108566400908,75775.79000099699,False,-10.024951330236064,136679.5795250584
1779836816.4672647,SELL_NO,518.83,0.5900000000000001,0.5900000000000001,0.0,0.0,0.01843254268945005,75775.79000099699,False,-1.3341273651564052,136694.62165657038
1779836816.7210734,BUY_NO,87.49,0.61,0.61,0.0,0.0,0.02718006078427826,75775.79000099699,False,0.0,136677.47653357164
1779836818.1504707,BUY_NO,114.00000000000003,0.6,0.6,0.0,0.0,0.06908533814219509,75775.79000099699,False,0.0,136654.45509507103
1779836818.4162238,SELL_YES,251.1,0.4,0.4,0.0,0.0,0.0237792730948283,75775.79000099699,False,-16.53054095346664,136673.3963250584
1779836818.4383337,SELL_NO,353.88,0.5900000000000001,0.5900000000000001,0.0,0.0,0.007949671043156026,75775.79000099699,False,-1.277259458284334,136671.3330565704
1779836818.5439737,BUY_NO,87.49,0.61,0.61,0.0,0.0,0.024766077588243784,75775.79000099699,False,0.0,136652.21373357167
1779836819.2276146,BUY_NO,96.08000000000001,0.6,0.6,0.0,0.0,0.061355792078308324,75775.79000099699,False,0.0,136633.763395071
1779836819.3111959,BUY_NO,100.0,0.6,0.6,0.0,0.0,0.038031180969302913,75775.79000099699,False,0.0,136613.733395071
1779836819.4602587,BUY_NO,84.16000000000003,0.6,0.6,0.0,0.0,0.05089886636034768,75775.79000099699,False,0.0,136596.871395071
1779836819.5999477,BUY_NO,103.23000000000002,0.6,0.6,0.0,0.0,0.05670000940330022,75775.79000099699,False,0.0,136576.195395071
1779836819.7665012,BUY_NO,87.17999999999995,0.6,0.6,0.0,0.0,0.04366724951530443,75775.79000099699,False,0.0,136558.72939507102
1779836819.9377189,BUY_NO,710.27,0.6,0.6,0.0,0.0,0.06568406291815199,75775.79000099699,False,0.0,136416.645395071
1779836820.0585024,SELL_YES,737.44,0.4,0.4,0.0,0.0,0.017544843277453426,75775.79000099699,False,-48.48941426015301,136668.71262505837
1779836821.8649702,BUY_YES,642.0,0.3,0.3,0.0,0.0,0.10044186127135207,75775.79000099699,False,0.0,136868.47524005207
1779836821.871667,BUY_YES,223.84,0.31,0.31,0.0,0.0,0.08585933433772819,75775.79000099699,False,0.0,136854.8859785527
1779836821.8803246,BUY_YES,199.0,0.32,0.32,0.0,0.0,0.060824171784571335,75775.79000099699,False,0.0,136843.53511705334
1779836821.9695032,SELL_NO,235.0,0.7,0.7,0.0,0.0,0.008058508290071709,75775.79000099699,True,24.339007430327456,136582.9323800773
1779836822.184441,SELL_NO,87.10000000000002,0.7,0.7,0.0,0.0,0.009817532523515027,75775.79000099699,True,9.002087434814982,136617.7423800773
1779836822.2671242,BUY_YES,824.59,0.3,0.3,0.0,0.0,0.036764750456495465,75775.79000099699,False,0.0,136862.10684005206
1779836822.275133,SELL_NO,179.0,0.6902793296089385,0.7,138.86671987230721,138.86671987230721,0.020990247786523586,75775.79000099699,True,16.791924808632388,137017.3783800773
1779836822.282727,SELL_NO,179.0,0.6799999999999999,0.6799999999999999,0.0,0.0,0.0052111223004222,75775.79000099699,True,14.951924808632384,137073.93630307604
1779836822.293099,BUY_YES,823.92,0.3,0.3,0.0,0.0,0.045304789931843226,75775.79000099699,False,0.0,136856.69684005206
1779836822.3015559,SELL_NO,353.0,0.6849291784702549,0.69,73.49016709775404,73.49016709775404,0.016316627261452776,75775.79000099699,True,31.25536009747057,137533.27114157667
1779836822.4065208,SELL_NO,209.41000000000008,0.7,0.7,0.0,0.0,0.006202463048922802,75775.79000099699,True,21.685378068020725,137634.4903800773
1779836822.4825428,SELL_NO,103.99999999999989,0.7,0.7,0.0,0.0,0.00742157345961969,75775.79000099699,True,10.754582011719357,137676.0603800773
1779836822.8284547,SELL_NO,79.4799999999999,0.7,0.7,0.0,0.0,0.04460714760920159,75775.79000099699,True,8.211909406648608,137707.8223800773
1779836822.88016,SELL_NO,83.59000000000003,0.7,0.7,0.0,0.0,0.04317682206006723,75775.79000099699,True,8.638107791919452,137741.22838007731
1779836822.8889558,SELL_NO,223.0,0.6702242152466367,0.6799999999999999,143.76154049063635,143.76154049063635,0.009508177183409683,75775.79000099699,True,16.454632582821347,137774.79830307604
1779836823.0143692,SELL_NO,75.86000000000001,0.7,0.7,0.0,0.0,0.03429093998757482,75775.79000099699,True,7.836522994317612,137854.0723800773
1779836823.038804,BUY_YES,1131.79,0.3,0.3,0.0,0.0,0.06735082594123964,75775.79000099699,False,0.0,136844.49684005202
1779836823.049013,SELL_NO,353.0,0.6849291784702549,0.69,73.49016709775404,73.49016709775404,0.041971066050622285,75775.79000099699,True,31.25536009747057,138402.52184157664
1779836823.0749295,SELL_NO,223.0,0.67,0.6699999999999999,-1.6570492904853084e-12,-1.6570492904853084e-12,0.012190261424193993,75775.79000099699,True,16.404632582821364,138398.1387645754
1779836823.0906577,BUY_YES,503.08464032224765,0.3,0.3,0.0,0.0,0.05844682679570973,75775.79000099699,False,0.0,136832.396840052
1779836823.0982225,BUY_YES,634.6653596777523,0.3,0.3,0.0,0.0,0.06534109705205438,75775.79000099699,False,0.0,136832.366840052
1779836823.1065524,SELL_NO,353.0,0.6849291784702549,0.69,73.49016709775404,73.49016709775404,0.03264178968578224,75775.79000099699,True,31.25536009747057,139058.75434157666
1779836823.142053,BUY_NO,301.25,0.7151253112033195,0.71,72.18748173689428,72.18748173689428,0.011916615202849146,75775.79000099699,False,0.0,139045.1034185779
1779836823.1562195,BUY_NO,181.79,0.73,0.73,0.0,0.0,0.012647996082638224,75775.79000099699,False,0.0,139069.87309557915
1779836823.3169997,SELL_NO,1017.6892576501396,0.6989226646854532,0.7,15.390504493525574,15.390504493525574,0.04702245488721457,75775.79000099699,True,44.30541479496799,139318.6414905608
1779836823.4178553,BUY_NO,146.85,0.71,0.71,0.0,0.0,0.006977812488654589,75775.79000099699,False,0.0,139319.50502163795
1779836823.4384804,SELL_NO,123.9907423498604,0.6948092300174914,0.7,74.1538568929794,74.1538568929794,0.013710122477800457,75775.79000099699,False,-1.9135148469972165,139307.32568007728
1779836824.032546,BUY_YES,1038.72,0.3,0.3,0.0,0.0,0.08967026437663206,75775.79000099699,False,0.0,136813.618140052
1779836824.0720308,BUY_NO,154.8,0.71,0.71,0.0,0.0,0.0060177519854900385,75775.79000099699,False,0.0,139730.4668185779
1779836824.130188,SELL_NO,74.72000000000003,0.7,0.7,0.0,0.0,0.005240134160813037,75775.79000099699,False,-0.7772000000000006,139689.14368007728
1779836824.314821,SELL_NO,102.93925765013958,0.6999999999999998,0.7,1.5860328923216523e-12,1.5860328923216523e-12,0.042910581417433424,75775.79000099699,False,-1.0593925765014092,139730.28938313734
1779836824.3268049,BUY_YES,954.5707423498604,0.3,0.3,0.0,0.0,0.10396668955783639,75775.79000099699,False,0.0,136811.950140052
1779836824.3649886,BUY_NO,154.8,0.71,0.71,0.0,0.0,0.005132422289314764,75775.79000099699,False,0.0,140129.5451185779
1779836824.422983,SELL_NO,154.8,0.6945219638242893,0.7,78.25765965300904,78.25765965300904,0.01018158094668753,75775.79000099699,False,-2.426000000000002,140109.63168007726
1779836824.9089553,BUY_YES,1064.94,0.3,0.3,0.0,0.0,0.11102576296493866,75775.79000099699,False,0.0,136809.464140052
1779836824.9807212,BUY_NO,154.8,0.71,0.71,0.0,0.0,0.00937900430920946,75775.79000099699,False,0.0,140563.6845185779
1779836825.063155,SELL_NO,79.06999999999994,0.7,0.7,0.0,0.0,0.014263098626929427,75775.79000099699,False,-0.8207000000000022,140503.67768007726
1779836825.3009899,SELL_NO,75.73000000000008,0.7,0.7,0.0,0.0,0.03051736744196365,75775.79000099699,False,-0.7873000000000019,140533.93968007725
1779836825.3172069,BUY_YES,956.6999999999999,0.3,0.3,0.0,0.0,0.12032103888040424,75775.79000099699,False,0.0,136807.796140052
1779836825.363633,BUY_NO,159.88,0.71,0.71,0.0,0.0,0.006977555118039547,75775.79000099699,False,0.0,140952.12991857788
1779836825.5030963,SELL_NO,159.88,0.7,0.7,0.0,0.0,0.04114512885970567,75775.79000099699,False,-1.6287999999999982,140914.93088007724
1779836825.5188694,BUY_YES,842.42,0.3,0.3,0.0,0.0,0.12412678376769742,75775.79000099699,False,0.0,136806.107340052
1779836825.5703979,BUY_NO,154.88,0.71,0.71,0.0,0.0,0.005191265632976894,75775.79000099699,False,0.0,141297.9333185779
1779836825.6077466,SELL_NO,154.88,0.6944092200413222,0.7,79.86828512396771,79.86828512396771,0.010812257874009079,75775.79000099699,False,-2.4447000000000116,141249.39418007727
1779836825.901443,BUY_YES,700.08,0.3,0.3,0.0,0.0,0.13086656449842576,75775.79000099699,False,0.0,136803.602640052
1779836825.9727836,BUY_NO,149.8,0.71,0.71,0.0,0.0,0.005412067707543877,75775.79000099699,False,0.0,141584.59501857788
1779836825.9984517,SELL_NO,149.8,0.6940520694259011,0.7,84.97043677284022,84.97043677284022,0.01357510909529891,75775.79000099699,False,-2.419000000000011,141526.94718007726
1779836826.0606236,BUY_YES,662.31,0.3,0.3,0.0,0.0,0.1427379069300384,75775.79000099699,False,0.0,136801.123640052
1779836826.2219145,BUY_NO,141.38,0.71,0.71,0.0,0.0,0.005037614288186054,75775.79000099699,False,0.0,141857.1995185779
1779836826.2420647,SELL_NO,141.38,0.6943082472768425,0.7,81.3107531879639,81.3107531879639,0.010105937699897427,75775.79000099699,False,-2.248500000000007,141789.56268007727
1779836826.6080158,BUY_YES,681.95,0.3,0.3,0.0,0.0,0.14633112685298055,75775.79000099699,False,0.0,136798.81514005203
1779836826.6575701,BUY_NO,140.92,0.71,0.71,0.0,0.0,0.006721531300525219,75775.79000099699,False,0.0,142134.68371857793
1779836826.7609723,SELL_NO,140.92,0.6945415838773773,0.7,77.97737318032365,77.97737318032365,0.010687760978031036,75775.79000099699,False,-2.2083999999999975,142060.0742800773
1779836827.1238823,BUY_YES,640.636808090916,0.3,0.3,0.0,0.0,0.1454217921938692,75775.79000099699,False,0.0,136796.54674005206
1779836827.1854057,BUY_NO,140.92,0.71,0.71,0.0,0.0,0.005495701701354161,75775.79000099699,False,0.0,142395.0764098952
1779836827.2949896,SELL_NO,140.92,0.6946040306556911,0.7,77.08527634726943,77.08527634726943,0.011226903884404948,75775.79000099699,False,-2.1996000000000038,142314.06940331368
1779836827.857324,BUY_NO,202.4,0.7188142292490118,0.71,124.14407392974469,124.14407392974469,0.007450720549004419,75775.79000099699,False,0.0,142365.2412098952
1779836828.1453593,SELL_NO,72.40999999999997,0.7,0.7,0.0,0.0,0.011185732677973403,75775.79000099699,False,-1.392338339920947,142258.20540331368
1779836828.237354,SELL_NO,129.99000000000004,0.7,0.7,0.0,0.0,0.02879416632789189,75775.79000099699,False,-2.475661660079055,142310.17140331367
1779836829.6651082,BUY_NO,156.19,0.71,0.71,0.0,0.0,0.006377264654877646,75775.79000099699,False,0.0,142382.53540989518
1779836829.6952963,SELL_NO,156.19,0.7,0.7,0.0,0.0,0.00802479803079259,75775.79000099699,False,-1.5918999999999954,142308.54950331367
1779836830.7146735,BUY_NO,162.56,0.71,0.71,0.0,0.0,0.00622048809739828,75775.79000099699,False,0.0,142378.2381098952
1779836830.7265751,SELL_NO,162.56,0.7,0.7,0.0,0.0,0.005585013010739992,75775.79000099699,False,-1.6556000000000068,142306.86390331364
1779836830.8060546,BUY_NO,328.4,0.72,0.72,0.0,0.0,0.006078207518594003,75775.79000099699,False,0.0,142438.3255164767
1779836830.8198235,SELL_NO,225.19,0.7,0.7,0.0,0.0,0.010066161178348132,75775.79000099699,False,-4.533800000000014,142258.95190331363
1779836830.902301,SELL_NO,103.20999999999998,0.6959102800116268,0.7,58.42457126247361,58.42457126247361,0.011721544621366875,75775.79000099699,False,-2.516300000000001,142299.78380331365
1779836835.9069571,BUY_NO,469.36,0.71,0.71,0.0,0.0,0.006432069018853737,75775.79000099699,False,0.0,142240.61640989518
1779836835.916824,SELL_NO,217.73,0.7,0.7,0.0,0.0,0.011004198651795583,75775.79000099699,False,-2.2073000000000036,142194.37820331365
1779836835.9263575,SELL_NO,156.0,0.69,0.69,0.0,0.0,0.011356009259106181,75775.79000099699,False,-3.1500000000000057,142118.1506967321
1779836835.9545612,SELL_NO,95.63000000000002,0.7,0.7,0.0,0.0,0.006926614657866148,75775.79000099699,False,-0.9863,142293.41020331363
1779836835.9749484,BUY_NO,460.1,0.71,0.71,0.0,0.0,0.00692082724989862,75775.79000099699,False,0.0,142238.13200989517
1779836835.9911473,SELL_NO,122.09999999999997,0.7,0.7,0.0,0.0,0.01272931873835792,75775.79000099699,False,-1.2510000000000048,142153.54920331363
1779836835.9990163,SELL_NO,156.0,0.69,0.69,0.0,0.0,0.006143984948331127,75775.79000099699,False,-3.1500000000000057,142078.18539673206
1779836836.179938,BUY_NO,217.73,0.7171372801175767,0.71,100.52507207854578,100.52507207854578,0.009058712904289834,75775.79000099699,False,0.0,142257.50240989515
1779836836.2821693,BUY_NO,96.34000000000003,0.71,0.71,0.0,0.0,0.008152679557197229,75775.79000099699,False,0.0,142217.00960989515
1779836836.3973358,SELL_NO,144.0,0.6799999999999999,0.6799999999999999,0.0,0.0,0.006450729179974024,75775.79000099699,False,-4.801097627350998,141869.72029015052
1779836836.4414551,BUY_NO,729.4399999999999,0.712061855670103,0.71,29.04022070567726,29.04022070567726,0.01427476646752468,75775.79000099699,False,0.0,141965.24080989516
1779836836.4580503,SELL_NO,214.39,0.7,0.7,0.0,0.0,0.00944739820480156,75775.79000099699,False,-2.6906717355107332,141923.78810331362
1779836836.51427,BUY_NO,241.55999999999997,0.719586024176188,0.71,135.0144250167329,135.0144250167329,0.0071869069288610365,75775.79000099699,False,0.0,141949.30990989515
1779836836.5865207,BUY_NO,201.79,0.7297522176520145,0.72,135.44746738909035,135.44746738909035,0.01723379183884255,75775.79000099699,False,0.0,141985.4314164767
1779836837.2215204,SELL_NO,106.0,0.6900000000000001,0.69,-1.609018876268343e-12,-1.609018876268343e-12,0.005081783643853366,75775.79000099699,False,-2.828765822595429,141651.01409673205
1779836837.3988335,SELL_YES,176.74,0.29,0.29,0.0,0.0,0.006680110359091274,75775.79000099699,False,-4.581357001563987,136613.01983347043
1779836837.5293293,SELL_NO,119.0,0.6757983193277309,0.6799999999999999,61.78942165101476,61.78942165101476,0.011662752335577675,75775.79000099699,False,-4.862010687630729,141498.41639015052
1779836838.0714316,BUY_NO,110.40516922541701,0.71,0.71,0.0,0.0,0.012446485543537555,75775.79000099699,False,0.0,141828.13133882044
1779836838.0778508,BUY_NO,860.194830774583,0.7118786441654675,0.71,26.459776978416468,26.459776978416468,0.022762522082952263,75775.79000099699,False,0.0,141465.20350989513
1779836838.0927804,SELL_NO,127.1,0.7,0.7,0.0,0.0,0.01401718445257183,75775.79000099699,False,-1.8305707099128625,141400.3478033136
1779836838.2885313,SELL_NO,112.1,0.6999999999999998,0.7,1.5860328923216523e-12,1.5860328923216523e-12,0.037016784359419685,75775.79000099699,False,-1.6180721996949785,141445.1578033136
1779836838.3087127,SELL_YES,782.9,0.29,0.29,0.0,0.0,0.013392855382119706,75775.79000099699,False,-20.191012767480174,136604.76183347043
1779836838.325802,SELL_NO,96.1,0.7,0.7,0.0,0.0,0.00759782075424853,75775.79000099699,False,-1.3914071221292232,141162.54880331358
1779836838.3395786,SELL_YES,777.77,0.29,0.29,0.0,0.0,0.010182753828340274,75775.79000099699,False,-20.058906501677143,136603.74083347042
1779836840.999965,BUY_NO,205.96,0.6599999999999999,0.6599999999999999,0.0,0.0,0.03930256348387018,75775.79000099699,False,0.0,140364.04787698743
1779836841.5477312,BUY_NO,87.76000000000002,0.6599999999999999,0.6599999999999999,0.0,0.0,0.027061320426933877,75775.79000099699,False,0.0,140335.93467698744
1779836841.8053548,BUY_NO,105.75,0.6599999999999999,0.6599999999999999,0.0,0.0,0.025211561016870054,75775.79000099699,False,0.0,140302.06467698741
1779836841.8630383,SELL_YES,177.79,0.33,0.33,0.0,0.0,0.008809243259277622,75775.79000099699,True,2.5032037042658217,137021.2635597966
1779836841.8785963,SELL_YES,399.47,0.34,0.34,0.0,0.0,0.019528756994849683,75775.79000099699,True,9.656464912217032,137118.8729663781
1779836842.0599468,BUY_NO,76.0,0.6599999999999999,0.6599999999999999,0.0,0.0,0.030626924483738716,75775.79000099699,False,0.0,140091.15357698742
1779836842.0826385,SELL_YES,327.79,0.33,0.33,0.0,0.0,0.017575418366433504,75775.79000099699,True,4.640447394236418,137025.92825979658
1779836842.2060575,BUY_NO,79.07999999999993,0.6599999999999999,0.6599999999999999,0.0,0.0,0.030201498200822408,75775.79000099699,False,0.0,139957.6172769874
1779836842.5603895,BUY_NO,76.85000000000002,0.6599999999999999,0.6599999999999999,0.0,0.0,0.030059936944180965,75775.79000099699,False,0.0,139932.99527698744
1779836842.7394168,BUY_NO,106.0,0.6599999999999999,0.6599999999999999,0.0,0.0,0.030460020085533723,75775.79000099699,False,0.0,139899.04527698742
1779836843.0921452,BUY_NO,744.85,0.6599999999999999,0.6599999999999999,0.0,0.0,0.04779548480602669,75775.79000099699,False,0.0,139660.66327698744
1779836843.1008532,SELL_YES,358.79,0.33,0.33,0.0,0.0,0.030506790666771755,75775.79000099699,True,5.082144423496999,137035.8460597966
1779836843.41504,SELL_YES,143.6,0.35,0.35,0.0,0.0,0.01806823723582024,75775.79000099699,True,4.8880546258651805,137187.7182729597
1779836843.6516378,BUY_NO,200.35,0.65,0.65,0.0,0.0,0.04403645713037785,75775.79000099699,False,0.0,139363.0364704059
1779836843.8120892,BUY_NO,106.11000000000001,0.65,0.65,0.0,0.0,0.04261880494378045,75775.79000099699,False,0.0,139331.1734704059
1779836843.8789532,BUY_NO,99.99999999999994,0.6500000000000001,0.65,1.7080354225002406e-12,1.7080354225002406e-12,0.042706039957629116,75775.79000099699,False,0.0,139301.1434704059
1779836844.0400145,BUY_NO,88.40000000000009,0.65,0.65,0.0,0.0,0.04364567375861472,75775.79000099699,False,0.0,139274.59347040587
1779836844.1370363,BUY_NO,94.95999999999992,0.65,0.65,0.0,0.0,0.04474940155875917,75775.79000099699,False,0.0,139246.0754704059
1779836844.3901434,BUY_NO,80.23000000000002,0.65,0.65,0.0,0.0,0.045886644336394,75775.79000099699,False,0.0,139221.97647040588
1779836844.423132,BUY_NO,100.60000000000002,0.65,0.65,0.0,0.0,0.04813256738041494,75775.79000099699,False,0.0,139191.76647040588
1779836844.620675,SELL_YES,665.81,0.35,0.35,0.0,0.0,0.044097265068604785,75775.79000099699,True,22.772854808128812,137187.47827295968
1779836844.6313188,SELL_YES,206.24,0.3400000000000001,0.34,-1.6326809185664065e-12,-1.6326809185664065e-12,0.030832202585558577,75775.79000099699,True,4.970967590796917,137127.29776637815
1779836844.7212746,SELL_YES,604.69,0.35,0.35,0.0,0.0,0.007933173019529616,75775.79000099699,True,20.679599245922105,137185.35587295968
1779836844.8349664,SELL_YES,151.1199999999999,0.35,0.35,0.0,0.0,0.005171424763836863,75775.79000099699,True,5.145601776189032,137185.3258729597
1779836845.1241364,SELL_YES,713.76,0.35,0.35,0.0,0.0,0.01663660602579964,75775.79000099699,True,24.415060374356045,137185.2958729597
1779836845.4644725,BUY_NO,822.74,0.65,0.65,0.0,0.0,0.059589886021783944,75775.79000099699,False,0.0,138240.2160704059
1779836845.4737787,SELL_YES,156.24,0.34,0.34,0.0,0.0,0.035068905049787935,75775.79000099699,True,3.7585530274733756,137150.07086637817
1779836845.7730472,SELL_NO,264.04,0.63,0.63,0.0,0.0,0.009001751686952053,75775.79000099699,False,-12.205112249638802,138193.16685724285
1779836845.7997785,SELL_YES,253.99,0.36,0.36,0.0,0.0,0.034276981041272914,75775.79000099699,True,11.208623498770876,137214.57567954127
1779836846.090787,BUY_NO,101.69,0.64,0.64,0.0,0.0,0.05505664643684993,75775.79000099699,False,0.0,138129.7594638244
1779836846.1360347,SELL_YES,345.37,0.36,0.36,0.0,0.0,0.034991893301412,75775.79000099699,True,15.252032354700944,137214.51567954125
1779836846.1522665,SELL_NO,264.04,0.63,0.63,0.0,0.0,0.005855378867942185,75775.79000099699,False,-11.995882138534142,138072.41375724287
1779836846.4266722,BUY_NO,89.81,0.64,0.64,0.0,0.0,0.05722434790912723,75775.79000099699,False,0.0,138079.10986382441
1779836846.4350646,SELL_YES,173.66,0.35,0.35,0.0,0.0,0.04255220531848397,75775.79000099699,True,5.91755826133528,137180.81047295974
1779836846.4499168,SELL_YES,163.24,0.34,0.34,0.0,0.0,0.025548134782837684,75775.79000099699,True,3.928291066338673,137151.54226637818
1779836847.161887,BUY_NO,90.19000000000005,0.64,0.64,0.0,0.0,0.05365765907729281,75775.79000099699,False,0.0,137954.4332638244
1779836847.8158748,BUY_NO,90.44,0.64,0.64,0.0,0.0,0.06707762211912083,75775.79000099699,False,0.0,137929.0800638244
1779836848.0432544,BUY_NO,455.53234405218154,0.6400000000000001,0.64,1.734723475976807e-12,1.734723475976807e-12,0.05946213742966977,75775.79000099699,False,0.0,137801.5010074898
1779836848.076287,SELL_NO,262.04,0.63,0.63,0.0,0.0,0.005907790729533624,75775.79000099699,False,-10.586804944333807,137848.3572243488
1779836848.1393254,BUY_NO,84.44765594781848,0.64,0.64,0.0,0.0,0.06661604115173902,75775.79000099699,False,0.0,137848.5464638244
1779836848.1466863,SELL_YES,168.66,0.35,0.35,0.0,0.0,0.05444996847900868,75775.79000099699,True,5.746316805002927,137180.93337295973
1779836848.1534045,SELL_YES,187.24,0.34,0.34,0.0,0.0,0.030665679717672645,75775.79000099699,True,4.510250056733966,137159.56986637818
1779836848.2978647,SELL_NO,247.04,0.63,0.63,0.0,0.0,0.014476035203821569,75775.79000099699,False,-9.85403425353158,137788.14235724285
1779836848.3850935,SELL_YES,473.5,0.35999999999999993,0.36,1.5419764230904952e-12,1.5419764230904952e-12,0.010217268784198763,75775.79000099699,True,20.921565914673835,137195.96167954124
1779836848.5134602,SELL_YES,523.38,0.36,0.36,0.0,0.0,0.024777764018785176,75775.79000099699,True,23.128670683045385,137195.93167954125
1779836848.529417,SELL_NO,241.9,0.63,0.63,0.0,0.0,0.017255406076467916,75775.79000099699,False,-9.649631986436589,137581.78875724284
1779836848.6769302,SELL_YES,163.66,0.35,0.35,0.0,0.0,0.031539123517535406,75775.79000099699,True,5.575075348670573,137179.0709729597
1779836848.6870081,SELL_YES,213.0,0.34,0.34,0.0,0.0,0.010628227058574802,75775.79000099699,True,5.134886039758243,137166.29586637818
1779836849.2753139,BUY_NO,494.81,0.64,0.64,0.0,0.0,0.06753518208010612,75775.79000099699,False,0.0,137346.17226382438
1779836849.3134332,SELL_NO,296.9,0.63,0.63,0.0,0.0,0.008929725264014698,75775.79000099699,False,-10.948757319844333,137417.66925724284
1779836849.418906,BUY_NO,175.7,0.65,0.65,0.0,0.0,0.06591602735575164,75775.79000099699,False,0.0,137382.20127040593
1779836849.4250827,SELL_YES,385.24,0.34,0.34,0.0,0.0,0.0431960290266139,75775.79000099699,True,9.311411727495155,137168.92206637817
1779836849.9560816,SELL_YES,487.25,0.36,0.36,0.0,0.0,0.05287830472611593,75775.79000099699,True,21.529979919587817,137174.94527954125
1779836849.9660978,SELL_YES,187.63,0.35,0.35,0.0,0.0,0.022601210918662074,75775.79000099699,True,6.396006890327875,137176.76117295973
1779836849.9857001,SELL_NO,259.7,0.63,0.63,0.0,0.0,0.010391429786940187,75775.79000099699,False,-9.42132351566434,137140.03175724286
1779836850.0280988,SELL_YES,385.24,0.34,0.34,0.0,0.0,0.010245353426530157,75775.79000099699,True,9.311411727495155,137172.63236637818
1779836850.8079333,SELL_YES,242.79,0.33,0.33,0.0,0.0,0.027172265026208453,75775.79000099699,True,3.429342636586412,137177.57995979665
1779836851.3520534,BUY_NO,79.10999999999996,0.64,0.64,0.0,0.0,0.06991145210804406,75775.79000099699,False,0.0,136925.82886382443
1779836851.4487743,SELL_YES,158.0,0.32,0.32,0.0,0.0,0.005555930154899913,75775.79000099699,True,0.6412300201023626,137188.08985321512
1779836851.6014142,SELL_YES,418.74,0.36,0.36,0.0,0.0,0.022951178667316552,75775.79000099699,True,18.498529484921903,137148.9534795413
1779836851.6091363,SELL_YES,168.66,0.35,0.35,0.0,0.0,0.011501127056885996,75775.79000099699,True,5.746316805002927,137162.88747295973
1779836851.6188874,SELL_YES,418.74,0.36,0.36,0.0,0.0,0.02644664029795546,75775.79000099699,True,18.498529484921903,137147.20687954128
1779836851.640529,SELL_YES,157.89,0.38,0.38,0.0,0.0,0.024530883563822103,75775.79000099699,True,10.114162708063049,137107.50089270435
1779836852.066022,BUY_NO,80.0,0.63,0.63,0.0,0.0,0.05519102999387526,75775.79000099699,False,0.0,136551.24855724288
1779836852.2899547,BUY_NO,96.26,0.62,0.62,0.0,0.0,0.08411942628698832,75775.79000099699,False,0.0,136550.33305066134
1779836852.3010802,BUY_NO,203.99,0.63,0.63,0.0,0.0,0.07031792511033952,75775.79000099699,False,0.0,136474.08615724288
1779836852.3520644,SELL_NO,372.49,0.61,0.61,0.0,0.0,0.010959279313909276,75775.79000099699,False,-19.700242832394025,136606.4427440798
1779836852.6983218,BUY_NO,81.2,0.62,0.62,0.0,0.0,0.08113388435429303,75775.79000099699,False,0.0,136565.43025066133
1779836852.7155466,BUY_NO,133.99,0.62,0.62,0.0,0.0,0.07517789425856669,75775.79000099699,False,0.0,136533.24265066133
1779836854.1080303,BUY_NO,83.39999999999998,0.62,0.62,0.0,0.0,0.11204509749106428,75775.79000099699,False,0.0,136513.19665066132
1779836855.40507,BUY_NO,455.91,0.62,0.62,0.0,0.0,0.16647377083831727,75775.79000099699,False,0.0,136403.7482506613
1779836856.4189224,BUY_NO,86.17000000000002,0.62,0.62,0.0,0.0,0.17653180707041483,75775.79000099699,False,0.0,136383.0374506613
1779836857.3829691,BUY_NO,381.82,0.62,0.62,0.0,0.0,0.1720241328268194,75775.79000099699,False,0.0,136291.37065066132
1779836857.725755,BUY_NO,366.82,0.62,0.62,0.0,0.0,0.173323604723694,75775.79000099699,False,0.0,136203.30385066132
1779836857.7501624,BUY_NO,366.82,0.62,0.62,0.0,0.0,0.17830264311262545,75775.79000099699,False,0.0,136115.23705066132
1779836858.3399122,BUY_NO,372.02,0.62,0.62,0.0,0.0,0.1979795756645143,75775.79000099699,False,0.0,136025.92225066133
1779836859.5817041,BUY_NO,134.93,0.62,0.62,0.0,0.0,0.19175448468241751,75775.79000099699,False,0.0,135993.50905066135
1779836859.8529973,BUY_NO,84.07,0.62,0.62,0.0,0.0,0.1912534339409392,75775.79000099699,False,0.0,135973.30225066133
1779836860.056119,BUY_NO,96.5,0.62,0.62,0.0,0.0,0.18409170822801157,75775.79000099699,False,0.0,135950.11225066133
1779836860.1656175,BUY_NO,86.74000000000001,0.62,0.62,0.0,0.0,0.18721678507740436,75775.79000099699,False,0.0,135929.26465066135
1779836862.2239163,BUY_NO,501.42,0.62,0.62,0.0,0.0,0.19203940937635922,75775.79000099699,False,0.0,135808.89385066135
1779836863.7770495,BUY_NO,424.98,0.62,0.62,0.0,0.0,0.18168627848100094,75775.79000099699,False,0.0,135706.86865066134
1779836864.0147862,BUY_NO,434.98,0.62,0.62,0.0,0.0,0.19200161417738149,75775.79000099699,False,0.0,135602.44345066135
1779836864.5687556,BUY_NO,399.98,0.62,0.62,0.0,0.0,0.18850684113075356,75775.79000099699,False,0.0,135506.41825066134
1779836865.2456071,BUY_NO,80.74000000000001,0.62,0.62,0.0,0.0,0.20813134407652678,75775.79000099699,False,0.0,135487.01065066134
1779836865.259968,BUY_NO,480.72,0.62,0.62,0.0,0.0,0.21502044406815435,75775.79000099699,False,0.0,135371.60785066133
1779836867.1209948,BUY_YES,619.35,0.18,0.18,0.0,0.0,0.03991582864401183,75775.79000099699,False,0.0,138540.74796107353
1779836867.132275,SELL_NO,229.0,0.8036681222707425,0.81,78.17132999083437,78.17132999083437,0.020001459512162922,75775.79000099699,True,37.34264211600723,134533.7630757106
1779836867.143472,BUY_YES,619.35,0.18,0.18,0.0,0.0,0.059327602907203014,75775.79000099699,False,0.0,138536.94796107354
1779836867.1506233,SELL_NO,229.0,0.8036681222707425,0.81,78.17132999083437,78.17132999083437,0.0349120232706166,75775.79000099699,True,37.34264211600723,135064.42357571056
1779836867.1579516,SELL_NO,282.56,0.79,0.79,0.0,0.0,0.01223986206567762,75775.79000099699,True,42.22153256025766,135338.3975625475
1779836867.5645092,SELL_NO,738.2,0.818794364670821,0.8200000000000001,14.702869868037263,14.702869868037263,0.028409513672349118,75775.79000099699,True,131.6099231879325,135653.2235822921
1779836867.5721161,SELL_NO,145.0,0.8,0.8,0.0,0.0,0.005097031773457883,75775.79000099699,True,23.10202230052859,135829.89756912904
1779836868.0286493,SELL_NO,61.799999999999955,0.8200000000000001,0.8200000000000001,0.0,0.0,0.00781804445043488,75775.79000099699,True,11.065027435673557,135782.6155822921
1779836868.0614755,SELL_NO,142.83000000000004,0.8200000000000001,0.8200000000000001,0.0,0.0,0.0075812487715472,75775.79000099699,True,25.612439621962068,135873.99678229212
1779836868.1802123,BUY_YES,857.72,0.18,0.18,0.0,0.0,0.05231405522716251,75775.79000099699,False,0.0,138520.73116107352
1779836868.188785,SELL_NO,229.0,0.8030131004366812,0.81,86.2580193002331,86.2580193002331,0.02922209440476975,75775.79000099699,True,37.19264211600719,136596.03607571055
1779836868.1951902,SELL_NO,383.59,0.79,0.79,0.0,0.0,0.00883700655467723,75775.79000099699,True,57.32866851213629,136879.46526254748
1779836868.2919676,SELL_NO,108.53,0.84,0.84,0.0,0.0,0.005492947253210145,75775.79000099699,True,21.625119863974945,136819.97269545516
1779836868.3070202,SELL_NO,108.53,0.84,0.84,0.0,0.0,0.009166539947891406,75775.79000099699,True,21.625119863974945,136893.74309545517
1779836868.3206067,SELL_NO,108.53,0.84,0.84,0.0,0.0,0.01278063280507935,75775.79000099699,True,21.625119863974945,136967.51349545515
1779836868.4432237,SELL_NO,78.0,0.85,0.85,0.0,0.0,0.022908276150189866,75775.79000099699,True,16.31343268580158,136998.68680203668
1779836868.4826746,SELL_NO,71.41999999999999,0.84,0.84,0.0,0.0,0.019022830458446216,75775.79000099699,True,14.220517466922416,137069.83909545516
1779836868.5659015,SELL_NO,257.95,0.8430238418298119,0.85,82.07244906103577,82.07244906103577,0.02500186016726147,75775.79000099699,True,52.219070016698936,137226.6721020367
1779836868.5824153,SELL_NO,257.95,0.8430238418298119,0.85,82.07244906103577,82.07244906103577,0.0289038051711048,75775.79000099699,True,52.219070016698936,137405.40760203672
1779836868.5922523,SELL_NO,878.88,0.8200000000000001,0.8200000000000001,0.0,0.0,0.005525515332294173,75775.79000099699,True,157.7563707550936,138018.0912822921
1779836869.4252856,SELL_NO,61.17,0.8724521824423738,0.88,85.77065406393449,85.77065406393449,0.045387322505942906,75775.79000099699,True,14.160422787057477,138016.36062178138
1779836869.433929,SELL_NO,226.88,0.8416277327221439,0.85,98.49726209242489,98.49726209242489,0.013908755359162916,75775.79000099699,True,45.608935996854655,138195.27610203673
1779836869.4758852,SELL_NO,1028.11,0.8200000000000001,0.8200000000000001,0.0,0.0,0.0057601643929376944,75775.79000099699,True,184.54780998204455,138868.45908229213
1779836869.6902986,SELL_NO,61.17,0.8724521824423738,0.88,85.77065406393449,85.77065406393449,0.06193284778789587,75775.79000099699,True,14.160422787057477,138945.69802178137
1779836869.6976128,SELL_NO,86.93,0.8534510525710342,0.86,76.15055149960273,76.15055149960273,0.04253094003331337,75775.79000099699,True,18.484546197137583,138996.0511086183
1779836869.7045166,SELL_NO,61.17,0.8724521824423738,0.88,85.77065406393449,85.77065406393449,0.06175421226926803,75775.79000099699,True,14.160422787057477,139055.42442178138
1779836869.7111413,SELL_NO,86.93,0.8534510525710342,0.86,76.15055149960273,76.15055149960273,0.042186055532783096,75775.79000099699,True,18.484546197137583,139102.8155086183
1779836869.717705,SELL_NO,199.5,0.8395213032581453,0.84,5.69877073636469,5.69877073636469,0.026459892717671796,75775.79000099699,True,39.680972061761736,139222.01219545523
1779836870.09983,SELL_NO,87.99999999999999,0.87,0.87,0.0,0.0,0.045970808497661664,75775.79000099699,True,20.16874456859665,139317.59391519983
1779836870.1306205,SELL_NO,149.17,0.8710055641214722,0.88,102.20949861963379,102.20949861963379,0.05014775152008555,75775.79000099699,True,34.35916735565414,139440.6353217814
1779836870.1365747,SELL_NO,86.93,0.8534510525710342,0.86,76.15055149960273,76.15055149960273,0.03311547633546552,75775.79000099699,True,18.484546197137583,139477.5544086183
1779836870.1458867,SELL_NO,224.5,0.8386837416481068,0.84,15.669742284442808,15.669742284442808,0.017477255060985963,75775.79000099699,True,44.469251768749416,139603.07909545524
1779836870.2623837,SELL_NO,164.17,0.8718273740634708,0.88,92.87074927874127,92.87074927874127,0.01817217746089428,75775.79000099699,True,37.952135179846735,139789.0762217814
1779836870.3292272,SELL_NO,99.93,0.8538026618633042,0.86,72.06207135692748,72.06207135692748,0.006979284786216344,75775.79000099699,True,21.288451644771172,139825.7933086183
1779836870.6815414,SELL_NO,60.52,0.855538664904164,0.86,51.87598948646531,51.87598948646531,0.022155225378915455,75775.79000099699,True,12.986027514675797,139869.06770861833
1779836870.6894934,SELL_NO,163.0,0.84,0.84,0.0,0.0,0.005888623984838581,75775.79000099699,True,32.4935836895597,139942.08549545525
1779836870.8466787,SELL_NO,221.13,0.8732541943653054,0.88,76.6568822124389,76.6568822124389,0.04785507839719938,75775.79000099699,True,51.445831664247464,140190.7270217814
1779836870.8551757,SELL_NO,196.88,0.8547211499390492,0.86,61.38197745291565,61.38197745291565,0.027631388844729043,75775.79000099699,True,42.15200034846944,140285.93650861832
1779836870.8618047,SELL_NO,186.55,0.84,0.84,0.0,0.0,0.008577692771432166,75775.79000099699,True,37.192543173542106,140363.34809545524
1779836871.0268366,SELL_NO,221.13,0.8732541943653054,0.88,76.6568822124389,76.6568822124389,0.006994209028547194,75775.79000099699,True,51.445831664247464,140636.17202178139
1779836871.08647,SELL_NO,221.13,0.8732541943653054,0.88,76.6568822124389,76.6568822124389,0.021727243991052636,75775.79000099699,True,51.445831664247464,140802.70912178137
1779836871.1626427,SELL_NO,92.95,0.86,0.86,0.0,0.0,0.008968094725840592,75775.79000099699,True,20.375423950580213,140807.6145086183
1779836871.256426,SELL_NO,212.79,0.8729898021523568,0.88,79.66133917776396,79.66133917776396,0.018701734431834538,75775.79000099699,True,49.44814155399638,141031.66082178138
1779836871.267079,SELL_NO,112.95,0.86,0.86,0.0,0.0,0.0059890519270459075,75775.79000099699,True,24.766047716170362,141044.8514086183
1779836871.3305948,SELL_NO,209.51999999999998,0.8728803932798779,0.88,80.90462181956964,80.90462181956964,0.006973498606213768,75775.79000099699,True,48.6648745683224,141272.92732178138
1779836871.3758998,SELL_NO,209.51999999999998,0.8728803932798779,0.88,80.90462181956964,80.90462181956964,0.011596016817609245,75775.79000099699,True,48.6648745683224,141430.64082178136
1779836871.389049,SELL_NO,209.51999999999998,0.8728803932798779,0.88,80.90462181956964,80.90462181956964,0.01576259663153201,75775.79000099699,True,48.6648745683224,141588.35432178137
1779836871.4146748,SELL_NO,112.95,0.86,0.86,0.0,0.0,0.00515791338341709,75775.79000099699,True,24.766047716170362,141586.71470861827
1779836871.4230814,SELL_NO,209.51999999999998,0.8728803932798779,0.88,80.90462181956964,80.90462181956964,0.021395205782566484,75775.79000099699,True,48.6648745683224,141829.62082178134
1779836871.430642,SELL_NO,108.05999999999796,0.86,0.86,0.0,0.0,0.00888397763159221,75775.79000099699,True,23.692540205483127,141818.01100861828
1779836873.1623483,BUY_NO,84.0,0.9000000000000001,0.9,1.2335811384723962e-12,1.2335811384723962e-12,0.005467766320840228,75775.79000099699,False,0.0,141933.86943494444
1779836873.7072804,BUY_NO,84.8,0.9100000000000001,0.91,1.220025301785886e-12,1.220025301785886e-12,0.005618302761207339,75775.79000099699,False,0.0,141909.23554152597
1779836874.6314912,SELL_NO,168.8,0.9,0.9,0.0,0.0,0.006427020284958784,75775.79000099699,False,-0.8780000000000143,142000.16143494446
1779836874.8340044,BUY_NO,125.0,0.91,0.91,0.0,0.0,0.005004877803158614,75775.79000099699,False,0.0,141943.40354152597
1779836874.900498,SELL_NO,125.0,0.9,0.9,0.0,0.0,0.006125357122103936,75775.79000099699,False,-1.2800000000000011,141998.85143494446
1779836875.156136,BUY_YES,536.31,0.1,0.1,0.0,0.0,0.02645598007639169,75775.79000099699,False,0.0,138337.05290842123
1779836875.2380898,BUY_NO,225.0,0.9193777777777778,0.91,103.0525030525035,103.0525030525035,0.005216049488142471,75775.79000099699,False,0.0,142292.364641526
1779836875.5475607,SELL_NO,225.0,0.9,0.9,0.0,0.0,0.014971612120986522,75775.79000099699,False,-4.390000000000015,142423.44943494443
1779836875.6836743,BUY_YES,530.57,0.1,0.1,0.0,0.0,0.051711097541962375,75775.79000099699,False,0.0,138332.60290842122
1779836875.805018,BUY_YES,780.47,0.1,0.1,0.0,0.0,0.04993082999767648,75775.79000099699,False,0.0,138332.57290842122
1779836875.8506103,BUY_YES,830.19,0.1,0.1,0.0,0.0,0.050857804104573495,75775.79000099699,False,0.0,138332.54290842122
1779836879.866841,BUY_NO,140.84,0.9199999999999999,0.92,-1.206764157201257e-12,-1.206764157201257e-12,0.0051429063365738825,75775.79000099699,False,0.0,144163.10284810755
1779836879.9485574,BUY_NO,135.84,0.92,0.92,0.0,0.0,0.005874233781175131,75775.79000099699,False,0.0,144048.96724810754
1779836880.370888,SELL_NO,276.68,0.91,0.91,0.0,0.0,0.005079296669180833,75775.79000099699,False,-2.7967999999999904,144206.034141526
1779836885.7689846,BUY_NO,510.76,0.9289789725115514,0.92,97.59752729947098,97.59752729947098,0.005731760738399316,75775.79000099699,False,0.0,143844.92714810756
1779836886.2060888,BUY_NO,55.37,0.92,0.92,0.0,0.0,0.00556045297622032,75775.79000099699,False,0.0,143798.38634810757
1779836886.8055632,BUY_NO,59.97,0.92,0.92,0.0,0.0,0.005262310807425785,75775.79000099699,False,0.0,143747.98154810755
1779836887.3824902,BUY_NO,55.0,0.92,0.92,0.0,0.0,0.006012225364513846,75775.79000099699,False,0.0,143701.75154810754
1779836887.4696224,BUY_NO,112.92,0.92,0.92,0.0,0.0,0.009212559082726668,75775.79000099699,False,0.0,143606.86874810758
1779836887.581536,BUY_NO,311.7,0.9263772858517806,0.92,69.3183244758755,69.3183244758755,0.008106497125884848,75775.79000099699,False,0.0,143343.02294810757
1779836887.6065137,BUY_NO,311.7,0.9270189284568495,0.92,76.29270061792916,76.29270061792916,0.00872458007893262,75775.79000099699,False,0.0,143078.97714810754
1779836887.7314508,BUY_NO,316.88,0.927239333501641,0.92,78.68840762653224,78.68840762653224,0.00560788266131329,75775.79000099699,False,0.0,142810.47394810757
1779836887.7473288,BUY_NO,316.87,0.9272395619654747,0.92,78.69089092907289,78.69089092907289,0.005504922707494586,75775.79000099699,False,0.0,142541.97914810755
1779836888.0344288,BUY_NO,173.57055281331168,0.94,0.94,0.0,0.0,0.006164191459680279,75775.79000099699,False,0.0,142493.2786747949
1779836888.0980582,BUY_NO,54.99999999999997,0.9290909090909091,0.92,98.81422924901129,98.81422924901129,0.006323161367099095,75775.79000099699,False,0.0,142345.94847268812
1779836888.1451383,BUY_NO,361.87,0.9275828336142812,0.92,82.42210450305582,82.42210450305582,0.012305562996125174,75775.79000099699,False,0.0,142039.2036726881
1779836888.2223756,BUY_NO,85.58394762969965,0.94,0.94,0.0,0.0,0.0075871146520547494,75775.79000099699,False,0.0,142056.12260088077
1779836888.3262138,BUY_NO,57.35225636144287,0.9399999999999998,0.94,-1.1810883240693154e-12,-1.1810883240693154e-12,0.007751285485304127,75775.79000099699,False,0.0,142005.62261528271
1779836888.384169,BUY_NO,78.65206216551542,0.94,0.94,0.0,0.0,0.007973411776427963,75775.79000099699,False,0.0,141936.37880057705
1779836889.1064603,BUY_NO,242.91,0.9284146391667696,0.92,91.46346920401677,91.46346920401677,0.03051727749191302,75775.79000099699,False,0.0,141642.42936379337
1779836889.1127687,BUY_NO,2598.0299999999997,0.9479385149517133,0.94,84.45228672035513,84.45228672035513,0.010443221202883213,75775.79000099699,False,0.0,139418.48130057706
1779836889.1258926,SELL_NO,418.67,0.91,0.91,0.0,0.0,0.00679284661386792,75775.79000099699,False,-11.49230703690182,139715.24234540155
1779836889.8402698,BUY_NO,194.59,0.9210278020453261,0.92,11.171761362239595,11.171761362239595,0.03806258780093541,75775.79000099699,False,0.0,139571.2495637934
1779836889.975742,BUY_NO,58.22999999999999,0.9382431736218444,0.9299999999999999,88.63627550370386,88.63627550370386,0.014006213041019455,75775.79000099699,False,0.0,139538.40868218523
1779836889.987687,BUY_NO,426.31,0.925151884778682,0.92,55.9987475943696,55.9987475943696,0.026133781987843663,75775.79000099699,False,0.0,139160.91736379339
1779836890.5008147,BUY_NO,56.25999999999999,0.92,0.92,0.0,0.0,0.036870486614336895,75775.79000099699,False,0.0,139113.6289637934
1779836890.953292,BUY_NO,462.34000000000003,0.9245291344032529,0.92,49.22972177448767,49.22972177448767,0.03438677196954143,75775.79000099699,False,0.0,138723.1393637934
1779836891.2321105,BUY_NO,434.20000000000005,0.9248226623675724,0.92,52.42024312578629,52.42024312578629,0.03416019718514529,75775.79000099699,False,0.0,138356.28736379338
1779836891.324573,BUY_NO,441.53999999999996,0.9247424921864383,0.92,51.54882811345974,51.54882811345974,0.033833408163703727,75775.79000099699,False,0.0,137983.2697637934
1779836892.0712888,BUY_NO,435.35,0.9248099230504191,0.92,52.2817722871636,52.2817722871636,0.03454959171431449,75775.79000099699,False,0.0,137615.4517637934
1779836892.133177,BUY_NO,408.82,0.9251220586077001,0.92,55.67455008369671,55.67455008369671,0.03373710994137924,75775.79000099699,False,0.0,137269.9189637934
1779836893.3771577,BUY_NO,368.65,0.9251376644513768,0.92,55.84417881931256,55.84417881931256,0.033430331930856094,75775.79000099699,False,0.0,136958.3289637934
1779836893.623035,BUY_NO,359.3,0.9252713609796828,0.92,57.297401953073106,57.297401953073106,0.03420570251218391,75775.79000099699,False,0.0,136654.5929637934
1779836894.036785,BUY_NO,58.0,0.9225862068965518,0.92,28.11094452773649,28.11094452773649,0.03513038069336327,75775.79000099699,False,0.0,136605.6929637934
1779836895.1100867,BUY_NO,391.86,0.9252161486245087,0.92,56.697267657703236,56.697267657703236,0.03485419587913763,75775.79000099699,False,0.0,136274.4565637934
1779836896.1843514,BUY_NO,150.22,0.9289468779123952,0.92,97.24867296081655,97.24867296081655,0.02769264440475039,75775.79000099699,False,0.0,136146.8977637934
1779836896.477114,BUY_NO,149.72,0.928976756612343,0.92,97.5734414385107,97.5734414385107,0.031346512763269496,75775.79000099699,False,0.0,136019.7589637934
1779836897.0008147,BUY_NO,149.72,0.928976756612343,0.92,97.5734414385107,97.5734414385107,0.034206543312850224,75775.79000099699,False,0.0,135892.6201637934
1779836897.0738387,BUY_NO,149.72,0.928976756612343,0.92,97.5734414385107,97.5734414385107,0.03276107592602839,75775.79000099699,False,0.0,135765.4813637934
1779836897.6829834,BUY_NO,129.28,0.9292357673267327,0.92,100.38877529057284,100.38877529057284,0.03806386002807549,75775.79000099699,False,0.0,135655.6621637934
1779836897.7405777,BUY_NO,114.96972911388912,0.94,0.94,0.0,0.0,0.029994183593541446,75775.79000099699,False,0.0,135497.36223895685
1779836898.1039598,BUY_NO,119.67,0.9299774379543746,0.92,108.45041254754953,108.45041254754953,0.040131693355074716,75775.79000099699,False,0.0,135455.01139675546
1779836898.1176953,BUY_NO,100.40513036510492,0.94,0.94,0.0,0.0,0.03069232712286607,75775.79000099699,False,0.0,135304.83552423556
1779836898.2910836,BUY_NO,288.40518473801603,0.9365326559544745,0.9299999999999999,70.24361241370548,70.24361241370548,0.029899239570928104,75775.79000099699,False,0.0,135086.79174371646
1779836898.4834328,BUY_NO,63.03328877056629,0.9352913768932425,0.9299999999999999,56.89652573379086,56.89652573379086,0.03143206378811947,75775.79000099699,False,0.0,135032.21958248605
1779836898.7259626,BUY_NO,107.36415226449026,0.94,0.94,0.0,0.0,0.03214696059516753,75775.79000099699,False,0.0,134902.29601355526
1779836898.805035,BUY_NO,176.68224386182249,0.9396490875447082,0.9299999999999999,103.75362951299226,103.75362951299226,0.0283295936546617,75775.79000099699,False,0.0,134785.10121785614
1779836898.8125892,SELL_YES,2042.53,0.05,0.05,0.0,0.0,0.018112967099967466,75775.79000099699,False,-300.06726373545655,138151.38616099439
1779836898.8241506,SELL_NO,386.53,0.9162753214498229,0.92,40.48563641496855,40.48563641496855,0.04157836864210229,75775.79000099699,False,-6.185576693002247,133369.53919675545
1779836898.899362,SELL_NO,858.89,0.8943096321996996,0.9,63.22630889222679,63.22630889222679,0.2268015522798471,75775.79000099699,False,-32.57412617093826,134161.36095455405
1779836898.9067025,SELL_NO,531.87,0.8740308722056142,0.88,67.83099766347561,67.83099766347561,0.19080509211438657,75775.79000099699,False,-30.968703916144023,134654.82671235263
1779836898.913374,SELL_NO,299.53,0.9151934697693054,0.92,52.244893811898486,52.244893811898486,0.21672333647662323,75775.79000099699,False,-5.124129270315279,134741.33829675545
1779836898.9559896,SELL_NO,306.03,0.9152955592588962,0.92,51.13522544678127,51.13522544678127,0.14032360558711876,75775.79000099699,False,-5.203432813389668,134996.93379675545
1779836898.965268,SELL_NO,858.89,0.8943096321996996,0.9,63.22630889222679,63.22630889222679,0.10858627621151107,75775.79000099699,False,-32.57412617093826,135748.82915455403
1779836899.0171158,SELL_NO,526.87,0.8739742251409266,0.88,68.47471430765236,68.47471430765236,0.008351335189770492,75775.79000099699,False,-30.707701190702267,136198.56851235262
1779836899.2298894,BUY_NO,78.97132221889933,0.93,0.9299999999999999,1.1937881985216738e-12,1.1937881985216738e-12,0.024534193579501484,75775.79000099699,False,0.0,136025.65928074787
1779836899.2318327,BUY_NO,102.29162821838963,0.9299999999999999,0.9299999999999999,0.0,0.0,0.02488775883053962,75775.79000099699,False,0.0,135937.65848048008
1779836899.242113,BUY_NO,98.54027668471099,0.9310811038369706,0.9299999999999999,11.624772440545025,11.624772440545025,0.024152341455443982,75775.79000099699,False,0.0,135852.77731026002
1779836899.2505815,BUY_NO,298.7291217723723,0.9342673818011459,0.9299999999999999,45.88582581877357,45.88582581877357,0.02197748582635839,75775.79000099699,False,0.0,135594.56547431805
1779836899.2643068,BUY_NO,251.458596034332,0.9394830162816059,0.9299999999999999,101.96791700651583,101.96791700651583,0.017656345487152003,75775.79000099699,False,0.0,135375.89649576816
1779836899.271309,BUY_NO,796.8299999999999,0.9377012662675853,0.9299999999999999,82.80931470521917,82.80931470521917,0.024242289538501605,75775.79000099699,False,0.0,134684.45609576817
1779836899.2729442,SELL_YES,2042.53,0.05,0.05,0.0,0.0,0.012311622672731608,75775.79000099699,False,-300.06726373545655,137963.39307044365
1779836899.274495,SELL_NO,68.06,0.92,0.92,0.0,0.0,0.005303958460905034,75775.79000099699,False,-0.9085120731020098,133001.82638411675
1779836899.2759438,SELL_NO,473.18,0.9028359186778815,0.91,78.72616837492903,78.72616837492903,0.03337467921574122,75775.79000099699,False,-14.259462896714808,133443.41977246533
1779836899.2777774,SELL_NO,174.0,0.9122879310344828,0.92,83.8268365817091,83.8268365817091,0.08565301783605739,75775.79000099699,False,-3.6178756203313185,133535.93398411674
1779836899.2799675,SELL_NO,822.73,0.8941203067835134,0.9,65.32992462762917,65.32992462762917,0.10680085352241686,75775.79000099699,False,-31.941721391466558,134290.31836081392
1779836899.2819006,SELL_NO,531.87,0.8739368642713445,0.88,68.89926964381212,68.89926964381212,0.10869244596686323,75775.79000099699,False,-31.394927891871305,134775.8979375111
1779836899.2836368,SELL_NO,519.9,0.8555202923639161,0.86,52.089623675393625,52.089623675393625,0.0946773637259507,75775.79000099699,False,-40.26382025867957,135221.84271420827
1779836899.2852361,SELL_NO,613.0,0.8325938009787928,0.84,88.16903596675245,88.16903596675245,0.06360197435659898,75775.79000099699,False,-61.52254629461555,135697.69049090543
1779836899.2868567,SELL_NO,371.38,0.815492487479132,0.8200000000000001,54.96966488863423,54.96966488863423,0.036324443917039595,75775.79000099699,False,-43.635738079762234,135984.9874676026
1779836899.3239367,BUY_NO,106.15106957761327,0.9299999999999999,0.9299999999999999,0.0,0.0,0.01792876476768357,75775.79000099699,False,0.0,135652.27157593143
1779836899.3640974,BUY_NO,273.0204611229892,0.933223951082675,0.9299999999999999,34.66614067392512,34.66614067392512,0.015613670695835191,75775.79000099699,False,0.0,135416.5637747544
1779836899.3740447,BUY_NO,88.26279269438146,0.9360334361817412,0.9299999999999999,64.87565786818534,64.87565786818534,0.013130583055892764,75775.79000099699,False,0.0,135340.0952451103
1779836899.3802912,BUY_NO,442.7367461826293,0.9397063717861214,0.9299999999999999,104.36958909807997,104.36958909807997,0.012550708497330088,75775.79000099699,False,0.0,134955.0142759314
1779836899.385753,BUY_NO,56.99000000000001,0.9299999999999999,0.9299999999999999,0.0,0.0,0.026781629228748827,75775.79000099699,False,0.0,134905.97287593142
1779836899.3871598,SELL_YES,2042.53,0.05,0.05,0.0,0.0,0.007258040429392244,75775.79000099699,False,-300.06726373545655,137688.21239183523
1779836899.4016635,BUY_NO,57.430000000000035,0.9299999999999999,0.9299999999999999,0.0,0.0,0.034434172597564205,75775.79000099699,False,0.0,133059.09667593142
1779836899.434128,BUY_NO,74.44000000000005,0.9313742611499194,0.9299999999999999,14.777001612037136,14.777001612037136,0.0405905605883109,75775.79000099699,False,0.0,132994.94597593142
1779836899.4408736,BUY_NO,55.0,0.9299999999999999,0.9299999999999999,0.0,0.0,0.04280444084939028,75775.79000099699,False,0.0,132947.61597593143
1779836899.514921,BUY_NO,830.95,0.9368717732715565,0.9299999999999999,73.89003517802716,73.89003517802716,0.038756225370940256,75775.79000099699,False,0.0,132227.25887593144
1779836899.5213497,BUY_NO,2060.5299999999997,0.9499126438343534,0.94,105.45365781227041,105.45365781227041,0.024240947668127344,75775.79000099699,False,0.0,130331.31697688709
1779836899.52272,BUY_NO,848.6800000000001,0.9369403073007494,0.9299999999999999,74.62696022311248,74.62696022311248,0.03800560462660718,75775.79000099699,False,0.0,129678.35757593144
1779836899.5244718,SELL_YES,1127.1606581540407,0.05,0.05,0.0,0.0,0.024377059145529442,75775.79000099699,False,-165.604165208244,137713.80989183523
1779836899.5270717,SELL_NO,192.38,0.9114570121634266,0.92,92.85856344101607,92.85856344101607,0.022069676599790533,75775.79000099699,False,-4.985837405275504,128948.93580238178
1779836899.5295157,SELL_NO,822.73,0.8941203067835134,0.9,65.32992462762917,65.32992462762917,0.037526510006978486,75775.79000099699,False,-35.487502408994374,129803.57261363359
1779836899.5316446,SELL_NO,192.38,0.9114570121634266,0.92,92.85856344101607,92.85856344101607,0.06868414830280212,75775.79000099699,False,-4.985837405275504,129778.63270238177
1779836899.5337648,SELL_NO,822.73,0.8941203067835134,0.9,65.32992462762917,65.32992462762917,0.05954025520088824,75775.79000099699,False,-35.487502408994374,130612.96731363359
1779836899.5352635,SELL_NO,506.56,0.8741335675931775,0.88,66.66400462298292,66.66400462298292,0.0342424693205815,75775.79000099699,False,-31.98588831487865,131159.5146248854
1779836899.536669,SELL_NO,549.9,0.8552191307510456,0.86,55.59150289481835,55.59150289481835,0.008169163175421046,75775.79000099699,False,-45.121002594661604,131707.21583613718
1779836899.56869,BUY_NO,253.55301493743445,0.9322674948255543,0.9299999999999999,24.381664790906754,24.381664790906754,0.022388098729691053,75775.79000099699,False,0.0,130986.53557376031
1779836899.5883126,BUY_NO,543.375485358597,0.9398801933437299,0.9299999999999999,106.23863810462275,106.23863810462275,0.01662762492713532,75775.79000099699,False,0.0,130513.83400149833
1779836899.691008,BUY_NO,2049.13,0.9499677912089519,0.94,106.04033201012734,106.04033201012734,0.023261072512842373,75775.79000099699,False,0.0,128610.45791086947
1779836899.862457,BUY_NO,767.6400000000001,0.9378414360898337,0.9299999999999999,84.31651709498696,84.31651709498696,0.04049004329522665,75775.79000099699,False,0.0,128044.41580149834
1779836899.8642533,BUY_NO,385.611752690078,0.9499999999999998,0.95,-1.1686558153949015e-12,-1.1686558153949015e-12,0.02779091497033448,75775.79000099699,False,0.0,127481.62704281954
1779836899.9453027,BUY_NO,241.17559081755462,0.9329764865745414,0.9299999999999999,32.00523198431629,32.00523198431629,0.03604630893582972,75775.79000099699,False,0.0,127496.8885951198
1779836899.9554305,BUY_NO,529.5744091824454,0.9398889674444603,0.9299999999999999,106.33298327376698,106.33298327376698,0.03106299985580574,75775.79000099699,False,0.0,127036.18765913109
1779836899.996198,BUY_NO,740.3,0.9380437660407943,0.9299999999999999,86.49210796553093,86.49210796553093,0.039643139665328064,75775.79000099699,False,0.0,126393.54485913109
1779836900.0965517,BUY_NO,55.56999999999999,0.9362299802051466,0.9299999999999999,66.98903446394243,66.98903446394243,0.04030105495523073,75775.79000099699,False,0.0,126345.37845913108
1779836900.257911,BUY_NO,56.190000000000055,0.9312564513258587,0.9299999999999999,13.510229310308825,13.510229310308825,0.047048971548216856,75775.79000099699,False,0.0,126296.95445913108
1779836900.366983,BUY_NO,746.1,0.9384500737166599,0.9299999999999999,90.86100770602104,90.86100770602104,0.03975320414823369,75775.79000099699,False,0.0,125648.97385913109
1779836900.548924,BUY_NO,54.609999999999985,0.9299999999999999,0.9299999999999999,0.0,0.0,0.04803526964405147,75775.79000099699,False,0.0,125601.9792591311
1779836900.696328,BUY_NO,467.93635685084155,0.9368019155210097,0.9299999999999999,73.13887656999707,73.13887656999707,0.04215995690508545,75775.79000099699,False,0.0,125196.34112867087
1779836900.7140765,BUY_NO,290.3436431491584,0.9398277902713567,0.9299999999999999,105.67516420813676,105.67516420813676,0.04040838885260889,75775.79000099699,False,0.0,124943.7621591311
