timestamp,spot_price,strike,model_prob,implied_prob,kelly_size,status
1779792903.0524166,77383.02,77387.22123062373,0.6842582081960324,0.485,105.57,BUY_YES
1779792903.05653,77383.02,77387.22123062373,0.6644057163245155,0.485,105.57,BUY_YES
1779792903.063947,77383.02,77387.22123062373,0.01,0.485,569.85,BUY_NO
1779792903.4319339,77381.443535,77387.22123062373,0.01,0.485,569.85,BUY_NO
1779792903.443872,77381.443535,77387.22123062373,0.99,0.48,155.57,BUY_YES
1779792903.5216372,77381.443535,77387.22123062373,0.5371748363357793,0.485,256.98,SELL_NO
1779792903.6693292,77381.443535,77387.22123062373,0.01,0.485,105.23,BUY_NO
1779792903.8246386,77381.443535,77387.22123062373,0.09781813777315286,0.48,280.0,BUY_NO
1779792903.9120092,77381.443535,77387.22123062373,0.99,0.475,100.0,BUY_YES
1779792903.9895883,77381.443535,77387.22123062373,0.99,0.48,394.45,BUY_YES
1779792904.370652,77381.42237,77387.22123062373,0.01,0.485,205.0,BUY_NO
1779792904.3724887,77381.42237,77387.22123062373,0.01,0.485,205.0,BUY_NO
1779792904.4394279,77381.42237,77387.22123062373,0.1716561531132184,0.48,160.0,SELL_YES
1779792905.73841,77381.42237,77387.22123062373,0.01,0.485,575.05,BUY_NO
1779792905.791628,77381.42237,77387.22123062373,0.99,0.48,151.49,BUY_YES
1779792905.834026,77381.42237,77387.22123062373,0.99,0.485,368.98,BUY_YES
1779792906.9769995,77381.2601512795,77387.22123062373,0.01,0.485,570.05,SELL_YES
1779792907.0518162,77381.2601512795,77387.22123062373,0.99,0.48,151.49,BUY_YES
1779792907.0567822,77381.2601512795,77387.22123062373,0.7386006202987643,0.485,397.1900677800213,BUY_YES
1779792914.1878061,77403.29376739603,77387.22123062373,0.01,0.485,551.83,SELL_YES
1779792914.5702672,77403.33345056024,77387.22123062373,0.99,0.48,210.49,BUY_YES
1779792917.5701878,77405.77369257418,77387.22123062373,0.5054629066557026,0.49,418.98,SELL_NO
1779792921.4134827,77408.4556903112,77387.22123062373,0.99,0.485,205.0,BUY_YES
1779792921.4182236,77408.4556903112,77387.22123062373,0.99,0.485,205.0,BUY_YES
1779792921.421558,77408.4556903112,77387.22123062373,0.99,0.485,205.0,BUY_YES
1779792923.1309726,77416.15335555823,77387.22123062373,0.5226249387733052,0.49,120.0,SELL_NO
1779792926.5739467,77418.54253591242,77387.22123062373,0.5268522778167307,0.495,494.45,SELL_NO
1779792926.7446804,77418.54253591242,77387.22123062373,0.01,0.485,576.31,BUY_NO
1779792927.044095,77418.54253591242,77387.22123062373,0.99,0.48,405.28,BUY_YES
1779792927.7594523,77417.00320407508,77387.22123062373,0.01,0.485,480.39718574020003,BUY_NO
1779792927.8419492,77417.00320407508,77387.22123062373,0.99,0.485,397.11,BUY_YES
1779792932.179759,77423.9254053831,77387.22123062373,0.5202798153013982,0.49,413.98,SELL_NO
1779792932.1819422,77423.9254053831,77387.22123062373,0.5435412705475341,0.49,413.98,SELL_NO
1779792932.1847143,77423.9254053831,77387.22123062373,0.5643511756361581,0.49,413.98,SELL_NO
1779792932.1875768,77423.9254053831,77387.22123062373,0.5829283244991379,0.49,413.98,SELL_NO
1779792932.190021,77423.9254053831,77387.22123062373,0.599488996678632,0.49,413.98,SELL_NO
1779792932.192164,77423.9254053831,77387.22123062373,0.955695756606848,0.49,453.98,SELL_NO
1779792932.194491,77423.9254053831,77387.22123062373,0.9451988754385505,0.49,453.98,SELL_NO
1779792932.5801692,77423.9254053831,77387.22123062373,0.01,0.495,101.11281425979996,BUY_NO
1779792933.9272408,77423.92949797165,77387.22123062373,0.01,0.485,574.51,BUY_NO
1779792933.9555175,77423.92949797165,77387.22123062373,0.99,0.48,197.11,BUY_YES
1779792936.761998,77423.58115676614,77387.22123062373,0.5137395964709812,0.485,453.98,SELL_NO
1779792941.7105258,77426.88058972955,77387.22123062373,0.01,0.485,588.51,BUY_NO
1779792941.773229,77426.88058972955,77387.22123062373,0.99,0.48,221.11,SELL_NO
1779792941.8188512,77426.88058972955,77387.22123062373,0.6510617670657476,0.485,453.98,SELL_NO
1779792942.6484284,77428.08300061196,77387.22123062373,0.01,0.485,616.15,BUY_NO
1779792942.6993868,77428.08300061196,77387.22123062373,0.9278771589452253,0.48,221.11,SELL_NO
1779792942.850048,77428.08300061196,77387.22123062373,0.01,0.485,611.15,BUY_NO
1779792942.9770975,77428.08300061196,77387.22123062373,0.99,0.48,221.11,SELL_NO
1779792942.981386,77428.08300061196,77387.22123062373,0.01,0.485,606.15,BUY_NO
1779792943.1774237,77428.70592256974,77387.22123062373,0.01,0.485,451.79361783154536,BUY_NO
1779792943.2724898,77428.70592256974,77387.22123062373,0.99,0.485,221.11,SELL_NO
1779792943.6657805,77428.70592256974,77387.22123062373,0.01,0.49,149.35638216845462,BUY_NO
1779792943.6687615,77428.70592256974,77387.22123062373,0.01,0.49,144.35638216845462,BUY_NO
1779792943.671926,77428.70592256974,77387.22123062373,0.01,0.485,186.58686706849176,BUY_NO
1779792943.7266762,77428.70592256974,77387.22123062373,0.99,0.485,221.11,SELL_NO
1779792943.7530048,77428.70592256974,77387.22123062373,0.03440551943217367,0.49,110.65036859459906,SELL_YES
1779792943.9722178,77428.70592256974,77387.22123062373,0.9859344891611274,0.485,453.98,SELL_NO
1779792943.977174,77428.70592256974,77387.22123062373,0.01,0.485,421.7487862877674,BUY_NO
1779792943.9984362,77428.70592256974,77387.22123062373,0.99,0.485,221.11,SELL_NO
1779792944.0049388,77428.70592256974,77387.22123062373,0.01,0.485,580.95,SELL_YES
1779792944.0985906,77428.70592256974,77387.22123062373,0.99,0.485,453.98,BUY_YES
1779792944.5028632,77428.70592256974,77387.22123062373,0.01,0.485,205.63240602840688,BUY_NO
1779792944.5570025,77428.70592256974,77387.22123062373,0.01,0.485,370.31759397159317,SELL_YES
1779792944.640019,77428.70592256974,77387.22123062373,0.9352229503090023,0.48,211.1390135033896,BUY_YES
1779792944.7966707,77428.70592256974,77387.22123062373,0.01,0.485,576.15,SELL_YES
1779792944.8368745,77428.70592256974,77387.22123062373,0.99,0.48,221.11,BUY_YES
1779792944.8397787,77428.70592256974,77387.22123062373,0.01,0.485,571.15,SELL_YES
1779792944.9063551,77428.70592256974,77387.22123062373,0.01,0.485,115.67693591154966,BUY_NO
1779792945.0061908,77428.70592256974,77387.22123062373,0.01,0.485,450.4730640884503,SELL_YES
1779792945.0934732,77428.70592256974,77387.22123062373,0.99,0.48,221.11,BUY_YES
1779792945.344987,77429.6620494663,77387.22123062373,0.01,0.485,561.15,SELL_YES
1779792945.4783244,77431.11542239305,77387.22123062373,0.99,0.48,221.11,BUY_YES
1779792945.5623975,77431.11542239305,77387.22123062373,0.686181988919368,0.485,348.1661364779251,BUY_YES
1779792949.5368197,77430.38914745305,77387.22123062373,0.5958119836697462,0.485,105.81386352207494,SELL_NO
1779792955.1812248,77429.43906,77387.22123062373,0.01,0.485,130.4869224024519,BUY_NO
1779792955.4526818,77429.479865,77387.22123062373,0.01,0.485,454.66307759754807,SELL_YES
1779792955.458334,77429.479865,77387.22123062373,0.99,0.48,241.13,BUY_YES
1779792955.4616988,77429.479865,77387.22123062373,0.99,0.48,241.13,BUY_YES
1779792955.4679139,77429.479865,77387.22123062373,0.99,0.48,200.0,BUY_YES
1779792955.471331,77429.479865,77387.22123062373,0.99,0.48,200.0,BUY_YES
1779792955.4742923,77429.479865,77387.22123062373,0.99,0.48,200.0,BUY_YES
1779792957.443203,77429.461215,77387.22123062373,0.5072929198329335,0.49,533.98,SELL_NO
1779792960.5639946,77430.6348891221,77387.22123062373,0.99,0.48,200.0,BUY_YES
1779792962.9393666,77428.36573,77387.22123062373,0.5153123198021086,0.49,494.45,SELL_NO
1779792963.7523668,77428.41156,77387.22123062373,0.01,0.485,488.99,BUY_NO
1779792963.8844688,77428.41156,77387.22123062373,0.99,0.48,636.210527284836,BUY_YES
1779792965.3509226,77428.424975,77387.22123062373,0.99,0.485,641.13,SELL_NO
1779792965.3540113,77428.424975,77387.22123062373,0.99,0.485,641.13,SELL_NO
1779792965.5883691,77428.424975,77387.22123062373,0.01,0.49,483.99,BUY_NO
1779792965.7058249,77428.424975,77387.22123062373,0.5162377507920731,0.49,533.98,SELL_NO
1779792965.860655,77430.7683430693,77387.22123062373,0.01,0.485,494.4,BUY_NO
1779792966.1619809,77430.7683430693,77387.22123062373,0.99,0.48,637.04,SELL_NO
1779792966.6849084,77431.136245,77387.22123062373,0.01,0.485,484.2,BUY_NO
1779792966.7196257,77431.136245,77387.22123062373,0.99,0.48,637.04,SELL_NO
1779792966.9106638,77431.136245,77387.22123062373,0.0313183226681987,0.485,436.12,BUY_NO
1779792967.0719278,77431.136245,77387.22123062373,0.99,0.48,584.1344363450468,SELL_NO
1779792987.3795176,77416.26065,77387.22123062373,0.01,0.485,423.21,BUY_NO
1779792987.38444,77416.26065,77387.22123062373,0.012889478953047156,0.485,423.21,BUY_NO
1779792987.407476,77416.26065,77387.22123062373,0.99,0.48,538.59,SELL_NO
1779792987.411038,77416.26065,77387.22123062373,0.99,0.48,538.59,SELL_NO
1779792987.4511259,77416.26065,77387.22123062373,0.513592927827081,0.485,307.8299999999999,SELL_NO
1779792987.454623,77416.26065,77387.22123062373,0.5373088569766583,0.485,307.8299999999999,SELL_NO
1779792987.457188,77416.26065,77387.22123062373,0.5585407430232313,0.485,307.8299999999999,SELL_NO
1779792987.4595103,77416.26065,77387.22123062373,0.5775059564058432,0.485,307.8299999999999,SELL_NO
1779792987.4623756,77416.26065,77387.22123062373,0.5944214016902505,0.485,307.8299999999999,SELL_NO
1779792987.4648015,77416.26065,77387.22123062373,0.6094936210030911,0.485,307.8299999999999,SELL_NO
1779792987.4671504,77416.26065,77387.22123062373,0.6229171125629234,0.485,307.8299999999999,SELL_NO
1779792987.4695506,77416.26065,77387.22123062373,0.6348704124370831,0.485,307.8299999999999,SELL_NO
1779792987.471556,77416.26065,77387.22123062373,0.6455151112862114,0.485,307.8299999999999,SELL_NO
1779792988.5026338,77413.40488,77387.22123062373,0.99,0.485,167.33706607635077,BUY_YES
1779792991.1317275,77408.851365,77387.22123062373,0.012408539753716395,0.485,462.21,BUY_NO
1779792991.6917791,77408.772615,77387.22123062373,0.99,0.48,371.25293392364927,SELL_NO
1779793043.4126513,77393.938185,77387.22123062373,0.025658031174241466,0.485,500.06,BUY_NO
1779793051.150768,77397.17438859626,77387.22123062373,0.99,0.48,338.64,SELL_NO
1779793051.4302216,77399.02891,77387.22123062373,0.9865163620553685,0.485,252.37706607635073,SELL_NO
1779793167.4806015,77340.39728,77387.22123062373,0.04807685821459617,0.45999999999999996,202.62,BUY_NO
1779793167.4839447,77340.39728,77387.22123062373,0.0423428111709825,0.45999999999999996,202.62,BUY_NO
1779793167.6060367,77340.39728,77387.22123062373,0.7551737190775736,0.45499999999999996,405.24,SELL_NO
1779793167.6437206,77341.081795,77387.22123062373,0.01,0.45499999999999996,276.0,BUY_NO
1779793167.7239132,77341.081795,77387.22123062373,0.17412206728242408,0.445,350.0,BUY_NO
1779793168.1090462,77341.081795,77387.22123062373,0.41274016456814083,0.44,307.0,SELL_YES
1779793168.1280527,77341.081795,77387.22123062373,0.99,0.435,98.0,SELL_NO
1779793168.2698472,77341.118175,77387.22123062373,0.058874266727178826,0.455,202.62,BUY_NO
1779793168.355619,77341.118175,77387.22123062373,0.8101463425249837,0.45,103.51,SELL_NO
1779793168.962641,77341.118175,77387.22123062373,0.2326226395855575,0.45499999999999996,276.0,BUY_NO
1779793168.966305,77341.118175,77387.22123062373,0.020929120061111577,0.455,200.8,BUY_NO
1779793168.9848983,77341.118175,77387.22123062373,0.6286596387213818,0.445,103.51,SELL_NO
1779793169.6336606,77341.586915,77387.22123062373,0.1292432419649346,0.445,355.0,BUY_NO
1779793170.0303113,77341.586915,77387.22123062373,0.9221371422151959,0.44499999999999995,271.91,SELL_NO
1779793170.033084,77341.586915,77387.22123062373,0.852445000479908,0.44499999999999995,271.91,SELL_NO
1779793170.0361779,77341.586915,77387.22123062373,0.049274567106395,0.45999999999999996,200.8,BUY_NO
1779793170.1244676,77341.586915,77387.22123062373,0.01,0.45999999999999996,276.0,BUY_NO
1779793170.1289322,77341.586915,77387.22123062373,0.10106129998887188,0.45999999999999996,164.43,BUY_NO
1779793170.1366842,77341.586915,77387.22123062373,0.6897171710434106,0.45999999999999996,271.91,SELL_NO
1779793170.9210272,77341.84767,77387.22123062373,0.7671813840547973,0.46499999999999997,286.91,SELL_NO
1779793171.0735903,77341.84767,77387.22123062373,0.7061992055038809,0.46499999999999997,286.91,SELL_NO
1779793171.0800455,77341.84767,77387.22123062373,0.6342156770101495,0.46499999999999997,286.91,SELL_NO
1779793171.3006308,77341.84767,77387.22123062373,0.6174275019839012,0.46499999999999997,286.91,SELL_NO
1779793182.3494313,77337.52574,77387.22123062373,0.01,0.45999999999999996,170.95,BUY_NO
1779793182.3507426,77337.52574,77387.22123062373,0.01,0.45999999999999996,170.95,BUY_NO
1779793182.5302844,77337.52574,77387.22123062373,0.07586722441445803,0.45499999999999996,276.0,BUY_NO
1779793182.533901,77337.52574,77387.22123062373,0.05162653680877423,0.45499999999999996,276.0,BUY_NO
1779793182.5680232,77337.52574,77387.22123062373,0.6437534255008409,0.44999999999999996,343.61,SELL_NO
1779793182.572481,77337.52574,77387.22123062373,0.49580031306144784,0.44999999999999996,343.61,SELL_NO
1779793182.5753226,77337.52574,77387.22123062373,0.3626652448429991,0.44999999999999996,333.0,SELL_YES
1779793182.57805,77337.52574,77387.22123062373,0.2552984099532978,0.44999999999999996,333.0,SELL_YES
1779793182.5804513,77337.52574,77387.22123062373,0.17528204990372245,0.44999999999999996,316.2808316824144,BUY_NO
1779793182.5892541,77337.52574,77387.22123062373,0.10029603237678963,0.44999999999999996,245.0,BUY_NO
1779793182.5916297,77337.52574,77387.22123062373,0.06784151572382192,0.44999999999999996,245.0,BUY_NO
1779793182.5946038,77337.52574,77387.22123062373,0.04625644939039783,0.44999999999999996,245.0,BUY_NO
1779793182.600178,77337.52574,77387.22123062373,0.6572307838037243,0.44499999999999995,346.6,SELL_NO
1779793182.602542,77337.52574,77387.22123062373,0.5089101673587411,0.44499999999999995,346.6,SELL_NO
1779793182.609594,77337.52574,77387.22123062373,0.01,0.44999999999999996,295.0,BUY_NO
1779793182.612712,77337.52574,77387.22123062373,0.01,0.44999999999999996,295.0,BUY_NO
1779793182.6153677,77337.52574,77387.22123062373,0.01,0.43999999999999995,295.0,BUY_NO
1779793182.6429303,77337.52574,77387.22123062373,0.3166466494556213,0.43000000000000005,638.5,SELL_YES
1779793183.0524185,77336.04425,77387.22123062373,0.33359760896992613,0.455,158.39,SELL_YES
1779793183.4122436,77336.076595,77387.22123062373,0.3647014839679637,0.45,276.0,SELL_YES
1779793183.4984746,77336.076595,77387.22123062373,0.5326904633252943,0.445,94.96,SELL_NO
1779793183.5114136,77336.076595,77387.22123062373,0.15857414970370998,0.445,333.0,SELL_YES
1779793184.8266134,77335.841805,77387.22123062373,0.34911549821526866,0.44,181.44870687033233,SELL_YES
1779793188.4711604,77343.44572218167,77387.22123062373,0.01,0.455,139.29,BUY_NO
1779793189.8394806,77349.16148806764,77387.22123062373,0.01,0.455,144.29,BUY_NO
1779793190.4460423,77349.16148806764,77387.22123062373,0.01,0.45,261.0,BUY_NO
1779793190.4483392,77349.16148806764,77387.22123062373,0.01,0.455,140.65,BUY_NO
1779793191.315684,77351.06988682474,77387.22123062373,0.01,0.455,112.72328060567588,BUY_NO
1779793200.4156241,77345.306045,77345.306045,0.01,0.485,561.4,BUY_NO
1779793200.4317405,77345.306045,77345.306045,0.6281579324878838,0.48,185.57,BUY_YES
1779793200.863179,77345.306045,77345.306045,0.01,0.485,163.32,BUY_NO
1779793201.833866,77345.27998,77345.306045,0.99,0.48,620.0,BUY_YES
1779793201.852869,77345.27998,77345.306045,0.01,0.485,280.0,BUY_NO
1779793201.858224,77345.27998,77345.306045,0.99,0.48,138.24,BUY_YES
1779793203.3770072,77341.3395,77345.306045,0.01,0.485,561.4,BUY_NO
1779793203.4342594,77341.3395,77345.306045,0.99,0.48,180.57,BUY_YES
1779793203.494923,77341.3395,77345.306045,0.6761822888545419,0.485,620.0,SELL_NO
1779793204.0692222,77341.3395,77345.306045,0.01,0.485,561.4,BUY_NO
1779793204.072765,77341.3395,77345.306045,0.01,0.485,561.4,BUY_NO
1779793204.080028,77341.3395,77345.306045,0.99,0.48,179.44,BUY_YES
1779793204.0827758,77341.3395,77345.306045,0.99,0.48,179.44,BUY_YES
1779793204.0856066,77341.3395,77345.306045,0.99,0.48,184.44,BUY_YES
1779793204.088258,77341.3395,77345.306045,0.99,0.48,189.44,BUY_YES
1779793214.5224588,77352.717815,77345.306045,0.01,0.485,115.20000000000005,BUY_NO
1779793221.9509497,77352.82607646832,77345.306045,0.99,0.48,617.8660711390464,BUY_YES
1779793232.1124928,77357.2025534663,77345.306045,0.99,0.485,817.44,SELL_NO
1779793232.1495845,77357.2025534663,77345.306045,0.01,0.49,672.92,BUY_NO
1779793232.469047,77357.2025534663,77345.306045,0.9127657574963902,0.485,1167.0,SELL_NO
1779793240.9187088,77338.09775,77345.306045,0.99,0.49,561.0,SELL_NO
1779793242.654602,77337.23684,77345.306045,0.99,0.485,188.49688629707907,BUY_YES
1779793242.704763,77337.23684,77345.306045,0.010257715897677126,0.485,691.92,BUY_NO
1779793242.8567762,77337.986785,77345.306045,0.99,0.48,652.943113702921,SELL_NO
1779793242.9640815,77337.986785,77345.306045,0.99,0.485,350.5768862970789,SELL_NO
1779793243.1596522,77337.986785,77345.306045,0.01,0.485,686.92,BUY_NO
1779793243.3004692,77337.986785,77345.306045,0.99,0.48,490.86311370292117,SELL_NO
1779793243.4710734,77337.986785,77345.306045,0.99,0.485,196.0568862970788,SELL_NO
1779793243.580917,77337.572665,77345.306045,0.01,0.485,681.92,BUY_NO
1779793243.6110277,77337.572665,77345.306045,0.99,0.48,681.92,SELL_NO
1779793243.6549368,77337.572665,77345.306045,0.39695072874724385,0.485,445.2153036685205,BUY_NO
1779793243.6663716,77337.572665,77345.306045,0.99,0.485,445.2153036685205,SELL_NO
1779793243.7537198,77337.572665,77345.306045,0.047594389861721674,0.485,226.70469633147945,BUY_NO
1779793243.7904258,77337.572665,77345.306045,0.99,0.48,226.70469633147945,SELL_NO
1779793243.793765,77337.572665,77345.306045,0.023991235173528545,0.485,666.92,BUY_NO
1779793243.8033412,77337.572665,77345.306045,0.99,0.48,609.7353036685206,SELL_NO
1779793247.3107746,77338.09309,77345.306045,0.40145376887154144,0.485,361.8733332198288,BUY_NO
1779793247.3161874,77338.09309,77345.306045,0.4057803263947454,0.485,454.22,SELL_YES
1779793247.3191712,77338.09309,77345.306045,0.4096844504474748,0.485,454.22,SELL_YES
1779793247.4281688,77338.09309,77345.306045,0.99,0.48,819.2,BUY_YES
1779793253.4333909,77348.57516199221,77345.306045,0.99,0.485,419.05802955130815,SELL_NO
1779793253.4752445,77348.57516199221,77345.306045,0.04752262631025253,0.485,424.94,BUY_NO
1779793253.770257,77348.61126959344,77345.306045,0.99,0.48,424.1419704486919,SELL_NO
1779793258.7023337,77342.399605,77345.306045,0.99,0.485,106.72637374281658,BUY_YES
1779793262.7835343,77340.83488,77345.306045,0.4418646637708838,0.485,202.72940113316648,BUY_NO
1779793263.0371854,77339.85196,77345.306045,0.99,0.485,203.52743068447458,SELL_NO
1779793263.1111324,77339.85196,77345.306045,0.1918004989651233,0.485,222.4105988668335,BUY_NO
1779793263.2930126,77339.85196,77345.306045,0.99,0.48,222.4105988668335,SELL_NO
1779793263.301483,77339.85196,77345.306045,0.10057856188303396,0.485,420.14,BUY_NO
1779793263.507925,77337.37498706339,77345.306045,0.99,0.48,420.14,SELL_NO
1779793264.6332748,77336.9689,77345.306045,0.44659467680731657,0.485,178.11832200398825,BUY_NO
1779793264.9713027,77336.9689,77345.306045,0.99,0.485,178.11832200398825,SELL_NO
1779793264.985166,77336.9689,77345.306045,0.2282534862820169,0.485,231.82167799601174,BUY_NO
1779793265.1696925,77336.9689,77345.306045,0.99,0.485,231.82167799601174,SELL_NO
1779793265.9909832,77336.176595,77345.306045,0.19531453100428758,0.485,410.14,BUY_NO
1779793266.3730025,77336.09858,77345.306045,0.99,0.48,410.14,SELL_NO
1779793268.6796513,77336.91028,77345.306045,0.472383078260111,0.485,399.28,SELL_YES
1779793268.7140465,77336.91028,77345.306045,0.99,0.48,436.10229049735653,BUY_YES
1779793272.841859,77333.111415,77345.306045,0.4584880963498885,0.485,114.30820837334039,BUY_NO
1779793272.8890374,77333.111415,77345.306045,0.99,0.485,114.30820837334039,SELL_NO
1779793273.3262959,77333.0839,77345.306045,0.30414460659534537,0.485,190.17179162665963,BUY_NO
1779793273.383569,77333.0839,77345.306045,0.99,0.48,190.17179162665963,SELL_NO
1779793282.419765,77330.380065,77345.306045,0.01,0.485,304.48,BUY_NO
1779793283.4641833,77333.11277838975,77345.306045,0.99,0.485,145.76,SELL_NO
1779793283.714129,77333.52214,77345.306045,0.6695878344362758,0.49,158.72000000000003,SELL_NO
1779793283.7194054,77333.52214,77345.306045,0.01,0.485,321.03,BUY_NO
1779793283.9628298,77333.52214,77345.306045,0.99,0.48,145.76,SELL_NO
1779793283.9662418,77333.52214,77345.306045,0.01,0.485,319.1,BUY_NO
1779793283.969466,77333.52214,77345.306045,0.9482591683840452,0.485,145.76,SELL_NO
1779793283.972402,77333.52214,77345.306045,0.9262655409947232,0.485,145.76,SELL_NO
1779793283.9754267,77333.52214,77345.306045,0.9004713615141189,0.485,145.76,SELL_NO
1779793288.2640846,77343.29801325413,77345.306045,0.13396168604945682,0.475,101.38,BUY_NO
1779793288.2668645,77343.29801325413,77345.306045,0.10505036964583897,0.475,109.38,BUY_NO
1779793298.8691254,77345.367625,77345.306045,0.01,0.475,123.22,BUY_NO
1779793305.026012,77350.4806096555,77345.306045,0.8090284926470398,0.475,101.05,SELL_NO
1779793307.291023,77350.67488915457,77345.306045,0.01,0.48,131.12,BUY_NO
1779793307.6458802,77350.67488915457,77345.306045,0.2730255717558858,0.47,550.3521670240441,BUY_NO
1779793308.1336617,77350.67488915457,77345.306045,0.99,0.475,149.05,SELL_NO
1779793308.447446,77352.05811452352,77345.306045,0.7668597176921182,0.48,190.0,SELL_NO
1779793308.4514363,77352.05811452352,77345.306045,0.7484295410367359,0.48,190.0,SELL_NO
1779793308.454021,77352.05811452352,77345.306045,0.731190775131496,0.48,190.0,SELL_NO
1779793308.456466,77352.05811452352,77345.306045,0.7151723251427656,0.48,190.0,SELL_NO
1779793308.4592614,77352.05811452352,77345.306045,0.7003683265606085,0.48,190.0,SELL_NO
1779793308.462258,77352.05811452352,77345.306045,0.6867477111563367,0.48,190.0,SELL_NO
1779793308.4646897,77352.05811452352,77345.306045,0.6742619898744885,0.48,190.0,SELL_NO
1779793308.4669118,77352.05811452352,77345.306045,0.662851147503194,0.48,190.0,SELL_NO
1779793308.8786085,77352.05811452352,77345.306045,0.01,0.485,179.17,BUY_NO
1779793309.7419543,77354.06445236452,77345.306045,0.6392183872186188,0.485,192.0,SELL_NO
1779793332.4686007,77365.07554884534,77345.306045,0.01,0.475,1179.31,BUY_NO
1779793332.4726365,77365.07554884534,77345.306045,0.01,0.475,1179.31,BUY_NO
1779793343.0718462,77350.096315,77345.306045,0.16632566978973884,0.475,106.58,SELL_YES
1779793366.4018984,77358.095825,77345.306045,0.01,0.475,838.0,SELL_YES
1779793366.4054797,77358.095825,77345.306045,0.01,0.475,838.0,SELL_YES
1779793374.2140539,77362.1638397371,77345.306045,0.01,0.475,844.58,SELL_YES
1779793374.303436,77362.1638397371,77345.306045,0.99,0.47,109.2,BUY_YES
1779793377.7036638,77362.9778495706,77345.306045,0.5980938828290036,0.48,195.0,BUY_YES
1779793380.0803516,77363.268255,77345.306045,0.01,0.475,394.85162167629875,SELL_YES
1779793381.2012606,77367.92393314876,77345.306045,0.5004543989628631,0.475,107.35,BUY_YES
1779793381.206704,77367.92393314876,77345.306045,0.01006819580425673,0.48,107.35,SELL_YES
1779793381.210875,77367.92393314876,77345.306045,0.018751581901085054,0.48,107.35,SELL_YES
1779793381.2166488,77367.92393314876,77345.306045,0.7362792238512071,0.48,195.0,BUY_YES
1779793381.2195187,77367.92393314876,77345.306045,0.7343284489111022,0.48,195.0,BUY_YES
1779793381.2223995,77367.92393314876,77345.306045,0.7325666655690207,0.48,195.0,BUY_YES
1779793381.2253785,77367.92393314876,77345.306045,0.7309762744306586,0.48,195.0,BUY_YES
1779793381.2288022,77367.92393314876,77345.306045,0.7295414009758074,0.48,195.0,BUY_YES
1779793381.2316241,77367.92393314876,77345.306045,0.7282465307763349,0.48,195.0,BUY_YES
1779793381.2343457,77367.92393314876,77345.306045,0.7270786354250645,0.48,195.0,BUY_YES
1779793381.236982,77367.92393314876,77345.306045,0.7260255367527014,0.48,195.0,BUY_YES
1779793381.2396715,77367.92393314876,77345.306045,0.7250762720609911,0.48,195.0,BUY_YES
1779793381.2427013,77367.92393314876,77345.306045,0.7242210258808263,0.48,195.0,BUY_YES
1779793381.246732,77367.92393314876,77345.306045,0.7234512232594362,0.48,195.0,BUY_YES
1779793381.2493863,77367.92393314876,77345.306045,0.7227567303427119,0.48,195.0,BUY_YES
1779793381.252288,77367.92393314876,77345.306045,0.7221313700443087,0.48,195.0,BUY_YES
1779793381.2550995,77367.92393314876,77345.306045,0.7215681212584383,0.48,195.0,BUY_YES
1779793382.5290902,77375.88788222283,77345.306045,0.7568679967663975,0.485,208.0,SELL_NO
1779793382.5321248,77375.88788222283,77345.306045,0.7594342988864556,0.485,208.0,SELL_NO
1779793382.535105,77375.88788222283,77345.306045,0.99,0.48,208.0,SELL_NO
1779793382.5386636,77375.88788222283,77345.306045,0.99,0.48,208.0,SELL_NO
1779793382.667605,77375.88788222283,77345.306045,0.99,0.485,203.24,SELL_NO
1779793382.9082677,77375.88788222283,77345.306045,0.99,0.475,101.47,SELL_NO
1779793383.4621558,77375.88788222283,77345.306045,0.5783274260381431,0.48,195.0,SELL_NO
1779793384.4055662,77376.1458250066,77345.306045,0.01,0.475,195.95,BUY_NO
1779793384.6358905,77376.2055740693,77345.306045,0.5983012200756559,0.47,96.52,SELL_NO
1779793387.1216183,77376.2055740693,77345.306045,0.03397431966934562,0.475,597.0,BUY_NO
1779793387.1246846,77376.2055740693,77345.306045,0.05755251263204621,0.475,597.0,BUY_NO
1779793387.127087,77376.2055740693,77345.306045,0.01,0.475,195.95,BUY_NO
1779793389.8796177,77380.08360335756,77345.306045,0.01,0.475,862.0,SELL_YES
1779793401.2534564,77382.43403933296,77345.306045,0.01,0.47,934.0,SELL_YES
1779793405.5478194,77378.36139401452,77345.306045,0.01,0.475,243.95,SELL_YES
1779793405.8718412,77378.36139401452,77345.306045,0.01,0.475,243.95,SELL_YES
1779793412.016806,77376.97921008983,77345.306045,0.4000674958259962,0.47,446.09999999999997,SELL_YES
1779793453.28333,77371.10496632277,77345.306045,0.9538416850439655,0.475,103.58,SELL_NO
1779793454.5390472,77375.37206227136,77345.306045,0.6007984436529628,0.48,190.0,BUY_YES
1779793454.6168032,77375.37206227136,77345.306045,0.01,0.485,122.04,SELL_YES
1779793456.2201471,77375.85744326489,77345.306045,0.5881263157108872,0.48,387.2045823261334,BUY_YES
1779793456.9449558,77375.85744326489,77345.306045,0.2468237213939359,0.475,455.16458232613337,SELL_YES
1779793461.51738,77377.11638749264,77345.306045,0.5221214124187596,0.475,133.58,BUY_YES
1779793461.7464688,77377.11638749264,77345.306045,0.019304673267143385,0.48,133.58,SELL_YES
1779793461.7495315,77377.11638749264,77345.306045,0.7121923917246635,0.475,128.58,BUY_YES
1779793461.8083785,77377.11638749264,77345.306045,0.7830645708389999,0.48,190.0,BUY_YES
1779793462.228543,77380.90579234052,77345.306045,0.015967122146153374,0.485,318.58000000000004,SELL_YES
1779793462.231943,77380.90579234052,77345.306045,0.04097842125626431,0.485,318.58000000000004,SELL_YES
1779793462.2345762,77380.90579234052,77345.306045,0.0869231742140536,0.485,318.58000000000004,SELL_YES
1779793462.2369037,77380.90579234052,77345.306045,0.15534177074006725,0.485,318.58000000000004,SELL_YES
1779793462.2397642,77380.90579234052,77345.306045,0.24180708415158123,0.485,318.58000000000004,SELL_YES
1779793462.2423027,77380.90579234052,77345.306045,0.3380201079021263,0.485,318.58000000000004,SELL_YES
1779793462.249052,77380.90579234052,77345.306045,0.99,0.485,1361.0,BUY_YES
1779793462.2519214,77380.90579234052,77345.306045,0.99,0.485,1361.0,BUY_YES
1779793462.255033,77380.90579234052,77345.306045,0.99,0.485,1361.0,BUY_YES
1779793462.2578137,77380.90579234052,77345.306045,0.99,0.485,1361.0,BUY_YES
1779793462.2612493,77380.90579234052,77345.306045,0.99,0.485,1361.0,BUY_YES
1779793462.2638988,77380.90579234052,77345.306045,0.99,0.485,1361.0,BUY_YES
1779793462.283338,77380.90579234052,77345.306045,0.99,0.485,1361.0,BUY_YES
1779793462.285977,77380.90579234052,77345.306045,0.99,0.485,1361.0,BUY_YES
1779793462.2881534,77380.90579234052,77345.306045,0.99,0.485,1361.0,BUY_YES
1779793462.3019483,77380.90579234052,77345.306045,0.01,0.49,408.39999999999986,SELL_YES
1779793462.305564,77380.90579234052,77345.306045,0.01,0.49,408.39999999999986,SELL_YES
1779793462.309042,77380.90579234052,77345.306045,0.01,0.49,408.39999999999986,SELL_YES
1779793462.313317,77380.90579234052,77345.306045,0.01,0.49,408.39999999999986,SELL_YES
1779793462.316735,77380.90579234052,77345.306045,0.01,0.49,408.39999999999986,SELL_YES
1779793462.3198044,77380.90579234052,77345.306045,0.01,0.49,408.39999999999986,SELL_YES
1779793462.3226187,77380.90579234052,77345.306045,0.01,0.49,408.39999999999986,SELL_YES
1779793462.3252275,77380.90579234052,77345.306045,0.01,0.49,408.39999999999986,SELL_YES
1779793462.3286986,77380.90579234052,77345.306045,0.01,0.49,408.39999999999986,SELL_YES
1779793462.3310823,77380.90579234052,77345.306045,0.01,0.49,408.39999999999986,SELL_YES
1779793462.3331869,77380.90579234052,77345.306045,0.01,0.49,408.39999999999986,SELL_YES
1779793462.3353436,77380.90579234052,77345.306045,0.01,0.49,408.39999999999986,SELL_YES
1779793462.3374739,77380.90579234052,77345.306045,0.01,0.49,408.39999999999986,SELL_YES
1779793462.3395462,77380.90579234052,77345.306045,0.01,0.49,408.39999999999986,SELL_YES
1779793462.3417447,77380.90579234052,77345.306045,0.01,0.49,408.39999999999986,SELL_YES
1779793462.3452804,77380.90579234052,77345.306045,0.01,0.49,408.39999999999986,SELL_YES
1779793462.3477702,77380.90579234052,77345.306045,0.02231292751630986,0.49,408.39999999999986,SELL_YES
1779793462.350165,77380.90579234052,77345.306045,0.053804933490720894,0.49,408.39999999999986,SELL_YES
1779793462.3524435,77380.90579234052,77345.306045,0.10746180570947073,0.49,408.39999999999986,SELL_YES
1779793462.3546352,77380.90579234052,77345.306045,0.18276603388563437,0.49,408.39999999999986,SELL_YES
1779793462.3603637,77380.90579234052,77345.306045,0.27370158571241154,0.49,408.39999999999986,SELL_YES
1779793462.36291,77380.90579234052,77345.306045,0.3712883269280084,0.49,408.39999999999986,SELL_YES
1779793462.366433,77380.90579234052,77345.306045,0.5553146413310253,0.49,260.24,SELL_NO
1779793462.368307,77380.90579234052,77345.306045,0.6324780394273755,0.49,260.24,SELL_NO
1779793462.3704963,77380.90579234052,77345.306045,0.6976841292430784,0.49,260.24,SELL_NO
1779793462.3726068,77380.90579234052,77345.306045,0.7514406282262495,0.49,260.24,SELL_NO
1779793462.3747768,77380.90579234052,77345.306045,0.7950436551805615,0.49,260.24,SELL_NO
1779793463.0549445,77386.309243248,77345.306045,0.01,0.475,860.56,BUY_NO
1779793463.35661,77386.309243248,77345.306045,0.99,0.47,128.33,SELL_NO
1779793463.3814695,77386.309243248,77345.306045,0.99,0.475,190.0,SELL_NO
1779793463.3841076,77386.309243248,77345.306045,0.01,0.475,860.56,SELL_YES
1779793463.4141622,77386.309243248,77345.306045,0.99,0.47,117.98,SELL_NO
1779793463.420142,77386.309243248,77345.306045,0.99,0.48,1585.3721670240448,SELL_NO
1779793472.444129,77393.77134939017,77345.306045,0.01,0.475,889.61,BUY_NO
1779793472.7286744,77393.77134939017,77345.306045,0.99,0.47,157.8,SELL_NO
1779793472.7319713,77393.77134939017,77345.306045,0.99,0.47,157.8,SELL_NO
1779793472.7355728,77393.77134939017,77345.306045,0.01,0.475,889.61,BUY_NO
1779793472.7445157,77393.77134939017,77345.306045,0.99,0.475,195.0,SELL_NO
1779793472.7475972,77393.77134939017,77345.306045,0.01,0.475,625.9364556370942,BUY_NO
1779793473.101717,77393.77134939017,77345.306045,0.99,0.475,155.71,SELL_NO
1779793473.103605,77393.77134939017,77345.306045,0.01,0.475,130.63795189623283,BUY_NO
1779793473.2203221,77393.77134939017,77345.306045,0.01,0.48,158.9428578850045,BUY_NO
1779793473.3733506,77393.77134939017,77345.306045,0.07391281104927587,0.48,598.1391902187627,SELL_YES
1779793473.3795905,77393.77134939017,77345.306045,0.01,0.475,887.72,SELL_YES
1779793474.3644998,77393.61324836702,77345.306045,0.99,0.47,151.12,BUY_YES
1779793474.388836,77393.61324836702,77345.306045,0.99,0.47,151.12,BUY_YES
1779793474.3922513,77393.61324836702,77345.306045,0.99,0.47,151.12,BUY_YES
1779793474.3960989,77393.61324836702,77345.306045,0.99,0.47,151.12,BUY_YES
1779793474.3986003,77393.61324836702,77345.306045,0.99,0.47,151.12,BUY_YES
1779793474.401042,77393.61324836702,77345.306045,0.99,0.47,151.12,BUY_YES
1779793474.4033015,77393.61324836702,77345.306045,0.99,0.47,151.12,BUY_YES
1779793474.405388,77393.61324836702,77345.306045,0.99,0.47,151.12,BUY_YES
1779793474.4078674,77393.61324836702,77345.306045,0.99,0.47,151.12,BUY_YES
1779793474.4108632,77393.61324836702,77345.306045,0.99,0.47,151.12,BUY_YES
1779793474.7098308,77393.61324836702,77345.306045,0.99,0.48,195.0,SELL_NO
1779793474.9147224,77393.30597081168,77345.306045,0.8005114022873816,0.485,1833.4272654183314,SELL_NO
1779793475.9740791,77393.3059721597,77345.306045,0.01,0.475,897.72,BUY_NO
1779793477.004475,77394.74115736225,77345.306045,0.01,0.47,342.4,BUY_NO
1779793477.0095341,77394.74115736225,77345.306045,0.01,0.475,897.72,BUY_NO
1779793477.1619189,77394.74115736225,77345.306045,0.01,0.46499999999999997,890.0,SELL_YES
1779793477.1658745,77394.74115736225,77345.306045,0.01,0.475,897.72,SELL_YES
1779793477.6204402,77395.62499319913,77345.306045,0.01,0.47,342.4,SELL_YES
1779793477.627487,77395.62499319913,77345.306045,0.01,0.475,97.70497189312891,BUY_NO
1779793477.872408,77395.62499319913,77345.306045,0.01,0.475,298.86080978124426,SELL_YES
1779793477.8762088,77395.62499319913,77345.306045,0.01,0.475,298.86080978124426,SELL_YES
1779793481.799403,77400.88418410819,77345.306045,0.99,0.48,193.43,BUY_YES
1779793481.8043103,77400.88418410819,77345.306045,0.9862821493295286,0.485,1981.0,BUY_YES
1779793481.8076396,77400.88418410819,77345.306045,0.99,0.48,193.43,BUY_YES
1779793481.814575,77400.88418410819,77345.306045,0.99,0.49,260.24,SELL_NO
1779793481.8820012,77400.88418410819,77345.306045,0.99,0.48,150.24,SELL_NO
1779793482.3963974,77395.81437160073,77345.306045,0.9514484825534448,0.485,1825.064971893129,SELL_NO
1779793482.399098,77395.81437160073,77345.306045,0.99,0.48,148.24,SELL_NO
1779793501.147695,77396.45152,77396.45152,0.01,0.485,442.95,BUY_NO
1779793501.2479396,77396.45152,77396.45152,0.99,0.48,391.66,BUY_YES
1779793501.34313,77396.45152,77396.45152,0.01,0.485,173.32,BUY_NO
1779793501.702546,77396.46160728238,77396.45152,0.99,0.48,658.0,BUY_YES
1779793501.8094766,77396.46160728238,77396.45152,0.01,0.485,280.0,BUY_NO
1779793502.1626897,77396.46160728238,77396.45152,0.01,0.48,130.0,BUY_NO
1779793502.23628,77396.46160728238,77396.45152,0.01,0.475,305.0,BUY_NO
1779793502.2401805,77396.46160728238,77396.45152,0.99,0.475,365.73,BUY_YES
1779793502.2439547,77396.46160728238,77396.45152,0.99,0.475,365.73,BUY_YES
1779793502.2475243,77396.46160728238,77396.45152,0.99,0.475,365.73,BUY_YES
1779793502.2511208,77396.46160728238,77396.45152,0.99,0.475,365.73,BUY_YES
1779793502.2536511,77396.46160728238,77396.45152,0.99,0.475,365.73,BUY_YES
1779793502.2561998,77396.46160728238,77396.45152,0.99,0.475,365.73,BUY_YES
1779793502.258696,77396.46160728238,77396.45152,0.99,0.475,365.73,BUY_YES
1779793502.2619972,77396.46160728238,77396.45152,0.99,0.475,365.73,BUY_YES
1779793503.4013317,77396.25456296313,77396.45152,0.017082705998736673,0.485,453.36,BUY_NO
1779793503.5093353,77396.25456296313,77396.45152,0.99,0.48,461.66,SELL_NO
1779793504.4157217,77396.25456296313,77396.45152,0.02110464259586755,0.485,105.23,BUY_NO
1779793504.4203434,77396.25456296313,77396.45152,0.99,0.48,833.0,SELL_NO
1779793504.5726404,77396.81240085347,77396.45152,0.01,0.485,355.0,BUY_NO
1779793504.5807908,77396.81240085347,77396.45152,0.01,0.48,205.0,BUY_NO
1779793504.5875447,77396.81240085347,77396.45152,0.01,0.47,160.0,BUY_NO
1779793505.5146549,77394.48259340528,77396.45152,0.9492557998266724,0.485,466.66,SELL_NO
1779793505.7788732,77394.48259340528,77396.45152,0.01,0.49,453.75,BUY_NO
1779793505.964506,77394.48259340528,77396.45152,0.99,0.485,845.0,SELL_NO
1779793506.1486375,77394.48259340528,77396.45152,0.01,0.49,105.23,BUY_NO
1779793506.2488453,77394.48259340528,77396.45152,0.01,0.485,355.0,BUY_NO
1779793506.42799,77392.06957,77396.45152,0.01,0.48,205.0,BUY_NO
1779793506.7075942,77392.06957,77396.45152,0.942669106269192,0.475,415.73,SELL_NO
1779793506.7381701,77392.06957,77396.45152,0.01,0.48,160.0,BUY_NO
1779793522.346604,77397.37021614065,77396.45152,0.99,0.485,466.66,SELL_NO
1779793522.3776207,77397.37021614065,77396.45152,0.01,0.49,356.91,BUY_NO
1779793522.4650774,77397.37021614065,77396.45152,0.9355214288065148,0.485,757.04,SELL_NO
1779793549.1381261,77392.75211308777,77396.45152,0.4177040032359905,0.485,311.08731208592644,BUY_NO
1779793549.2104168,77392.75211308777,77396.45152,0.99,0.485,311.08731208592644,SELL_NO
1779793550.733948,77390.79341,77396.45152,0.12871545102447413,0.485,320.91,BUY_NO
1779793550.945607,77390.79341,77396.45152,0.99,0.48,320.91,SELL_NO
1779793555.3034875,77392.09414447403,77396.45152,0.453472814646762,0.485,132.36605249188992,BUY_NO
1779793555.5233204,77392.181445,77396.45152,0.99,0.485,132.36605249188992,SELL_NO
1779793555.71197,77392.181445,77396.45152,0.23512609471217313,0.485,202.16394750811006,BUY_NO
1779793555.9896352,77392.181445,77396.45152,0.99,0.48,202.16394750811006,SELL_NO
1779793557.5732875,77391.55472347606,77396.45152,0.45898888399695026,0.485,104.79806756132605,BUY_NO
1779793557.8166008,77391.55472347606,77396.45152,0.99,0.485,104.79806756132605,SELL_NO
1779793557.9911335,77392.56905188589,77396.45152,0.28619037960660393,0.485,219.53193243867395,BUY_NO
1779793558.2367134,77392.56905188589,77396.45152,0.99,0.48,219.53193243867395,SELL_NO
1779793558.2402124,77392.56905188589,77396.45152,0.99,0.48,219.53193243867395,SELL_NO
1779793558.9284923,77392.72472688589,77396.45152,0.11772449147398466,0.485,319.33,BUY_NO
1779793559.2035766,77392.72472688589,77396.45152,0.99,0.48,319.33,SELL_NO
1779793560.2820466,77392.85426236005,77396.45152,0.13189845429117994,0.485,319.53,BUY_NO
1779793560.6423714,77392.85426236005,77396.45152,0.99,0.48,319.53,SELL_NO
1779793561.749687,77392.92898551049,77396.45152,0.47462377079140877,0.485,314.53,SELL_YES
1779793574.1202145,77365.96197589068,77396.45152,0.45991937011125156,0.485,101.8594597030638,BUY_NO
1779793574.5730758,77365.072975,77396.45152,0.99,0.485,101.8594597030638,SELL_NO
1779793574.5801392,77365.072975,77396.45152,0.25420042829368034,0.485,217.22054029693618,BUY_NO
1779793575.0499547,77365.072975,77396.45152,0.99,0.48,217.22054029693618,SELL_NO
1779793582.6177304,77370.2197,77396.45152,0.37878734724164437,0.485,337.33,BUY_NO
1779793582.6776807,77370.2197,77396.45152,0.99,0.48,337.33,SELL_NO
1779793582.681236,77370.2197,77396.45152,0.99,0.48,337.33,SELL_NO
1779793618.3261673,77335.6261879788,77396.45152,0.01,0.485,331.33,BUY_NO
1779793618.329945,77335.6261879788,77396.45152,0.01,0.485,331.33,BUY_NO
1779793618.3345387,77335.6261879788,77396.45152,0.01,0.485,331.33,BUY_NO
1779793618.3387241,77335.6261879788,77396.45152,0.01,0.485,331.33,BUY_NO
1779793618.342121,77335.6261879788,77396.45152,0.01,0.485,331.33,BUY_NO
1779793620.6696131,77336.06649061876,77396.45152,0.01,0.485,331.33,BUY_NO
1779793627.024077,77337.57372,77396.45152,0.01,0.485,102.16558622173102,BUY_NO
1779793631.206034,77337.54563776302,77396.45152,0.21229959529232426,0.48,182.23,SELL_YES
1779793631.2085962,77337.54563776302,77396.45152,0.01,0.48,182.23,SELL_YES
1779793631.2312572,77337.54563776302,77396.45152,0.99,0.475,133.05,SELL_NO
1779793634.2275877,77332.222365,77396.45152,0.010464958686263594,0.48,102.1631954138818,BUY_NO
1779793634.2853398,77332.222365,77396.45152,0.8325159063898255,0.48,342.0,SELL_NO
1779793634.2881513,77332.222365,77396.45152,0.034535101232217355,0.485,208.87,SELL_YES
1779793634.5882149,77332.222365,77396.45152,0.99,0.48,131.0,SELL_NO
1779793634.5940685,77332.222365,77396.45152,0.5205252469509328,0.49,415.73,SELL_NO
1779793634.597237,77332.222365,77396.45152,0.45224480109665666,0.49,182.23,SELL_YES
1779793634.6053991,77332.222365,77396.45152,0.01,0.49,717.0,BUY_NO
1779793634.6082532,77332.222365,77396.45152,0.01,0.49,717.0,BUY_NO
1779793634.6121075,77332.222365,77396.45152,0.01,0.49,717.0,BUY_NO
1779793634.6154094,77332.222365,77396.45152,0.01,0.49,717.0,BUY_NO
1779793634.6189384,77332.222365,77396.45152,0.01,0.49,717.0,BUY_NO
1779793634.6324122,77332.222365,77396.45152,0.99,0.485,165.12,SELL_NO
1779793634.6367273,77332.222365,77396.45152,0.99,0.485,165.12,SELL_NO
1779793634.6403394,77332.222365,77396.45152,0.99,0.485,165.12,SELL_NO
1779793634.644666,77332.222365,77396.45152,0.99,0.485,165.12,SELL_NO
1779793635.8960755,77331.90690222812,77396.45152,0.99,0.49,182.23,SELL_NO
1779793635.9279118,77331.90690222812,77396.45152,0.99,0.49,182.23,SELL_NO
1779793635.9315677,77331.90690222812,77396.45152,0.99,0.49,182.23,SELL_NO
1779793635.9352543,77331.90690222812,77396.45152,0.99,0.49,182.23,SELL_NO
1779793635.947381,77331.90690222812,77396.45152,0.01,0.495,620.0,SELL_YES
1779793635.9513748,77331.90690222812,77396.45152,0.01,0.495,620.0,SELL_YES
1779793635.954868,77331.90690222812,77396.45152,0.010399164002747121,0.495,620.0,SELL_YES
1779793635.9583366,77331.90690222812,77396.45152,0.012021037924915236,0.495,620.0,SELL_YES
1779793635.9614336,77331.90690222812,77396.45152,0.013761653729797867,0.495,620.0,SELL_YES
1779793635.965245,77331.90690222812,77396.45152,0.015591867104481391,0.495,620.0,SELL_YES
1779793635.9686828,77331.90690222812,77396.45152,0.01748176078079164,0.495,620.0,SELL_YES
1779793635.9715405,77331.90690222812,77396.45152,0.01940224561005316,0.495,620.0,SELL_YES
1779793635.975614,77331.90690222812,77396.45152,0.02132612818225725,0.495,620.0,SELL_YES
1779793635.9791334,77331.90690222812,77396.45152,0.023229876411588652,0.495,620.0,SELL_YES
1779793639.9216247,77331.9391409511,77396.45152,0.99,0.49,458.24,BUY_YES
1779793640.273327,77331.9391409511,77396.45152,0.01,0.52,177.43,SELL_YES
1779793640.2792933,77331.9391409511,77396.45152,0.99,0.495,247.0,BUY_YES
1779793640.3530858,77331.95046089936,77396.45152,0.01,0.5,177.43,SELL_YES
1779793640.3870063,77331.95046089936,77396.45152,0.9107708859332838,0.495,415.73,BUY_YES
1779793640.3926647,77331.95046089936,77396.45152,0.01,0.5,223.87,SELL_YES
1779793644.4808054,77331.549405,77396.45152,0.01,0.505,103.19999999999999,SELL_YES
1779793647.4810317,77328.61139,77396.45152,0.8279836394842922,0.495,100.05000000000001,BUY_YES
1779793649.0489495,77328.659355,77396.45152,0.9351354195161794,0.495,120.0,BUY_YES
1779793649.8843575,77328.62489,77396.45152,0.01,0.495,288.63,SELL_YES
1779793649.9456444,77328.62489,77396.45152,0.99,0.495,267.05,BUY_YES
1779793650.3392792,77328.62489,77396.45152,0.01,0.495,363.63,SELL_YES
1779793650.7800195,77328.75405,77396.45152,0.01,0.5,363.63,SELL_YES
1779793653.5453866,77331.01683,77396.45152,0.3967762432172955,0.5,310.63,SELL_YES
1779793653.7359276,77331.01683,77396.45152,0.8032246634207175,0.495,101.6,BUY_YES
1779793653.7426429,77331.01683,77396.45152,0.01,0.5,126.63000000000031,SELL_YES
1779793653.747757,77331.01683,77396.45152,0.01,0.5,126.63000000000031,SELL_YES
1779793653.7519386,77331.01683,77396.45152,0.01,0.5,126.63000000000031,SELL_YES
1779793653.7641673,77331.01683,77396.45152,0.8421652413746549,0.5,133.57,BUY_YES
1779793653.7787578,77331.01683,77396.45152,0.01,0.505,133.57,SELL_YES
1779793656.4434474,77331.07366,77396.45152,0.8488272734873562,0.505,104.42,BUY_YES
1779793657.0055287,77331.07366,77396.45152,0.01,0.51,104.42,SELL_YES
1779793657.7003448,77331.07366,77396.45152,0.7467503673890941,0.51,257.44,BUY_YES
1779793658.0553057,77335.40660029011,77396.45152,0.28963970120614274,0.505,142.69,SELL_YES
1779793658.1308532,77335.40660029011,77396.45152,0.9873663702175932,0.51,422.23,BUY_YES
1779793658.1557941,77335.40660029011,77396.45152,0.9704652394526232,0.51,422.23,BUY_YES
1779793658.2956543,77335.40660029011,77396.45152,0.99,0.515,236.51,BUY_YES
1779793658.4576335,77335.40660029011,77396.45152,0.01,0.51,142.69,SELL_YES
1779793658.4610567,77335.40660029011,77396.45152,0.99,0.51,249.51,BUY_YES
1779793658.5092294,77335.40660029011,77396.45152,0.6931799118464224,0.51,422.23,SELL_NO
1779793658.6163678,77335.40660029011,77396.45152,0.99,0.515,269.51,BUY_YES
1779793658.8617659,77335.40660029011,77396.45152,0.4314807985505599,0.51,142.69,SELL_YES
1779793658.964049,77335.40660029011,77396.45152,0.99,0.505,97.2,BUY_YES
1779793659.357049,77336.179835,77396.45152,0.1714533716936064,0.505,297.43,SELL_YES
1779793659.360777,77336.179835,77396.45152,0.01,0.51,142.69,SELL_YES
1779793659.9602654,77338.3769776668,77396.45152,0.01,0.515,190.69,SELL_YES
1779793661.2237415,77338.5796677807,77396.45152,0.14058640810202339,0.51,101.24,SELL_YES
1779793661.229791,77338.5796677807,77396.45152,0.12640636627191473,0.51,101.24,SELL_YES
1779793661.2872415,77338.5796677807,77396.45152,0.9842560453773707,0.505,111.46,BUY_YES
1779793661.2922673,77338.5796677807,77396.45152,0.040689663396314524,0.51,297.43,SELL_YES
1779793662.1456413,77339.65139,77396.45152,0.08291769590476118,0.505,101.24,SELL_YES
1779793662.737129,77339.65039,77396.45152,0.015522320541528033,0.505,102.06,SELL_YES
1779793662.7626855,77339.65039,77396.45152,0.01,0.51,110.06,SELL_YES
1779793663.20059,77339.65039,77396.45152,0.01,0.51,110.06,SELL_YES
1779793666.3029366,77339.94264708043,77396.45152,0.9622812701316932,0.525,111.18,BUY_YES
1779793666.9800668,77341.79775,77396.45152,0.99,0.515,603.0,BUY_YES
1779793667.1316795,77341.79775,77396.45152,0.99,0.515,603.0,BUY_YES
1779793668.1201937,77341.85575,77396.45152,0.99,0.515,597.0,BUY_YES
1779793668.6424484,77341.85575,77396.45152,0.99,0.515,602.0,SELL_NO
1779793670.043296,77342.094505,77396.45152,0.99,0.515,134.6941846179841,BUY_YES
1779793670.0963273,77342.094505,77396.45152,0.99,0.515,477.35581538201586,SELL_NO
1779793670.2520068,77342.094505,77396.45152,0.01,0.52,252.91000000000003,BUY_NO
1779793670.6792326,77350.9650995429,77396.45152,0.99,0.515,542.05,SELL_NO
1779793670.9444785,77350.9650995429,77396.45152,0.01,0.52,252.91,BUY_NO
1779793670.9524174,77350.9650995429,77396.45152,0.0526948321575305,0.515,166.06,BUY_NO
1779793670.9582467,77350.9650995429,77396.45152,0.054843419083662664,0.515,166.06,BUY_NO
1779793670.9679644,77350.9650995429,77396.45152,0.99,0.51,605.0,SELL_NO
1779793670.9716644,77350.9650995429,77396.45152,0.99,0.51,605.0,SELL_NO
1779793670.975702,77350.9650995429,77396.45152,0.99,0.51,605.0,SELL_NO
1779793670.9795182,77350.9650995429,77396.45152,0.9845302562707802,0.51,605.0,SELL_NO
1779793670.991132,77350.9650995429,77396.45152,0.01,0.515,851.24,BUY_NO
1779793670.9966097,77350.9650995429,77396.45152,0.01,0.515,243.99,BUY_NO
1779793671.0016966,77350.9650995429,77396.45152,0.01,0.515,243.99,BUY_NO
1779793671.0627635,77350.9650995429,77396.45152,0.99,0.51,547.05,SELL_NO
1779793671.6933615,77350.9650995429,77396.45152,0.01,0.515,166.06,BUY_NO
1779793671.6995132,77350.9650995429,77396.45152,0.01,0.515,237.31,BUY_NO
1779793671.7521257,77350.9650995429,77396.45152,0.99,0.51,552.05,SELL_NO
1779793673.2001777,77349.81962853514,77396.45152,0.01,0.515,166.06,BUY_NO
1779793673.2063594,77349.81962853514,77396.45152,0.01,0.515,232.43,BUY_NO
1779793675.3224769,77350.4039218585,77396.45152,0.99,0.51,560.13,SELL_NO
1779793675.394473,77350.4039218585,77396.45152,0.01,0.515,166.06,BUY_NO
1779793675.4018555,77350.4039218585,77396.45152,0.06614029480040132,0.515,224.24,BUY_NO
1779793675.7578914,77349.98667300653,77396.45152,0.99,0.51,110.66455482544825,BUY_YES
1779793676.3479924,77349.98667300653,77396.45152,0.9209922536004711,0.51,456.46544517455175,SELL_NO
1779793677.032379,77350.939025,77396.45152,0.01,0.51,166.06,BUY_NO
1779793677.293373,77350.939025,77396.45152,0.01,0.505,851.24,BUY_NO
1779793677.299607,77350.939025,77396.45152,0.99,0.515,572.33,SELL_NO
1779793677.3621616,77350.939025,77396.45152,0.01,0.515,210.39,BUY_NO
1779793677.5198526,77350.93349,77396.45152,0.01,0.51,166.06,BUY_NO
1779793677.585268,77350.93349,77396.45152,0.99,0.515,585.52,SELL_NO
1779793677.6534886,77350.93349,77396.45152,0.01,0.515,205.75,BUY_NO
1779793678.7690682,77349.234315,77396.45152,0.19311659193879874,0.51,166.06,BUY_NO
1779793678.8754094,77349.234315,77396.45152,0.99,0.51,605.0,SELL_NO
1779793681.1823301,77347.10332893948,77396.45152,0.42092851024389544,0.505,851.24,SELL_YES
1779793681.1862478,77347.10332893948,77396.45152,0.36481284276045595,0.505,851.24,SELL_YES
1779793681.1898644,77347.10332893948,77396.45152,0.3166935242317152,0.505,851.24,SELL_YES
1779793681.1938086,77347.10332893948,77396.45152,0.27592057181625296,0.505,271.4729075634623,BUY_NO
1779793681.2680871,77347.10332893948,77396.45152,0.46903011369186337,0.5,455.41,SELL_YES
1779793681.2715595,77347.10332893948,77396.45152,0.4066623472927629,0.5,455.41,SELL_YES
1779793681.2759454,77347.10332893948,77396.45152,0.3524859710858591,0.5,455.41,SELL_YES
1779793681.4090433,77347.10332893948,77396.45152,0.23268018520433523,0.505,150.32,BUY_NO
1779793681.4200456,77347.10332893948,77396.45152,0.99,0.5,511.98,BUY_YES
1779793681.425153,77347.10332893948,77396.45152,0.01,0.505,507.0,BUY_NO
1779793681.722187,77347.65261,77396.45152,0.99,0.5,432.86,BUY_YES
1779793681.7413917,77347.65261,77396.45152,0.99,0.5,432.86,BUY_YES
1779793681.7520149,77347.65261,77396.45152,0.99,0.5,432.86,BUY_YES
1779793681.7725558,77347.65261,77396.45152,0.01,0.505,310.0,BUY_NO
1779793681.7785459,77347.65261,77396.45152,0.3981102095060418,0.5,271.0,SELL_YES
1779793681.7818809,77347.65261,77396.45152,0.34568784220950294,0.5,271.0,SELL_YES
1779793682.1494057,77347.65261,77396.45152,0.99,0.495,586.0,BUY_YES
1779793682.1529963,77347.65261,77396.45152,0.99,0.495,586.0,BUY_YES
1779793682.1610773,77347.65261,77396.45152,0.01,0.5,428.0,SELL_YES
1779793682.1649432,77347.65261,77396.45152,0.01,0.5,428.0,SELL_YES
1779793682.1688144,77347.65261,77396.45152,0.01,0.5,428.0,SELL_YES
1779793682.2619393,77347.65261,77396.45152,0.99,0.495,636.31,BUY_YES
1779793682.2716131,77347.65261,77396.45152,0.01,0.5,425.0,SELL_YES
1779793682.4574199,77347.65261,77396.45152,0.02921417361181584,0.495,390.0,SELL_YES
1779793682.4633057,77347.65261,77396.45152,0.99,0.49,272.0,BUY_YES
1779793682.6649253,77347.67516,77396.45152,0.7039749167567236,0.495,255.0,SELL_NO
1779793682.6725392,77347.67516,77396.45152,0.01,0.5,83.5948694983847,BUY_NO
1779793682.6761312,77347.67516,77396.45152,0.01,0.5,83.5948694983847,BUY_NO
1779793682.6797152,77347.67516,77396.45152,0.01,0.5,83.5948694983847,BUY_NO
1779793682.9107974,77347.67516,77396.45152,0.9592388186369385,0.5,317.5752297195186,BUY_YES
1779793682.9203646,77347.67516,77396.45152,0.99,0.515,393.01,BUY_YES
1779793682.9544585,77347.67516,77396.45152,0.01,0.52,193.51,SELL_YES
1779793682.9641755,77347.67516,77396.45152,0.99,0.515,393.01,SELL_NO
1779793683.4564703,77347.67516,77396.45152,0.4427026293520776,0.515,166.06,SELL_YES
1779793683.4622972,77347.67516,77396.45152,0.5332775394150565,0.515,205.9,SELL_NO
1779793683.4816523,77347.67516,77396.45152,0.01,0.52,193.51,BUY_NO
1779793683.6679978,77347.67516,77396.45152,0.4342682906496077,0.515,166.06,SELL_YES
1779793683.6715207,77347.67516,77396.45152,0.3764187830564607,0.515,166.06,SELL_YES
1779793683.6795974,77347.67516,77396.45152,0.6879118963335432,0.515,205.9,SELL_NO
1779793684.0854669,77347.735075,77396.45152,0.01,0.52,156.81,BUY_NO
1779793684.0899186,77347.735075,77396.45152,0.8856709350478046,0.515,205.9,BUY_YES
1779793684.2476525,77348.72516,77396.45152,0.29365870099176117,0.515,166.06,SELL_YES
1779793684.3127437,77348.72516,77396.45152,0.99,0.51,605.0,BUY_YES
1779793684.3159764,77348.72516,77396.45152,0.99,0.51,605.0,BUY_YES
1779793684.3196764,77348.72516,77396.45152,0.10512357371752222,0.515,156.81,BUY_NO
1779793684.8156295,77348.72516,77396.45152,0.99,0.52,429.26,SELL_NO
1779793684.8946977,77348.72516,77396.45152,0.01,0.525,229.81,BUY_NO
1779793685.100387,77348.72516,77396.45152,0.4597298565908092,0.52,142.06,SELL_YES
1779793685.22202,77350.85781184585,77396.45152,0.99,0.525,240.58,SELL_NO
1779793685.3244743,77350.85781184585,77396.45152,0.99,0.525,240.58,SELL_NO
1779793685.4365635,77350.85781184585,77396.45152,0.03759975757965492,0.525,205.81,BUY_NO
1779793685.4470785,77350.85781184585,77396.45152,0.99,0.52,240.58,SELL_NO
1779793687.3341503,77353.15556558833,77396.45152,0.49208958302793926,0.515,237.81,SELL_YES
1779793688.8143115,77353.12573614038,77396.45152,0.01,0.515,165.09,BUY_NO
1779793692.0804605,77350.258095,77396.45152,0.01,0.515,250.14,BUY_NO
1779793693.5746863,77347.81032,77396.45152,0.01,0.52,250.14,BUY_NO
1779793693.9590416,77347.81032,77396.45152,0.01,0.515,102.06,BUY_NO
1779793693.9647262,77347.81032,77396.45152,0.01,0.52,250.14,BUY_NO
1779793693.973991,77347.81032,77396.45152,0.01,0.515,102.06,SELL_YES
1779793694.0099702,77347.81032,77396.45152,0.03100441346682521,0.51,851.24,SELL_YES
1779793694.0459244,77347.81032,77396.45152,0.99,0.505,136.42,BUY_YES
1779793694.0525503,77347.81032,77396.45152,0.99,0.515,143.98,BUY_YES
1779793694.0574439,77347.81032,77396.45152,0.99,0.515,503.98,BUY_YES
1779793694.0660152,77347.81032,77396.45152,0.2352457444015522,0.52,360.0,SELL_YES
1779793696.312763,77346.758895,77396.45152,0.023623971999890407,0.515,104.0,SELL_YES
1779793696.4724958,77346.758895,77396.45152,0.821792047452291,0.51,111.2,SELL_NO
1779793706.1888597,77335.292785,77396.45152,0.01,0.51,206.06499838966897,BUY_NO
1779793706.1972685,77335.292785,77396.45152,0.01,0.51,1029.935001610331,SELL_YES
1779793706.2020242,77335.292785,77396.45152,0.01,0.51,1029.935001610331,SELL_YES
1779793706.2061515,77335.292785,77396.45152,0.01,0.51,1029.935001610331,SELL_YES
1779793706.2624476,77335.292785,77396.45152,0.6280871702306854,0.515,108.05,SELL_NO
1779793706.8247411,77332.63546,77396.45152,0.01,0.52,253.93,BUY_NO
1779793706.8278692,77332.63546,77396.45152,0.5995244564350685,0.515,108.05,SELL_NO
1779793707.0390449,77332.63546,77396.45152,0.99,0.515,131.42,BUY_YES
1779793707.0448837,77332.63546,77396.45152,0.2953530052526164,0.515,249.84,SELL_YES
1779793707.223045,77332.63546,77396.45152,0.99,0.51,108.05,BUY_YES
1779793707.367687,77332.63289,77396.45152,0.9850314814190969,0.515,131.42,BUY_YES
1779793707.378562,77332.63289,77396.45152,0.04205290526164123,0.52,682.4589675526198,SELL_YES
1779793707.3817108,77332.63289,77396.45152,0.01,0.515,102.74553016911932,BUY_NO
1779793727.9984996,77317.5786851388,77396.45152,0.99,0.515,1000.0,BUY_YES
1779793728.040718,77317.5786851388,77396.45152,0.01,0.52,274.16,SELL_YES
1779793728.0447092,77317.5786851388,77396.45152,0.01,0.52,274.16,SELL_YES
1779793728.0482583,77317.5786851388,77396.45152,0.99,0.515,1000.0,BUY_YES
1779793728.0573196,77317.5786851388,77396.45152,0.14725922612122253,0.515,1207.0,SELL_YES
1779793729.7724316,77317.53253813575,77396.45152,0.23654604192066409,0.505,132.24,SELL_YES
1779793730.7721734,77317.46349236001,77396.45152,0.99,0.515,859.47,BUY_YES
1779793731.117585,77317.46349236001,77396.45152,0.01,0.52,318.33,SELL_YES
1779793731.121299,77317.46349236001,77396.45152,0.01,0.52,318.33,SELL_YES
1779793731.2691984,77317.45976061649,77396.45152,0.10079933023065461,0.515,318.33,SELL_YES
1779793731.456851,77317.45976061649,77396.45152,0.9192498282634834,0.51,171.16,BUY_YES
1779793731.8424706,77317.45976061649,77396.45152,0.01,0.52,188.07999999999996,SELL_YES
1779793731.8458698,77317.45976061649,77396.45152,0.01,0.52,188.07999999999996,SELL_YES
1779793731.8494043,77317.45976061649,77396.45152,0.01,0.515,188.07999999999996,SELL_YES
1779793731.9221506,77317.45976061649,77396.45152,0.7002443642040702,0.515,171.16,BUY_YES
1779793731.9267087,77317.45976061649,77396.45152,0.5485251587165678,0.515,132.05989340736664,BUY_YES
1779793732.1311188,77317.45976061649,77396.45152,0.01,0.515,109.86000000000004,SELL_YES
1779793732.215474,77317.45939171081,77396.45152,0.01,0.52,193.35989340736657,SELL_YES
1779793740.014963,77297.86148163248,77396.45152,0.01,0.53,226.17375711681598,BUY_NO
1779793740.021902,77297.86148163248,77396.45152,0.01,0.535,226.17375711681598,BUY_NO
1779793740.0273528,77297.86148163248,77396.45152,0.01,0.535,226.17375711681598,BUY_NO
1779793740.0322106,77297.86148163248,77396.45152,0.01,0.54,226.17375711681598,BUY_NO
1779793740.0371995,77297.86148163248,77396.45152,0.01,0.545,226.17375711681598,BUY_NO
1779793740.0411618,77297.86148163248,77396.45152,0.01,0.545,226.17375711681598,BUY_NO
1779793800.4833891,77282.747465,77284.02666,0.99,0.5,360.12,BUY_YES
1779793800.4899275,77282.747465,77284.02666,0.99,0.5,360.12,BUY_YES
1779793800.4937294,77282.747465,77284.02666,0.99,0.5,360.12,BUY_YES
1779793800.5380287,77282.747465,77284.02666,0.01,0.505,215.46,SELL_YES
1779793800.9583924,77282.747465,77282.747465,0.01,0.505,323.94,BUY_NO
1779793800.9623435,77282.747465,77282.747465,0.01,0.505,323.94,BUY_NO
1779793801.2241228,77282.747465,77282.747465,0.99,0.5,371.94,BUY_YES
1779793803.3188214,77282.45608,77282.747465,0.99,0.505,346.94,BUY_YES
1779793803.3227797,77282.45608,77282.747465,0.99,0.505,346.94,BUY_YES
1779793803.326765,77282.45608,77282.747465,0.99,0.505,346.94,BUY_YES
1779793803.3375013,77282.45608,77282.747465,0.01,0.51,223.23,BUY_NO
1779793803.3414001,77282.45608,77282.747465,0.01,0.51,223.23,BUY_NO
1779793803.3453324,77282.45608,77282.747465,0.01,0.51,223.23,BUY_NO
1779793803.3491926,77282.45608,77282.747465,0.01,0.51,223.23,BUY_NO
1779793803.354299,77282.45608,77282.747465,0.01,0.51,223.23,BUY_NO
1779793803.3580177,77282.45608,77282.747465,0.01,0.51,223.23,BUY_NO
1779793803.386052,77282.45608,77282.747465,0.99,0.505,341.94,BUY_YES
1779793803.3899403,77282.45608,77282.747465,0.99,0.505,341.94,BUY_YES
1779793803.3935015,77282.45608,77282.747465,0.99,0.505,341.94,BUY_YES
1779793803.3976178,77282.45608,77282.747465,0.99,0.505,341.94,BUY_YES
1779793803.4098926,77282.45608,77282.747465,0.01,0.51,223.23,BUY_NO
1779793803.4138482,77282.45608,77282.747465,0.01,0.51,223.23,BUY_NO
1779793803.418714,77282.45608,77282.747465,0.01,0.51,223.23,BUY_NO
1779793803.422606,77282.45608,77282.747465,0.01,0.51,223.23,BUY_NO
1779793803.4268444,77282.45608,77282.747465,0.01,0.51,223.23,BUY_NO
1779793803.430542,77282.45608,77282.747465,0.01,0.51,223.23,BUY_NO
1779793803.4357717,77282.45608,77282.747465,0.01,0.51,223.23,BUY_NO
1779793803.4390223,77282.45608,77282.747465,0.01,0.51,223.23,BUY_NO
1779793803.4422624,77282.45608,77282.747465,0.01,0.51,223.23,BUY_NO
1779793803.4456053,77282.45608,77282.747465,0.01,0.51,223.23,BUY_NO
1779793803.4499826,77282.45608,77282.747465,0.01,0.51,223.23,BUY_NO
1779793803.4537458,77282.45608,77282.747465,0.01,0.51,223.23,BUY_NO
1779793803.4771094,77282.45608,77282.747465,0.99,0.505,105.12,SELL_NO
1779793803.4805307,77282.45608,77282.747465,0.99,0.505,105.12,SELL_NO
1779793803.485134,77282.45608,77282.747465,0.99,0.505,105.12,SELL_NO
1779793803.4887476,77282.45608,77282.747465,0.99,0.505,110.12,SELL_NO
1779793803.4920683,77282.45608,77282.747465,0.99,0.505,110.12,SELL_NO
1779793803.4952605,77282.45608,77282.747465,0.99,0.505,110.12,SELL_NO
1779793803.4989324,77282.45608,77282.747465,0.99,0.505,110.12,SELL_NO
1779793803.5043979,77282.45608,77282.747465,0.99,0.505,110.12,SELL_NO
1779793803.507402,77282.45608,77282.747465,0.99,0.505,110.12,SELL_NO
1779793803.5112207,77282.45608,77282.747465,0.9896452152831181,0.505,110.12,SELL_NO
1779793803.5147305,77282.45608,77282.747465,0.9893838257530629,0.505,115.12,SELL_NO
1779793803.5195315,77282.45608,77282.747465,0.9891410167692051,0.505,120.12,SELL_NO
1779793824.8540359,77293.13828509764,77282.747465,0.01,0.5,248.36,SELL_YES
1779793824.9085052,77293.13828509764,77282.747465,0.015879888716564407,0.495,265.12,SELL_YES
1779793824.912616,77293.13828509764,77282.747465,0.02487500010494685,0.495,265.12,SELL_YES
1779793824.9163568,77293.13828509764,77282.747465,0.03803024711363704,0.495,265.12,SELL_YES
1779793824.9196875,77293.13828509764,77282.747465,0.05568784065422497,0.495,265.12,SELL_YES
1779793824.9234278,77293.13828509764,77282.747465,0.07767428942812703,0.495,265.12,SELL_YES
1779793824.9273257,77293.13828509764,77282.747465,0.10337612354707554,0.495,265.12,SELL_YES
1779793824.9306407,77293.13828509764,77282.747465,0.13189771940586495,0.495,265.12,SELL_YES
1779793824.934768,77293.13828509764,77282.747465,0.16223468151536524,0.495,265.12,SELL_YES
1779793839.5518715,77293.25672452232,77282.747465,0.6956716612669063,0.505,102.33999999999997,BUY_YES
1779793842.8206892,77294.64722909412,77282.747465,0.99,0.505,468.28,BUY_YES
1779793843.0908253,77294.64722909412,77282.747465,0.01,0.51,242.23,SELL_YES
1779793843.0953496,77294.64722909412,77282.747465,0.99,0.505,468.28,BUY_YES
1779793843.191681,77294.64722909412,77282.747465,0.19278571199692315,0.505,248.36,SELL_YES
1779793843.1975894,77294.64722909412,77282.747465,0.99,0.5,120.12,BUY_YES
1779793843.2036433,77294.64722909412,77282.747465,0.99,0.505,468.28,BUY_YES
1779793843.2153077,77294.64722909412,77282.747465,0.01,0.51,237.23,SELL_YES
1779793843.6473744,77293.37933027008,77282.747465,0.99,0.505,120.12,BUY_YES
1779793843.689458,77293.37933027008,77282.747465,0.9593682317493325,0.51,231.33,BUY_YES
1779793843.8716292,77293.37933027008,77282.747465,0.01,0.515,248.36,SELL_YES
1779793843.8769436,77293.37933027008,77282.747465,0.9862121770698478,0.505,463.28,BUY_YES
1779793843.9008741,77293.37933027008,77282.747465,0.01,0.51,232.23,SELL_YES
1779793843.9080892,77293.37933027008,77282.747465,0.99,0.505,463.28,BUY_YES
1779793844.066697,77293.37933027008,77282.747465,0.01,0.51,227.23,SELL_YES
1779793844.0736294,77293.37933027008,77282.747465,0.99,0.505,271.6709436873539,BUY_YES
1779793844.1311815,77293.37933027008,77282.747465,0.01,0.505,227.23,SELL_YES
1779793844.140331,77293.37933027008,77282.747465,0.99,0.5,191.6090563126461,BUY_YES
1779793844.188372,77293.37933027008,77282.747465,0.01,0.505,248.36,SELL_YES
1779793844.1940923,77293.37933027008,77282.747465,0.99,0.505,283.6693758602228,BUY_YES
1779793844.338945,77293.37933027008,77282.747465,0.01,0.505,217.23,SELL_YES
1779793844.3432019,77293.37933027008,77282.747465,0.99,0.505,463.28,SELL_NO
1779793844.5758622,77289.63773430698,77282.747465,0.01,0.505,248.36,SELL_YES
1779793844.5860112,77289.63773430698,77282.747465,0.99,0.5,120.12,BUY_YES
1779793844.9123154,77289.63773430698,77282.747465,0.693144346679494,0.505,231.33,SELL_NO
1779793844.931153,77289.63773430698,77282.747465,0.99,0.505,417.5088432109351,BUY_YES
1779793844.9447138,77289.63773430698,77282.747465,0.01,0.505,207.23,SELL_YES
1779793844.9489956,77289.63773430698,77282.747465,0.99,0.505,463.28,SELL_NO
1779793845.0486057,77289.63773430698,77282.747465,0.12929062737753863,0.505,248.36,SELL_YES
1779793845.059797,77289.63773430698,77282.747465,0.99,0.5,120.12,BUY_YES
1779793845.5009184,77292.94632154715,77282.747465,0.99,0.505,231.33,BUY_YES
1779793845.519099,77292.94632154715,77282.747465,0.01,0.51,265.12,SELL_YES
1779793845.7279866,77292.94632154715,77282.747465,0.99,0.505,247.0,BUY_YES
1779793845.7315438,77292.94632154715,77282.747465,0.99,0.505,452.8320019099424,BUY_YES
1779793845.786368,77292.94632154715,77282.747465,0.01,0.505,197.23,SELL_YES
1779793845.791976,77292.94632154715,77282.747465,0.99,0.505,463.28,SELL_NO
1779793845.9589033,77292.94632154715,77282.747465,0.01,0.51,197.23,BUY_NO
1779793845.9737813,77292.94632154715,77282.747465,0.99,0.505,120.12,SELL_NO
1779793846.417856,77291.6940810791,77282.747465,0.01,0.51,248.36,BUY_NO
1779793846.4306147,77291.6940810791,77282.747465,0.99,0.505,231.33,SELL_NO
1779793846.86144,77291.6940810791,77282.747465,0.010570897861599867,0.51,265.12,BUY_NO
1779793846.9001126,77291.6940810791,77282.747465,0.99,0.505,247.0,SELL_NO
1779793846.974361,77291.6940810791,77282.747465,0.012725583953845189,0.51,336.33437457004356,BUY_NO
1779793847.1682258,77291.6940810791,77282.747465,0.99,0.51,568.0,SELL_NO
1779793847.315837,77291.548055,77282.747465,0.01,0.515,166.98562542995643,BUY_NO
1779793847.3539922,77291.548055,77282.747465,0.01,0.51,369.4281375039384,BUY_NO
1779793847.802999,77291.548055,77282.747465,0.99,0.51,565.0,SELL_NO
1779793847.8124583,77291.548055,77282.747465,0.01,0.515,128.5718624960616,BUY_NO
1779793848.2605767,77291.548055,77282.747465,0.01,0.51,391.0309989371983,BUY_NO
1779793848.266929,77291.548055,77282.747465,0.99,0.51,577.0,SELL_NO
1779793848.7160084,77290.26204329099,77282.747465,0.01,0.515,98.96900106280168,BUY_NO
1779793848.7260766,77290.26204329099,77282.747465,0.01,0.51,433.9342861929174,BUY_NO
1779793849.1820989,77290.26204329099,77282.747465,0.99,0.51,593.59,SELL_NO
1779793849.187448,77290.26204329099,77282.747465,0.99,0.51,593.59,SELL_NO
1779793854.9136913,77291.509895,77282.747465,0.99,0.505,459.36,SELL_NO
1779793855.1529887,77291.509895,77282.747465,0.01,0.51,197.23,BUY_NO
1779793855.1586952,77291.509895,77282.747465,0.29330402794280724,0.505,248.36,BUY_NO
1779793855.6074493,77291.508705,77282.747465,0.99,0.5,120.12,SELL_NO
1779793855.6134691,77291.508705,77282.747465,0.99,0.505,231.33,SELL_NO
1779793856.0818608,77291.508705,77282.747465,0.01,0.51,265.12,BUY_NO
1779793856.0877259,77291.508705,77282.747465,0.99,0.505,271.0,SELL_NO
1779793856.5245435,77291.38778,77282.747465,0.01,0.51,527.32,BUY_NO
1779793856.5725946,77291.38778,77282.747465,0.99,0.505,568.0,SELL_NO
1779793856.9769707,77291.38778,77282.747465,0.01,0.51,498.0,BUY_NO
1779793857.0469635,77291.38778,77282.747465,0.99,0.505,565.0,SELL_NO
1779793857.2199028,77291.38778,77282.747465,0.01,0.51,490.0,BUY_NO
1779793857.4411592,77291.32685129232,77282.747465,0.99,0.505,577.0,SELL_NO
1779793857.5071216,77291.32685129232,77282.747465,0.01,0.51,451.04,BUY_NO
1779793857.8936312,77291.32685129232,77282.747465,0.99,0.505,593.59,SELL_NO
1779793857.9644585,77291.32685129232,77282.747465,0.01,0.51,437.0,BUY_NO
1779793862.454303,77292.466435,77282.747465,0.99,0.505,459.36,SELL_NO
1779793862.5487998,77292.466435,77282.747465,0.01,0.51,187.23,BUY_NO
1779793862.5524318,77292.466435,77282.747465,0.01,0.51,187.23,BUY_NO
1779793862.9782841,77292.466435,77282.747465,0.8050809123667692,0.505,120.12,SELL_NO
1779793862.996701,77292.466435,77282.747465,0.01,0.51,248.36,BUY_NO
1779793863.450271,77292.35090051474,77282.747465,0.99,0.505,231.33,SELL_NO
1779793863.455586,77292.35090051474,77282.747465,0.01,0.51,265.12,BUY_NO
1779793863.9190097,77292.35090051474,77282.747465,0.99,0.505,271.0,SELL_NO
1779793863.9398866,77292.35090051474,77282.747465,0.01,0.51,527.32,BUY_NO
1779793864.3886604,77292.35090051474,77282.747465,0.99,0.505,568.0,SELL_NO
1779793864.3947036,77292.35090051474,77282.747465,0.01,0.51,498.0,BUY_NO
1779793864.842484,77292.35090051474,77282.747465,0.99,0.505,565.0,SELL_NO
1779793864.8499482,77292.35090051474,77282.747465,0.01,0.51,490.0,BUY_NO
1779793865.2927132,77292.35090051474,77282.747465,0.99,0.505,577.0,SELL_NO
1779793865.3167799,77292.35090051474,77282.747465,0.01,0.51,451.04,BUY_NO
1779793865.7545753,77293.19164827323,77282.747465,0.99,0.505,593.59,SELL_NO
1779793865.767787,77293.19164827323,77282.747465,0.01,0.51,437.0,BUY_NO
1779793866.2109804,77293.19164827323,77282.747465,0.8174937693584633,0.505,498.31428619291785,SELL_NO
1779793900.2139595,77272.481225,77282.747465,0.38750525514597983,0.505,181.35,BUY_NO
1779793903.2252676,77271.81536942982,77282.747465,0.99,0.5,181.35,SELL_NO
1779793903.2295206,77271.81536942982,77282.747465,0.99,0.5,181.35,SELL_NO
1779793903.234293,77271.81536942982,77282.747465,0.99,0.5,181.35,SELL_NO
1779793903.2375453,77271.81536942982,77282.747465,0.99,0.5,181.35,SELL_NO
1779793903.2410026,77271.81536942982,77282.747465,0.99,0.5,181.35,SELL_NO
1779793903.2441995,77271.81536942982,77282.747465,0.99,0.5,181.35,SELL_NO
1779793903.2478566,77271.81536942982,77282.747465,0.99,0.5,181.35,SELL_NO
1779793903.2522657,77271.81536942982,77282.747465,0.99,0.5,181.35,SELL_NO
1779793903.2559338,77271.81536942982,77282.747465,0.99,0.5,181.35,SELL_NO
1779793903.2677712,77271.81536942982,77282.747465,0.01,0.5,173.36,BUY_NO
1779793903.2710426,77271.81536942982,77282.747465,0.01,0.5,173.36,BUY_NO
1779793903.275286,77271.81536942982,77282.747465,0.01,0.5,173.36,BUY_NO
1779793904.149685,77268.864,77282.747465,0.7602658977035993,0.505,278.01,SELL_NO
1779793905.4088964,77266.89928790844,77282.747465,0.99,0.51,242.07000000000005,SELL_NO
1779793905.4124017,77266.89928790844,77282.747465,0.99,0.51,242.07000000000005,SELL_NO
1779793914.5048733,77251.8191483079,77282.747465,0.01,0.505,187.95,BUY_NO
1779793914.5100143,77251.8191483079,77282.747465,0.01,0.505,187.95,BUY_NO
1779793914.5154235,77251.8191483079,77282.747465,0.01,0.505,187.95,BUY_NO
1779793914.5212793,77251.8191483079,77282.747465,0.01,0.505,187.95,BUY_NO
1779793916.8866224,77225.62744,77282.747465,0.01,0.505,137.95,BUY_NO
1779793916.8907495,77225.62744,77282.747465,0.01,0.505,137.95,BUY_NO
1779793916.9014077,77225.62744,77282.747465,0.01,0.5,128.36,BUY_NO
1779793916.9061127,77225.62744,77282.747465,0.9325734066952749,0.5,708.36,SELL_NO
1779793916.937172,77225.62744,77282.747465,0.8873763794888934,0.5,708.36,SELL_NO
1779793916.940238,77225.62744,77282.747465,0.8300314850506668,0.5,708.36,SELL_NO
1779793919.719939,77234.02380839731,77282.747465,0.01,0.5,145.12,BUY_NO
1779793919.7270465,77234.02380839731,77282.747465,0.8424543942455811,0.505,592.8199999999999,SELL_NO
1779793921.817289,77236.70678,77282.747465,0.01,0.505,137.95,BUY_NO
1779793921.8227158,77236.70678,77282.747465,0.01,0.505,137.95,BUY_NO
1779793921.827086,77236.70678,77282.747465,0.01,0.51,137.95,BUY_NO
1779793921.8315969,77236.70678,77282.747465,0.01,0.51,137.95,BUY_NO
1779793921.836274,77236.70678,77282.747465,0.01,0.51,137.95,BUY_NO
1779793921.840209,77236.70678,77282.747465,0.01,0.51,137.95,BUY_NO
1779793921.8438704,77236.70678,77282.747465,0.01,0.51,137.95,BUY_NO
1779793926.1356943,77244.57735,77282.747465,0.01,0.505,128.36,BUY_NO
1779793926.1699939,77244.57735,77282.747465,0.06601995033604491,0.5,145.12,BUY_NO
1779793926.5303025,77244.756575,77282.747465,0.99,0.495,120.12,SELL_NO
1779793926.565107,77244.756575,77282.747465,0.14390392475742772,0.5,167.32,BUY_NO
1779793926.820606,77244.756575,77282.747465,0.99,0.495,231.33,SELL_NO
1779793926.8548503,77244.756575,77282.747465,0.01,0.5,258.0,BUY_NO
1779793928.2733872,77238.5945,77282.747465,0.99,0.495,151.0,SELL_NO
1779793928.2804363,77238.5945,77282.747465,0.99,0.505,419.63,SELL_NO
1779793928.4843483,77238.5945,77282.747465,0.04920467905156341,0.51,137.95,BUY_NO
1779793928.4899755,77238.5945,77282.747465,0.99,0.505,120.12,SELL_NO
1779793928.493485,77238.5945,77282.747465,0.9896344626629012,0.505,120.12,SELL_NO
1779793928.5018623,77238.5945,77282.747465,0.03989991792338944,0.51,128.36,BUY_NO
1779793928.505053,77238.5945,77282.747465,0.01,0.51,248.36,BUY_NO
1779793928.5087523,77238.5945,77282.747465,0.01,0.51,248.36,BUY_NO
1779793928.511896,77238.5945,77282.747465,0.01,0.51,248.36,BUY_NO
1779793928.515084,77238.5945,77282.747465,0.01,0.51,248.36,BUY_NO
1779793928.5268362,77238.5945,77282.747465,0.99,0.505,231.33,SELL_NO
1779793929.0950375,77238.5945,77282.747465,0.01,0.51,265.12,BUY_NO
1779793929.1027699,77238.5945,77282.747465,0.99,0.505,271.0,SELL_NO
1779793930.4595227,77237.88641,77282.747465,0.01,0.51,414.71056327942006,BUY_NO
1779793930.4696374,77237.88641,77282.747465,0.99,0.51,523.0,SELL_NO
1779793932.681802,77238.86442,77282.747465,0.01,0.515,112.60943672057999,BUY_NO
1779793932.6876864,77238.86442,77282.747465,0.01,0.51,361.56035409933634,BUY_NO
1779793932.693738,77238.86442,77282.747465,0.99,0.51,525.0,SELL_NO
1779793932.6978421,77238.86442,77282.747465,0.99,0.51,525.0,SELL_NO
1779793932.706489,77238.86442,77282.747465,0.01,0.515,136.43964590066366,BUY_NO
1779793932.7101805,77238.86442,77282.747465,0.01,0.515,136.43964590066366,BUY_NO
1779793932.7136965,77238.86442,77282.747465,0.01,0.515,136.43964590066366,BUY_NO
1779793932.719697,77238.86442,77282.747465,0.01,0.515,136.43964590066366,BUY_NO
1779793932.7296748,77238.86442,77282.747465,0.01,0.51,461.4412160917377,BUY_NO
1779793932.7339933,77238.86442,77282.747465,0.01,0.51,461.4412160917377,BUY_NO
1779793932.7374597,77238.86442,77282.747465,0.01,0.51,461.4412160917377,BUY_NO
1779793932.740222,77238.86442,77282.747465,0.01,0.51,461.4412160917377,BUY_NO
1779793933.7453902,77239.14932,77282.747465,0.99,0.505,520.0,SELL_NO
1779793933.753249,77239.14932,77282.747465,0.01,0.51,456.04,SELL_YES
1779793933.7581313,77239.14932,77282.747465,0.01,0.51,456.04,SELL_YES
1779793933.765583,77239.14932,77282.747465,0.99,0.505,205.22409955037278,BUY_YES
1779793933.7695465,77239.14932,77282.747465,0.99,0.505,205.22409955037278,BUY_YES
1779793933.7729578,77239.14932,77282.747465,0.99,0.505,205.22409955037278,BUY_YES
1779793933.7757285,77239.14932,77282.747465,0.99,0.505,205.22409955037278,BUY_YES
1779793933.788816,77239.14932,77282.747465,0.01,0.51,447.0,SELL_YES
1779793933.7926316,77239.14932,77282.747465,0.01,0.51,447.0,SELL_YES
1779793933.79658,77239.14932,77282.747465,0.01,0.51,447.0,SELL_YES
1779793933.8008783,77239.14932,77282.747465,0.01,0.51,447.0,SELL_YES
1779793933.8040054,77239.14932,77282.747465,0.01,0.51,447.0,SELL_YES
1779793933.8076062,77239.14932,77282.747465,0.01,0.51,447.0,SELL_YES
1779793933.8132281,77239.14932,77282.747465,0.01,0.51,447.0,SELL_YES
1779793956.691954,77242.48567001407,77282.747465,0.99,0.49,1000.0,BUY_YES
1779793956.6959314,77242.48567001407,77282.747465,0.99,0.505,235.8,BUY_YES
1779793957.2730572,77242.48567001407,77282.747465,0.018550192318335264,0.51,137.95,SELL_YES
1779793957.2759802,77242.48567001407,77282.747465,0.19032137266424606,0.505,137.95,SELL_YES
1779793957.8879278,77242.50604132356,77282.747465,0.01,0.515,207.95,SELL_YES
1779793958.2508652,77242.50604132356,77282.747465,0.01,0.515,99.0,SELL_YES
1779793958.4587643,77242.50604132356,77282.747465,0.26897647009851644,0.505,248.36,SELL_YES
1779793959.034763,77242.50604132356,77282.747465,0.21242688969578916,0.515,98.95,SELL_YES
1779793961.3393118,77242.98887976982,77282.747465,0.01,0.515,110.18,SELL_YES
1779793961.4082985,77242.98887976982,77282.747465,0.46962219083364276,0.51,173.95,SELL_YES
1779793993.6630342,77244.377245,77282.747465,0.558215790774084,0.525,109.3,SELL_NO
1779793999.3634467,77231.13412914766,77282.747465,0.6203377993660745,0.525,125.00000000000001,BUY_YES
1779793999.3675501,77231.13412914766,77282.747465,0.5411363404659095,0.525,125.00000000000001,SELL_NO
1779794002.207098,77228.314925,77282.747465,0.9631834691066119,0.525,158.82,BUY_YES
1779794002.7830558,77228.64523,77282.747465,0.99,0.52,158.82,BUY_YES
1779794007.1401706,77204.146425,77282.747465,0.01,0.525,100.0,SELL_YES
1779794007.1436095,77204.146425,77282.747465,0.01,0.525,105.0,SELL_YES
1779794007.4961047,77208.60963,77282.747465,0.01,0.53,120.0,SELL_YES
1779794007.5485806,77208.60963,77282.747465,0.031354499018169425,0.525,123.19,SELL_YES
1779794059.2771044,77179.87845,77282.747465,0.8268248071432845,0.54,380.24,BUY_YES
1779794059.2801123,77179.87845,77282.747465,0.7413891701987361,0.535,380.24,BUY_YES
1779794059.3052437,77179.87845,77282.747465,0.01,0.54,567.43,SELL_YES
1779794059.308408,77179.87845,77282.747465,0.01,0.54,567.43,SELL_YES
1779794059.728215,77179.87845,77282.747465,0.01,0.535,240.4366191825908,SELL_YES
1779794102.7451355,77178.82981,77178.74699,0.48556118172256224,0.515,140.27654320175822,BUY_NO
1779794102.7486382,77178.82981,77178.74699,0.48693606310041637,0.515,132.38485200751163,BUY_NO
1779794103.3313217,77178.82981,77178.74699,0.0725836653277052,0.515,280.29,BUY_NO
1779794103.378821,77178.82981,77178.74699,0.011096143901880344,0.515,280.29,BUY_NO
1779794113.4928093,77177.834875,77178.74699,0.01,0.525,184.23,BUY_NO
1779794125.0318205,77192.77438,77178.74699,0.99,0.525,181.64,BUY_YES
1779794128.8031166,77192.78981,77178.74699,0.5452261528780827,0.53,441.4,SELL_NO
1779794142.85729,77193.15066,77178.74699,0.6330071662614535,0.525,218.41,BUY_YES
1779794152.312795,77193.15066,77178.74699,0.01,0.53,240.28,BUY_NO
1779794152.3303013,77193.15066,77178.74699,0.01,0.53,240.28,BUY_NO
1779794152.336671,77193.15066,77178.74699,0.01,0.53,240.28,BUY_NO
1779794152.3412735,77193.15066,77178.74699,0.01,0.53,240.28,BUY_NO
1779794152.346548,77193.15066,77178.74699,0.01,0.53,240.28,BUY_NO
1779794152.3534887,77193.15066,77178.74699,0.01,0.53,240.28,BUY_NO
1779794152.3603506,77193.15066,77178.74699,0.01,0.53,245.28,BUY_NO
1779794152.364925,77193.15066,77178.74699,0.01,0.53,245.28,BUY_NO
1779794152.3684335,77193.15066,77178.74699,0.01,0.53,240.28,BUY_NO
1779794152.3717325,77193.15066,77178.74699,0.99,0.525,218.41,BUY_YES
1779794152.3754215,77193.15066,77178.74699,0.99,0.525,218.41,BUY_YES
1779794152.3786235,77193.15066,77178.74699,0.99,0.525,218.41,BUY_YES
1779794152.388573,77193.15066,77178.74699,0.99,0.525,218.41,BUY_YES
1779794152.399608,77193.15066,77178.74699,0.99,0.525,218.41,BUY_YES
1779794152.4071515,77193.15066,77178.74699,0.99,0.525,218.41,BUY_YES
1779794152.4149852,77193.15066,77178.74699,0.99,0.525,218.41,BUY_YES
1779794152.422593,77193.15066,77178.74699,0.99,0.525,218.41,BUY_YES
1779794152.4254076,77193.15066,77178.74699,0.99,0.525,218.41,BUY_YES
1779794152.4295974,77193.15066,77178.74699,0.9885556740723382,0.525,218.41,BUY_YES
1779794152.4330876,77193.15066,77178.74699,0.9822168387926691,0.525,218.41,BUY_YES
1779794152.4363763,77193.15066,77178.74699,0.9814234184302555,0.525,218.41,BUY_YES
1779794152.4713554,77193.15066,77178.74699,0.9724448245986959,0.525,218.41,BUY_YES
1779794152.4827163,77193.15066,77178.74699,0.9724508799711304,0.525,218.41,BUY_YES
1779794152.4874334,77193.15066,77178.74699,0.9610047446850565,0.525,218.41,BUY_YES
1779794152.4928167,77193.15066,77178.74699,0.9623268363861656,0.525,218.41,BUY_YES
1779794152.5003104,77193.15066,77178.74699,0.9487877670393255,0.525,218.41,BUY_YES
1779794152.504971,77193.15066,77178.74699,0.9332095797974675,0.525,218.41,BUY_YES
1779794152.5079963,77193.15066,77178.74699,0.9160228670444839,0.525,218.41,BUY_YES
1779794152.513258,77193.15066,77178.74699,0.897710673640225,0.525,218.41,BUY_YES
1779794152.5198183,77193.15066,77178.74699,0.8787543884021182,0.525,218.41,BUY_YES
1779794152.5893226,77211.124545,77178.74699,0.8689648792832692,0.525,582.34,SELL_NO
1779794152.5934737,77211.124545,77178.74699,0.9337824636446224,0.525,218.41,SELL_NO
1779794152.6001866,77211.124545,77178.74699,0.9426865725287817,0.525,218.41,SELL_NO
1779794152.6085258,77211.124545,77178.74699,0.9306188323796081,0.525,218.41,SELL_NO
1779794152.6138427,77211.124545,77178.74699,0.9180453957063263,0.525,218.41,SELL_NO
1779794152.6170466,77211.124545,77178.74699,0.9052347311452783,0.525,218.41,SELL_NO
1779794152.6231112,77211.124545,77178.74699,0.8924245632328452,0.525,218.41,SELL_NO
1779794152.6264102,77211.124545,77178.74699,0.8798148211960719,0.525,218.41,SELL_NO
1779794152.6295617,77211.124545,77178.74699,0.9001471641320338,0.525,218.41,SELL_NO
1779794152.632435,77211.124545,77178.74699,0.8873950133630892,0.525,218.41,SELL_NO
1779794152.6355467,77211.124545,77178.74699,0.8749111590181988,0.525,218.41,SELL_NO
1779794152.6401892,77211.124545,77178.74699,0.862839557728053,0.525,218.41,SELL_NO
1779794152.6439924,77211.124545,77178.74699,0.8512868141257663,0.525,218.41,SELL_NO
1779794152.6468835,77211.124545,77178.74699,0.840326626453637,0.525,218.41,SELL_NO
1779794152.6504192,77211.124545,77178.74699,0.8300050674304909,0.525,218.41,SELL_NO
1779794152.653359,77211.124545,77178.74699,0.8203452686864998,0.525,218.41,SELL_NO
1779794152.6590335,77211.124545,77178.74699,0.8113530345332984,0.525,218.41,SELL_NO
1779794152.6622016,77211.124545,77178.74699,0.8030191376810384,0.525,218.41,SELL_NO
1779794152.6652339,77211.124545,77178.74699,0.7953252764389115,0.525,218.41,SELL_NO
1779794152.6678848,77211.124545,77178.74699,0.7882455394302708,0.525,218.41,SELL_NO
1779794152.6710508,77211.124545,77178.74699,0.7817494245023056,0.525,218.41,SELL_NO
1779794152.676296,77211.124545,77178.74699,0.7758036900484618,0.525,218.41,SELL_NO
1779794152.679634,77211.124545,77178.74699,0.8238770365037172,0.525,218.41,SELL_NO
1779794152.682762,77211.124545,77178.74699,0.8146362918798478,0.525,218.41,SELL_NO
1779794152.685915,77211.124545,77178.74699,0.8060587250118164,0.525,218.41,SELL_NO
1779794152.6896582,77211.124545,77178.74699,0.7981292448734971,0.525,218.41,SELL_NO
1779794152.693817,77211.124545,77178.74699,0.7908243870714913,0.525,218.41,SELL_NO
1779794152.6968827,77211.124545,77178.74699,0.7841146905000467,0.525,218.41,SELL_NO
1779794152.6999252,77211.124545,77178.74699,0.777967617210923,0.525,218.41,SELL_NO
1779794152.7030656,77211.124545,77178.74699,0.7723484417857901,0.525,218.41,SELL_NO
1779794152.7064931,77211.124545,77178.74699,0.7672216771079238,0.525,218.41,SELL_NO
1779794152.7107694,77211.124545,77178.74699,0.7625520785779817,0.525,218.41,SELL_NO
1779794152.7136626,77211.124545,77178.74699,0.7583043808290593,0.525,218.41,SELL_NO
1779794152.716754,77211.124545,77178.74699,0.7544456601005773,0.525,218.41,SELL_NO
1779794152.7212958,77211.124545,77178.74699,0.7509445274859854,0.525,218.41,SELL_NO
1779794152.7244594,77211.124545,77178.74699,0.6533054242323548,0.525,218.41,SELL_NO
1779794152.728721,77211.124545,77178.74699,0.7535726333779984,0.525,226.41,SELL_NO
1779794152.7323883,77211.124545,77178.74699,0.6560747515447886,0.525,226.41,SELL_NO
1779794152.7366383,77211.124545,77178.74699,0.5578504775731967,0.525,226.41,SELL_NO
1779794152.739837,77211.124545,77178.74699,0.6781642057602149,0.525,234.41,SELL_NO
1779794152.7427022,77211.124545,77178.74699,0.6822811814435539,0.525,234.41,SELL_NO
1779794152.747093,77211.124545,77178.74699,0.7755659320889268,0.525,242.41,SELL_NO
1779794152.7508454,77211.124545,77178.74699,0.7701579045304897,0.525,242.41,SELL_NO
1779794152.7554762,77211.124545,77178.74699,0.7652275386399312,0.525,242.41,SELL_NO
1779794152.758457,77211.124545,77178.74699,0.7607389726337991,0.525,242.41,SELL_NO
1779794152.7972817,77211.124545,77178.74699,0.01,0.535,213.68,BUY_NO
1779794152.8036625,77211.124545,77178.74699,0.01,0.535,213.68,BUY_NO
1779794152.8108783,77211.124545,77178.74699,0.8959278663551274,0.53,627.9213952092696,SELL_NO
1779794153.0179524,77211.124545,77178.74699,0.01,0.53,345.24,BUY_NO
1779794153.2382836,77211.124545,77178.74699,0.01,0.525,1146.28,BUY_NO
1779794155.2709033,77196.066,77178.74699,0.99,0.525,238.25,SELL_NO
1779794155.3496315,77196.066,77178.74699,0.99,0.53,327.0,SELL_NO
1779794155.5643985,77196.066,77178.74699,0.01,0.535,213.68,BUY_NO
1779794155.7169814,77196.066,77178.74699,0.47564018764103083,0.53,345.24,SELL_YES
1779794155.7229238,77196.066,77178.74699,0.99,0.525,643.0,SELL_NO
1779794155.7289648,77196.066,77178.74699,0.01,0.53,1146.28,BUY_NO
1779794155.7324898,77196.066,77178.74699,0.01,0.53,1146.28,BUY_NO
1779794155.739163,77196.066,77178.74699,0.99,0.525,646.12,SELL_NO
1779794155.7439167,77196.066,77178.74699,0.99,0.525,646.12,SELL_NO
1779794155.7478743,77196.066,77178.74699,0.99,0.525,646.12,SELL_NO
1779794155.759761,77196.066,77178.74699,0.46201622074964616,0.53,223.36,SELL_YES
1779794155.7630887,77196.066,77178.74699,0.47813791941718586,0.53,223.36,SELL_YES
1779794155.7778313,77196.066,77178.74699,0.99,0.5249999999999999,583.26,SELL_NO
1779794155.8016758,77195.43656,77178.74699,0.01,0.53,210.83,BUY_NO
1779794155.838546,77195.43656,77178.74699,0.01,0.5249999999999999,428.32,BUY_NO
1779794155.8453643,77195.43656,77178.74699,0.99,0.52,587.0,SELL_NO
1779794155.8490365,77195.43656,77178.74699,0.99,0.52,587.0,SELL_NO
1779794155.8556697,77195.43656,77178.74699,0.01,0.525,498.0,BUY_NO
1779794155.8606951,77195.43656,77178.74699,0.01,0.525,498.0,BUY_NO
1779794155.8681571,77195.43656,77178.74699,0.99,0.52,610.0,SELL_NO
1779794155.871972,77195.43656,77178.74699,0.99,0.52,610.0,SELL_NO
1779794155.875472,77195.43656,77178.74699,0.99,0.52,610.0,SELL_NO
1779794155.8789992,77195.43656,77178.74699,0.99,0.52,610.0,SELL_NO
1779794155.8821204,77195.43656,77178.74699,0.99,0.52,610.0,SELL_NO
1779794155.885511,77195.43656,77178.74699,0.99,0.52,610.0,SELL_NO
1779794155.8882823,77195.43656,77178.74699,0.99,0.52,610.0,SELL_NO
1779794155.898011,77195.43656,77178.74699,0.01,0.525,490.0,BUY_NO
1779794155.9312243,77195.43656,77178.74699,0.01,0.525,490.0,BUY_NO
1779794155.9697855,77195.43656,77178.74699,0.99,0.52,1076.0400000000004,SELL_NO
1779794155.9769013,77195.43656,77178.74699,0.01,0.52,445.0,BUY_NO
1779794155.9827807,77195.43656,77178.74699,0.01,0.52,445.0,BUY_NO
1779794155.9919424,77195.43656,77178.74699,0.01,0.515,437.0,BUY_NO
1779794155.996361,77195.43656,77178.74699,0.01,0.515,437.0,BUY_NO
1779794156.000413,77195.43656,77178.74699,0.01,0.515,437.0,BUY_NO
1779794156.003863,77195.43656,77178.74699,0.01,0.515,437.0,BUY_NO
1779794156.00737,77195.43656,77178.74699,0.01,0.515,437.0,BUY_NO
1779794156.0108874,77195.43656,77178.74699,0.01,0.515,437.0,BUY_NO
1779794156.015539,77195.43656,77178.74699,0.01,0.515,437.0,BUY_NO
1779794158.0266707,77195.43656,77178.74699,0.99,0.475,310.94000000000005,SELL_NO
1779794166.855047,77215.16926344713,77178.74699,0.99,0.525,553.3,SELL_NO
1779794166.9516811,77215.16926344713,77178.74699,0.01,0.53,213.68,SELL_YES
1779794167.1805062,77215.16926344713,77178.74699,0.5828329714220456,0.525,327.0,SELL_NO
1779794167.4091423,77215.16926344713,77178.74699,0.01,0.53,345.24,SELL_YES
1779794167.6699245,77215.1903249182,77178.74699,0.9688518167184745,0.525,643.0,SELL_NO
1779794167.9376214,77215.1903249182,77178.74699,0.01,0.53,1146.28,SELL_YES
1779794168.124226,77215.1903249182,77178.74699,0.99,0.525,646.12,SELL_NO
1779794168.3725376,77215.1903249182,77178.74699,0.01,0.53,103.36,BUY_NO
1779794168.5796306,77215.18929312214,77178.74699,0.8116878647325301,0.5249999999999999,583.26,SELL_NO
1779794168.824454,77215.18929312214,77178.74699,0.01,0.53,210.83,BUY_NO
1779794169.2698483,77215.18929312214,77178.74699,0.99,0.525,553.3,SELL_NO
1779794169.2974045,77215.18929312214,77178.74699,0.01,0.53,207.56,BUY_NO
1779794169.5003,77215.18929312214,77178.74699,0.01,0.525,345.24,BUY_NO
1779794169.7516658,77215.18929312214,77178.74699,0.99,0.52,327.0,SELL_NO
1779794169.945452,77215.18929312214,77178.74699,0.01,0.525,1083.3386837697708,BUY_NO
1779794170.189645,77215.18744408576,77178.74699,0.99,0.525,643.0,SELL_NO
1779794170.392289,77215.18744408576,77178.74699,0.99,0.53,646.12,SELL_NO
1779794171.6987932,77215.50412696747,77178.74699,0.99,0.515,120.0,SELL_NO
1779794173.6065068,77216.68462560946,77178.74699,0.5653230136391814,0.52,240.0,SELL_NO
1779794188.5938346,77205.889,77178.74699,0.99,0.525,306.28868376977096,SELL_NO
1779794192.9559042,77209.87742170492,77178.74699,0.01,0.525,190.05,BUY_NO
1779794194.807662,77200.57589014723,77178.74699,0.99,0.52,190.05,SELL_NO
1779794262.9421005,77252.7461735766,77178.74699,0.01,0.505,1156.33,BUY_NO
1779794269.9509337,77215.51742754556,77178.74699,0.01,0.505,729.2224137789215,BUY_NO
1779794269.9634967,77215.51742754556,77178.74699,0.01,0.505,427.10758622107846,SELL_YES
1779794269.9751306,77215.51742754556,77178.74699,0.01,0.505,1156.33,SELL_YES
1779794270.280131,77215.51742754556,77178.74699,0.01,0.505,125.54317034899714,BUY_NO
1779794272.4290526,77213.02894349866,77178.74699,0.01,0.505,906.0624137789218,SELL_YES
1779794274.3823392,77212.4306172972,77178.74699,0.99,0.505,175.72,BUY_YES
1779794277.240168,77212.34802933891,77178.74699,0.7801406918534516,0.51,248.05,BUY_YES
1779794277.2444592,77212.34802933891,77178.74699,0.779322026850957,0.51,248.05,BUY_YES
1779794277.2516458,77212.34802933891,77178.74699,0.01,0.515,154.60441587208106,SELL_YES
1779794277.2551336,77212.34802933891,77178.74699,0.01,0.515,154.60441587208106,SELL_YES
1779794277.2580328,77212.34802933891,77178.74699,0.01,0.515,154.60441587208106,SELL_YES
1779794277.2618167,77212.34802933891,77178.74699,0.01,0.515,154.60441587208106,SELL_YES
1779794278.5238156,77219.509795,77178.74699,0.01,0.505,103.37312051698223,BUY_NO
1779794281.1982718,77219.56585961948,77178.74699,0.523686612952108,0.505,189.72,SELL_NO
1779794281.2009542,77219.56585961948,77178.74699,0.5576620993273724,0.505,150.87392704440828,BUY_YES
1779794281.2035093,77219.56585961948,77178.74699,0.5878851222119559,0.505,189.72,BUY_YES
1779794281.205975,77219.56585961948,77178.74699,0.6146473858207431,0.505,189.72,BUY_YES
1779794281.2084932,77219.56585961948,77178.74699,0.638273824361452,0.505,189.72,BUY_YES
1779794281.2111084,77219.56585961948,77178.74699,0.6590936173793615,0.505,189.72,BUY_YES
1779794281.2147138,77219.56585961948,77178.74699,0.6774248183929082,0.505,189.72,BUY_YES
1779794281.2173028,77219.56585961948,77178.74699,0.6935568276006152,0.505,189.72,BUY_YES
1779794281.2196085,77219.56585961948,77178.74699,0.707757993701567,0.505,189.72,BUY_YES
1779794281.2324412,77219.56585961948,77178.74699,0.01,0.51,1076.9168794830177,SELL_YES
1779794281.2348545,77219.56585961948,77178.74699,0.01,0.51,1076.9168794830177,SELL_YES
1779794281.2371466,77219.56585961948,77178.74699,0.01,0.51,1076.9168794830177,SELL_YES
1779794281.2395847,77219.56585961948,77178.74699,0.017262294240303157,0.51,1076.9168794830177,SELL_YES
1779794281.241931,77219.56585961948,77178.74699,0.03321893181313046,0.51,1076.9168794830177,SELL_YES
1779794281.246608,77219.56585961948,77178.74699,0.05794083257375012,0.51,1076.9168794830177,SELL_YES
1779794281.2490695,77219.56585961948,77178.74699,0.09181952737497825,0.51,1076.9168794830177,SELL_YES
1779794281.2515204,77219.56585961948,77178.74699,0.1338521223284666,0.51,1076.9168794830177,SELL_YES
1779794281.254117,77219.56585961948,77178.74699,0.18200990129471542,0.51,1076.9168794830177,SELL_YES
1779794281.256761,77219.56585961948,77178.74699,0.23381116390989154,0.51,1076.9168794830177,SELL_YES
1779794281.2594974,77219.56585961948,77178.74699,0.286834099525371,0.51,1076.9168794830177,SELL_YES
1779794281.2630606,77219.56585961948,77178.74699,0.33904727055429396,0.51,1076.9168794830177,SELL_YES
1779794281.297146,77219.56585961948,77178.74699,0.99,0.505,248.05,BUY_YES
1779794281.3009233,77219.56585961948,77178.74699,0.99,0.505,248.05,BUY_YES
1779794281.3680868,77219.56585961948,77178.74699,0.99,0.51,240.19,BUY_YES
1779794281.374229,77219.56585961948,77178.74699,0.99,0.515,567.0,BUY_YES
1779794281.3774958,77219.56585961948,77178.74699,0.99,0.515,567.0,BUY_YES
1779794281.380874,77219.56585961948,77178.74699,0.99,0.515,567.0,BUY_YES
1779794281.383781,77219.56585961948,77178.74699,0.99,0.515,567.0,BUY_YES
1779794281.391664,77219.56585961948,77178.74699,0.01,0.52,113.36,SELL_YES
1779794281.3946838,77219.56585961948,77178.74699,0.01,0.52,113.36,SELL_YES
1779794281.397685,77219.56585961948,77178.74699,0.01,0.52,113.36,SELL_YES
1779794281.4313047,77219.56585961948,77178.74699,0.01,0.52,113.36,SELL_YES
1779794281.434126,77219.56585961948,77178.74699,0.01,0.52,113.36,SELL_YES
1779794281.4367611,77219.56585961948,77178.74699,0.01,0.52,113.36,SELL_YES
1779794281.4395459,77219.56585961948,77178.74699,0.01,0.52,113.36,SELL_YES
1779794281.441956,77219.56585961948,77178.74699,0.01,0.52,113.36,SELL_YES
1779794281.4443557,77219.56585961948,77178.74699,0.01,0.52,113.36,SELL_YES
1779794281.4466891,77219.56585961948,77178.74699,0.018459010317773035,0.52,113.36,SELL_YES
1779794281.4490364,77219.56585961948,77178.74699,0.03521101842126386,0.52,113.36,SELL_YES
1779794281.451228,77219.56585961948,77178.74699,0.06083219506505301,0.52,113.36,SELL_YES
1779794281.4534736,77219.56585961948,77178.74699,0.09557999607779713,0.52,113.36,SELL_YES
1779794281.4556606,77219.56585961948,77178.74699,0.1383272298659439,0.52,113.36,SELL_YES
1779794281.4578834,77219.56585961948,77178.74699,0.18697365619984074,0.52,113.36,SELL_YES
1779794281.4620097,77219.56585961948,77178.74699,0.23902744549105617,0.52,113.36,SELL_YES
1779794281.4645913,77219.56585961948,77178.74699,0.2920798649110221,0.52,113.36,SELL_YES
1779794281.4668381,77219.56585961948,77178.74699,0.34414638352957905,0.52,113.36,SELL_YES
1779794281.4691987,77219.56585961948,77178.74699,0.39377179891455316,0.52,113.36,SELL_YES
1779794281.4904745,77219.56585961948,77178.74699,0.9834610465711058,0.515,391.69911240555575,BUY_YES
1779794281.4936066,77219.56585961948,77178.74699,0.97816261386369,0.515,370.9490437492907,BUY_YES
1779794285.9730988,77213.87110498105,77178.74699,0.99,0.515,240.0,SELL_NO
1779794285.976099,77213.87110498105,77178.74699,0.99,0.505,120.00000000000003,SELL_NO
1779794285.9825776,77213.87110498105,77178.74699,0.99,0.53,556.12,SELL_NO
1779794285.9854379,77213.87110498105,77178.74699,0.99,0.53,556.12,SELL_NO
1779794285.9878955,77213.87110498105,77178.74699,0.99,0.53,556.12,SELL_NO
1779794292.092323,77208.9139681107,77178.74699,0.01,0.505,1189.29,BUY_NO
1779794295.1672018,77189.82550393789,77178.74699,0.99,0.505,301.72,SELL_NO
1779794301.3961005,77198.64064378616,77178.74699,0.5640511928250853,0.51,248.05,SELL_NO
1779794309.2177625,77192.99024349735,77178.74699,0.01,0.505,782.326786896733,BUY_NO
1779794312.2474763,77201.24795371626,77178.74699,0.03257404956588561,0.505,414.0832131032671,SELL_YES
1779794312.2517276,77201.24795371626,77178.74699,0.05351102294068383,0.505,414.0832131032671,SELL_YES
1779794312.2543511,77201.24795371626,77178.74699,0.08100791822550302,0.505,414.0832131032671,SELL_YES
1779794312.2571552,77201.24795371626,77178.74699,0.1142693723186673,0.505,414.0832131032671,SELL_YES
1779794312.2607396,77201.24795371626,77178.74699,0.15192808669115782,0.505,414.0832131032671,SELL_YES
1779794312.2700813,77201.24795371626,77178.74699,0.99,0.5,189.72,BUY_YES
1779794312.2732542,77201.24795371626,77178.74699,0.99,0.5,189.72,BUY_YES
1779794312.2770267,77201.24795371626,77178.74699,0.99,0.5,189.72,BUY_YES
1779794312.2800994,77201.24795371626,77178.74699,0.99,0.5,189.72,BUY_YES
1779794312.2829673,77201.24795371626,77178.74699,0.99,0.5,189.72,BUY_YES
1779794312.9246445,77204.12299099048,77178.74699,0.7698909891019631,0.505,253.05,SELL_NO
1779794315.2310774,77206.74912380922,77178.74699,0.01,0.51,236.95424844174067,BUY_NO
1779794320.3373797,77224.60633613018,77178.74699,0.8042922648220905,0.5,213.72,SELL_NO
1779794320.4050143,77224.60633613018,77178.74699,0.01,0.505,209.05718126138163,BUY_NO
1779794320.4095225,77224.60633613018,77178.74699,0.8829431770294789,0.505,253.05,SELL_NO
1779794320.4158175,77224.60633613018,77178.74699,0.01,0.51,122.38281873861837,BUY_NO
1779794320.4201884,77224.60633613018,77178.74699,0.3074547983877291,0.505,185.83,SELL_YES
1779794320.4360738,77224.60633613018,77178.74699,0.99,0.5,240.19,BUY_YES
1779794320.4585984,77224.60633613018,77178.74699,0.08896226755832437,0.505,182.23,SELL_YES
1779794320.4679887,77224.60633613018,77178.74699,0.9655471797255099,0.5,420.29478674790835,BUY_YES
1779794320.4724164,77224.60633613018,77178.74699,0.01,0.5,455.0,SELL_YES
1779794320.4773574,77224.60633613018,77178.74699,0.99,0.495,141.70521325209165,BUY_YES
1779794320.723122,77229.20139021,77178.74699,0.923882617380145,0.495,113.0,BUY_YES
1779794321.2162838,77229.20139021,77178.74699,0.02999036852226078,0.495,336.44,SELL_YES
1779794321.2711303,77229.20139021,77178.74699,0.99,0.495,127.63,BUY_YES
1779794322.1758378,77231.48422008946,77178.74699,0.8711592133892648,0.5,139.7451765680421,BUY_YES
1779794322.1813939,77231.48422008946,77178.74699,0.015065933946371308,0.495,341.44,SELL_YES
1779794322.2384458,77231.48422008946,77178.74699,0.99,0.49,120.2,BUY_YES
1779794322.244058,77231.48422008946,77178.74699,0.9162152121459384,0.495,223.33,BUY_YES
1779794322.2487812,77231.48422008946,77178.74699,0.9159983177130682,0.495,223.33,BUY_YES
1779794322.3244696,77231.48422008946,77178.74699,0.563869511224281,0.505,211.0,SELL_NO
1779794322.5809119,77235.18911004472,77178.74699,0.5385671447431606,0.51,240.19,SELL_NO
1779794322.583263,77235.18911004472,77178.74699,0.5926063560006288,0.51,240.19,SELL_NO
1779794322.5860286,77235.18911004472,77178.74699,0.6397974800908764,0.51,240.19,SELL_NO
1779794322.5886347,77235.18911004472,77178.74699,0.6805249770628448,0.51,240.19,SELL_NO
1779794322.5909672,77235.18911004472,77178.74699,0.7154022221362568,0.51,240.19,SELL_NO
1779794322.5937345,77235.18911004472,77178.74699,0.7451327398769054,0.51,240.19,SELL_NO
1779794322.596238,77235.18911004472,77178.74699,0.7704125044636368,0.51,240.19,SELL_NO
1779794322.5988972,77235.18911004472,77178.74699,0.7918951979212289,0.51,240.19,SELL_NO
1779794322.6012995,77235.18911004472,77178.74699,0.8101608754791532,0.51,240.19,SELL_NO
1779794322.6039307,77235.18911004472,77178.74699,0.8257166357772522,0.51,240.19,SELL_NO
1779794322.6062708,77235.18911004472,77178.74699,0.8389917536229227,0.51,240.19,SELL_NO
1779794322.6085358,77235.18911004472,77178.74699,0.8503505862713842,0.51,240.19,SELL_NO
1779794322.611688,77235.18911004472,77178.74699,0.8601000999664317,0.51,240.19,SELL_NO
1779794322.6142097,77235.18911004472,77178.74699,0.868489778594418,0.51,240.19,SELL_NO
1779794322.6165826,77235.18911004472,77178.74699,0.8757322097036444,0.51,240.19,SELL_NO
1779794322.6189082,77235.18911004472,77178.74699,0.8820032869851342,0.51,240.19,SELL_NO
1779794322.6441286,77235.18911004472,77178.74699,0.017286135710726958,0.495,381.44,BUY_NO
1779794322.6470068,77235.18911004472,77178.74699,0.0378401431445997,0.495,381.44,BUY_NO
1779794322.6592298,77235.18911004472,77178.74699,0.99,0.49,139.2,BUY_YES
1779794322.719158,77235.18911004472,77178.74699,0.9866374372643206,0.5,114.36652323020189,BUY_YES
1779794322.722214,77235.18911004472,77178.74699,0.983994389230007,0.5,104.03684115607302,BUY_YES
1779794322.7249792,77235.18911004472,77178.74699,0.9811954951997327,0.5,255.33,SELL_NO
1779794322.7280955,77235.18911004472,77178.74699,0.978292181597466,0.5,255.33,SELL_NO
1779794325.1174178,77235.93590391871,77178.74699,0.4605530520257757,0.495,190.36,SELL_YES
1779794325.1539917,77235.93590391871,77178.74699,0.99,0.49,157.2,BUY_YES
1779794325.2709408,77235.93590391871,77178.74699,0.665300268190203,0.495,258.18,SELL_NO
1779794328.53837,77231.87162528017,77178.74699,0.01,0.495,751.36,BUY_NO
1779794328.594141,77231.87162528017,77178.74699,0.99,0.49,153.2,SELL_NO
1779794328.9660168,77231.87162528017,77178.74699,0.9788412694967568,0.495,258.18,SELL_NO
1779794329.243711,77231.87162528017,77178.74699,0.034825166615155445,0.5,185.83,BUY_NO
1779794329.3637474,77231.87162528017,77178.74699,0.8944068256558184,0.495,211.0,SELL_NO
1779794330.084273,77231.87162528017,77178.74699,0.06827165352802939,0.5,182.23,BUY_NO
1779794330.0902703,77231.87162528017,77178.74699,0.01,0.495,560.33,BUY_NO
1779794330.1470678,77230.83406421328,77178.74699,0.9742842777387155,0.49,158.2,SELL_NO
1779794330.1858156,77230.83406421328,77178.74699,0.3382956216941606,0.495,185.83,SELL_YES
1779794331.3275447,77227.31834,77178.74699,0.9116616778492478,0.49,168.1,SELL_NO
1779794331.3310914,77227.31834,77178.74699,0.01,0.495,560.33,BUY_NO
1779794331.3899386,77227.31834,77178.74699,0.99,0.495,118.2,SELL_NO
1779794331.3951242,77227.31834,77178.74699,0.9429704668984175,0.505,211.0,SELL_NO
1779794331.7068164,77227.31834,77178.74699,0.01,0.495,642.33,BUY_NO
1779794333.555784,77224.84865113943,77178.74699,0.99,0.495,116.06,SELL_NO
1779794333.5634599,77224.84865113943,77178.74699,0.7040449418611374,0.5,168.1,SELL_NO
1779794333.6861482,77224.84865113943,77178.74699,0.3409002623156358,0.5,185.83,SELL_YES
1779794333.692062,77224.84865113943,77178.74699,0.01,0.495,418.38476660014544,BUY_NO
1779794333.695991,77224.84865113943,77178.74699,0.01,0.495,418.38476660014544,BUY_NO
1779794333.70327,77224.84865113943,77178.74699,0.99,0.49,132.06,BUY_YES
1779794334.8412673,77223.90018,77178.74699,0.01,0.495,518.25,SELL_YES
1779794335.9304068,77223.57466417571,77178.74699,0.99,0.495,169.34,BUY_YES
1779794336.0082412,77223.57466417571,77178.74699,0.8688088780347749,0.5,168.1,SELL_NO
1779794341.1047907,77227.61855659042,77178.74699,0.01,0.495,501.68,SELL_YES
1779794341.2422779,77227.61855659042,77178.74699,0.99,0.49,259.08,BUY_YES
1779794341.2459962,77227.61855659042,77178.74699,0.99,0.49,259.08,BUY_YES
1779794341.2488308,77227.61855659042,77178.74699,0.99,0.49,259.08,BUY_YES
1779794341.2515328,77227.61855659042,77178.74699,0.99,0.49,259.08,BUY_YES
1779794341.2615356,77227.61855659042,77178.74699,0.5381510326968509,0.495,168.1,SELL_NO
1779794341.2641473,77227.61855659042,77178.74699,0.5927320844738936,0.495,168.1,SELL_NO
1779794341.2669578,77227.61855659042,77178.74699,0.6403811919254574,0.495,168.1,SELL_NO
1779794341.269769,77227.61855659042,77178.74699,0.6814827888953433,0.495,168.1,SELL_NO
1779794341.2724955,77227.61855659042,77178.74699,0.7166565139489628,0.495,168.1,SELL_NO
1779794341.2753751,77227.61855659042,77178.74699,0.7466143088475135,0.495,168.1,SELL_NO
1779794341.2780335,77227.61855659042,77178.74699,0.7720649289208702,0.495,168.1,SELL_NO
1779794341.2809854,77227.61855659042,77178.74699,0.793674153863966,0.495,168.1,SELL_NO
1779794341.2838063,77227.61855659042,77178.74699,0.812030975756395,0.495,168.1,SELL_NO
1779794341.2864525,77227.61855659042,77178.74699,0.827648775920891,0.495,168.1,SELL_NO
1779794341.2898176,77227.61855659042,77178.74699,0.8409690504067244,0.495,168.1,SELL_NO
1779794341.2927816,77227.61855659042,77178.74699,0.852355711343739,0.495,168.1,SELL_NO
1779794341.2955744,77227.61855659042,77178.74699,0.8621183967706056,0.495,168.1,SELL_NO
1779794341.2984595,77227.61855659042,77178.74699,0.8705150074093277,0.495,168.1,SELL_NO
1779794341.3010597,77227.61855659042,77178.74699,0.8777578489239041,0.495,168.1,SELL_NO
1779794341.3037224,77227.61855659042,77178.74699,0.8840255153511081,0.495,168.1,SELL_NO
1779794341.3066432,77227.61855659042,77178.74699,0.8894660581900035,0.495,168.1,SELL_NO
1779794341.3092668,77227.61855659042,77178.74699,0.8942007978515227,0.495,168.1,SELL_NO
1779794341.3297539,77227.61855659042,77178.74699,0.15003936697974965,0.5,185.83,BUY_NO
1779794341.3327246,77227.61855659042,77178.74699,0.2161489015781005,0.5,185.83,BUY_NO
1779794341.3358035,77227.61855659042,77178.74699,0.2881658941884427,0.5,185.83,BUY_NO
1779794341.3393476,77227.61855659042,77178.74699,0.361454785005037,0.5,185.83,BUY_NO
1779794341.3427775,77227.61855659042,77178.74699,0.43224112064718007,0.5,156.61072393717004,BUY_NO
1779794341.5898838,77227.78541226691,77178.74699,0.99,0.495,211.0,SELL_NO
1779794341.6193573,77227.78541226691,77178.74699,0.7959032365533164,0.5,240.19,SELL_NO
1779794341.622573,77227.78541226691,77178.74699,0.01,0.495,501.68,BUY_NO
1779794341.9893656,77227.78541226691,77178.74699,0.99,0.49,257.02,SELL_NO
1779794342.2173848,77227.78541226691,77178.74699,0.833027536300854,0.495,168.1,SELL_NO
1779794342.2227333,77227.78541226691,77178.74699,0.05962653921354523,0.495,446.71,BUY_NO
1779794342.235277,77227.78541226691,77178.74699,0.99,0.49,257.02,SELL_NO
1779794342.2384534,77227.78541226691,77178.74699,0.99,0.49,257.02,SELL_NO
1779794342.2416563,77227.78541226691,77178.74699,0.99,0.49,257.02,SELL_NO
1779794342.244573,77227.78541226691,77178.74699,0.99,0.49,257.02,SELL_NO
1779794342.252742,77227.78541226691,77178.74699,0.5717607289766613,0.495,168.1,SELL_NO
1779794342.2559862,77227.78541226691,77178.74699,0.6227614886318401,0.495,168.1,SELL_NO
1779794342.2589552,77227.78541226691,77178.74699,0.6669094893837233,0.495,168.1,SELL_NO
1779794342.262012,77227.78541226691,77178.74699,0.7047606186285699,0.495,168.1,SELL_NO
1779794342.2650292,77227.78541226691,77178.74699,0.7370140878513511,0.495,168.1,SELL_NO
1779794342.2679245,77227.78541226691,77178.74699,0.7644032966018047,0.495,168.1,SELL_NO
1779794342.2707016,77227.78541226691,77178.74699,0.7876295685342388,0.495,168.1,SELL_NO
1779794342.2733445,77227.78541226691,77178.74699,0.8073279280253707,0.495,168.1,SELL_NO
1779794342.27571,77227.78541226691,77178.74699,0.8240539473557085,0.495,168.1,SELL_NO
1779794342.2786312,77227.78541226691,77178.74699,0.8382880209235939,0.495,168.1,SELL_NO
1779794342.2812645,77227.78541226691,77178.74699,0.8504288986751709,0.495,168.1,SELL_NO
1779794342.2837362,77227.78541226691,77178.74699,0.8608144912344692,0.495,168.1,SELL_NO
1779794342.286318,77227.78541226691,77178.74699,0.8697266575785807,0.495,168.1,SELL_NO
1779794342.2900178,77227.78541226691,77178.74699,0.877401772087059,0.495,168.1,SELL_NO
1779794342.293716,77227.78541226691,77178.74699,0.884029291981663,0.495,168.1,SELL_NO
1779794342.2968156,77227.78541226691,77178.74699,0.8897681643355118,0.495,168.1,SELL_NO
1779794342.3000588,77227.78541226691,77178.74699,0.8947542343084939,0.495,168.1,SELL_NO
1779794342.302599,77227.78541226691,77178.74699,0.8990964484733982,0.495,168.1,SELL_NO
1779794342.3050365,77227.78541226691,77178.74699,0.9028894670555346,0.495,168.1,SELL_NO
1779794342.3073297,77227.78541226691,77178.74699,0.9062110511658772,0.495,168.1,SELL_NO
1779794342.3102286,77227.78541226691,77178.74699,0.909128440287733,0.495,168.1,SELL_NO
1779794342.3128588,77227.78541226691,77178.74699,0.9116947196172099,0.495,168.1,SELL_NO
1779794342.3152227,77227.78541226691,77178.74699,0.9139567138280718,0.495,168.1,SELL_NO
1779794342.3177545,77227.78541226691,77178.74699,0.9159551476166939,0.495,168.1,SELL_NO
1779794342.320146,77227.78541226691,77178.74699,0.9177232380528819,0.495,168.1,SELL_NO
1779794342.3224692,77227.78541226691,77178.74699,0.9192901659201422,0.495,168.1,SELL_NO
1779794342.3253474,77227.78541226691,77178.74699,0.9206821222222248,0.495,168.1,SELL_NO
1779794342.3277676,77227.78541226691,77178.74699,0.9219185028868265,0.495,168.1,SELL_NO
1779794342.3303282,77227.78541226691,77178.74699,0.9230190953237944,0.495,168.1,SELL_NO
1779794342.3327923,77227.78541226691,77178.74699,0.9239995280364219,0.495,168.1,SELL_NO
1779794342.3353133,77227.78541226691,77178.74699,0.9248741029455729,0.495,168.1,SELL_NO
1779794342.337721,77227.78541226691,77178.74699,0.9256547036538213,0.495,168.1,SELL_NO
1779794342.3406487,77227.78541226691,77178.74699,0.9263531937175165,0.495,168.1,SELL_NO
1779794342.3431668,77227.78541226691,77178.74699,0.9269771793035012,0.495,168.1,SELL_NO
1779794342.7248154,77227.78541226691,77178.74699,0.013142344748084631,0.485,488.83000000000004,BUY_NO
1779794342.998537,77227.78541226691,77178.74699,0.99,0.48,100.54,SELL_NO
1779794343.0013213,77227.78541226691,77178.74699,0.99,0.485,219.02,SELL_NO
1779794343.00405,77227.78541226691,77178.74699,0.01,0.49,488.83,BUY_NO
1779794343.0066876,77227.78541226691,77178.74699,0.01,0.485,488.83,BUY_NO
1779794343.17243,77230.05898744958,77178.74699,0.99,0.49,168.1,SELL_NO
1779794343.1975935,77230.05898744958,77178.74699,0.8723512460360298,0.495,211.0,SELL_NO
1779794343.2341413,77230.05898744958,77178.74699,0.04876661623628096,0.5,176.91,BUY_NO
1779794343.2950082,77230.05898744958,77178.74699,0.8527240838318402,0.495,240.19,SELL_NO
1779794343.3277175,77230.05898744958,77178.74699,0.017669034273809357,0.5,486.0,BUY_NO
1779794343.3323495,77230.05898744958,77178.74699,0.03973401207360319,0.5,486.0,BUY_NO
1779794343.335428,77230.05898744958,77178.74699,0.076739168088881,0.5,486.0,BUY_NO
1779794343.338121,77230.05898744958,77178.74699,0.12936482050741907,0.5,478.94398992411175,BUY_NO
1779794343.3407109,77230.05898744958,77178.74699,0.19504041004224612,0.5,230.0520467834766,BUY_NO
1779794343.3433805,77230.05898744958,77178.74699,0.2690396885076481,0.5,486.0,SELL_YES
1779794343.3462265,77230.05898744958,77178.74699,0.3460711181817941,0.5,486.0,SELL_YES
1779794343.3488836,77230.05898744958,77178.74699,0.4215312587016325,0.5,486.0,SELL_YES
1779794343.3533165,77230.05898744958,77178.74699,0.5559447525387214,0.5,516.0,SELL_NO
1779794343.355718,77230.05898744958,77178.74699,0.016391578774623546,0.485,200.12,BUY_NO
1779794343.3586512,77230.05898744958,77178.74699,0.03732800711820603,0.485,200.12,BUY_NO
1779794343.3612175,77230.05898744958,77178.74699,0.0729999039043032,0.485,200.12,BUY_NO
1779794343.6856387,77230.05898744958,77178.74699,0.9062319591892853,0.485,219.02,BUY_YES
1779794343.6889596,77230.05898744958,77178.74699,0.08977444769261675,0.49,200.12,SELL_YES
1779794343.7826097,77230.05898744958,77178.74699,0.263904294274078,0.485,176.91,SELL_YES
1779794343.7861776,77230.05898744958,77178.74699,0.341126818638835,0.485,176.91,SELL_YES
1779794344.0935822,77230.535,77178.74699,0.99,0.495,293.93,BUY_YES
1779794344.2512972,77230.535,77178.74699,0.7108540338409537,0.5,205.0,BUY_YES
1779794344.2546864,77230.535,77178.74699,0.7458107679357253,0.5,205.0,BUY_YES
1779794344.2572806,77230.535,77178.74699,0.7752417837050948,0.5,205.0,BUY_YES
1779794344.2601871,77230.535,77178.74699,0.7999767142925613,0.5,205.0,BUY_YES
1779794344.4960968,77230.28868102467,77178.74699,0.9803296664639016,0.495,266.93,BUY_YES
1779794345.272125,77230.28868102467,77178.74699,0.5320063361268427,0.5,229.0,SELL_NO
1779794350.4384482,77249.92475551194,77178.74699,0.99,0.495,334.93,SELL_NO
1779794351.520296,77254.38296116667,77178.74699,0.8889404523347715,0.5,269.0,SELL_NO
1779794351.5268044,77254.38296116667,77178.74699,0.02201379141652302,0.505,121.25,SELL_YES
1779794356.2298043,77267.04072779998,77178.74699,0.99,0.495,307.4654816900638,BUY_YES
1779794357.4238892,77253.73008415867,77178.74699,0.99,0.495,344.93,SELL_NO
1779794357.6992712,77253.73008415867,77178.74699,0.9746900225304351,0.5,269.0,SELL_NO
1779794357.7754552,77253.73008415867,77178.74699,0.14270359835100344,0.505,222.37,SELL_YES
1779794360.0183885,77253.9544831339,77178.74699,0.99,0.495,298.62876639156093,BUY_YES
1779794360.8082135,77254.47936130567,77178.74699,0.99,0.495,344.93,SELL_NO
1779794361.0579367,77254.47936130567,77178.74699,0.9615771810034659,0.5,265.0,SELL_NO
1779794362.3699093,77254.60332409533,77178.74699,0.99,0.495,340.93,SELL_NO
1779794362.6045716,77254.60447287139,77178.74699,0.99,0.5,265.0,SELL_NO
1779794364.0476325,77254.47936130567,77178.74699,0.99,0.495,128.51000000000002,BUY_YES
1779794364.0505333,77254.47936130567,77178.74699,0.99,0.495,128.51000000000002,BUY_YES
1779794364.542944,77251.99956242017,77178.74699,0.99,0.5,120.0,SELL_NO
1779794364.549021,77251.99956242017,77178.74699,0.99,0.495,242.70603382842387,SELL_NO
1779794401.1095498,77240.79732293866,77240.79732293866,0.01,0.505,319.27,BUY_NO
1779794402.9420292,77224.99327861906,77240.79732293866,0.01,0.505,311.97,BUY_NO
1779794403.0635865,77224.99327861906,77240.79732293866,0.7044931327166776,0.5,180.29,BUY_YES
1779794403.3698807,77218.8075817699,77240.79732293866,0.01,0.505,311.97,BUY_NO
1779794403.376867,77218.8075817699,77240.79732293866,0.9793682397470551,0.5,170.29,BUY_YES
1779794403.7107916,77218.8075817699,77240.79732293866,0.5474012006800208,0.505,125.93,SELL_NO
1779794407.0390322,77209.92129724484,77240.79732293866,0.01,0.505,396.97,BUY_NO
1779794407.101251,77209.92129724484,77240.79732293866,0.01,0.505,346.97,BUY_NO
1779794409.657054,77208.855418353,77240.79732293866,0.47173701180671046,0.5,133.81,SELL_YES
1779794413.1833768,77188.83135338832,77240.79732293866,0.46411956555425427,0.495,135.12,SELL_YES
1779794422.9132912,77135.92140897686,77240.79732293866,0.01,0.52,142.26894951849863,BUY_NO
1779794422.9172943,77135.92140897686,77240.79732293866,0.01,0.525,142.26894951849863,BUY_NO
1779794426.8119752,77146.341,77240.79732293866,0.9311885862612149,0.525,262.28,BUY_YES
1779794426.8191028,77146.341,77240.79732293866,0.01,0.53,343.92999999999995,SELL_YES
1779794426.822046,77146.341,77240.79732293866,0.01,0.53,343.92999999999995,SELL_YES
1779794426.824697,77146.341,77240.79732293866,0.01,0.53,343.92999999999995,SELL_YES
1779794426.831042,77146.341,77240.79732293866,0.99,0.53,365.0,BUY_YES
1779794426.8702419,77146.341,77240.79732293866,0.01,0.535,365.0,SELL_YES
1779794427.0615857,77146.341,77240.79732293866,0.99,0.535,785.0,BUY_YES
1779794427.0857513,77146.341,77240.79732293866,0.01,0.54,178.37,SELL_YES
1779794427.2605968,77147.40789500918,77240.79732293866,0.01,0.525,606.63,SELL_YES
1779794493.41431,77170.76113837298,77240.79732293866,0.9572755779014207,0.525,301.58,BUY_YES
1779794494.459613,77170.76113837298,77240.79732293866,0.01,0.53,301.58,SELL_YES
1779794496.4419267,77170.5548961132,77240.79732293866,0.9643716071931219,0.53,327.0,BUY_YES
1779794509.108633,77166.72451217368,77240.79732293866,0.01,0.535,327.0,SELL_YES
1779794509.1147056,77166.72451217368,77240.79732293866,0.01,0.535,327.0,SELL_YES
1779794509.1175706,77166.72451217368,77240.79732293866,0.01,0.535,327.0,SELL_YES
1779794509.1205509,77166.72451217368,77240.79732293866,0.01,0.535,327.0,SELL_YES
1779794509.123713,77166.72451217368,77240.79732293866,0.01,0.535,327.0,SELL_YES
1779794509.1269312,77166.72451217368,77240.79732293866,0.01,0.535,327.0,SELL_YES
1779794509.129627,77166.72451217368,77240.79732293866,0.01,0.535,327.0,SELL_YES
1779794509.1335096,77166.72451217368,77240.79732293866,0.01,0.535,327.0,SELL_YES
1779794509.1359873,77166.72451217368,77240.79732293866,0.01,0.535,327.0,SELL_YES
1779794509.142983,77166.72451217368,77240.79732293866,0.99,0.535,790.0,BUY_YES
1779794509.1459603,77166.72451217368,77240.79732293866,0.99,0.535,790.0,BUY_YES
1779794509.149276,77166.72451217368,77240.79732293866,0.99,0.535,790.0,BUY_YES
1779794509.1524456,77166.72451217368,77240.79732293866,0.99,0.535,790.0,BUY_YES
1779794509.1554596,77166.72451217368,77240.79732293866,0.9846118390189222,0.535,790.0,BUY_YES
1779794509.158489,77166.72451217368,77240.79732293866,0.9685276382502965,0.535,790.0,BUY_YES
1779794509.1613162,77166.72451217368,77240.79732293866,0.9432028122904679,0.535,790.0,BUY_YES
1779794509.1658483,77166.72451217368,77240.79732293866,0.908103974138212,0.535,790.0,BUY_YES
1779794509.1687255,77166.72451217368,77240.79732293866,0.8642542667108838,0.535,790.0,BUY_YES
1779794509.189858,77166.72451217368,77240.79732293866,0.8137918602375418,0.535,790.0,BUY_YES
1779794513.8997664,77163.07006765917,77240.79732293866,0.01,0.54,230.21000000000004,SELL_YES
1779794528.8251681,77165.87202098295,77240.79732293866,0.01,0.525,849.06,SELL_YES
1779794533.4120197,77159.6718954964,77240.79732293866,0.8706519218027131,0.52,181.58,SELL_NO
1779794533.4164102,77159.6718954964,77240.79732293866,0.01,0.525,828.22,SELL_YES
1779794533.6261444,77159.6718954964,77240.79732293866,0.01,0.525,807.38,SELL_YES
1779794533.677682,77159.6718954964,77240.79732293866,0.99,0.52,181.58,SELL_NO
1779794533.6824586,77159.6718954964,77240.79732293866,0.01,0.525,786.54,SELL_YES
1779794533.9981287,77159.6718954964,77240.79732293866,0.7212529040846083,0.525,327.0,SELL_NO
1779794534.0017788,77159.6718954964,77240.79732293866,0.6595466293568664,0.525,327.0,SELL_NO
1779794534.1515374,77159.6718954964,77240.79732293866,0.01,0.525,203.41647134432742,BUY_NO
1779794534.420854,77159.70667642438,77240.79732293866,0.01,0.525,562.2835286556726,SELL_YES
1779794550.1100125,77175.26635498124,77240.79732293866,0.99,0.52,181.58,SELL_NO
1779794550.1143777,77175.26635498124,77240.79732293866,0.01,0.525,744.86,SELL_YES
1779794552.8041012,77175.49731144172,77240.79732293866,0.600180337781392,0.525,327.0,SELL_NO
1779794552.8085542,77175.49731144172,77240.79732293866,0.5499139242115182,0.525,327.0,SELL_NO
1779794554.1445765,77175.8225323319,77240.79732293866,0.01,0.525,744.86,BUY_NO
1779794554.2095075,77176.16218976676,77240.79732293866,0.6631174271151306,0.525,141.58,SELL_NO
1779794560.5108137,77180.00658823013,77240.79732293866,0.8246169754744281,0.525,149.99999999999997,SELL_NO
1779794560.5142133,77180.00658823013,77240.79732293866,0.769899833244905,0.525,149.99999999999997,SELL_NO
1779794560.7214024,77180.00658823013,77240.79732293866,0.01,0.525,772.77,BUY_NO
1779794561.5533774,77178.10177877726,77240.79732293866,0.99,0.52,291.58,SELL_NO
1779794561.557086,77178.10177877726,77240.79732293866,0.99,0.52,291.58,SELL_NO
1779794571.7646637,77145.45769676873,77240.79732293866,0.01,0.525,563.6795983259574,BUY_NO
1779794572.0211394,77145.45769676873,77240.79732293866,0.6924723225066207,0.525,171.58,SELL_NO
1779794572.0254998,77145.45769676873,77240.79732293866,0.01,0.525,667.77,SELL_YES
1779794580.1850636,77144.03014241722,77240.79732293866,0.01,0.525,219.76850019820063,BUY_NO
1779794581.152475,77143.48108938479,77240.79732293866,0.01,0.525,448.00149980179935,SELL_YES
1779794581.6277907,77143.48108938479,77240.79732293866,0.01,0.525,667.77,SELL_YES
1779794582.1725934,77142.83487016558,77240.79732293866,0.01,0.525,145.46717121329175,BUY_NO
1779794582.184235,77142.83487016558,77240.79732293866,0.01,0.525,520.2128287867082,SELL_YES
1779794582.2360518,77142.83487016558,77240.79732293866,0.8241345979770317,0.52,109.77,SELL_NO
1779794582.6892152,77142.84701561647,77240.79732293866,0.01,0.525,187.06329788534913,BUY_NO
1779794582.6966238,77142.84701561647,77240.79732293866,0.01,0.525,523.9467021146509,SELL_YES
1779794582.6996922,77142.84701561647,77240.79732293866,0.01,0.525,523.9467021146509,SELL_YES
1779794582.7036326,77142.84701561647,77240.79732293866,0.01,0.525,523.9467021146509,SELL_YES
1779794582.8161037,77142.84701561647,77240.79732293866,0.99,0.525,104.77,BUY_YES
1779794587.7351182,77153.69016331597,77240.79732293866,0.01,0.525,368.51544064116786,SELL_YES
1779794609.0149615,77163.91052110569,77240.79732293866,0.012973280251953073,0.535,111.99,BUY_NO
1779794610.6004934,77163.91261539917,77240.79732293866,0.99,0.53,361.01,BUY_YES
1779794610.6077347,77163.91261539917,77240.79732293866,0.99,0.525,361.01,BUY_YES
1779794610.6255035,77163.91261539917,77240.79732293866,0.99,0.525,361.01,BUY_YES
1779794610.6818771,77163.91261539917,77240.79732293866,0.02510239083877986,0.525,614.48,SELL_YES
1779794610.686357,77163.91261539917,77240.79732293866,0.034638122832025504,0.525,614.48,SELL_YES
1779794612.8214889,77163.91813010797,77240.79732293866,0.7021264813550172,0.52,120.0,SELL_NO
1779794613.9479773,77163.91813010797,77240.79732293866,0.01,0.525,468.54999999999995,SELL_YES
1779794614.220476,77163.92314513882,77240.79732293866,0.99,0.525,481.01,BUY_YES
1779794616.6926637,77161.49481022649,77240.79732293866,0.01,0.53,212.22000000000003,SELL_YES
1779794616.715969,77161.49481022649,77240.79732293866,0.5657819487891765,0.525,1418.81,SELL_NO
1779794620.0275812,77161.09851149193,77240.79732293866,0.01,0.525,678.68,BUY_NO
1779794624.4160554,77161.12111776168,77240.79732293866,0.01,0.525,673.68,BUY_NO
1779794625.8416576,77161.13296678792,77240.79732293866,0.01,0.525,126.61091162049843,BUY_NO
1779794626.31921,77161.13296678792,77240.79732293866,0.01,0.525,268.78999999999996,SELL_YES
1779794626.322651,77161.13296678792,77240.79732293866,0.01,0.525,268.78999999999996,SELL_YES
1779794703.0022266,77164.1376044095,77163.960785,0.4437574655578564,0.515,114.64,BUY_NO
1779794703.373965,77164.756405,77163.960785,0.01,0.515,184.64,BUY_NO
1779794703.4646378,77164.756405,77163.960785,0.01,0.515,172.4,BUY_NO
1779794715.2355084,77164.44467995959,77163.960785,0.7759953784735808,0.51,101.25,BUY_YES
1779794715.2666306,77164.44467995959,77163.960785,0.01,0.515,409.65,BUY_NO
1779794715.2820761,77164.44467995959,77163.960785,0.99,0.51,398.77,BUY_YES
1779794715.5175612,77164.44467995959,77163.960785,0.01,0.515,103.36,BUY_NO
1779794715.742756,77164.44467995959,77163.960785,0.722048198089826,0.51,164.47753810844654,BUY_YES
1779794726.911322,77155.51294278885,77163.960785,0.99,0.51,440.52246189155346,BUY_YES
1779794726.917372,77155.51294278885,77163.960785,0.99,0.505,360.0,BUY_YES
1779794726.9217055,77155.51294278885,77163.960785,0.99,0.505,360.0,BUY_YES
1779794726.9260619,77155.51294278885,77163.960785,0.99,0.505,360.0,BUY_YES
1779794726.929745,77155.51294278885,77163.960785,0.99,0.505,360.0,BUY_YES
1779794726.9395084,77155.51294278885,77163.960785,0.99,0.5,600.0,SELL_NO
1779794726.9447618,77155.51294278885,77163.960785,0.99,0.5,600.0,SELL_NO
1779794726.950159,77155.51294278885,77163.960785,0.99,0.5,600.0,SELL_NO
1779794727.031359,77155.51294278885,77163.960785,0.99,0.515,384.68999999999994,SELL_NO
1779794741.394454,77152.81170284569,77163.960785,0.04524973306893884,0.515,120.81,BUY_NO
1779794741.4034696,77152.81170284569,77163.960785,0.99,0.51,120.81,SELL_NO
1779794741.40632,77152.81170284569,77163.960785,0.99,0.51,120.81,SELL_NO
1779794741.4905152,77152.81170284569,77163.960785,0.274192625413191,0.51,409.65,BUY_NO
1779794741.5831115,77152.81170284569,77163.960785,0.99,0.505,409.65,SELL_NO
1779794741.944235,77152.81170284569,77163.960785,0.019548449190998,0.505,103.36,BUY_NO
1779794751.049565,77154.02118878247,77163.960785,0.99,0.51,103.36,SELL_NO
1779794751.055241,77154.02118878247,77163.960785,0.99,0.505,103.36,SELL_NO
1779794760.2229853,77157.13985661154,77163.960785,0.42733094642159586,0.505,235.6185998198452,BUY_NO
1779794760.32925,77157.13985661154,77163.960785,0.99,0.505,235.6185998198452,SELL_NO
1779794760.4341109,77157.13985661154,77163.960785,0.10524564688627994,0.505,203.0814001801548,BUY_NO
1779794760.4411006,77157.13985661154,77163.960785,0.99,0.5,157.9914001801548,SELL_NO
1779794760.4612567,77157.13985661154,77163.960785,0.4631595744672876,0.505,108.36,SELL_YES
1779794769.1710088,77162.1271687389,77163.960785,0.08162924379060052,0.505,432.82,BUY_NO
1779794769.2297184,77162.1271687389,77163.960785,0.99,0.5,477.90999999999997,SELL_NO
1779794769.2822165,77162.1271687389,77163.960785,0.01,0.5,108.36,BUY_NO
1779794769.7823906,77162.1271687389,77163.960785,0.5290180944256379,0.495,108.36,SELL_NO
1779794784.767,77191.62134275568,77163.960785,0.01,0.5,180.12,BUY_NO
1779794784.772037,77191.62134275568,77163.960785,0.99,0.495,128.12,SELL_NO
1779794784.7771363,77191.62134275568,77163.960785,0.01,0.5,390.32,BUY_NO
1779794784.780719,77191.62134275568,77163.960785,0.01,0.5,390.32,BUY_NO
1779794784.7881777,77191.62134275568,77163.960785,0.9861254407640442,0.495,115.32,SELL_NO
1779794784.7912602,77191.62134275568,77163.960785,0.9804455801442824,0.495,115.32,SELL_NO
1779794784.7941842,77191.62134275568,77163.960785,0.01388939231927437,0.51,120.00000000000001,BUY_NO
1779794784.7969263,77191.62134275568,77163.960785,0.9852279707163385,0.51,235.32,SELL_NO
1779794793.6923683,77196.78156513667,77163.960785,0.01,0.505,422.82,BUY_NO
1779794794.0272825,77196.78156513667,77163.960785,0.99,0.5,423.61,SELL_NO
1779794795.0438244,77198.00383349009,77163.960785,0.01,0.505,258.36,BUY_NO
1779794809.769128,77184.60137031213,77163.960785,0.99,0.5,128.12,SELL_NO
1779794809.7747073,77184.60137031213,77163.960785,0.99,0.5,128.12,SELL_NO
1779794809.7775252,77184.60137031213,77163.960785,0.99,0.5,128.12,SELL_NO
1779794810.514465,77184.54489205801,77163.960785,0.5490811517841181,0.505,235.32,SELL_NO
1779794810.5178134,77184.54489205801,77163.960785,0.99,0.5,359.89,SELL_NO
1779794810.5741801,77184.54489205801,77163.960785,0.99,0.5,124.57,SELL_NO
