timestamp,side,qty,vwap,p_market,expected_slippage_bps,realized_slippage_bps,ev,strike,resolved_won,pnl,capital
1779792903.0524166,BUY_YES,105.57,0.49,0.49,0.0,0.0,0.19425820819603246,77387.22123062373,False,0.0,9999.970000000001
1779792903.05653,BUY_YES,105.57,0.49,0.5,0.0,-200.00000000000017,0.17440571632451551,77387.22123062373,False,0.0,10002.0514
1779792903.063947,BUY_NO,569.85,0.52,0.52,0.0,0.0,0.47,77387.22123062373,False,0.0,9983.4502
1779792903.4319339,BUY_NO,569.85,0.52,0.52,0.0,0.0,0.47,77387.22123062373,False,0.0,9960.626199999999
1779792903.443872,BUY_YES,155.57,0.49,0.49,0.0,0.0,0.5,77387.22123062373,False,0.0,9988.453
1779792903.5216372,SELL_NO,256.98,0.5,0.5,0.0,0.0,0.03717483633577934,77387.22123062373,False,-5.169600000000003,9980.693099999999
1779792903.6693292,BUY_NO,105.23,0.53,0.53,0.0,0.0,0.45999999999999996,77387.22123062373,False,0.0,9958.868999999999
1779792903.8246386,BUY_NO,280.0,0.54,0.54,0.0,0.0,0.3621818622268471,77387.22123062373,False,0.0,9930.226599999998
1779792903.9120092,BUY_YES,100.0,0.5,0.5,0.0,0.0,0.49,77387.22123062373,False,0.0,9966.246199999998
1779792903.9895883,BUY_YES,394.45,0.51,0.51,0.0,0.0,0.48,77387.22123062373,False,0.0,9958.203799999997
1779792904.370652,BUY_NO,205.0,0.55,0.55,0.0,0.0,0.43999999999999995,77387.22123062373,False,0.0,9921.402199999997
1779792904.3724887,BUY_NO,205.0,0.55,0.56,0.0,-178.5714285714287,0.43999999999999995,77387.22123062373,False,0.0,9892.704299999996
1779792904.4394279,SELL_YES,160.0,0.44000000000000006,0.44,-1.261617073437678e-12,-1.261617073437678e-12,0.26834384688678165,77387.22123062373,False,-9.681539783547763,9990.689099999996
1779792905.73841,BUY_NO,575.05,0.52,0.52,0.0,0.0,0.47,77387.22123062373,False,0.0,9889.513899999996
1779792905.791628,BUY_YES,151.49,0.49,0.49,0.0,0.0,0.5,77387.22123062373,False,0.0,9936.039099999996
1779792905.834026,BUY_YES,368.98,0.5,0.5,0.0,0.0,0.49,77387.22123062373,False,0.0,9922.005599999997
1779792906.9769995,SELL_YES,570.05,0.48,0.48,0.0,0.0,0.47,77387.22123062373,False,-10.82949452893962,9942.602999999996
1779792907.0518162,BUY_YES,151.49,0.49,0.49,0.0,0.0,0.5,77387.22123062373,False,0.0,9926.558799999995
1779792907.0567822,BUY_YES,397.1900677800213,0.5,0.5,0.0,0.0,0.23860062029876428,77387.22123062373,False,0.0,9912.029499999995
1779792914.1878061,SELL_YES,551.83,0.48,0.48,0.0,0.0,0.47,77387.22123062373,False,-10.054011679113898,9933.054298644394
1779792914.5702672,BUY_YES,210.49,0.49,0.49,0.0,0.0,0.5,77387.22123062373,False,0.0,9916.978599322196
1779792917.5701878,SELL_NO,418.98,0.5,0.5,0.0,0.0,0.005462906655702593,77387.22123062373,False,-11.934071661784316,9903.007799999996
1779792921.4134827,BUY_YES,205.0,0.49,0.49,0.0,0.0,0.5,77387.22123062373,False,0.0,9912.728799322196
1779792921.4182236,BUY_YES,205.0,0.49,0.5,0.0,-200.00000000000017,0.5,77387.22123062373,False,0.0,9907.047799999997
1779792921.421558,BUY_YES,205.0,0.49,0.5,0.0,-200.00000000000017,0.5,77387.22123062373,False,0.0,9909.067799999997
1779792923.1309726,SELL_NO,120.0,0.5,0.5,0.0,0.0,0.02262493877330518,77387.22123062373,False,-3.439443408788293,9909.037799999996
1779792926.5739467,SELL_NO,494.45,0.49,0.49,0.0,0.0,0.01685227781673071,77387.22123062373,False,-19.02282744562808,9901.519799322195
1779792926.7446804,BUY_NO,576.31,0.52,0.52,0.0,0.0,0.47,77387.22123062373,False,0.0,9886.067901355596
1779792927.044095,BUY_YES,405.28,0.49000000000000005,0.49,1.1328806373726088e-12,1.1328806373726088e-12,0.49999999999999994,77387.22123062373,False,0.0,9895.696699322196
1779792927.7594523,BUY_NO,480.39718574020003,0.52,0.52,0.0,0.0,0.47,77387.22123062373,False,0.0,9878.950413925988
1779792927.8419492,BUY_YES,397.11,0.49,0.49,0.0,0.0,0.5,77387.22123062373,False,0.0,9890.832727464795
1779792932.179759,SELL_NO,413.98,0.5,0.5,0.0,0.0,0.02027981530139822,77387.22123062373,False,-10.175385346243843,9890.803056285193
1779792932.1819422,SELL_NO,413.98,0.5,0.5,0.0,0.0,0.043541270547534094,77387.22123062373,False,-10.175385346243843,9890.773056285192
1779792932.1847143,SELL_NO,413.98,0.5,0.49,0.0,-204.0816326530614,0.06435117563615811,77387.22123062373,False,-10.175385346243843,9878.323327464794
1779792932.1875768,SELL_NO,413.98,0.5,0.49,0.0,-204.0816326530614,0.0829283244991379,77387.22123062373,False,-10.175385346243843,9874.153527464794
1779792932.190021,SELL_NO,413.98,0.5,0.49,0.0,-204.0816326530614,0.09948899667863198,77387.22123062373,False,-10.175385346243843,9869.983727464793
1779792932.5801692,BUY_NO,101.11281425979996,0.52,0.52,0.0,0.0,0.47,77387.22123062373,False,0.0,9928.007201355595
1779792933.9272408,BUY_NO,574.51,0.52,0.52,0.0,0.0,0.47,77387.22123062373,False,0.0,9904.996801355595
1779792933.9555175,BUY_YES,197.11,0.49,0.49,0.0,0.0,0.5,77387.22123062373,False,0.0,9863.137499322194
1779792936.761998,SELL_NO,453.98,0.5,0.5,0.0,0.0,0.013739596470981219,77387.22123062373,False,-9.58835369507517,9879.021699999994
1779792941.7105258,BUY_NO,588.51,0.52,0.52,0.0,0.0,0.47,77387.22123062373,False,0.0,9896.359301355595
1779792941.773229,SELL_NO,221.11,0.51,0.51,0.0,0.0,0.5,77387.22123062373,False,-2.3392810484539837,9886.182600677794
1779792941.8188512,SELL_NO,453.98,0.5,0.5,0.0,0.0,0.1510617670657476,77387.22123062373,False,-9.311183973484418,9869.372599999992
1779792942.6484284,BUY_NO,616.15,0.52,0.52,0.0,0.0,0.47,77387.22123062373,False,0.0,9887.336201355592
1779792942.6993868,SELL_NO,221.11,0.51,0.51,0.0,0.0,0.4378771589452253,77387.22123062373,False,-2.276107609920885,9876.570100677793
1779792942.850048,BUY_NO,611.15,0.52,0.52,0.0,0.0,0.47,77387.22123062373,False,0.0,9869.463501355593
1779792942.9770975,SELL_NO,221.11,0.51,0.51,0.0,0.0,0.5,77387.22123062373,False,-2.260231664147085,9862.597800677793
1779792942.981386,BUY_NO,606.15,0.52,0.52,0.0,0.0,0.47,77387.22123062373,False,0.0,9851.790801355593
1779792943.1774237,BUY_NO,451.79361783154536,0.52,0.52,0.0,0.0,0.47,77387.22123062373,False,0.0,9833.689056642332
1779792943.2724898,SELL_NO,221.11,0.51,0.51,0.0,0.0,0.5,77387.22123062373,False,-2.2509661301195507,9835.191692142846
1779792943.6657805,BUY_NO,149.35638216845462,0.52,0.52,0.0,0.0,0.47,77387.22123062373,False,0.0,9834.288101355593
1779792943.6687615,BUY_NO,144.35638216845462,0.52,0.52,0.0,0.0,0.47,77387.22123062373,False,0.0,9828.483846068855
1779792943.671926,BUY_NO,186.58686706849176,0.52,0.52,0.0,0.0,0.47,77387.22123062373,False,0.0,9820.990371386115
1779792943.7266762,SELL_NO,221.11,0.51,0.51,0.0,0.0,0.5,77387.22123062373,False,-2.2490269439189916,9825.084903200684
1779792943.7530048,SELL_YES,110.65036859459906,0.48,0.48,0.0,0.0,0.4455944805678263,77387.22123062373,False,-1.3733552301566547,9817.528598644392
1779792943.9722178,SELL_NO,453.98,0.5,0.5,0.0,0.0,0.48593448916112736,77387.22123062373,False,-9.125875491838201,9820.303127643361
1779792943.977174,BUY_NO,421.7487862877674,0.52,0.52,0.0,0.0,0.47,77387.22123062373,False,0.0,9815.287305190821
1779792943.9984362,SELL_NO,221.11,0.51,0.51,0.0,0.0,0.5,77387.22123062373,False,-2.247500595653264,9817.954928554213
1779792944.0049388,SELL_YES,580.95,0.4799999999999999,0.48,1.1564823173178715e-12,1.1564823173178715e-12,0.4699999999999999,77387.22123062373,False,-7.083046735152038,9806.117898644392
1779792944.0985906,BUY_YES,453.98,0.5,0.5,0.0,0.0,0.49,77387.22123062373,False,0.0,9802.340251917605
1779792944.5028632,BUY_NO,205.63240602840688,0.52,0.52,0.0,0.0,0.47,77387.22123062373,False,0.0,9799.416908949683
1779792944.5570025,SELL_YES,370.31759397159317,0.48,0.48,0.0,0.0,0.47,77387.22123062373,False,-5.116832984705667,9796.94829864439
1779792944.640019,BUY_YES,211.1390135033896,0.49,0.49,0.0,0.0,0.4452229503090023,77387.22123062373,False,0.0,9793.824775280998
1779792944.7966707,SELL_YES,576.15,0.48,0.48,0.0,0.0,0.47,77387.22123062373,False,-7.72535318396865,9794.776908509357
1779792944.8368745,BUY_YES,221.11,0.49,0.49,0.0,0.0,0.5,77387.22123062373,False,0.0,9788.003275280998
1779792944.8397787,SELL_YES,571.15,0.48,0.48,0.0,0.0,0.47,77387.22123062373,False,-7.412353082797608,9792.505808509359
1779792944.9063551,BUY_NO,115.67693591154966,0.52,0.52,0.0,0.0,0.47,77387.22123062373,False,0.0,9746.87259815946
1779792945.0061908,SELL_YES,450.4730640884503,0.48,0.48,0.0,0.0,0.47,77387.22123062373,False,-5.852553118078731,9792.44580850936
1779792945.0934732,BUY_YES,221.11,0.49,0.49,0.0,0.0,0.5,77387.22123062373,False,0.0,9776.510275281
1779792945.344987,SELL_YES,561.15,0.48,0.48,0.0,0.0,0.47,77387.22123062373,False,-6.889019508957233,9790.17470850936
1779792945.4783244,BUY_YES,221.11,0.49,0.49,0.0,0.0,0.5,77387.22123062373,False,0.0,9770.838775281
1779792945.5623975,BUY_YES,348.1661364779251,0.5,0.5,0.0,0.0,0.186181988919368,77387.22123062373,False,0.0,9753.71394205264
1779792949.5368197,SELL_NO,105.81386352207494,0.5,0.5,0.0,0.0,0.09581198366974619,77387.22123062373,False,-2.1489106435854453,9753.683942052641
1779792955.1812248,BUY_NO,130.4869224024519,0.52,0.52,0.0,0.0,0.47,77387.22123062373,False,0.0,9723.324398699824
1779792955.4526818,SELL_YES,454.66307759754807,0.48,0.48,0.0,0.0,0.47,77387.22123062373,False,-6.6717601425000055,9778.73400850936
1779792955.458334,BUY_YES,241.13,0.49,0.49,0.0,0.0,0.5,77387.22123062373,False,0.0,9760.297475281
1779792955.4616988,BUY_YES,241.13,0.49,0.5,0.0,-200.00000000000017,0.5,77387.22123062373,False,0.0,9746.683542052642
1779792955.4679139,BUY_YES,200.0,0.49,0.49,0.0,0.0,0.5,77387.22123062373,False,0.0,9760.237475281001
1779792955.471331,BUY_YES,200.0,0.49,0.5,0.0,-200.00000000000017,0.5,77387.22123062373,False,0.0,9750.623542052643
1779792955.4742923,BUY_YES,200.0,0.49,0.5,0.0,-200.00000000000017,0.5,77387.22123062373,False,0.0,9752.593542052644
1779792957.443203,SELL_NO,533.98,0.5,0.5,0.0,0.0,0.007292919832933453,77387.22123062373,False,-10.722140086769684,9752.563542052643
1779792960.5639946,BUY_YES,200.0,0.49,0.49,0.0,0.0,0.5,77387.22123062373,False,0.0,9754.777675281002
1779792962.9393666,SELL_NO,494.45,0.49,0.49,0.0,0.0,0.005312319802108556,77387.22123062373,False,-14.875111756813567,9744.858675281
1779792963.7523668,BUY_NO,488.99,0.52,0.52,0.0,0.0,0.47,77387.22123062373,False,0.0,9739.370175595925
1779792963.8844688,BUY_YES,636.210527284836,0.49000000000000005,0.49,1.1328806373726088e-12,1.1328806373726088e-12,0.49999999999999994,77387.22123062373,False,0.0,9739.908775281001
1779792965.3509226,SELL_NO,641.13,0.51,0.51,0.0,0.0,0.5,77387.22123062373,False,-6.452210304236814,9765.04651936998
1779792965.3540113,SELL_NO,641.13,0.51,0.5,0.0,-200.00000000000017,0.5,77387.22123062373,False,-6.452210304236814,9758.84394732549
1779792965.5883691,BUY_NO,483.99,0.52,0.52,0.0,0.0,0.47,77387.22123062373,False,0.0,9777.444691414468
1779792965.7058249,SELL_NO,533.98,0.5,0.5,0.0,0.0,0.016237750792073125,77387.22123062373,False,-10.714187581632416,9749.10414732549
1779792965.860655,BUY_NO,494.4,0.52,0.52,0.0,0.0,0.47,77387.22123062373,False,0.0,9768.288291414468
1779792966.1619809,SELL_NO,637.04,0.51,0.51,0.0,0.0,0.5,77387.22123062373,False,-6.402987972953724,9766.448019369978
1779792966.6849084,BUY_NO,484.2,0.52,0.52,0.0,0.0,0.47,77387.22123062373,False,0.0,9767.971491414468
1779792966.7196257,SELL_NO,637.04,0.51,0.51,0.0,0.0,0.5,77387.22123062373,False,-6.401391782363362,9764.602819369977
1779792966.9106638,BUY_NO,436.12,0.52,0.52,0.0,0.0,0.4486816773318013,77387.22123062373,False,0.0,9769.577891414467
1779792967.0719278,SELL_NO,584.1344363450468,0.51,0.51,0.0,0.0,0.5,77387.22123062373,False,-5.871574801268366,9763.141908096877
1779792987.3795176,BUY_NO,423.21,0.52,0.52,0.0,0.0,0.47,77387.22123062373,False,0.0,9770.113524504817
1779792987.38444,BUY_NO,423.21,0.52,0.53,0.0,-188.67924528301904,0.46711052104695283,77387.22123062373,False,0.0,9768.620940912757
1779792987.407476,SELL_NO,538.59,0.51,0.51,0.0,0.0,0.5,77387.22123062373,False,-5.415899999999965,9748.431108096876
1779792987.4511259,SELL_NO,307.8299999999999,0.5,0.5,0.0,0.0,0.013592927827080992,77387.22123062373,False,-6.1865999999999985,9727.549391688937
1779792988.5026338,BUY_YES,167.33706607635077,0.49,0.49,0.0,0.0,0.5,77387.22123062373,False,0.0,9703.589375280999
1779792991.1317275,BUY_NO,462.21,0.52,0.52,0.0,0.0,0.4675914602462836,77387.22123062373,False,0.0,9761.881136487109
1779792991.6917791,SELL_NO,371.25293392364927,0.51,0.51,0.0,0.0,0.5,77387.22123062373,False,-3.742529339236512,9748.29490809688
1779793043.4126513,BUY_NO,500.06,0.52,0.52,0.0,0.0,0.4543419688257585,77387.22123062373,False,0.0,9752.95632450482
1779793051.150768,SELL_NO,338.64,0.51,0.51,0.0,0.0,0.5,77387.22123062373,False,-3.41640000000001,9740.005908096879
1779793051.4302216,SELL_NO,252.37706607635073,0.5,0.5,0.0,0.0,0.4865163620553685,77387.22123062373,False,-5.077541321527008,9716.89629168894
1779793167.4806015,BUY_NO,202.62,0.55,0.55,0.0,0.0,0.4019231417854038,77387.22123062373,False,0.0,9824.621227032456
1779793167.4839447,BUY_NO,202.62,0.55,0.56,0.0,-178.5714285714287,0.40765718882901747,77387.22123062373,False,0.0,9825.88021410116
1779793167.6060367,SELL_NO,405.24,0.53,0.53,0.0,0.0,0.2851737190775736,77387.22123062373,False,-8.134800000000013,9785.51165289505
1779793167.6437206,BUY_NO,276.0,0.56,0.56,0.0,0.0,0.42999999999999994,77387.22123062373,False,0.0,9829.171814101159
1779793167.7239132,BUY_NO,350.0,0.5700000000000001,0.5700000000000001,0.0,0.0,0.25587793271757586,77387.22123062373,False,0.0,9802.985201169862
1779793168.1090462,SELL_YES,307.0,0.42,0.42,0.0,0.0,0.007259835431859152,77387.22123062373,False,-21.782196447721503,9512.804395139314
1779793168.1280527,SELL_NO,98.0,0.54,0.54,0.0,0.0,0.53,77387.22123062373,False,-2.53792332268371,9715.895039963752
1779793168.2698472,BUY_NO,202.62,0.55,0.55,0.0,0.0,0.3911257332728211,77387.22123062373,False,0.0,9712.856427032457
1779793168.355619,SELL_NO,103.51,0.54,0.54,0.0,0.0,0.3501463425249838,77387.22123062373,False,-2.2313728324833804,9705.880039963751
1779793168.962641,BUY_NO,276.0,0.56,0.55,0.0,181.81818181818196,0.20737736041444244,77387.22123062373,False,0.0,9691.752327032456
1779793168.966305,BUY_NO,200.8,0.55,0.55,0.0,0.0,0.42907087993888837,77387.22123062373,False,0.0,9671.642327032456
1779793168.9848983,SELL_NO,103.51,0.54,0.54,0.0,0.0,0.1686596387213818,77387.22123062373,False,-1.9864332209859938,9668.398839963751
1779793169.6336606,BUY_NO,355.0,0.5700000000000001,0.5700000000000001,0.0,0.0,0.3007567580350653,77387.22123062373,False,0.0,9656.25700116986
1779793170.0303113,SELL_NO,271.91,0.53,0.53,0.0,0.0,0.45213714221519596,77387.22123062373,False,-8.678894708078928,9636.624052895047
1779793170.033084,SELL_NO,271.91,0.53,0.52,0.0,-192.30769230769246,0.38244500047990804,77387.22123062373,False,-8.678894708078928,9638.491065826345
1779793170.0361779,BUY_NO,200.8,0.55,0.55,0.0,0.0,0.40072543289360496,77387.22123062373,False,0.0,9661.633827032454
1779793170.1244676,BUY_NO,276.0,0.56,0.55,0.0,181.81818181818196,0.42999999999999994,77387.22123062373,False,0.0,9631.243827032455
1779793170.1289322,BUY_NO,164.43,0.55,0.55,0.0,0.0,0.34893870001112803,77387.22123062373,False,0.0,9614.770827032455
1779793170.1366842,SELL_NO,271.91,0.53,0.53,0.0,0.0,0.2197171710434106,77387.22123062373,False,-7.778348753920113,9615.044852895047
1779793170.9210272,SELL_NO,286.91,0.53,0.53,0.0,0.0,0.2971813840547973,77387.22123062373,False,-8.205788830816175,9632.229452895048
1779793171.0735903,SELL_NO,286.91,0.53,0.53,0.0,0.0,0.23619920550388096,77387.22123062373,False,-8.205788830816175,9649.414052895047
1779793171.0800455,SELL_NO,286.91,0.53,0.53,0.0,0.0,0.1642156770101495,77387.22123062373,False,-8.205788830816175,9666.598652895047
1779793171.3006308,SELL_NO,286.91,0.53,0.53,0.0,0.0,0.1474275019839012,77387.22123062373,False,-8.205788830816175,9683.783252895048
1779793182.3494313,BUY_NO,170.95,0.55,0.55,0.0,0.0,0.43999999999999995,77387.22123062373,False,0.0,9711.059827032455
1779793182.3507426,BUY_NO,170.95,0.55,0.56,0.0,-178.5714285714287,0.43999999999999995,77387.22123062373,False,0.0,9712.716614101158
1779793182.5302844,BUY_NO,276.0,0.56,0.56,0.0,0.0,0.3641327755855419,77387.22123062373,False,0.0,9679.566614101159
1779793182.533901,BUY_NO,276.0,0.56,0.5700000000000001,0.0,-175.4385964912282,0.3883734631912257,77387.22123062373,False,0.0,9659.678401169862
1779793182.5680232,SELL_NO,343.61,0.53,0.53,0.0,0.0,0.17375342550084094,77387.22123062373,False,-9.052663272587893,9627.217852895048
1779793182.572481,SELL_NO,343.61,0.53,0.52,0.0,-192.30769230769246,0.02580031306144792,77387.22123062373,False,-9.052663272587893,9627.670465826346
1779793182.5753226,SELL_YES,333.0,0.43,0.43,0.0,0.0,0.06733475515700088,77387.22123062373,False,-20.294402010069263,9446.434582208016
1779793182.57805,SELL_YES,333.0,0.43,0.42,0.0,-238.09523809523833,0.17470159004670222,77387.22123062373,False,-20.294402010069263,9432.930595139313
1779793182.5804513,BUY_NO,316.2808316824144,0.5700000000000001,0.5800000000000001,0.0,-172.4137931034484,0.2547179500962775,77387.22123062373,False,0.0,9601.042263486203
1779793182.5892541,BUY_NO,245.0,0.5800000000000001,0.5800000000000001,0.0,0.0,0.3197039676232103,77387.22123062373,False,0.0,9561.812263486205
1779793182.5916297,BUY_NO,245.0,0.5800000000000001,0.5900000000000001,0.0,-169.49152542372894,0.352158484276178,77387.22123062373,False,0.0,9527.993442238083
1779793182.5946038,BUY_NO,245.0,0.5800000000000001,0.5900000000000001,0.0,-169.49152542372894,0.37374355060960207,77387.22123062373,False,0.0,9486.313442238083
1779793182.600178,SELL_NO,346.6,0.52,0.52,0.0,0.0,0.17723078380372437,77387.22123062373,False,-18.447899124927062,9479.419190974928
1779793182.602542,SELL_NO,346.6,0.52,0.51,0.0,-196.0784313725492,0.02891016735874108,77387.22123062373,False,-18.447899124927062,9483.360012223047
1779793182.609594,BUY_NO,295.0,0.5900000000000001,0.5900000000000001,0.0,0.0,0.3999999999999999,77387.22123062373,False,0.0,9509.37544223808
1779793182.612712,BUY_NO,295.0,0.5900000000000001,0.6,0.0,-166.66666666666495,0.3999999999999999,77387.22123062373,False,0.0,9460.238620989961
1779793182.6153677,BUY_NO,295.0,0.5900000000000001,0.6,0.0,-166.66666666666495,0.3999999999999999,77387.22123062373,False,0.0,9404.158620989961
1779793182.6429303,SELL_YES,638.5,0.4,0.4,0.0,0.0,0.0833533505443787,77387.22123062373,False,-58.04031736765535,9383.265045952377
1779793183.0524185,SELL_YES,158.39,0.45,0.45,0.0,0.0,0.11640239103007388,77387.22123062373,False,-6.500874577702319,9356.525939711773
1779793183.4122436,SELL_YES,276.0,0.44,0.44,0.0,0.0,0.0752985160320363,77387.22123062373,False,-14.065720584922275,9363.421660959893
1779793183.4984746,SELL_NO,94.96,0.54,0.54,0.0,0.0,0.07269046332529439,77387.22123062373,False,-4.132347387913406,9274.131248478687
1779793183.5114136,SELL_YES,333.0,0.43,0.43,0.0,0.0,0.27142585029629,77387.22123062373,False,-20.294402010069263,9370.198582208015
1779793184.8266134,SELL_YES,181.44870687033233,0.42,0.42,0.0,0.0,0.07088450178473132,77387.22123062373,False,-12.886377579897413,9382.234703456135
1779793188.4711604,BUY_NO,139.29,0.55,0.55,0.0,0.0,0.43999999999999995,77387.22123062373,False,0.0,9187.827795337424
1779793189.8394806,BUY_NO,144.29,0.55,0.55,0.0,0.0,0.43999999999999995,77387.22123062373,False,0.0,9173.368795337423
1779793190.4460423,BUY_NO,261.0,0.56,0.55,0.0,181.81818181818196,0.42999999999999994,77387.22123062373,False,0.0,9144.628795337423
1779793190.4483392,BUY_NO,140.65,0.55,0.55,0.0,0.0,0.43999999999999995,77387.22123062373,False,0.0,9130.533795337422
1779793191.315684,BUY_NO,112.72328060567588,0.55,0.55,0.0,0.0,0.43999999999999995,77387.22123062373,False,0.0,9119.231467276855
1779793200.031613,SETTLE_NO,2186.0141122880896,1.0,1.0,0.0,0.0,0.0,77345.294225,True,934.9816289484306,10321.539229035305
1779793200.4156241,BUY_NO,561.4,0.52,0.52,0.0,0.0,0.47,77345.306045,False,0.0,10299.053229035304
1779793200.4317405,BUY_YES,185.57,0.49,0.49,0.0,0.0,0.13815793248788377,77345.306045,False,0.0,10315.865229035304
1779793200.863179,BUY_NO,163.32,0.53,0.53,0.0,0.0,0.45999999999999996,77345.306045,False,0.0,10291.002829035304
1779793201.833866,BUY_YES,620.0,0.5,0.5,0.0,0.0,0.49,77345.306045,False,0.0,10307.147329035304
1779793201.852869,BUY_NO,280.0,0.54,0.54,0.0,0.0,0.44999999999999996,77345.306045,False,0.0,10287.951329035304
1779793201.858224,BUY_YES,138.24,0.51,0.51,0.0,0.0,0.48,77345.306045,False,0.0,10293.895829035304
1779793203.3770072,BUY_NO,561.4,0.52,0.52,0.0,0.0,0.47,77345.306045,False,0.0,10270.800729035303
1779793203.4342594,BUY_YES,180.57,0.49,0.49,0.0,0.0,0.5,77345.306045,False,0.0,10289.440029035304
1779793203.494923,SELL_NO,620.0,0.5,0.5,0.0,0.0,0.1761822888545419,77345.306045,False,-15.29349960411713,10284.992629035303
1779793204.0692222,BUY_NO,561.4,0.52,0.52,0.0,0.0,0.47,77345.306045,False,0.0,10266.071829035303
1779793204.072765,BUY_NO,561.4,0.52,0.53,0.0,-188.67924528301904,0.47,77345.306045,False,0.0,10234.140429035302
1779793204.080028,BUY_YES,179.44,0.49000000000000005,0.49,1.1328806373726088e-12,1.1328806373726088e-12,0.49999999999999994,77345.306045,False,0.0,10271.892029035303
1779793204.0827758,BUY_YES,179.44,0.49000000000000005,0.49,1.1328806373726088e-12,1.1328806373726088e-12,0.49999999999999994,77345.306045,False,0.0,10271.862029035303
1779793204.0856066,BUY_YES,184.44,0.48999999999999994,0.5,-1.1328806373726088e-12,-200.00000000000128,0.5,77345.306045,False,0.0,10267.819829035303
1779793204.088258,BUY_YES,189.44,0.49,0.5,0.0,-200.00000000000017,0.5,77345.306045,False,0.0,10269.684229035303
1779793214.5224588,BUY_NO,115.20000000000005,0.52,0.52,0.0,0.0,0.47,77345.306045,False,0.0,10260.810629035303
1779793221.9509497,BUY_YES,617.8660711390464,0.49,0.49,0.0,0.0,0.5,77345.306045,False,0.0,10270.590029035304
1779793232.1124928,SELL_NO,817.44,0.51,0.51,0.0,0.0,0.5,77345.306045,False,-9.839826575284576,10292.726550458085
1779793232.1495845,BUY_NO,672.92,0.52,0.52,0.0,0.0,0.47,77345.306045,False,0.0,10276.863011169475
1779793232.469047,SELL_NO,1167.0,0.5,0.5,0.0,0.0,0.4127657574963902,77345.306045,False,-24.934472224278352,10268.124889746694
1779793240.9187088,SELL_NO,561.0,0.5,0.5,0.0,0.0,0.49,77345.306045,False,-12.002072765912715,10268.094889746693
1779793242.654602,BUY_YES,188.49688629707907,0.49,0.49,0.0,0.0,0.5,77345.306045,False,0.0,10246.430829035304
1779793242.704763,BUY_NO,691.92,0.52,0.52,0.0,0.0,0.4697422841023229,77345.306045,False,0.0,10289.281117758386
1779793242.8567762,SELL_NO,652.943113702921,0.51,0.51,0.0,0.0,0.5,77345.306045,False,-6.831227576770857,10285.710150458084
1779793242.9640815,SELL_NO,350.5768862970789,0.51,0.51,0.0,0.0,0.5,77345.306045,False,-3.6817012536363336,10292.691688184026
1779793243.1596522,BUY_NO,686.92,0.52,0.52,0.0,0.0,0.47,77345.306045,False,0.0,10291.819917758388
1779793243.3004692,SELL_NO,490.86311370292117,0.51,0.51,0.0,0.0,0.5,77345.306045,False,-4.938631137029233,10281.841350458084
1779793243.4710734,SELL_NO,196.0568862970788,0.51,0.51,0.0,0.0,0.5,77345.306045,False,-1.9905688629707896,10285.732488184025
1779793243.580917,BUY_NO,681.92,0.52,0.52,0.0,0.0,0.47,77345.306045,False,0.0,10285.060717758386
1779793243.6110277,SELL_NO,681.92,0.51,0.51,0.0,0.0,0.5,77345.306045,False,-6.849199999999939,10278.853288184026
1779793243.6549368,BUY_NO,445.2153036685205,0.52,0.52,0.0,0.0,0.08304927125275618,77345.306045,False,0.0,10287.649705611646
1779793243.6663716,SELL_NO,445.2153036685205,0.51,0.51,0.0,0.0,0.5,77345.306045,False,-4.48215303668519,10274.341135147339
1779793243.7537198,BUY_NO,226.70469633147945,0.52,0.52,0.0,0.0,0.4324056101382783,77345.306045,False,0.0,10291.87797686844
1779793243.7904258,SELL_NO,226.70469633147945,0.51,0.51,0.0,0.0,0.5,77345.306045,False,-2.2970469633147985,10272.014088184023
1779793243.793765,BUY_NO,666.92,0.52,0.52,0.0,0.0,0.45600876482647146,77345.306045,False,0.0,10271.942317758385
1779793243.8033412,SELL_NO,609.7353036685206,0.51,0.51,0.0,0.0,0.5,77345.306045,False,-6.127353036685179,10264.141194257394
1779793247.3107746,BUY_NO,361.8733332198288,0.52,0.52,0.0,0.0,0.0785462311284586,77345.306045,False,0.0,10275.699443539648
1779793247.3161874,SELL_YES,454.22,0.48,0.48,0.0,0.0,0.07421967360525455,77345.306045,False,-6.10101056303381,10185.891646424256
1779793247.3191712,SELL_YES,454.22,0.48,0.47,0.0,-212.76595744680873,0.07031554955252517,77345.306045,False,-6.10101056303381,10172.501597145407
1779793247.4281688,BUY_YES,819.2,0.49,0.49,0.0,0.0,0.5,77345.306045,False,0.0,10199.191695703104
1779793253.4333909,SELL_NO,419.05802955130815,0.51,0.51,0.0,0.0,0.5,77345.306045,False,-4.220580295513088,10250.646954851827
1779793253.4752445,BUY_NO,424.94,0.52,0.52,0.0,0.0,0.4324773736897475,77345.306045,False,0.0,10259.361984426188
1779793253.770257,SELL_NO,424.1419704486919,0.51,0.51,0.0,0.0,0.5,77345.306045,False,-4.271419704486931,10246.3215942608
1779793258.7023337,BUY_YES,106.72637374281658,0.49000000000000005,0.49,1.1328806373726088e-12,1.1328806373726088e-12,0.49999999999999994,77345.306045,False,0.0,10194.822295703105
1779793262.7835343,BUY_NO,202.72940113316648,0.52,0.52,0.0,0.0,0.038135336229116135,77345.306045,False,0.0,10267.088858706607
1779793263.0371854,SELL_NO,203.52743068447458,0.51,0.51,0.0,0.0,0.5,77345.306045,False,-2.0652743068447563,10246.354788315351
1779793263.1111324,BUY_NO,222.4105988668335,0.52,0.52,0.0,0.0,0.2881995010348767,77345.306045,False,0.0,10264.238257672469
1779793263.2930126,SELL_NO,222.4105988668335,0.51,0.51,0.0,0.0,0.5,77345.306045,False,-2.2541059886683286,10244.070682326685
1779793263.301483,BUY_NO,420.14,0.52,0.52,0.0,0.0,0.37942143811696605,77345.306045,False,0.0,10254.044975638475
1779793263.507925,SELL_NO,420.14,0.51,0.51,0.0,0.0,0.5,77345.306045,False,-4.231400000000008,10239.809282326685
1779793264.6332748,BUY_NO,178.11832200398825,0.52,0.52,0.0,0.0,0.03340532319268341,77345.306045,False,0.0,10259.464442758315
1779793264.9713027,SELL_NO,178.11832200398825,0.51,0.51,0.0,0.0,0.5,77345.306045,False,-1.8111832200398936,10237.968099106645
1779793264.985166,BUY_NO,231.82167799601174,0.52,0.52,0.0,0.0,0.25174651371798307,77345.306045,False,0.0,10255.475125298595
1779793265.1696925,SELL_NO,231.82167799601174,0.51,0.51,0.0,0.0,0.5,77345.306045,False,-2.3482167799601115,10235.589882326685
1779793265.9909832,BUY_NO,410.14,0.52,0.52,0.0,0.0,0.28468546899571234,77345.306045,False,0.0,10245.964175638475
1779793266.3730025,SELL_NO,410.14,0.51,0.51,0.0,0.0,0.5,77345.306045,False,-4.131399999999985,10231.428482326686
1779793268.6796513,SELL_YES,399.28,0.48,0.48,0.0,0.0,0.007616921739888982,77345.306045,False,-4.902556720160703,10150.968802391319
1779793268.7140465,BUY_YES,436.10229049735653,0.49,0.49,0.0,0.0,0.5,77345.306045,False,0.0,10173.755895703109
1779793272.841859,BUY_NO,114.30820837334039,0.52,0.52,0.0,0.0,0.021511903650111464,77345.306045,False,0.0,10250.687916018465
1779793272.8890374,SELL_NO,114.30820837334039,0.51,0.51,0.0,0.0,0.5,77345.306045,False,-1.173082083733405,10226.909046052902
1779793273.3262959,BUY_NO,190.17179162665963,0.52,0.52,0.0,0.0,0.17585539340465461,77345.306045,False,0.0,10246.450290604598
1779793273.383569,SELL_NO,190.17179162665963,0.51,0.51,0.0,0.0,0.5,77345.306045,False,-1.9317179162666065,10224.947328136637
1779793282.419765,BUY_NO,304.48,0.52,0.52,0.0,0.0,0.47,77345.306045,False,0.0,10239.9162443534
1779793283.4641833,SELL_NO,145.76,0.51,0.51,0.0,0.0,0.5,77345.306045,False,-1.4876000000000005,10218.668128136636
1779793283.714129,SELL_NO,158.72000000000003,0.5,0.5,0.0,0.0,0.1695878344362758,77345.306045,False,-3.204400000000007,10193.047211919873
1779793283.7194054,BUY_NO,321.03,0.52,0.52,0.0,0.0,0.47,77345.306045,False,0.0,10234.5322443534
1779793283.9628298,SELL_NO,145.76,0.51,0.51,0.0,0.0,0.5,77345.306045,False,-1.4876000000000005,10213.449628136637
1779793283.9662418,BUY_NO,319.1,0.52,0.52,0.0,0.0,0.47,77345.306045,False,0.0,10226.081044353401
1779793283.969466,SELL_NO,145.76,0.51,0.5,0.0,-200.00000000000017,0.45825916838404523,77345.306045,False,-1.4876000000000005,10183.039811919874
1779793283.972402,SELL_NO,145.76,0.51,0.5,0.0,-200.00000000000017,0.43626554099472326,77345.306045,False,-1.4876000000000005,10184.467411919875
1779793283.9754267,SELL_NO,145.76,0.51,0.5,0.0,-200.00000000000017,0.4104713615141189,77345.306045,False,-1.4876000000000005,10185.895011919874
1779793288.2640846,BUY_NO,101.38,0.53,0.53,0.0,0.0,0.3360383139505432,77345.306045,False,0.0,10259.603860570165
1779793288.2668645,BUY_NO,109.38,0.53,0.53,0.0,0.0,0.36494963035416106,77345.306045,False,0.0,10253.011060570165
1779793298.8691254,BUY_NO,123.22,0.53,0.53,0.0,0.0,0.45999999999999996,77345.306045,False,0.0,10245.587860570166
1779793305.026012,SELL_NO,101.05,0.52,0.52,0.0,0.0,0.3290284926470398,77345.306045,False,-0.8929830720842844,10226.332444353402
1779793307.291023,BUY_NO,131.12,0.53,0.53,0.0,0.0,0.45999999999999996,77345.306045,False,0.0,10242.713160570163
1779793307.6458802,BUY_NO,550.3521670240441,0.54,0.54,0.0,0.0,0.18697442824411414,77345.306045,False,0.0,10221.621703425002
1779793308.1336617,SELL_NO,149.05,0.52,0.52,0.0,0.0,0.51,77345.306045,False,-2.299914064011105,10192.627314331958
1779793308.447446,SELL_NO,190.0,0.51,0.51,0.0,0.0,0.27685971769211826,77345.306045,False,-4.823550299645149,10177.443619785437
1779793308.4514363,SELL_NO,190.0,0.51,0.5,0.0,-200.00000000000017,0.2584295410367359,77345.306045,False,-4.823550299645149,10158.459925238914
1779793308.454021,SELL_NO,190.0,0.51,0.5,0.0,-200.00000000000017,0.241190775131496,77345.306045,False,-4.823550299645149,10160.329925238915
1779793308.456466,SELL_NO,190.0,0.51,0.5,0.0,-200.00000000000017,0.22517232514276564,77345.306045,False,-4.823550299645149,10162.199925238916
1779793308.8786085,BUY_NO,179.17,0.53,0.53,0.0,0.0,0.45999999999999996,77345.306045,False,0.0,10231.080808878483
1779793309.7419543,SELL_NO,192.0,0.5,0.5,0.0,0.0,0.1392183872186188,77345.306045,False,-6.049475676248207,10156.764825238915
1779793332.4686007,BUY_NO,1179.31,0.53,0.53,0.0,0.0,0.45999999999999996,77345.306045,False,0.0,10166.022208878483
1779793332.4726365,BUY_NO,1179.31,0.53,0.54,0.0,-185.18518518518536,0.45999999999999996,77345.306045,False,0.0,10098.329403425005
1779793343.0718462,SELL_YES,106.58,0.47,0.47,0.0,0.0,0.30367433021026113,77345.306045,False,-2.3587522414855613,10076.628841599348
1779793366.4018984,SELL_YES,838.0,0.47,0.47,0.0,0.0,0.45999999999999996,77345.306045,False,-18.3401367833074,10076.598841599349
1779793366.4054797,SELL_YES,838.0,0.47,0.46,0.0,-217.39130434782507,0.45999999999999996,77345.306045,False,-18.3401367833074,10091.298847052825
1779793374.2140539,SELL_YES,844.58,0.47,0.47,0.0,0.0,0.45999999999999996,77345.306045,False,-18.483908501725182,10076.538841599348
1779793374.303436,BUY_YES,109.2,0.48,0.48,0.0,0.0,0.51,77345.306045,False,0.0,10053.333036145872
1779793377.7036638,BUY_YES,195.0,0.49,0.49,0.0,0.0,0.10809388282900356,77345.306045,False,0.0,10031.219230692393
1779793380.0803516,SELL_YES,394.85162167629875,0.47,0.47,0.0,0.0,0.45999999999999996,77345.306045,False,-7.00272027747215,10071.456841599349
1779793381.2012606,BUY_YES,107.35,0.48000000000000004,0.48,1.1564823173178715e-12,1.1564823173178715e-12,0.020454398962863107,77345.306045,False,0.0,10047.344519929107
1779793381.206704,SELL_YES,107.35,0.47,0.47,0.0,0.0,0.45993180419574325,77345.306045,False,-1.103500000000004,10070.323341599347
1779793381.2166488,BUY_YES,195.0,0.49,0.49,0.0,0.0,0.24627922385120715,77345.306045,False,0.0,10022.128698258866
1779793381.2195187,BUY_YES,195.0,0.49,0.5,0.0,-200.00000000000017,0.24432844891110217,77345.306045,False,0.0,10001.916376588626
1779793381.2223995,BUY_YES,195.0,0.49,0.5,0.0,-200.00000000000017,0.24256666556902073,77345.306045,False,0.0,10003.836376588626
1779793381.2253785,BUY_YES,195.0,0.49,0.5,0.0,-200.00000000000017,0.2409762744306586,77345.306045,False,0.0,10005.756376588626
1779793381.2288022,BUY_YES,195.0,0.49,0.5,0.0,-200.00000000000017,0.23954140097580745,77345.306045,False,0.0,10007.676376588626
1779793381.2316241,BUY_YES,195.0,0.49,0.5,0.0,-200.00000000000017,0.23824653077633495,77345.306045,False,0.0,10009.596376588626
1779793381.2343457,BUY_YES,195.0,0.49,0.5,0.0,-200.00000000000017,0.23707863542506447,77345.306045,False,0.0,10011.516376588626
1779793381.236982,BUY_YES,195.0,0.49,0.5,0.0,-200.00000000000017,0.23602553675270144,77345.306045,False,0.0,10013.436376588626
1779793381.2396715,BUY_YES,195.0,0.49,0.5,0.0,-200.00000000000017,0.23507627206099113,77345.306045,False,0.0,10015.356376588627
1779793381.2427013,BUY_YES,195.0,0.49,0.5,0.0,-200.00000000000017,0.23422102588082627,77345.306045,False,0.0,10017.276376588627
1779793381.246732,BUY_YES,195.0,0.49,0.5,0.0,-200.00000000000017,0.23345122325943624,77345.306045,False,0.0,10019.196376588627
1779793381.2493863,BUY_YES,195.0,0.49,0.5,0.0,-200.00000000000017,0.23275673034271194,77345.306045,False,0.0,10021.116376588627
1779793381.252288,BUY_YES,195.0,0.49,0.5,0.0,-200.00000000000017,0.23213137004430873,77345.306045,False,0.0,10023.036376588627
1779793381.2550995,BUY_YES,195.0,0.49,0.5,0.0,-200.00000000000017,0.2315681212584383,77345.306045,False,0.0,10024.956376588627
1779793382.5290902,SELL_NO,208.0,0.5,0.5,0.0,0.0,0.2568679967663975,77345.306045,False,-6.2757909338346565,10024.926376588626
1779793382.5321248,SELL_NO,208.0,0.5,0.49,0.0,-204.0816326530614,0.25943429888645564,77345.306045,False,-6.2757909338346565,10017.518698258868
1779793382.535105,SELL_NO,208.0,0.5,0.49,0.0,-204.0816326530614,0.49,77345.306045,False,-6.2757909338346565,10015.408698258867
1779793382.5386636,SELL_NO,208.0,0.5,0.49,0.0,-204.0816326530614,0.49,77345.306045,False,-6.2757909338346565,10013.298698258868
1779793382.667605,SELL_NO,203.24,0.49000000000000005,0.49,-1.1328806373726088e-12,-1.1328806373726088e-12,0.48000000000000004,77345.306045,False,-8.165258410541128,10009.203898258867
1779793382.9082677,SELL_NO,101.47,0.52,0.52,0.0,0.0,0.51,77345.306045,False,-1.0475250291163576,10053.942933248147
1779793383.4621558,SELL_NO,195.0,0.51,0.51,0.0,0.0,0.08832742603814314,77345.306045,False,-3.9354290004699948,10043.228154918388
1779793384.4055662,BUY_NO,195.95,0.53,0.53,0.0,0.0,0.45999999999999996,77345.306045,False,0.0,10064.510711577906
1779793384.6358905,SELL_NO,96.52,0.52,0.52,0.0,0.0,0.11830122007565591,77345.306045,False,-0.9974734073845752,10053.766233248147
1779793387.1216183,BUY_NO,597.0,0.54,0.53,0.0,188.67924528301904,0.42602568033065435,77345.306045,False,0.0,10027.486711577907
1779793387.1246846,BUY_NO,597.0,0.54,0.53,0.0,188.67924528301904,0.40244748736795377,77345.306045,False,0.0,9985.666711577907
1779793387.127087,BUY_NO,195.95,0.53,0.53,0.0,0.0,0.45999999999999996,77345.306045,False,0.0,9973.879711577907
1779793389.8796177,SELL_YES,862.0,0.47,0.47,0.0,0.0,0.45999999999999996,77345.306045,False,-17.26999999999981,9964.00384159935
1779793401.2534564,SELL_YES,934.0,0.46,0.46,0.0,0.0,0.45,77345.306045,False,-28.049999999999784,9970.95286326959
1779793405.5478194,SELL_YES,243.95,0.47,0.47,0.0,0.0,0.45999999999999996,77345.306045,False,-4.908999999999963,9954.60384159935
1779793405.8718412,SELL_YES,243.95,0.47,0.47,0.0,0.0,0.45999999999999996,77345.306045,False,-4.908999999999963,9954.57384159935
1779793412.016806,SELL_YES,446.09999999999997,0.46,0.46,0.0,0.0,0.05993250417400381,77345.306045,False,-13.412999999999926,9975.74186326959
1779793453.28333,SELL_NO,103.58,0.52,0.52,0.0,0.0,0.4738416850439655,77345.306045,False,-1.5489104563109422,9825.900933248146
1779793454.5390472,BUY_YES,190.0,0.49,0.49,0.0,0.0,0.11079844365296276,77345.306045,False,0.0,9899.740598258868
1779793454.6168032,SELL_YES,122.04,0.47,0.47,0.0,0.0,0.45999999999999996,77345.306045,False,-2.470800000000004,9945.157041599348
1779793456.2201471,BUY_YES,387.2045823261334,0.5,0.5,0.0,0.0,0.08812631571088725,77345.306045,False,0.0,9873.296176588627
1779793456.9449558,SELL_YES,455.16458232613337,0.47,0.47,0.0,0.0,0.22317627860606407,77345.306045,False,-13.005337469784024,9933.480904129565
1779793461.51738,BUY_YES,133.58,0.48000000000000004,0.48,1.1564823173178715e-12,1.1564823173178715e-12,0.04212141241875961,77345.306045,False,0.0,9908.827682459323
1779793461.7464688,SELL_YES,133.58,0.47,0.47,0.0,0.0,0.4506953267328566,77345.306045,False,-1.3658000000000072,9932.085104129565
1779793461.7495315,BUY_YES,128.58,0.48,0.48,0.0,0.0,0.23219239172466355,77345.306045,False,0.0,9907.431882459323
1779793461.8083785,BUY_YES,190.0,0.49,0.49,0.0,0.0,0.29306457083899995,77345.306045,False,0.0,9884.064460789083
1779793462.228543,SELL_YES,318.58000000000004,0.47,0.47,0.0,0.0,0.4540328778538466,77345.306045,False,-5.115799999999979,9926.909304129565
1779793462.249052,BUY_YES,1361.0,0.5,0.5,0.0,0.0,0.49,77345.306045,False,0.0,9853.009639118844
1779793462.2519214,BUY_YES,1361.0,0.5,0.51,0.0,-196.0784313725492,0.49,77345.306045,False,0.0,9855.576417448603
1779793462.255033,BUY_YES,1361.0,0.5,0.51,0.0,-196.0784313725492,0.49,77345.306045,False,0.0,9869.156417448605
1779793462.2578137,BUY_YES,1361.0,0.5,0.51,0.0,-196.0784313725492,0.49,77345.306045,False,0.0,9882.736417448605
1779793462.2612493,BUY_YES,1361.0,0.5,0.51,0.0,-196.0784313725492,0.49,77345.306045,False,0.0,9896.316417448605
1779793462.2638988,BUY_YES,1361.0,0.5,0.51,0.0,-196.0784313725492,0.49,77345.306045,False,0.0,9909.896417448605
1779793462.283338,BUY_YES,1361.0,0.5,0.51,0.0,-196.0784313725492,0.49,77345.306045,False,0.0,9923.476417448604
1779793462.285977,BUY_YES,1361.0,0.5,0.51,0.0,-196.0784313725492,0.49,77345.306045,False,0.0,9937.056417448606
1779793462.2881534,BUY_YES,1361.0,0.5,0.51,0.0,-196.0784313725492,0.49,77345.306045,False,0.0,9950.636417448604
1779793462.3019483,SELL_YES,408.39999999999986,0.47,0.47,0.0,0.0,0.45999999999999996,77345.306045,False,-12.28200000000001,9559.139304129567
1779793462.305564,SELL_YES,408.39999999999986,0.47,0.46,0.0,-217.39130434782507,0.45999999999999996,77345.306045,False,-12.28200000000001,9469.410525799809
1779793462.309042,SELL_YES,408.39999999999986,0.47,0.46,0.0,-217.39130434782507,0.45999999999999996,77345.306045,False,-12.28200000000001,9473.464525799809
1779793462.313317,SELL_YES,408.39999999999986,0.47,0.46,0.0,-217.39130434782507,0.45999999999999996,77345.306045,False,-12.28200000000001,9477.51852579981
1779793462.316735,SELL_YES,408.39999999999986,0.47,0.46,0.0,-217.39130434782507,0.45999999999999996,77345.306045,False,-12.28200000000001,9481.57252579981
1779793462.3198044,SELL_YES,408.39999999999986,0.47,0.46,0.0,-217.39130434782507,0.45999999999999996,77345.306045,False,-12.28200000000001,9485.62652579981
1779793462.3226187,SELL_YES,408.39999999999986,0.47,0.46,0.0,-217.39130434782507,0.45999999999999996,77345.306045,False,-12.28200000000001,9489.68052579981
1779793462.3252275,SELL_YES,408.39999999999986,0.47,0.46,0.0,-217.39130434782507,0.45999999999999996,77345.306045,False,-12.28200000000001,9493.73452579981
1779793462.3286986,SELL_YES,408.39999999999986,0.47,0.46,0.0,-217.39130434782507,0.45999999999999996,77345.306045,False,-12.28200000000001,9497.78852579981
1779793462.3310823,SELL_YES,408.39999999999986,0.47,0.46,0.0,-217.39130434782507,0.45999999999999996,77345.306045,False,-12.28200000000001,9501.84252579981
1779793462.3331869,SELL_YES,408.39999999999986,0.47,0.46,0.0,-217.39130434782507,0.45999999999999996,77345.306045,False,-12.28200000000001,9505.89652579981
1779793462.3353436,SELL_YES,408.39999999999986,0.47,0.46,0.0,-217.39130434782507,0.45999999999999996,77345.306045,False,-12.28200000000001,9509.95052579981
1779793462.3374739,SELL_YES,408.39999999999986,0.47,0.46,0.0,-217.39130434782507,0.45999999999999996,77345.306045,False,-12.28200000000001,9514.00452579981
1779793462.3395462,SELL_YES,408.39999999999986,0.47,0.46,0.0,-217.39130434782507,0.45999999999999996,77345.306045,False,-12.28200000000001,9518.05852579981
1779793462.3417447,SELL_YES,408.39999999999986,0.47,0.46,0.0,-217.39130434782507,0.45999999999999996,77345.306045,False,-12.28200000000001,9522.11252579981
1779793462.3452804,SELL_YES,408.39999999999986,0.47,0.46,0.0,-217.39130434782507,0.45999999999999996,77345.306045,False,-12.28200000000001,9526.166525799808
1779793462.3477702,SELL_YES,408.39999999999986,0.47,0.46,0.0,-217.39130434782507,0.4476870724836901,77345.306045,False,-12.28200000000001,9530.220525799808
1779793462.350165,SELL_YES,408.39999999999986,0.47,0.46,0.0,-217.39130434782507,0.41619506650927907,77345.306045,False,-12.28200000000001,9534.274525799809
1779793462.3524435,SELL_YES,408.39999999999986,0.47,0.46,0.0,-217.39130434782507,0.36253819429052925,77345.306045,False,-12.28200000000001,9538.328525799809
1779793462.3546352,SELL_YES,408.39999999999986,0.47,0.46,0.0,-217.39130434782507,0.2872339661143656,77345.306045,False,-12.28200000000001,9542.382525799809
1779793462.3603637,SELL_YES,408.39999999999986,0.47,0.46,0.0,-217.39130434782507,0.19629841428758843,77345.306045,False,-12.28200000000001,9546.436525799807
1779793462.36291,SELL_YES,408.39999999999986,0.47,0.46,0.0,-217.39130434782507,0.09871167307199158,77345.306045,False,-12.28200000000001,9550.490525799807
1779793462.366433,SELL_NO,260.24,0.49,0.49,0.0,0.0,0.04531464133102525,77345.306045,False,-11.65339286686968,9569.312060789087
1779793462.368307,SELL_NO,260.24,0.49,0.48,0.0,-208.33333333333354,0.12247803942737545,77345.306045,False,-11.65339286686968,9550.853682459328
1779793462.3704963,SELL_NO,260.24,0.49,0.48,0.0,-208.33333333333354,0.18768412924307842,77345.306045,False,-11.65339286686968,9543.016482459328
1779793462.3726068,SELL_NO,260.24,0.49,0.48,0.0,-208.33333333333354,0.24144062822624945,77345.306045,False,-11.65339286686968,9535.179282459329
1779793462.3747768,SELL_NO,260.24,0.49,0.48,0.0,-208.33333333333354,0.2850436551805615,77345.306045,False,-11.65339286686968,9527.342082459329
1779793463.0549445,BUY_NO,860.56,0.53,0.53,0.0,0.0,0.45999999999999996,77345.306045,False,0.0,9580.832374108128
1779793463.35661,SELL_NO,128.33,0.52,0.52,0.0,0.0,0.51,77345.306045,False,-1.657066665009694,9573.510395778369
1779793463.3814695,SELL_NO,190.0,0.51,0.52,0.0,192.30769230769246,0.5,77345.306045,False,-4.338966464208227,9579.180395778367
1779793463.3841076,SELL_YES,860.56,0.47,0.47,0.0,0.0,0.45999999999999996,77345.306045,False,-25.846799999999973,9501.10800412957
1779793463.4141622,SELL_NO,117.98,0.52,0.52,0.0,0.0,0.51,77345.306045,False,-1.5258413865646716,9540.811595778368
1779793463.420142,SELL_NO,1585.3721670240448,0.5,0.5,0.0,0.0,0.49,77345.306045,False,-51.83801378074429,9524.416239118847
1779793472.444129,BUY_NO,889.61,0.53,0.53,0.0,0.0,0.45999999999999996,77345.306045,False,0.0,9543.118839118848
1779793472.7286744,SELL_NO,157.8,0.52,0.52,0.0,0.0,0.51,77345.306045,False,-1.608000000000004,9534.260539118848
1779793472.7319713,SELL_NO,157.8,0.52,0.51,0.0,-196.0784313725492,0.51,77345.306045,False,-1.608000000000004,9522.24623911885
1779793472.7355728,BUY_NO,889.61,0.53,0.53,0.0,0.0,0.45999999999999996,77345.306045,False,0.0,9505.432239118849
1779793472.7445157,SELL_NO,195.0,0.51,0.52,0.0,192.30769230769246,0.5,77345.306045,False,-3.930000000000007,9501.852039118849
1779793472.7475972,BUY_NO,625.9364556370942,0.53,0.53,0.0,0.0,0.45999999999999996,77345.306045,False,0.0,9475.616051780624
1779793473.101717,SELL_NO,155.71,0.52,0.52,0.0,0.0,0.51,77345.306045,False,-1.5871000000000066,9476.723616336994
1779793473.103605,BUY_NO,130.63795189623283,0.53,0.53,0.0,0.0,0.45999999999999996,77345.306045,False,0.0,9475.503274666848
1779793473.2203221,BUY_NO,158.9428578850045,0.53,0.53,0.0,0.0,0.45999999999999996,77345.306045,False,0.0,9465.936703193747
1779793473.3733506,SELL_YES,598.1391902187627,0.47000000000000003,0.47,-1.1810883240693154e-12,-1.1810883240693154e-12,0.39608718895072415,77345.306045,False,-17.974175706562846,9443.393939118847
1779793473.3795905,SELL_YES,887.72,0.47,0.47,0.0,0.0,0.45999999999999996,77345.306045,False,-26.66160000000002,9443.363939118848
1779793474.3644998,BUY_YES,151.12,0.48,0.48,0.0,0.0,0.51,77345.306045,False,0.0,9432.227474562476
1779793474.388836,BUY_YES,151.12,0.48,0.49,0.0,-204.0816326530614,0.51,77345.306045,False,0.0,9424.113410006104
1779793474.3922513,BUY_YES,151.12,0.48,0.49,0.0,-204.0816326530614,0.51,77345.306045,False,0.0,9425.594610006105
1779793474.3960989,BUY_YES,151.12,0.48,0.49,0.0,-204.0816326530614,0.51,77345.306045,False,0.0,9427.075810006105
1779793474.3986003,BUY_YES,151.12,0.48,0.49,0.0,-204.0816326530614,0.51,77345.306045,False,0.0,9428.557010006105
1779793474.401042,BUY_YES,151.12,0.48,0.49,0.0,-204.0816326530614,0.51,77345.306045,False,0.0,9430.038210006103
1779793474.4033015,BUY_YES,151.12,0.48,0.49,0.0,-204.0816326530614,0.51,77345.306045,False,0.0,9431.519410006103
1779793474.405388,BUY_YES,151.12,0.48,0.49,0.0,-204.0816326530614,0.51,77345.306045,False,0.0,9433.000610006104
1779793474.4078674,BUY_YES,151.12,0.48,0.49,0.0,-204.0816326530614,0.51,77345.306045,False,0.0,9434.481810006102
1779793474.4108632,BUY_YES,151.12,0.48,0.49,0.0,-204.0816326530614,0.51,77345.306045,False,0.0,9435.963010006102
1779793474.7098308,SELL_NO,195.0,0.51,0.51,0.0,0.0,0.5,77345.306045,False,-3.930000000000007,9447.844080893361
1779793474.9147224,SELL_NO,1833.4272654183314,0.5,0.5,0.0,0.0,0.3005114022873816,77345.306045,False,-55.032817962549984,9441.858545449732
1779793475.9740791,BUY_NO,897.72,0.53,0.53,0.0,0.0,0.45999999999999996,77345.306045,False,0.0,9460.834769743167
1779793477.004475,BUY_NO,342.4,0.54,0.53,0.0,188.67924528301904,0.44999999999999996,77345.306045,False,0.0,9436.836769743168
1779793477.0095341,BUY_NO,897.72,0.53,0.53,0.0,0.0,0.45999999999999996,77345.306045,False,0.0,9382.943569743167
1779793477.1619189,SELL_YES,890.0,0.45,0.47,0.0,425.53191489361626,0.44,77345.306045,False,-33.455659728689966,9347.645121156293
1779793477.1658745,SELL_YES,897.72,0.47,0.47,0.0,0.0,0.45999999999999996,77345.306045,False,-15.791199159145606,9347.615121156294
1779793477.6204402,SELL_YES,342.4,0.46,0.46,0.0,0.0,0.45,77345.306045,False,-9.465489765284786,9362.550913058481
1779793477.627487,BUY_NO,97.70497189312891,0.53,0.53,0.0,0.0,0.45999999999999996,77345.306045,False,0.0,9227.93007142958
1779793477.872408,SELL_YES,298.86080978124426,0.47000000000000003,0.47,-1.1810883240693154e-12,-1.1810883240693154e-12,0.46,77345.306045,False,-5.277075640317378,9344.101121156295
1779793481.799403,BUY_YES,193.43,0.48999999999999994,0.49,-1.1328806373726088e-12,-1.1328806373726088e-12,0.5,77345.306045,False,0.0,9299.36022171843
1779793481.8043103,BUY_YES,1981.0,0.5,0.49,0.0,204.0816326530614,0.4862821493295286,77345.306045,False,0.0,9279.52022171843
1779793481.8076396,BUY_YES,193.43,0.48999999999999994,0.49,-1.1328806373726088e-12,-1.1328806373726088e-12,0.5,77345.306045,False,0.0,9279.490221718432
1779793481.814575,SELL_NO,260.24,0.49,0.49,0.0,0.0,0.48,77345.306045,False,-10.838188161366944,9274.255421718432
1779793481.8820012,SELL_NO,150.24,0.51,0.51,0.0,0.0,0.5,77345.306045,False,-3.2649102265745853,9285.08132228057
1779793482.3963974,SELL_NO,1825.064971893129,0.5,0.51,0.0,196.0784313725492,0.45144848255344483,77345.306045,False,-57.57725076885231,9303.3019719995
1779793500.7816415,SETTLE_YES,2367.8599999999997,1.0,1.0,0.0,0.0,0.0,77394.59428975217,True,1187.7685999999997,10463.5533719995
1779793501.147695,BUY_NO,442.95,0.52,0.52,0.0,0.0,0.47,77396.45152,False,0.0,10445.8053719995
1779793501.2479396,BUY_YES,391.66,0.48999999999999994,0.49,-1.1328806373726088e-12,-1.1328806373726088e-12,0.5,77396.45152,False,0.0,10459.0638719995
1779793501.34313,BUY_NO,173.32,0.53,0.53,0.0,0.0,0.45999999999999996,77396.45152,False,0.0,10446.5830719995
1779793501.702546,BUY_YES,658.0,0.5,0.5,0.0,0.0,0.49,77396.45152,False,0.0,10453.2913719995
1779793501.8094766,BUY_NO,280.0,0.54,0.54,0.0,0.0,0.44999999999999996,77396.45152,False,0.0,10448.1969719995
1779793502.1626897,BUY_NO,130.0,0.55,0.55,0.0,0.0,0.43999999999999995,77396.45152,False,0.0,10436.7008719995
1779793502.23628,BUY_NO,305.0,0.56,0.56,0.0,0.0,0.42999999999999994,77396.45152,False,0.0,10400.3047719995
1779793502.2401805,BUY_YES,365.73,0.51,0.51,0.0,0.0,0.48,77396.45152,False,0.0,10414.3552719995
1779793502.2439547,BUY_YES,365.73,0.51,0.52,0.0,-192.30769230769246,0.48,77396.45152,False,0.0,10418.823771999501
1779793502.2475243,BUY_YES,365.73,0.51,0.52,0.0,-192.30769230769246,0.48,77396.45152,False,0.0,10422.451071999501
1779793502.2511208,BUY_YES,365.73,0.51,0.52,0.0,-192.30769230769246,0.48,77396.45152,False,0.0,10426.078371999502
1779793502.2536511,BUY_YES,365.73,0.51,0.52,0.0,-192.30769230769246,0.48,77396.45152,False,0.0,10429.705671999502
1779793502.2561998,BUY_YES,365.73,0.51,0.52,0.0,-192.30769230769246,0.48,77396.45152,False,0.0,10433.332971999502
1779793502.258696,BUY_YES,365.73,0.51,0.52,0.0,-192.30769230769246,0.48,77396.45152,False,0.0,10436.960271999502
1779793502.2619972,BUY_YES,365.73,0.51,0.52,0.0,-192.30769230769246,0.48,77396.45152,False,0.0,10440.587571999502
1779793503.4013317,BUY_NO,453.36,0.52,0.52,0.0,0.0,0.46291729400126336,77396.45152,False,0.0,10422.4231719995
1779793503.5093353,SELL_NO,461.66,0.51,0.51,0.0,0.0,0.5,77396.45152,False,-10.708456582036632,10409.7176719995
1779793504.4157217,BUY_NO,105.23,0.53,0.53,0.0,0.0,0.44889535740413244,77396.45152,False,0.0,10456.4244719995
1779793504.4203434,SELL_NO,833.0,0.5,0.5,0.0,0.0,0.49,77396.45152,False,-27.435620338302442,10379.9754719995
1779793504.5726404,BUY_NO,355.0,0.54,0.54,0.0,0.0,0.44999999999999996,77396.45152,False,0.0,10486.757471999501
1779793504.5807908,BUY_NO,205.0,0.55,0.55,0.0,0.0,0.43999999999999995,77396.45152,False,0.0,10496.4804719995
1779793504.5875447,BUY_NO,160.0,0.56,0.56,0.0,0.0,0.42999999999999994,77396.45152,False,0.0,10505.4534719995
1779793505.5146549,SELL_NO,466.66,0.51,0.51,0.0,0.0,0.4592557998266724,77396.45152,False,-14.393144442179619,10381.7416719995
1779793505.7788732,BUY_NO,453.75,0.52,0.52,0.0,0.0,0.47,77396.45152,False,0.0,10394.831271999501
1779793505.964506,SELL_NO,845.0,0.5,0.5,0.0,0.0,0.49,77396.45152,False,-28.37030857080356,10341.3370719995
1779793506.1486375,BUY_NO,105.23,0.53,0.53,0.0,0.0,0.45999999999999996,77396.45152,False,0.0,10440.5395719995
1779793506.2488453,BUY_NO,355.0,0.54,0.54,0.0,0.0,0.44999999999999996,77396.45152,False,0.0,10446.2393719995
1779793506.42799,BUY_NO,205.0,0.55,0.55,0.0,0.0,0.43999999999999995,77396.45152,False,0.0,10456.2891719995
1779793506.7075942,SELL_NO,415.73,0.49000000000000005,0.49,-1.1328806373726088e-12,-1.1328806373726088e-12,0.432669106269192,77396.45152,False,-20.091742774133166,10276.7657719995
1779793506.7381701,BUY_NO,160.0,0.56,0.56,0.0,0.0,0.42999999999999994,77396.45152,False,0.0,10486.3454719995
1779793522.346604,SELL_NO,466.66,0.51,0.51,0.0,0.0,0.5,77396.45152,False,-15.089233408713625,10340.2131719995
1779793522.3776207,BUY_NO,356.91,0.52,0.52,0.0,0.0,0.47,77396.45152,False,0.0,10361.6604719995
1779793522.4650774,SELL_NO,757.04,0.5,0.5,0.0,0.0,0.4355214288065148,77396.45152,False,-24.081793883830983,10297.2612719995
1779793549.1381261,BUY_NO,311.08731208592644,0.52,0.52,0.0,0.0,0.06229599676400954,77396.45152,False,0.0,10364.297779516062
1779793549.2104168,SELL_NO,311.08731208592644,0.51,0.51,0.0,0.0,0.5,77396.45152,False,-3.1408731208592826,10333.845398878642
1779793550.733948,BUY_NO,320.91,0.52,0.52,0.0,0.0,0.35128454897552586,77396.45152,False,0.0,10360.73399887864
1779793550.945607,SELL_NO,320.91,0.51,0.51,0.0,0.0,0.5,77396.45152,False,-3.2391000000000076,10330.576298878643
1779793555.3034875,BUY_NO,132.36605249188992,0.52,0.52,0.0,0.0,0.02652718535323806,77396.45152,False,0.0,10365.006656778967
1779793555.5233204,SELL_NO,132.36605249188992,0.51,0.51,0.0,0.0,0.5,77396.45152,False,-1.3536605249188938,10329.192638353725
1779793555.71197,BUY_NO,202.16394750811006,0.52,0.52,0.0,0.0,0.24487390528782682,77396.45152,False,0.0,10360.8310804534
1779793555.9896352,SELL_NO,202.16394750811006,0.51,0.51,0.0,0.0,0.5,77396.45152,False,-2.051639475081103,10327.110998878645
1779793557.5732875,BUY_NO,104.79806756132605,0.52,0.52,0.0,0.0,0.021011116003049723,77396.45152,False,0.0,10362.644076176191
1779793557.8166008,SELL_NO,104.79806756132605,0.51,0.51,0.0,0.0,0.5,77396.45152,False,-1.0779806756132615,10326.003018203031
1779793557.9911335,BUY_NO,219.53193243867395,0.52,0.52,0.0,0.0,0.1938096203933961,77396.45152,False,0.0,10356.946740905483
1779793558.2367134,SELL_NO,219.53193243867395,0.51,0.51,0.0,0.0,0.5,77396.45152,False,-2.2253193243867457,10323.747698878644
1779793558.9284923,BUY_NO,319.33,0.52,0.52,0.0,0.0,0.3622755085260153,77396.45152,False,0.0,10350.699498878643
1779793559.2035766,SELL_NO,319.33,0.51,0.51,0.0,0.0,0.5,77396.45152,False,-3.223300000000023,10320.494398878644
1779793560.2820466,BUY_NO,319.53,0.52,0.52,0.0,0.0,0.34810154570882,77396.45152,False,0.0,10347.438198878643
1779793560.6423714,SELL_NO,319.53,0.51,0.51,0.0,0.0,0.5,77396.45152,False,-3.2253000000000043,10317.239098878643
1779793561.749687,SELL_YES,314.53,0.48,0.48,0.0,0.0,0.00537622920859121,77396.45152,False,-8.32556952685195,10197.944098878643
1779793574.1202145,BUY_NO,101.8594597030638,0.52,0.52,0.0,0.0,0.02008062988874837,77396.45152,False,0.0,10340.27852049052
1779793574.5730758,SELL_NO,101.8594597030638,0.51,0.51,0.0,0.0,0.5,77396.45152,False,-1.048594597030636,10306.69460428161
1779793574.5801392,BUY_NO,217.22054029693618,0.52,0.52,0.0,0.0,0.2257995717063197,77396.45152,False,0.0,10334.585482669734
1779793575.0499547,SELL_NO,217.22054029693618,0.51,0.51,0.0,0.0,0.5,77396.45152,False,-2.202205402969355,10304.46239887864
1779793582.6177304,BUY_NO,337.33,0.52,0.52,0.0,0.0,0.10121265275835567,77396.45152,False,0.0,10327.548898878642
1779793582.6776807,SELL_NO,337.33,0.51,0.51,0.0,0.0,0.5,77396.45152,False,-3.4033000000000015,10301.02909887864
1779793618.3261673,BUY_NO,331.33,0.52,0.52,0.0,0.0,0.47,77396.45152,False,0.0,10324.355598878641
1779793618.329945,BUY_NO,331.33,0.52,0.53,0.0,-188.67924528301904,0.47,77396.45152,False,0.0,10341.05549887864
1779793618.3345387,BUY_NO,331.33,0.52,0.53,0.0,-188.67924528301904,0.47,77396.45152,False,0.0,10324.458998878641
1779793618.3387241,BUY_NO,331.33,0.52,0.53,0.0,-188.67924528301904,0.47,77396.45152,False,0.0,10307.86249887864
1779793618.342121,BUY_NO,331.33,0.52,0.53,0.0,-188.67924528301904,0.47,77396.45152,False,0.0,10291.26599887864
1779793620.6696131,BUY_NO,331.33,0.52,0.52,0.0,0.0,0.47,77396.45152,False,0.0,10257.93959887864
1779793627.024077,BUY_NO,102.16558622173102,0.52,0.52,0.0,0.0,0.47,77396.45152,False,0.0,10253.82297542977
1779793631.206034,SELL_YES,182.23,0.4699999999999999,0.47,1.1810883240693154e-12,1.1810883240693154e-12,0.25770040470767563,77396.45152,False,-6.658524000503078,10175.251754740857
1779793631.2085962,SELL_YES,182.23,0.4699999999999999,0.46,1.1810883240693154e-12,-217.39130434782385,0.4599999999999999,77396.45152,False,-6.658524000503078,10163.158110603074
1779793631.2312572,SELL_NO,133.05,0.51,0.51,0.0,0.0,0.5,77396.45152,False,-1.3605000000000018,10226.107331291987
1779793634.2275877,BUY_NO,102.1631954138818,0.54,0.54,0.0,0.0,0.44953504131373634,77396.45152,False,0.0,10258.086708072224
1779793634.2853398,SELL_NO,342.0,0.5,0.51,0.0,196.0784313725492,0.33251590638982553,77396.45152,False,-7.209343584625117,10224.359171521293
1779793634.2881513,SELL_YES,208.87,0.48,0.48,0.0,0.0,0.4454648987677826,77396.45152,False,-5.538840514652236,10176.951634970363
1779793634.5882149,SELL_NO,131.0,0.51,0.51,0.0,0.0,0.5,77396.45152,False,-1.4699824841692646,10220.653071521294
1779793634.5940685,SELL_NO,415.73,0.49000000000000005,0.49,-1.1328806373726088e-12,-1.1328806373726088e-12,0.010525246950932876,77396.45152,False,-12.914400901860205,10182.280847154005
1779793634.597237,SELL_YES,182.23,0.4699999999999999,0.47,1.1810883240693154e-12,1.1810883240693154e-12,0.01775519890334326,77396.45152,False,-6.658524000503078,10143.908622786717
1779793634.6053991,BUY_NO,717.0,0.54,0.54,0.0,0.0,0.44999999999999996,77396.45152,False,0.0,10207.960308072225
1779793634.6082532,BUY_NO,717.0,0.54,0.55,0.0,-181.81818181818196,0.44999999999999996,77396.45152,False,0.0,10153.579120255868
1779793634.6121075,BUY_NO,717.0,0.54,0.55,0.0,-181.81818181818196,0.44999999999999996,77396.45152,False,0.0,10089.019120255869
1779793634.6154094,BUY_NO,717.0,0.54,0.55,0.0,-181.81818181818196,0.44999999999999996,77396.45152,False,0.0,10024.45912025587
1779793634.6189384,BUY_NO,717.0,0.54,0.55,0.0,-181.81818181818196,0.44999999999999996,77396.45152,False,0.0,9959.899120255868
1779793634.6324122,SELL_NO,165.12,0.48,0.48,0.0,0.0,0.47,77396.45152,False,-9.16467228541228,10082.772634970363
1779793634.6367273,SELL_NO,165.12,0.48,0.47,0.0,-212.76595744680873,0.47,77396.45152,False,-9.16467228541228,10091.336622786717
1779793634.6403394,SELL_NO,165.12,0.48,0.47,0.0,-212.76595744680873,0.47,77396.45152,False,-9.16467228541228,10083.050622786719
1779793634.644666,SELL_NO,165.12,0.48,0.47,0.0,-212.76595744680873,0.47,77396.45152,False,-9.16467228541228,10074.764622786719
1779793635.8960755,SELL_NO,182.23,0.4699999999999999,0.47,1.1810883240693154e-12,1.1810883240693154e-12,0.4599999999999999,77396.45152,False,-11.933521720994918,10063.800822786718
1779793635.9279118,SELL_NO,182.23,0.4699999999999999,0.45999999999999996,1.1810883240693154e-12,-217.39130434782507,0.4599999999999999,77396.45152,False,-11.933521720994918,10061.088810603074
1779793635.9315677,SELL_NO,182.23,0.4699999999999999,0.45999999999999996,1.1810883240693154e-12,-217.39130434782507,0.4599999999999999,77396.45152,False,-11.933521720994918,10048.302710603073
1779793635.9352543,SELL_NO,182.23,0.4699999999999999,0.45999999999999996,1.1810883240693154e-12,-217.39130434782507,0.4599999999999999,77396.45152,False,-11.933521720994918,10035.516610603074
1779793635.947381,SELL_YES,620.0,0.45,0.45,0.0,0.0,0.44,77396.45152,False,-34.98218614010807,10040.09379841943
1779793635.9513748,SELL_YES,620.0,0.45,0.44,0.0,-227.27272727272748,0.44,77396.45152,False,-34.98218614010807,10057.070986235787
1779793635.954868,SELL_YES,620.0,0.45,0.44,0.0,-227.27272727272748,0.4396008359972529,77396.45152,False,-34.98218614010807,10063.240986235785
1779793635.9583366,SELL_YES,620.0,0.45,0.44,0.0,-227.27272727272748,0.4379789620750848,77396.45152,False,-34.98218614010807,10069.410986235787
1779793639.9216247,BUY_YES,458.24,0.54,0.54,0.0,0.0,0.44999999999999996,77396.45152,False,0.0,9775.309108072226
1779793640.273327,SELL_YES,177.43,0.49000000000000005,0.49,-1.1328806373726088e-12,-1.1328806373726088e-12,0.48000000000000004,77396.45152,False,-6.029242999774297,9899.403047154006
1779793640.2792933,BUY_YES,247.0,0.5,0.5,0.0,0.0,0.49,77396.45152,False,0.0,9872.77395933765
1779793640.3530858,SELL_YES,177.43,0.49000000000000005,0.49,-1.1328806373726088e-12,-1.1328806373726088e-12,0.48000000000000004,77396.45152,False,-4.93446852909149,9896.873047154008
1779793640.3870063,BUY_YES,415.73,0.51,0.51,0.0,0.0,0.4007708859332838,77396.45152,False,0.0,9845.036271521294
1779793640.3926647,SELL_YES,223.87,0.48,0.48,0.0,0.0,0.47,77396.45152,False,-7.859956562474281,9910.244534970363
1779793644.4808054,SELL_YES,103.19999999999999,0.49,0.49,0.0,0.0,0.48,77396.45152,False,-2.6074676251724043,9886.229747154006
1779793647.4810317,BUY_YES,100.05000000000001,0.5,0.5,0.0,0.0,0.3279836394842922,77396.45152,False,0.0,9861.18295933765
1779793649.0489495,BUY_YES,120.0,0.5,0.5,0.0,0.0,0.4351354195161794,77396.45152,False,0.0,9861.15295933765
1779793649.8843575,SELL_YES,288.63,0.49,0.49,0.0,0.0,0.48,77396.45152,False,-6.361639364306484,9883.939247154005
1779793649.9456444,BUY_YES,267.05,0.5,0.5,0.0,0.0,0.49,77396.45152,False,0.0,9858.20665933765
1779793650.3392792,SELL_YES,363.63,0.49,0.49,0.0,0.0,0.48,77396.45152,False,-6.916363140735655,9881.208747154005
1779793650.7800195,SELL_YES,363.63,0.49,0.49,0.0,0.0,0.48,77396.45152,False,-6.916363140735655,9881.178747154005
1779793653.5453866,SELL_YES,310.63,0.49,0.49,0.0,0.0,0.0932237567827045,77396.45152,False,-5.9126581481360745,9881.148747154006
1779793653.7359276,BUY_YES,101.6,0.5,0.5,0.0,0.0,0.3032246634207175,77396.45152,False,0.0,9847.707759337649
1779793653.7426429,SELL_YES,126.63000000000031,0.49,0.49,0.0,0.0,0.48,77396.45152,False,-1.5200138861276926,9880.072747154007
1779793653.7641673,BUY_YES,133.57,0.51,0.51,0.0,0.0,0.33216524137465486,77396.45152,False,0.0,9812.720171521294
1779793653.7787578,SELL_YES,133.57,0.49,0.49,0.0,0.0,0.48,77396.45152,False,-2.7014000000000067,9877.341347154006
1779793656.4434474,BUY_YES,104.42,0.51,0.51,0.0,0.0,0.3388272734873562,77396.45152,False,0.0,9809.988771521294
1779793657.0055287,SELL_YES,104.42,0.5,0.5,0.0,0.0,0.49,77396.45152,False,-1.0742000000000047,9842.575859337649
1779793657.7003448,BUY_YES,257.44,0.52,0.52,0.0,0.0,0.22675036738909404,77396.45152,False,0.0,9775.223283704938
1779793658.0553057,SELL_YES,142.69,0.5,0.5,0.0,0.0,0.21036029879385726,77396.45152,False,-2.883800000000008,9837.367059337648
1779793658.1308532,BUY_YES,422.23,0.53,0.53,0.0,0.0,0.4573663702175932,77396.45152,False,0.0,9739.79569588858
1779793658.1557941,BUY_YES,422.23,0.53,0.54,0.0,-185.18518518518536,0.44046523945262317,77396.45152,False,0.0,9715.696508072226
1779793658.2956543,BUY_YES,236.51,0.52,0.52,0.0,0.0,0.47,77396.45152,False,0.0,9763.804883704937
1779793658.4576335,SELL_YES,142.69,0.5,0.5,0.0,0.0,0.49,77396.45152,False,-3.891527539892266,9807.183059337649
1779793658.4610567,BUY_YES,249.51,0.52,0.52,0.0,0.0,0.47,77396.45152,False,0.0,9760.891083704937
1779793658.5092294,SELL_NO,422.23,0.47000000000000003,0.47,-1.1810883240693154e-12,-1.1810883240693154e-12,0.1631799118464224,77396.45152,False,-27.610661670722067,9838.706722786717
1779793658.6163678,BUY_YES,269.51,0.52,0.52,0.0,0.0,0.47,77396.45152,False,0.0,9756.608783704938
1779793658.8617659,SELL_YES,142.69,0.5,0.5,0.0,0.0,0.06851920144944013,77396.45152,False,-3.558821361491553,9784.01575933765
1779793658.964049,BUY_YES,97.2,0.52,0.52,0.0,0.0,0.47,77396.45152,False,0.0,9753.694983704938
1779793659.357049,SELL_YES,297.43,0.49,0.5,0.0,200.00000000000017,0.3185466283063936,77396.45152,False,-10.270357140408152,9779.03745933765
1779793659.360777,SELL_YES,142.69,0.5,0.5,0.0,0.0,0.49,77396.45152,False,-3.5158410159191646,9779.007459337648
1779793659.9602654,SELL_YES,190.69,0.5,0.5,0.0,0.0,0.49,77396.45152,False,-4.688455556280232,9778.977459337648
1779793661.2237415,SELL_YES,101.24,0.5,0.5,0.0,0.0,0.3594135918979766,77396.45152,False,-2.5032395013782107,9778.947459337649
1779793661.229791,SELL_YES,101.24,0.5,0.5,0.0,0.0,0.3735936337280853,77396.45152,False,-2.5032395013782107,9778.917459337648
1779793661.2872415,BUY_YES,111.46,0.52,0.52,0.0,0.0,0.46425604537737064,77396.45152,False,0.0,9733.874883704937
1779793661.2922673,SELL_YES,297.43,0.49,0.49,0.0,0.0,0.44931033660368547,77396.45152,False,-10.087881312652371,9798.019947154004
1779793662.1456413,SELL_YES,101.24,0.5,0.5,0.0,0.0,0.41708230409523883,77396.45152,False,-2.4411279026760155,9773.623959337649
1779793662.737129,SELL_YES,102.06,0.5,0.5,0.0,0.0,0.484477679458472,77396.45152,False,-2.4606569907854023,9773.593959337648
1779793662.7626855,SELL_YES,110.06,0.5,0.5,0.0,0.0,0.49,77396.45152,False,-2.6511846796574687,9773.563959337647
1779793663.20059,SELL_YES,110.06,0.5,0.51,0.0,196.0784313725492,0.49,77396.45152,False,-2.6511846796574687,9744.933771521291
1779793666.3029366,BUY_YES,111.18,0.54,0.54,0.0,0.0,0.42228127013169314,77396.45152,False,0.0,9659.103208072223
1779793666.9800668,BUY_YES,603.0,0.52,0.52,0.0,0.0,0.47,77396.45152,False,0.0,9714.049983704936
1779793667.1316795,BUY_YES,603.0,0.52,0.52,0.0,0.0,0.47,77396.45152,False,0.0,9714.019983704935
1779793668.1201937,BUY_YES,597.0,0.52,0.52,0.0,0.0,0.47,77396.45152,False,0.0,9713.989983704934
1779793668.6424484,SELL_NO,602.0,0.48,0.48,0.0,0.0,0.47,77396.45152,False,-33.33349270723227,9727.71353497036
1779793670.043296,BUY_YES,134.6941846179841,0.52,0.52,0.0,0.0,0.47,77396.45152,False,0.0,9713.929983704937
1779793670.0963273,SELL_NO,477.35581538201586,0.48,0.48,0.0,0.0,0.47,77396.45152,False,-26.437999861013083,9703.171534970359
1779793670.2520068,BUY_NO,252.91000000000003,0.49,0.49,0.0,0.0,0.5,77396.45152,False,0.0,9710.881847154003
1779793670.6792326,SELL_NO,542.05,0.48,0.48,0.0,0.0,0.47,77396.45152,False,-27.082737712936364,9689.01683497036
1779793670.9444785,BUY_NO,252.91,0.49,0.49,0.0,0.0,0.5,77396.45152,False,0.0,9699.618547154003
1779793670.9524174,BUY_NO,166.06,0.5,0.5,0.0,0.0,0.44730516784246954,77396.45152,False,0.0,9702.632959337647
1779793670.9582467,BUY_NO,166.06,0.5,0.51,0.0,-196.0784313725492,0.44515658091633736,77396.45152,False,0.0,9702.32617152129
1779793670.9679644,SELL_NO,605.0,0.4699999999999999,0.47,1.1810883240693154e-12,1.1810883240693154e-12,0.4599999999999999,77396.45152,False,-30.666366745063726,9667.103322786716
1779793670.9716644,SELL_NO,605.0,0.4699999999999999,0.45999999999999996,1.1810883240693154e-12,-217.39130434782507,0.4599999999999999,77396.45152,False,-30.666366745063726,9618.950110603071
1779793670.975702,SELL_NO,605.0,0.4699999999999999,0.45999999999999996,1.1810883240693154e-12,-217.39130434782507,0.4599999999999999,77396.45152,False,-30.666366745063726,9576.570110603072
1779793670.991132,BUY_NO,851.24,0.51,0.49,0.0,408.1632653061228,0.48,77396.45152,False,0.0,9630.159747154003
1779793670.9966097,BUY_NO,243.99,0.49,0.49,0.0,0.0,0.5,77396.45152,False,0.0,9635.009547154003
1779793671.0016966,BUY_NO,243.99,0.49,0.5,0.0,-200.00000000000017,0.5,77396.45152,False,0.0,9644.340359337646
1779793671.0627635,SELL_NO,547.05,0.4799999999999999,0.48,1.1564823173178715e-12,1.1564823173178715e-12,0.4699999999999999,77396.45152,False,-14.465652011338932,9613.466334970359
1779793671.6933615,BUY_NO,166.06,0.5,0.5,0.0,0.0,0.49,77396.45152,False,0.0,9633.339359337646
1779793671.6995132,BUY_NO,237.31,0.49,0.49,0.0,0.0,0.5,77396.45152,False,0.0,9629.764647154003
1779793671.7521257,SELL_NO,552.05,0.48,0.48,0.0,0.0,0.47,77396.45152,False,-12.824303102364809,9601.734834970357
1779793673.2001777,BUY_NO,166.06,0.5,0.5,0.0,0.0,0.49,77396.45152,False,0.0,9624.581459337645
1779793673.2063594,BUY_NO,232.43,0.49,0.49,0.0,0.0,0.5,77396.45152,False,0.0,9619.422347154003
1779793675.3224769,SELL_NO,560.13,0.48,0.48,0.0,0.0,0.47,77396.45152,False,-11.56224176183514,9589.533734970359
1779793675.394473,BUY_NO,166.06,0.5,0.5,0.0,0.0,0.49,77396.45152,False,0.0,9615.613159337645
1779793675.4018555,BUY_NO,224.24,0.49,0.49,0.0,0.0,0.4438597051995987,77396.45152,False,0.0,9608.673847154001
1779793675.7578914,BUY_YES,110.66455482544825,0.52,0.52,0.0,0.0,0.47,77396.45152,False,0.0,9636.098983704935
1779793676.3479924,SELL_NO,456.46544517455175,0.48,0.48,0.0,0.0,0.4009922536004711,77396.45152,False,-8.501167618701032,9576.776934970358
1779793677.032379,BUY_NO,166.06,0.5,0.5,0.0,0.0,0.49,77396.45152,False,0.0,9606.392959337645
1779793677.293373,BUY_NO,851.24,0.51,0.51,0.0,0.0,0.48,77396.45152,False,0.0,9602.50057152129
1779793677.299607,SELL_NO,572.33,0.48000000000000004,0.48,-1.1564823173178715e-12,-1.1564823173178715e-12,0.47000000000000003,77396.45152,False,-13.8628955711971,9565.627334970359
1779793677.3621616,BUY_NO,210.39,0.49000000000000005,0.49,1.1328806373726088e-12,1.1328806373726088e-12,0.49999999999999994,77396.45152,False,0.0,9580.178447154001
1779793677.5198526,BUY_NO,166.06,0.5,0.5,0.0,0.0,0.49,77396.45152,False,0.0,9588.417859337645
1779793677.585268,SELL_NO,585.52,0.48000000000000004,0.48,-1.1564823173178715e-12,-1.1564823173178715e-12,0.47000000000000003,77396.45152,False,-12.822544617467202,9551.749434970356
1779793677.6534886,BUY_NO,205.75,0.49,0.49,0.0,0.0,0.5,77396.45152,False,0.0,9568.298447154
1779793678.7690682,BUY_NO,166.06,0.5,0.5,0.0,0.0,0.3068834080612013,77396.45152,False,0.0,9578.674959337644
1779793678.8754094,SELL_NO,605.0,0.4699999999999999,0.47,1.1810883240693154e-12,1.1810883240693154e-12,0.4599999999999999,77396.45152,False,-18.08504629541261,9516.107222786712
1779793681.1823301,SELL_YES,851.24,0.49,0.49,0.0,0.0,0.06907148975610455,77396.45152,False,-26.53237182627322,9545.669047153999
1779793681.1862478,SELL_YES,851.24,0.49,0.48,0.0,-208.33333333333354,0.12518715723954404,77396.45152,False,-26.53237182627322,9547.867934970356
1779793681.1938086,BUY_NO,271.4729075634623,0.51,0.52,0.0,-192.30769230769246,0.21407942818374703,77396.45152,False,0.0,9530.778196478028
1779793681.2680871,SELL_YES,455.41,0.48,0.48,0.0,0.0,0.010969886308136612,77396.45152,False,-18.762763071992737,9550.522664045991
1779793681.4090433,BUY_NO,150.32,0.53,0.53,0.0,0.0,0.23731981479566477,77396.45152,False,0.0,9493.984879586038
1779793681.4200456,BUY_YES,511.98,0.54,0.54,0.0,0.0,0.44999999999999996,77396.45152,False,0.0,9482.953962694046
1779793681.425153,BUY_NO,507.0,0.54,0.54,0.0,0.0,0.44999999999999996,77396.45152,False,0.0,9442.363962694048
1779793681.722187,BUY_YES,432.86,0.55,0.55,0.0,0.0,0.43999999999999995,77396.45152,False,0.0,9431.382845802056
1779793681.7413917,BUY_YES,432.86,0.55,0.56,0.0,-178.5714285714287,0.43999999999999995,77396.45152,False,0.0,9429.058928910066
1779793681.7520149,BUY_YES,432.86,0.55,0.56,0.0,-178.5714285714287,0.43999999999999995,77396.45152,False,0.0,9433.357528910066
1779793681.7725558,BUY_NO,310.0,0.55,0.55,0.0,0.0,0.43999999999999995,77396.45152,False,0.0,9400.292845802058
1779793681.7785459,SELL_YES,271.0,0.44,0.44,0.0,0.0,0.04188979049395819,77396.45152,False,-28.755380969458926,9411.981331613955
1779793681.7818809,SELL_YES,271.0,0.44,0.43,0.0,-232.55813953488394,0.09431215779049706,77396.45152,False,-28.755380969458926,9418.436648505945
1779793682.1494057,BUY_YES,586.0,0.56,0.56,0.0,0.0,0.42999999999999994,77396.45152,False,0.0,9334.097528910066
1779793682.1529963,BUY_YES,586.0,0.56,0.57,0.0,-175.4385964912263,0.42999999999999994,77396.45152,False,0.0,9339.302212018076
1779793682.1610773,SELL_YES,428.0,0.43,0.43,0.0,0.0,0.42,77396.45152,False,-52.45751445486016,9265.986648505947
1779793682.1649432,SELL_YES,428.0,0.43,0.42,0.0,-238.09523809523833,0.42,77396.45152,False,-52.45751445486016,9269.281965397939
1779793682.1688144,SELL_YES,428.0,0.43,0.42,0.0,-238.09523809523833,0.42,77396.45152,False,-52.45751445486016,9273.531965397939
1779793682.2619393,BUY_YES,636.31,0.57,0.57,0.0,0.0,0.42000000000000004,77396.45152,False,0.0,9159.422212018077
1779793682.2716131,SELL_YES,425.0,0.42,0.42,0.0,0.0,0.41,77396.45152,False,-58.86033069152725,9178.02546539794
1779793682.4574199,SELL_YES,390.0,0.4099999999999999,0.41,1.3539305178355566e-12,1.3539305178355566e-12,0.3807858263881841,77396.45152,False,-57.91547992869562,9183.48768228993
1779793682.4633057,BUY_YES,272.0,0.58,0.58,0.0,0.0,0.41000000000000003,77396.45152,False,0.0,9023.789995126086
1779793682.6649253,SELL_NO,255.0,0.41000000000000003,0.41000000000000003,0.0,0.0,0.11397491675672367,77396.45152,False,-28.440612504716228,9091.287682289929
1779793682.6725392,BUY_NO,83.5948694983847,0.6,0.6,0.0,0.0,0.39,77396.45152,False,0.0,8996.216587442428
1779793682.6761312,BUY_NO,83.5948694983847,0.6,0.6,0.0,0.0,0.39,77396.45152,False,0.0,8979.46761354275
1779793682.6797152,BUY_NO,83.5948694983847,0.6,0.6,0.0,0.0,0.39,77396.45152,False,0.0,8962.718639643073
1779793682.9107974,BUY_YES,317.5752297195186,0.6,0.52,0.0,1538.4615384615377,0.3592388186369385,77396.45152,False,0.0,8990.323125081051
1779793682.9203646,BUY_YES,393.01,0.52,0.52,0.0,0.0,0.47,77396.45152,False,0.0,8990.29312508105
1779793682.9544585,SELL_YES,193.51,0.51,0.51,0.0,0.0,0.5,77396.45152,False,-9.77615343615787,8989.787335760799
1779793682.9641755,SELL_NO,393.01,0.4799999999999999,0.48,1.1564823173178715e-12,1.1564823173178715e-12,0.4699999999999999,77396.45152,False,-20.182016172767163,8978.41486780004
1779793683.4564703,SELL_YES,166.06,0.5,0.5,0.0,0.0,0.0572973706479224,77396.45152,False,-10.054231024796536,8983.326446440546
1779793683.4622972,SELL_NO,205.9,0.48,0.48,0.0,0.0,0.013277539415056494,77396.45152,False,-10.587746952934424,8973.44006780004
1779793683.4816523,BUY_NO,193.51,0.49,0.49,0.0,0.0,0.5,77396.45152,False,0.0,8980.149457120293
1779793683.6679978,SELL_YES,166.06,0.5,0.5,0.0,0.0,0.0657317093503923,77396.45152,False,-10.054231024796536,8981.053546440546
1779793683.6715207,SELL_YES,166.06,0.5,0.49,0.0,-204.0816326530614,0.1235812169435393,77396.45152,False,-10.054231024796536,8983.410657120292
1779793683.6795974,SELL_NO,205.9,0.48,0.48,0.0,0.0,0.1679118963335432,77396.45152,False,-9.555363197376835,8977.53176780004
1779793684.0854669,BUY_NO,156.81,0.49,0.49,0.0,0.0,0.5,77396.45152,False,0.0,8980.309857120292
1779793684.0899186,BUY_YES,205.9,0.52,0.52,0.0,0.0,0.36567093504780457,77396.45152,False,0.0,8974.59122508105
1779793684.2476525,SELL_YES,166.06,0.5,0.5,0.0,0.0,0.20634129900823883,77396.45152,False,-9.16962685679934,8974.235646440546
1779793684.3127437,BUY_YES,605.0,0.53,0.52,0.0,192.30769230769246,0.45999999999999996,77396.45152,False,0.0,8965.160025081052
1779793684.3159764,BUY_YES,605.0,0.53,0.52,0.0,192.30769230769246,0.45999999999999996,77396.45152,False,0.0,8959.08002508105
1779793684.3196764,BUY_NO,156.81,0.49,0.49,0.0,0.0,0.4048764262824778,77396.45152,False,0.0,8930.379657120291
1779793684.8156295,SELL_NO,429.26,0.47,0.47,0.0,0.0,0.45999999999999996,77396.45152,False,-21.310659675793914,8886.525878479786
1779793684.8946977,BUY_NO,229.81,0.49,0.49,0.0,0.0,0.5,77396.45152,False,0.0,8917.74545712029
1779793685.100387,SELL_YES,142.06,0.5,0.5,0.0,0.0,0.04027014340919077,77396.45152,False,-6.196007904035113,8928.744046440544
1779793685.22202,SELL_NO,240.58,0.47,0.47,0.0,0.0,0.45999999999999996,77396.45152,False,-10.867635541281217,8885.455278479785
1779793685.3244743,SELL_NO,240.58,0.47,0.47,0.0,0.0,0.45999999999999996,77396.45152,False,-10.867635541281217,8870.990478479785
1779793685.4365635,BUY_NO,205.81,0.49000000000000005,0.49,1.1328806373726088e-12,1.1328806373726088e-12,0.472400242420345,77396.45152,False,0.0,8903.915857120292
1779793685.4470785,SELL_NO,240.58,0.47,0.47,0.0,0.0,0.45999999999999996,77396.45152,False,-9.855976314835516,8864.728078479784
1779793687.3341503,SELL_YES,237.81,0.51,0.51,0.0,0.0,0.01791041697206075,77396.45152,False,-7.973864941986406,8923.767235760797
1779793688.8143115,BUY_NO,165.09,0.48999999999999994,0.49,-1.1328806373726088e-12,-1.1328806373726088e-12,0.5,77396.45152,False,0.0,8902.26065712029
1779793692.0804605,BUY_NO,250.14,0.49,0.49,0.0,0.0,0.5,77396.45152,False,0.0,8907.23345712029
1779793693.5746863,BUY_NO,250.14,0.49,0.49,0.0,0.0,0.5,77396.45152,False,0.0,8912.20625712029
1779793693.9590416,BUY_NO,102.06,0.5,0.5,0.0,0.0,0.49,77396.45152,False,0.0,8917.911746440543
1779793693.9647262,BUY_NO,250.14,0.49,0.49,0.0,0.0,0.5,77396.45152,False,0.0,8918.169657120288
1779793693.973991,SELL_YES,102.06,0.5,0.5,0.0,0.0,0.49,77396.45152,False,-4.459837862071119,8920.353146440542
1779793694.0099702,SELL_YES,851.24,0.49,0.49,0.0,0.0,0.4589955865331748,77396.45152,False,-45.48983466303565,8919.130257120289
1779793694.0459244,BUY_YES,136.42,0.53,0.53,0.0,0.0,0.45999999999999996,77396.45152,False,0.0,8889.8222144013
1779793694.0525503,BUY_YES,143.98,0.54,0.54,0.0,0.0,0.44999999999999996,77396.45152,False,0.0,8883.836903721553
1779793694.0574439,BUY_YES,503.98,0.54,0.54,0.0,0.0,0.44999999999999996,77396.45152,False,0.0,8883.806903721554
1779793694.0660152,SELL_YES,360.0,0.49,0.49,0.0,0.0,0.2547542555984478,77396.45152,False,-18.54888782079385,8881.155457120289
1779793696.312763,SELL_YES,104.0,0.51,0.51,0.0,0.0,0.4863760280001096,77396.45152,False,-3.299900926007112,8874.974035760795
1779793696.4724958,SELL_NO,111.2,0.48,0.48,0.0,0.0,0.30179204745229093,77396.45152,False,-2.3388810456709948,8882.843167800036
1779793706.1888597,BUY_NO,206.06499838966897,0.5,0.5,0.0,0.0,0.49,77396.45152,False,0.0,8876.805746440543
1779793706.1972685,SELL_YES,1029.935001610331,0.5,0.5,0.0,0.0,0.49,77396.45152,False,-42.71190208814903,8876.775746440542
1779793706.2624476,SELL_NO,108.05,0.48,0.48,0.0,0.0,0.10808717023068537,77396.45152,False,-2.2653749134224554,8903.151167800035
1779793706.8247411,BUY_NO,253.93,0.49,0.49,0.0,0.0,0.5,77396.45152,False,0.0,8893.916557120288
1779793706.8278692,SELL_NO,108.05,0.48,0.48,0.0,0.0,0.07952445643506845,77396.45152,False,-2.1346700017505498,8906.387067800035
1779793707.0390449,BUY_YES,131.42,0.53,0.53,0.0,0.0,0.45999999999999996,77396.45152,False,0.0,8827.6470144013
1779793707.0448837,SELL_YES,249.84,0.51,0.51,0.0,0.0,0.21464699474738363,77396.45152,False,-7.343088987700796,8856.472635760794
1779793707.223045,BUY_YES,108.05,0.52,0.52,0.0,0.0,0.47,77396.45152,False,0.0,8839.516425081047
1779793707.367687,BUY_YES,131.42,0.53,0.53,0.0,0.0,0.4550314814190969,77396.45152,False,0.0,8823.6407144013
1779793707.378562,SELL_YES,682.4589675526198,0.5,0.51,0.0,196.0784313725492,0.45794709473835876,77396.45152,False,-23.530259369258204,8845.849146085267
1779793707.3817108,BUY_NO,102.74553016911932,0.49000000000000005,0.49,1.1328806373726088e-12,1.1328806373726088e-12,0.49999999999999994,77396.45152,False,0.0,8890.586257399196
1779793727.9984996,BUY_YES,1000.0,0.52,0.52,0.0,0.0,0.47,77396.45152,False,0.0,8823.405590428303
1779793728.040718,SELL_YES,274.16,0.51,0.51,0.0,0.0,0.5,77396.45152,False,-2.7716000000000065,8835.759146085267
1779793728.0447092,SELL_YES,274.16,0.51,0.5,0.0,-200.00000000000017,0.5,77396.45152,False,-2.7716000000000065,8853.595901742232
1779793728.0482583,BUY_YES,1000.0,0.52,0.52,0.0,0.0,0.47,77396.45152,False,0.0,8817.832390428302
1779793728.0573196,SELL_YES,1207.0,0.5,0.5,0.0,0.0,0.35274077387877745,77396.45152,False,-24.16999999999996,8833.535901742232
1779793729.7724316,SELL_YES,132.24,0.49,0.49,0.0,0.0,0.2534539580793359,77396.45152,False,-3.9972000000000065,8853.442657399197
1779793730.7721734,BUY_YES,859.47,0.52,0.52,0.0,0.0,0.47,77396.45152,False,0.0,8789.635190428304
1779793731.117585,SELL_YES,318.33,0.51,0.51,0.0,0.0,0.5,77396.45152,False,-3.213300000000004,8802.269646085268
1779793731.121299,SELL_YES,318.33,0.51,0.5,0.0,-200.00000000000017,0.5,77396.45152,False,-3.213300000000004,8821.270701742233
1779793731.2691984,SELL_YES,318.33,0.51,0.51,0.0,0.0,0.4092006697693454,77396.45152,False,-3.213300000000004,8802.209646085268
1779793731.456851,BUY_YES,171.16,0.52,0.52,0.0,0.0,0.39924982826348343,77396.45152,False,0.0,8779.965290428303
1779793731.8424706,SELL_YES,188.07999999999996,0.51,0.51,0.0,0.0,0.5,77396.45152,False,-1.9107999999999947,8800.438046085268
1779793731.9221506,BUY_YES,171.16,0.52,0.52,0.0,0.0,0.1802443642040702,77396.45152,False,0.0,8778.024490428304
1779793731.9267087,BUY_YES,132.05989340736664,0.52,0.53,0.0,-188.67924528301904,0.0285251587165678,77396.45152,False,0.0,8758.643133705413
1779793732.1311188,SELL_YES,109.86000000000004,0.51,0.51,0.0,0.0,0.5,77396.45152,False,-1.1285999999999987,8797.315847151194
1779793732.215474,SELL_YES,193.35989340736657,0.51,0.51,0.0,0.0,0.5,77396.45152,False,-1.9635989340736586,8797.285847151194
1779793740.014963,BUY_NO,226.17375711681598,0.45999999999999996,0.45999999999999996,0.0,0.0,0.53,77396.45152,False,0.0,8927.267526005362
1779793740.021902,BUY_NO,226.17375711681598,0.45999999999999996,0.45999999999999996,0.0,0.0,0.53,77396.45152,False,0.0,8945.331426574709
1779793740.0273528,BUY_NO,226.17375711681598,0.45999999999999996,0.49,0.0,-612.2448979591842,0.53,77396.45152,False,0.0,8875.889022032647
1779793740.0322106,BUY_NO,226.17375711681598,0.45999999999999996,0.49,0.0,-612.2448979591842,0.53,77396.45152,False,0.0,8887.167709888488
1779793740.0371995,BUY_NO,226.17375711681598,0.45999999999999996,0.49,0.0,-612.2448979591842,0.53,77396.45152,False,0.0,8898.446397744328
1779793740.0411618,BUY_NO,226.17375711681598,0.45999999999999996,0.49,0.0,-612.2448979591842,0.53,77396.45152,False,0.0,8909.72508560017
1779793800.4833891,BUY_YES,360.12,0.51,0.51,0.0,0.0,0.48,77284.02666,False,0.0,8837.787123432223
1779793800.4899275,BUY_YES,360.12,0.51,0.51,0.0,0.0,0.48,77284.02666,False,0.0,8837.757123432222
1779793800.4937294,BUY_YES,360.12,0.51,0.52,0.0,-192.30769230769246,0.48,77284.02666,False,0.0,8812.576742348248
1779793800.5380287,SELL_YES,215.46,0.49,0.49,0.0,0.0,0.48,77284.02666,False,-4.339200000000005,8887.997885600169
1779793800.4631293,SETTLE_YES,864.9000000000001,0.0,0.0,0.0,0.0,0.0,77284.02666,False,-441.129,6630.543850317524
1779793800.4631293,SETTLE_NO,3595.3981083973445,1.0,1.0,0.0,0.0,0.0,77284.02666,True,1854.0915745546538,10225.941958714868
1779793800.9583924,BUY_NO,323.94,0.5,0.5,0.0,0.0,0.49,77282.747465,False,0.0,10225.911958714867
1779793800.9623435,BUY_NO,323.94,0.5,0.51,0.0,-196.0784313725492,0.49,77282.747465,False,0.0,10219.403158714867
1779793801.2241228,BUY_YES,371.94,0.51,0.51,0.0,0.0,0.48,77282.747465,False,0.0,10219.373158714869
1779793803.3188214,BUY_YES,346.94,0.51,0.51,0.0,0.0,0.48,77282.747465,False,0.0,10219.343158714868
1779793803.3227797,BUY_YES,346.94,0.51,0.52,0.0,-192.30769230769246,0.48,77282.747465,False,0.0,10223.492558714868
1779793803.326765,BUY_YES,346.94,0.51,0.52,0.0,-192.30769230769246,0.48,77282.747465,False,0.0,10226.931958714868
1779793803.3375013,BUY_NO,223.23,0.5,0.5,0.0,0.0,0.49,77282.747465,False,0.0,10211.604358714867
1779793803.3414001,BUY_NO,223.23,0.5,0.51,0.0,-196.0784313725492,0.49,77282.747465,False,0.0,10214.758558714868
1779793803.3453324,BUY_NO,223.23,0.5,0.51,0.0,-196.0784313725492,0.49,77282.747465,False,0.0,10212.496258714866
1779793803.3491926,BUY_NO,223.23,0.5,0.51,0.0,-196.0784313725492,0.49,77282.747465,False,0.0,10210.233958714867
1779793803.354299,BUY_NO,223.23,0.5,0.51,0.0,-196.0784313725492,0.49,77282.747465,False,0.0,10207.971658714865
1779793803.3580177,BUY_NO,223.23,0.5,0.51,0.0,-196.0784313725492,0.49,77282.747465,False,0.0,10205.709358714865
1779793803.386052,BUY_YES,341.94,0.51,0.51,0.0,0.0,0.48,77282.747465,False,0.0,10205.679358714864
1779793803.3899403,BUY_YES,341.94,0.51,0.52,0.0,-192.30769230769246,0.48,77282.747465,False,0.0,10206.743158714864
1779793803.3935015,BUY_YES,341.94,0.51,0.52,0.0,-192.30769230769246,0.48,77282.747465,False,0.0,10210.132558714864
1779793803.3976178,BUY_YES,341.94,0.51,0.52,0.0,-192.30769230769246,0.48,77282.747465,False,0.0,10213.521958714866
1779793803.4098926,BUY_NO,223.23,0.5,0.5,0.0,0.0,0.49,77282.747465,False,0.0,10197.626758714865
1779793803.4138482,BUY_NO,223.23,0.5,0.51,0.0,-196.0784313725492,0.49,77282.747465,False,0.0,10201.064758714863
1779793803.418714,BUY_NO,223.23,0.5,0.51,0.0,-196.0784313725492,0.49,77282.747465,False,0.0,10198.802458714865
1779793803.422606,BUY_NO,223.23,0.5,0.51,0.0,-196.0784313725492,0.49,77282.747465,False,0.0,10196.540158714863
1779793803.4268444,BUY_NO,223.23,0.5,0.51,0.0,-196.0784313725492,0.49,77282.747465,False,0.0,10194.277858714864
1779793803.430542,BUY_NO,223.23,0.5,0.51,0.0,-196.0784313725492,0.49,77282.747465,False,0.0,10192.015558714862
1779793803.4357717,BUY_NO,223.23,0.5,0.51,0.0,-196.0784313725492,0.49,77282.747465,False,0.0,10189.753258714862
1779793803.4390223,BUY_NO,223.23,0.5,0.51,0.0,-196.0784313725492,0.49,77282.747465,False,0.0,10187.490958714861
1779793803.4422624,BUY_NO,223.23,0.5,0.51,0.0,-196.0784313725492,0.49,77282.747465,False,0.0,10185.228658714861
1779793803.4456053,BUY_NO,223.23,0.5,0.51,0.0,-196.0784313725492,0.49,77282.747465,False,0.0,10182.96635871486
1779793803.4499826,BUY_NO,223.23,0.5,0.51,0.0,-196.0784313725492,0.49,77282.747465,False,0.0,10180.70405871486
1779793803.4537458,BUY_NO,223.23,0.5,0.51,0.0,-196.0784313725492,0.49,77282.747465,False,0.0,10178.44175871486
1779793803.4771094,SELL_NO,105.12,0.48,0.49,0.0,204.0816326530614,0.47,77282.747465,False,-2.132400000000004,10212.968158714859
1779793803.4805307,SELL_NO,105.12,0.48,0.49,0.0,204.0816326530614,0.47,77282.747465,False,-2.132400000000004,10209.784558714859
1779793803.485134,SELL_NO,105.12,0.48,0.49,0.0,204.0816326530614,0.47,77282.747465,False,-2.132400000000004,10206.60095871486
1779793803.4887476,SELL_NO,110.12,0.48,0.49,0.0,204.0816326530614,0.47,77282.747465,False,-2.2324000000000055,10203.26735871486
1779793803.4920683,SELL_NO,110.12,0.48,0.49,0.0,204.0816326530614,0.47,77282.747465,False,-2.2324000000000055,10199.933758714858
1779793803.4952605,SELL_NO,110.12,0.48,0.49,0.0,204.0816326530614,0.47,77282.747465,False,-2.2324000000000055,10196.600158714858
1779793803.4989324,SELL_NO,110.12,0.48,0.49,0.0,204.0816326530614,0.47,77282.747465,False,-2.2324000000000055,10193.266558714859
1779793803.5043979,SELL_NO,110.12,0.48,0.49,0.0,204.0816326530614,0.47,77282.747465,False,-2.2324000000000055,10189.932958714857
1779793803.507402,SELL_NO,110.12,0.48,0.49,0.0,204.0816326530614,0.47,77282.747465,False,-2.2324000000000055,10186.599358714859
1779793803.5112207,SELL_NO,110.12,0.48,0.49,0.0,204.0816326530614,0.4696452152831181,77282.747465,False,-2.2324000000000055,10183.265758714857
1779793803.5147305,SELL_NO,115.12,0.48000000000000004,0.49,-1.1564823173178715e-12,204.08163265306027,0.469383825753063,77282.747465,False,-2.3324,10179.782158714857
1779793803.5195315,SELL_NO,120.12,0.48,0.49,0.0,204.0816326530614,0.46914101676920505,77282.747465,False,-2.4324000000000012,10176.148558714856
1779793824.8540359,SELL_YES,248.36,0.49,0.49,0.0,0.0,0.48,77282.747465,False,-4.997199999999992,10176.118558714857
1779793824.9085052,SELL_YES,265.12,0.48,0.48,0.0,0.0,0.46412011128343555,77282.747465,False,-7.983599999999996,10184.212758714857
1779793824.912616,SELL_YES,265.12,0.48,0.47,0.0,-212.76595744680873,0.4551249998950531,77282.747465,False,-7.983599999999996,10197.609358714857
1779793824.9163568,SELL_YES,265.12,0.48,0.47,0.0,-212.76595744680873,0.4419697528863629,77282.747465,False,-7.983599999999996,10200.230558714858
1779793824.9196875,SELL_YES,265.12,0.48,0.47,0.0,-212.76595744680873,0.42431215934577504,77282.747465,False,-7.983599999999996,10202.851758714858
1779793824.9234278,SELL_YES,265.12,0.48,0.47,0.0,-212.76595744680873,0.40232571057187294,77282.747465,False,-7.983599999999996,10205.472958714858
1779793824.9273257,SELL_YES,265.12,0.48,0.47,0.0,-212.76595744680873,0.37662387645292444,77282.747465,False,-7.983599999999996,10208.094158714859
1779793824.9306407,SELL_YES,265.12,0.48,0.47,0.0,-212.76595744680873,0.34810228059413506,77282.747465,False,-7.983599999999996,10210.715358714859
1779793824.934768,SELL_YES,265.12,0.48,0.47,0.0,-212.76595744680873,0.31776531848463474,77282.747465,False,-7.983599999999996,10213.336558714858
1779793839.5518715,BUY_YES,102.33999999999997,0.51,0.51,0.0,0.0,0.18567166126690626,77282.747465,False,0.0,10095.971358714858
1779793842.8206892,BUY_YES,468.28,0.51,0.51,0.0,0.0,0.48,77282.747465,False,0.0,10095.941358714857
1779793843.0908253,SELL_YES,242.23,0.5,0.5,0.0,0.0,0.49,77282.747465,False,-2.4522999999999797,10119.538958714857
1779793843.0953496,BUY_YES,468.28,0.51,0.51,0.0,0.0,0.48,77282.747465,False,0.0,10093.459058714858
1779793843.191681,SELL_YES,248.36,0.49,0.49,0.0,0.0,0.2972142880030768,77282.747465,False,-4.997199999999978,10136.163258714858
1779793843.1975894,BUY_YES,120.12,0.52,0.52,0.0,0.0,0.47,77282.747465,False,0.0,10064.581158714858
1779793843.2036433,BUY_YES,468.28,0.51,0.51,0.0,0.0,0.48,77282.747465,False,0.0,10087.200658714857
1779793843.2153077,SELL_YES,237.23,0.5,0.5,0.0,0.0,0.49,77282.747465,False,-2.5863938271605065,10105.13735871486
1779793843.6473744,BUY_YES,120.12,0.52,0.52,0.0,0.0,0.47,77282.747465,False,0.0,10064.429358714857
1779793843.689458,BUY_YES,231.33,0.53,0.53,0.0,0.0,0.4293682317493325,77282.747465,False,0.0,10045.261558714858
1779793843.8716292,SELL_YES,248.36,0.49,0.49,0.0,0.0,0.48,77282.747465,False,-6.019984557818233,10112.529558714858
1779793843.8769436,BUY_YES,463.28,0.51,0.51,0.0,0.0,0.47621217706984775,77282.747465,False,0.0,10073.883358714858
1779793843.9008741,SELL_YES,232.23,0.5,0.5,0.0,0.0,0.49,77282.747465,False,-3.0726171480015836,10088.528658714858
1779793843.9080892,BUY_YES,463.28,0.51,0.51,0.0,0.0,0.48,77282.747465,False,0.0,10071.501058714857
1779793844.066697,SELL_YES,227.23,0.5,0.5,0.0,0.0,0.49,77282.747465,False,-2.852218423718469,10083.835858714858
1779793844.0736294,BUY_YES,271.6709436873539,0.51,0.51,0.0,0.0,0.48,77282.747465,False,0.0,10069.168758714857
1779793844.1311815,SELL_YES,227.23,0.5,0.5,0.0,0.0,0.49,77282.747465,False,-2.782813538500946,10081.059149277984
1779793844.140331,BUY_YES,191.6090563126461,0.51,0.51,0.0,0.0,0.48,77282.747465,False,0.0,10066.836458714857
1779793844.188372,SELL_YES,248.36,0.49,0.49,0.0,0.0,0.48,77282.747465,False,-5.474859087396879,10091.359658714857
1779793844.1940923,BUY_YES,283.6693758602228,0.51,0.51,0.0,0.0,0.48,77282.747465,False,0.0,10061.809258714857
1779793844.338945,SELL_YES,217.23,0.5,0.5,0.0,0.0,0.49,77282.747465,False,-2.5650226607064326,10073.702764956255
1779793844.3432019,SELL_NO,463.28,0.49,0.49,0.0,0.0,0.48,77282.747465,False,-4.662800000000004,10078.502971197653
1779793844.5758622,SELL_YES,248.36,0.49,0.49,0.0,0.0,0.48,77282.747465,False,-5.411902389232836,10078.472971197654
1779793844.5860112,BUY_YES,120.12,0.52,0.52,0.0,0.0,0.47,77282.747465,False,0.0,10042.60315247346
1779793844.9123154,SELL_NO,231.33,0.47,0.49,0.0,408.1632653061228,0.16314434667949396,77282.747465,False,-6.96990000000001,10065.556171197653
1779793844.931153,BUY_YES,417.5088432109351,0.51,0.51,0.0,0.0,0.48,77282.747465,False,0.0,10048.661958714856
1779793844.9447138,SELL_YES,207.23,0.5,0.5,0.0,0.0,0.49,77282.747465,False,-2.476600233780829,10052.888976524146
1779793844.9489956,SELL_NO,463.28,0.49,0.49,0.0,0.0,0.48,77282.747465,False,-4.662800000000004,10049.922694333434
1779793845.0486057,SELL_YES,248.36,0.49,0.49,0.0,0.0,0.3607093726224614,77282.747465,False,-5.445789519190299,10049.892694333434
1779793845.059797,BUY_YES,120.12,0.52,0.52,0.0,0.0,0.47,77282.747465,False,0.0,10037.322340905568
1779793845.5009184,BUY_YES,231.33,0.53,0.53,0.0,0.0,0.45999999999999996,77282.747465,False,0.0,10034.31342309628
1779793845.519099,SELL_YES,265.12,0.48,0.48,0.0,0.0,0.47,77282.747465,False,-9.111842291743272,10037.611512142723
1779793845.7279866,BUY_YES,247.0,0.54,0.51,0.0,588.2352941176475,0.44999999999999996,77282.747465,False,0.0,10020.221058714858
1779793845.7315438,BUY_YES,452.8320019099424,0.51,0.51,0.0,0.0,0.48,77282.747465,False,0.0,10020.191058714858
1779793845.786368,SELL_YES,197.23,0.5,0.5,0.0,0.0,0.49,77282.747465,False,-3.1837589134567565,10016.479556505046
1779793845.791976,SELL_NO,463.28,0.49,0.49,0.0,0.0,0.48,77282.747465,False,-4.662800000000004,10005.474754295235
1779793845.9589033,BUY_NO,197.23,0.5,0.5,0.0,0.0,0.49,77282.747465,False,0.0,10011.786756505046
1779793845.9737813,SELL_NO,120.12,0.48,0.48,0.0,0.0,0.47,77282.747465,False,-2.4324000000000012,9998.212552085424
1779793846.417856,BUY_NO,248.36,0.51,0.51,0.0,0.0,0.48,77282.747465,False,0.0,10009.928058714857
1779793846.4306147,SELL_NO,231.33,0.47,0.47,0.0,0.0,0.45999999999999996,77282.747465,False,-7.250312316973179,9983.669049875614
1779793846.86144,BUY_NO,265.12,0.52,0.52,0.0,0.0,0.46942910213840017,77282.747465,False,0.0,10000.037260924668
1779793846.9001126,SELL_NO,247.0,0.45999999999999996,0.45999999999999996,0.0,0.0,0.44999999999999996,77282.747465,False,-10.800145898153659,9963.750847665802
1779793846.974361,BUY_NO,336.33437457004356,0.53,0.53,0.0,0.0,0.4572744160461548,77282.747465,False,0.0,9980.076600660277
1779793847.1682258,SELL_NO,568.0,0.44999999999999996,0.44999999999999996,0.0,0.0,0.43999999999999995,77282.747465,False,-32.798641604766516,9908.398132947392
1779793847.315837,BUY_NO,166.98562542995643,0.53,0.53,0.0,0.0,0.45999999999999996,77282.747465,False,0.0,9958.63746313448
1779793847.3539922,BUY_NO,369.4281375039384,0.54,0.54,0.0,0.0,0.44999999999999996,77282.747465,False,0.0,9934.919414343976
1779793847.802999,SELL_NO,565.0,0.43999999999999995,0.43999999999999995,0.0,0.0,0.42999999999999994,77282.747465,False,-42.409554387683755,9845.37020599626
1779793847.8124583,BUY_NO,128.5718624960616,0.54,0.54,0.0,0.0,0.44999999999999996,77282.747465,False,0.0,9913.273665344292
1779793848.2605767,BUY_NO,391.0309989371983,0.55,0.55,0.0,0.0,0.43999999999999995,77282.747465,False,0.0,9880.676767660381
1779793848.266929,SELL_NO,577.0,0.43000000000000005,0.43000000000000005,0.0,0.0,0.42000000000000004,77282.747465,False,-53.73311445360952,9768.356061015114
1779793848.7160084,BUY_NO,98.96900106280168,0.55,0.55,0.0,0.0,0.43999999999999995,77282.747465,False,0.0,9859.179867554101
1779793848.7260766,BUY_NO,433.9342861929174,0.56,0.56,0.0,0.0,0.42999999999999994,77282.747465,False,0.0,9814.483955420763
1779793849.1820989,SELL_NO,593.59,0.42000000000000004,0.42000000000000004,0.0,0.0,0.41000000000000003,77282.747465,False,-66.62212290020884,9676.543524550418
1779793849.187448,SELL_NO,593.59,0.42000000000000004,0.41000000000000003,0.0,-243.90243902439042,0.41000000000000003,77282.747465,False,-66.62212290020884,9566.600465202537
1779793854.9136913,SELL_NO,459.36,0.49,0.49,0.0,0.0,0.48,77282.747465,False,-19.40827862234869,9676.892539985589
1779793855.1529887,BUY_NO,197.23,0.5,0.5,0.0,0.0,0.49,77282.747465,False,0.0,9696.394799333471
1779793855.1586952,BUY_NO,248.36,0.51,0.51,0.0,0.0,0.1966959720571928,77282.747465,False,0.0,9708.957558681353
1779793855.6074493,SELL_NO,120.12,0.48,0.48,0.0,0.0,0.47,77282.747465,False,-4.622729265775725,9658.893680637708
1779793855.6134691,SELL_NO,231.33,0.47,0.47,0.0,0.0,0.45999999999999996,77282.747465,False,-11.188089053046113,9628.706321289825
1779793856.0818608,BUY_NO,265.12,0.52,0.52,0.0,0.0,0.47,77282.747465,False,0.0,9711.025818029235
1779793856.0877259,SELL_NO,271.0,0.45999999999999996,0.45999999999999996,0.0,0.0,0.44999999999999996,77282.747465,False,-15.977658334995454,9593.677861941944
1779793856.5245435,BUY_NO,527.32,0.53,0.53,0.0,0.0,0.45999999999999996,77282.747465,False,0.0,9692.556277377116
1779793856.5725946,SELL_NO,568.0,0.44999999999999996,0.44999999999999996,0.0,0.0,0.43999999999999995,77282.747465,False,-42.41035466087308,9528.714602594062
1779793856.9769707,BUY_NO,498.0,0.54,0.54,0.0,0.0,0.44999999999999996,77282.747465,False,0.0,9660.352736724999
1779793857.0469635,SELL_NO,565.0,0.43999999999999995,0.43999999999999995,0.0,0.0,0.42999999999999994,77282.747465,False,-52.393902561011174,9451.758143246181
1779793857.2199028,BUY_NO,490.0,0.55,0.55,0.0,0.0,0.43999999999999995,77282.747465,False,0.0,9619.719196072881
1779793857.4411592,SELL_NO,577.0,0.43000000000000005,0.43000000000000005,0.0,0.0,0.42000000000000004,77282.747465,False,-64.87289318650073,9360.9916838983
1779793857.5071216,BUY_NO,451.04,0.56,0.56,0.0,0.0,0.42999999999999994,77282.747465,False,0.0,9574.590855420764
1779793857.8936312,SELL_NO,593.59,0.42000000000000004,0.42000000000000004,0.0,0.0,0.41000000000000003,77282.747465,False,-78.97169252189045,9254.381624550419
1779793857.9644585,BUY_NO,437.0,0.5700000000000001,0.5700000000000001,0.0,0.0,0.41999999999999993,77282.747465,False,0.0,9523.501014768646
1779793862.454303,SELL_NO,459.36,0.49,0.49,0.0,0.0,0.48,77282.747465,False,-34.72897828477261,9373.068139985591
1779793862.5487998,BUY_NO,187.23,0.5,0.5,0.0,0.0,0.49,77282.747465,False,0.0,9395.283699333473
1779793862.5524318,BUY_NO,187.23,0.5,0.51,0.0,-196.0784313725492,0.49,77282.747465,False,0.0,9413.754658681355
1779793862.9782841,SELL_NO,120.12,0.48,0.48,0.0,0.0,0.28508091236676913,77282.747465,False,-4.496291367579985,9353.416980637709
1779793862.996701,BUY_NO,248.36,0.51,0.51,0.0,0.0,0.48,77282.747465,False,0.0,9407.526258681355
1779793863.450271,SELL_NO,231.33,0.47,0.47,0.0,0.0,0.45999999999999996,77282.747465,False,-10.295562385988504,9324.742221289827
1779793863.455586,BUY_NO,265.12,0.52,0.52,0.0,0.0,0.47,77282.747465,False,0.0,9411.766718029236
1779793863.9190097,SELL_NO,271.0,0.45999999999999996,0.45999999999999996,0.0,0.0,0.44999999999999996,77282.747465,False,-15.369440799048277,9288.772761941946
1779793863.9398866,BUY_NO,527.32,0.53,0.53,0.0,0.0,0.45999999999999996,77282.747465,False,0.0,9394.238177377118
1779793864.3886604,SELL_NO,568.0,0.44999999999999996,0.44999999999999996,0.0,0.0,0.43999999999999995,77282.747465,False,-42.194468180072164,9222.868502594063
1779793864.3947036,BUY_NO,498.0,0.54,0.54,0.0,0.0,0.44999999999999996,77282.747465,False,0.0,9362.975636725
1779793864.842484,SELL_NO,565.0,0.43999999999999995,0.43999999999999995,0.0,0.0,0.42999999999999994,77282.747465,False,-52.80518293523832,9144.971043246182
1779793864.8499482,BUY_NO,490.0,0.55,0.55,0.0,0.0,0.43999999999999995,77282.747465,False,0.0,9323.283096072882
1779793865.2927132,SELL_NO,577.0,0.43000000000000005,0.43000000000000005,0.0,0.0,0.42000000000000004,77282.747465,False,-65.70380565858159,9053.2635838983
1779793865.3167799,BUY_NO,451.04,0.56,0.56,0.0,0.0,0.42999999999999994,77282.747465,False,0.0,9279.095755420763
1779793865.7545753,SELL_NO,593.59,0.42000000000000004,0.42000000000000004,0.0,0.0,0.41000000000000003,77282.747465,False,-80.14278742453476,8945.712524550418
1779793865.767787,BUY_NO,437.0,0.5700000000000001,0.5700000000000001,0.0,0.0,0.41999999999999993,77282.747465,False,0.0,9228.946914768645
1779793866.2109804,SELL_NO,498.31428619291785,0.41000000000000003,0.41000000000000003,0.0,0.0,0.22749376935846333,77282.747465,False,-78.838313225076,8841.73299368781
1779793900.2139595,BUY_NO,181.35,0.5,0.5,0.0,0.0,0.11249474485402011,77282.747465,False,0.0,9053.887913576109
1779793903.2252676,SELL_NO,181.35,0.49,0.49,0.0,0.0,0.48,77282.747465,False,-1.843500000000006,9028.4683113663
1779793903.2677712,BUY_NO,173.36,0.51,0.51,0.0,0.0,0.48,77282.747465,False,0.0,9072.12331578592
1779793903.2710426,BUY_NO,173.36,0.51,0.52,0.0,-192.30769230769246,0.48,77282.747465,False,0.0,9088.735017995732
1779793903.275286,BUY_NO,173.36,0.51,0.52,0.0,-192.30769230769246,0.48,77282.747465,False,0.0,9083.504217995733
1779793904.149685,SELL_NO,278.01,0.49,0.49,0.0,0.0,0.2502658977035993,77282.747465,False,-5.59020000000001,9022.7881113663
1779793905.4088964,SELL_NO,242.07000000000005,0.48,0.48,0.0,0.0,0.47,77282.747465,False,-7.292100000000005,8991.91990915649
1779793914.5048733,BUY_NO,187.95,0.5,0.5,0.0,0.0,0.49,77282.747465,False,0.0,9039.042113576112
1779793914.5100143,BUY_NO,187.95,0.5,0.51,0.0,-196.0784313725492,0.49,77282.747465,False,0.0,9058.829215785921
1779793914.5154235,BUY_NO,187.95,0.5,0.51,0.0,-196.0784313725492,0.49,77282.747465,False,0.0,9056.919715785922
1779793914.5212793,BUY_NO,187.95,0.5,0.51,0.0,-196.0784313725492,0.49,77282.747465,False,0.0,9055.010215785922
1779793916.8866224,BUY_NO,137.95,0.5,0.5,0.0,0.0,0.49,77282.747465,False,0.0,9038.92211357611
1779793916.8907495,BUY_NO,137.95,0.5,0.51,0.0,-196.0784313725492,0.49,77282.747465,False,0.0,9052.191215785922
1779793916.9014077,BUY_NO,128.36,0.51,0.51,0.0,0.0,0.48,77282.747465,False,0.0,9049.594015785922
1779793916.9061127,SELL_NO,708.36,0.49,0.49,0.0,0.0,0.4225734066952749,77282.747465,False,-7.900108395758025,9011.3658113663
1779793919.719939,BUY_NO,145.12,0.52,0.52,0.0,0.0,0.47,77282.747465,False,0.0,9062.828317995733
1779793919.7270465,SELL_NO,592.8199999999999,0.49,0.49,0.0,0.0,0.3324543942455811,77282.747465,False,-9.35769160424195,8997.998211366299
1779793921.817289,BUY_NO,137.95,0.5,0.5,0.0,0.0,0.49,77282.747465,False,0.0,9021.54431357611
1779793921.8227158,BUY_NO,137.95,0.5,0.51,0.0,-196.0784313725492,0.49,77282.747465,False,0.0,9042.33141578592
1779793921.827086,BUY_NO,137.95,0.5,0.51,0.0,-196.0784313725492,0.49,77282.747465,False,0.0,9040.92191578592
1779793921.8315969,BUY_NO,137.95,0.5,0.51,0.0,-196.0784313725492,0.49,77282.747465,False,0.0,9039.51241578592
1779793921.836274,BUY_NO,137.95,0.5,0.51,0.0,-196.0784313725492,0.49,77282.747465,False,0.0,9038.102915785921
1779793921.840209,BUY_NO,137.95,0.5,0.51,0.0,-196.0784313725492,0.49,77282.747465,False,0.0,9036.693415785921
1779793921.8438704,BUY_NO,137.95,0.5,0.51,0.0,-196.0784313725492,0.49,77282.747465,False,0.0,9035.28391578592
1779793926.1356943,BUY_NO,128.36,0.51,0.51,0.0,0.0,0.48,77282.747465,False,0.0,9032.686715785921
1779793926.1699939,BUY_NO,145.12,0.52,0.52,0.0,0.0,0.4139800496639551,77282.747465,False,0.0,9039.487917995732
1779793926.5303025,SELL_NO,120.12,0.48,0.48,0.0,0.0,0.47,77282.747465,False,-2.8381865760654748,8989.913909156488
1779793926.565107,BUY_NO,167.32,0.53,0.53,0.0,0.0,0.3260960752425722,77282.747465,False,0.0,9041.774720205543
1779793926.820606,SELL_NO,231.33,0.47,0.47,0.0,0.0,0.45999999999999996,77282.747465,False,-8.552433906041855,8963.588106946676
1779793926.8548503,BUY_NO,258.0,0.54,0.54,0.0,0.0,0.44999999999999996,77282.747465,False,0.0,9034.100822415354
1779793928.2733872,SELL_NO,151.0,0.45999999999999996,0.45999999999999996,0.0,0.0,0.44999999999999996,77282.747465,False,-8.086853927800334,8938.422004736865
1779793928.2804363,SELL_NO,419.63,0.49,0.49,0.0,0.0,0.48,77282.747465,False,-9.831150422005635,8965.867711366298
1779793928.4843483,BUY_NO,137.95,0.5,0.5,0.0,0.0,0.45079532094843655,77282.747465,False,0.0,8981.99011357611
1779793928.4899755,SELL_NO,120.12,0.48,0.48,0.0,0.0,0.47,77282.747465,False,-3.7853840162561454,8947.609509156488
1779793928.493485,SELL_NO,120.12,0.48,0.47,0.0,-212.76595744680873,0.4696344626629012,77282.747465,False,-3.7853840162561454,8925.599406946676
1779793928.5018623,BUY_NO,128.36,0.51,0.51,0.0,0.0,0.45010008207661056,77282.747465,False,0.0,8991.70341578592
1779793928.505053,BUY_NO,248.36,0.51,0.51,0.0,0.0,0.48,77282.747465,False,0.0,8986.706215785922
1779793928.5087523,BUY_NO,248.36,0.51,0.52,0.0,-192.30769230769246,0.48,77282.747465,False,0.0,8992.633517995731
1779793928.511896,BUY_NO,248.36,0.51,0.52,0.0,-192.30769230769246,0.48,77282.747465,False,0.0,8985.152717995732
1779793928.515084,BUY_NO,248.36,0.51,0.52,0.0,-192.30769230769246,0.48,77282.747465,False,0.0,8977.671917995733
1779793928.5268362,SELL_NO,231.33,0.47,0.47,0.0,0.0,0.45999999999999996,77282.747465,False,-9.389394153218404,8933.975606946678
1779793929.0950375,BUY_NO,265.12,0.52,0.52,0.0,0.0,0.47,77282.747465,False,0.0,8964.693817995732
1779793929.1027699,SELL_NO,271.0,0.45999999999999996,0.45999999999999996,0.0,0.0,0.44999999999999996,77282.747465,False,-14.086152755360672,8909.267404736867
1779793930.4595227,BUY_NO,414.71056327942006,0.53,0.53,0.0,0.0,0.45999999999999996,77282.747465,False,0.0,8942.66058640878
1779793930.4696374,SELL_NO,523.0,0.44999999999999996,0.44999999999999996,0.0,0.0,0.43999999999999995,77282.747465,False,-34.41467009980127,8856.872213792643
1779793932.681802,BUY_NO,112.60943672057999,0.53,0.53,0.0,0.0,0.45999999999999996,77282.747465,False,0.0,8925.384020205543
1779793932.6876864,BUY_NO,361.56035409933634,0.54,0.54,0.0,0.0,0.44999999999999996,77282.747465,False,0.0,8904.715394087409
1779793932.693738,SELL_NO,525.0,0.43999999999999995,0.43999999999999995,0.0,0.0,0.42999999999999994,77282.747465,False,-42.6772274235737,8794.97940739923
1779793932.6978421,SELL_NO,525.0,0.43999999999999995,0.43000000000000005,0.0,-232.55813953488132,0.42999999999999994,77282.747465,False,-42.6772274235737,8716.778808730414
1779793932.706489,BUY_NO,136.43964590066366,0.54,0.54,0.0,0.0,0.44999999999999996,77282.747465,False,0.0,8872.710222415355
1779793932.7101805,BUY_NO,136.43964590066366,0.54,0.55,0.0,-181.81818181818196,0.44999999999999996,77282.747465,False,0.0,8874.206856494106
1779793932.7136965,BUY_NO,136.43964590066366,0.54,0.55,0.0,-181.81818181818196,0.44999999999999996,77282.747465,False,0.0,8861.897288363047
1779793932.719697,BUY_NO,136.43964590066366,0.54,0.55,0.0,-181.81818181818196,0.44999999999999996,77282.747465,False,0.0,8849.587720231986
1779793932.7296748,BUY_NO,461.4412160917377,0.55,0.55,0.0,0.0,0.43999999999999995,77282.747465,False,0.0,8803.413598622814
1779793932.7339933,BUY_NO,461.4412160917377,0.55,0.55,0.0,0.0,0.43999999999999995,77282.747465,False,0.0,8757.23947701364
1779793932.7374597,BUY_NO,461.4412160917377,0.55,0.56,0.0,-178.5714285714287,0.43999999999999995,77282.747465,False,0.0,8706.935131754504
1779793932.740222,BUY_NO,461.4412160917377,0.55,0.56,0.0,-178.5714285714287,0.43999999999999995,77282.747465,False,0.0,8656.146597984414
1779793933.7453902,SELL_NO,520.0,0.43000000000000005,0.43000000000000005,0.0,0.0,0.42000000000000004,77282.747465,False,-57.66164225997548,8696.996863525834
1779793933.753249,SELL_YES,456.04,0.44,0.44,0.0,0.0,0.43,77282.747465,False,-34.68459801699956,8693.422227714955
1779793933.7581313,SELL_YES,456.04,0.44,0.43,0.0,-232.55813953488394,0.43,77282.747465,False,-34.68459801699956,8706.057663525833
1779793933.765583,BUY_YES,205.22409955037278,0.58,0.58,0.0,0.0,0.41000000000000003,77282.747465,False,0.0,8516.046126362657
1779793933.7695465,BUY_YES,205.22409955037278,0.58,0.58,0.0,0.0,0.41000000000000003,77282.747465,False,0.0,8516.016126362656
1779793933.7729578,BUY_YES,205.22409955037278,0.58,0.58,0.0,0.0,0.41000000000000003,77282.747465,False,0.0,8515.986126362655
1779793933.7757285,BUY_YES,205.22409955037278,0.58,0.59,0.0,-169.49152542372897,0.41000000000000003,77282.747465,False,0.0,8511.499654533793
1779793933.788816,SELL_YES,447.0,0.43,0.43,0.0,0.0,0.42,77282.747465,False,-48.830998708857805,8582.773203795608
1779793933.7926316,SELL_YES,447.0,0.43,0.42,0.0,-238.09523809523833,0.42,77282.747465,False,-48.830998708857805,8596.139675624472
1779793933.79658,SELL_YES,447.0,0.43,0.42,0.0,-238.09523809523833,0.42,77282.747465,False,-48.830998708857805,8600.579675624474
1779793933.8008783,SELL_YES,447.0,0.43,0.42,0.0,-238.09523809523833,0.42,77282.747465,False,-48.830998708857805,8605.019675624473
1779793933.8040054,SELL_YES,447.0,0.43,0.42,0.0,-238.09523809523833,0.42,77282.747465,False,-48.830998708857805,8609.459675624474
1779793956.691954,BUY_YES,1000.0,0.55,0.51,0.0,784.3137254901968,0.43999999999999995,77282.747465,False,0.0,8328.171429164702
1779793956.6959314,BUY_YES,235.8,0.51,0.51,0.0,0.0,0.48,77282.747465,False,0.0,8328.141429164702
1779793957.2730572,SELL_YES,137.95,0.5,0.5,0.0,0.0,0.48144980768166473,77282.747465,False,-5.8636995560042635,8342.559900993565
1779793957.2759802,SELL_YES,137.95,0.5,0.49,0.0,-204.0816326530614,0.3096786273357539,77282.747465,False,-5.8636995560042635,8359.737372822428
1779793957.8879278,SELL_YES,207.95,0.5,0.5,0.0,0.0,0.49,77282.747465,False,-8.823895053795468,8342.499900993564
1779793958.2508652,SELL_YES,99.0,0.51,0.51,0.0,0.0,0.5,77282.747465,False,-3.226562204019004,8323.1829291647
1779793958.4587643,SELL_YES,248.36,0.49,0.49,0.0,0.0,0.22102352990148355,77282.747465,False,-13.016373626163215,8363.706872822428
1779793959.034763,SELL_YES,98.95,0.51,0.51,0.0,0.0,0.29757311030421085,77282.747465,False,-3.2249477786634415,8318.1557291647
1779793961.3393118,SELL_YES,110.18,0.51,0.51,0.0,0.0,0.5,77282.747465,False,-3.587547713523371,8318.125729164702
1779793961.4082985,SELL_YES,173.95,0.5,0.5,0.0,0.0,0.03037780916635724,77282.747465,False,-7.38608581201116,8342.947600993564
1779793993.6630342,SELL_NO,109.3,0.47,0.47,0.0,0.0,0.028215790774083982,77282.747465,False,-7.771727882721777,8416.133716480155
1779793999.3634467,BUY_YES,125.00000000000001,0.53,0.53,0.0,0.0,0.09033779936607444,77282.747465,False,0.0,8263.113485506974
1779793999.3675501,SELL_NO,125.00000000000001,0.47,0.45999999999999996,0.0,-217.3913043478263,0.0111363404659095,77282.747465,False,-8.88376015864796,8424.07208830902
1779794002.207098,BUY_YES,158.82,0.53,0.53,0.0,0.0,0.4331834691066119,77282.747465,False,0.0,8263.053485506975
1779794002.7830558,BUY_YES,158.82,0.53,0.53,0.0,0.0,0.45999999999999996,77282.747465,False,0.0,8263.023485506976
1779794007.1401706,SELL_YES,100.0,0.52,0.52,0.0,0.0,0.51,77282.747465,False,-1.1612636625889436,8282.815457335839
1779794007.1436095,SELL_YES,105.0,0.52,0.52,0.0,0.0,0.51,77282.747465,False,-1.2178268457183918,8282.785457335838
1779794007.4961047,SELL_YES,120.0,0.52,0.52,0.0,0.0,0.51,77282.747465,False,-1.3875163951067293,8282.755457335837
1779794007.5485806,SELL_YES,123.19,0.51,0.51,0.0,0.0,0.47864550098183056,77282.747465,False,-2.6555037059433246,8305.797429164702
1779794059.2771044,BUY_YES,380.24,0.54,0.54,0.0,0.0,0.2868248071432845,77282.747465,False,0.0,8232.855813678112
1779794059.2801123,BUY_YES,380.24,0.54,0.55,0.0,-181.81818181818196,0.20138917019873603,77282.747465,False,0.0,8216.126741849248
1779794059.3052437,SELL_YES,567.43,0.53,0.53,0.0,0.0,0.52,77282.747465,False,-5.415154563714282,8249.494885506976
1779794059.728215,SELL_YES,240.4366191825908,0.53,0.53,0.0,0.0,0.52,77282.747465,False,-2.3118468482018244,8249.464885506975
1779794100.5099552,SETTLE_NO,2477.773802068942,1.0,1.0,0.0,0.0,0.0,77178.805535,True,1137.689195329342,9562.685000603515
1779794102.7451355,BUY_NO,140.27654320175822,0.48999999999999994,0.49,-1.1328806373726088e-12,-1.1328806373726088e-12,0.024438818277437824,77178.74699,False,0.0,9565.46053146755
1779794102.7486382,BUY_NO,132.38485200751163,0.49,0.49,0.0,0.0,0.023063936899583637,77178.74699,False,0.0,9568.0782285077
1779794103.3313217,BUY_NO,280.29,0.49000000000000005,0.49,1.1328806373726088e-12,1.1328806373726088e-12,0.43741633467229474,77178.74699,False,0.0,9573.654028507699
1779794103.378821,BUY_NO,280.29,0.49000000000000005,0.49,1.1328806373726088e-12,1.1328806373726088e-12,0.49890385609811966,77178.74699,False,0.0,9579.2298285077
1779794113.4928093,BUY_NO,184.23,0.48,0.48,0.0,0.0,0.51,77178.74699,False,0.0,9594.901442459792
1779794125.0318205,BUY_YES,181.64,0.53,0.53,0.0,0.0,0.45999999999999996,77178.74699,False,0.0,9543.997872699329
1779794128.8031166,SELL_NO,441.4,0.45999999999999996,0.45999999999999996,0.0,0.0,0.005226152878082702,77178.74699,False,-12.47277240124015,9567.164070363977
1779794142.85729,BUY_YES,218.41,0.53,0.53,0.0,0.0,0.10300716626145345,77178.74699,False,0.0,9539.523872699328
1779794152.312795,BUY_NO,240.28,0.48,0.48,0.0,0.0,0.51,77178.74699,False,0.0,9557.906142459791
1779794152.3303013,BUY_NO,240.28,0.48,0.49,0.0,-204.0816326530614,0.51,77178.74699,False,0.0,9560.921528507699
1779794152.336671,BUY_NO,240.28,0.48,0.49,0.0,-204.0816326530614,0.51,77178.74699,False,0.0,9568.099928507698
1779794152.3412735,BUY_NO,240.28,0.48,0.49,0.0,-204.0816326530614,0.51,77178.74699,False,0.0,9575.278328507698
1779794152.346548,BUY_NO,240.28,0.48,0.49,0.0,-204.0816326530614,0.51,77178.74699,False,0.0,9582.456728507697
1779794152.3534887,BUY_NO,240.28,0.48,0.49,0.0,-204.0816326530614,0.51,77178.74699,False,0.0,9589.635128507696
1779794152.3603506,BUY_NO,245.28,0.48,0.49,0.0,-204.0816326530614,0.51,77178.74699,False,0.0,9596.963528507697
1779794152.364925,BUY_NO,245.28,0.48,0.49,0.0,-204.0816326530614,0.51,77178.74699,False,0.0,9604.291928507697
1779794152.3684335,BUY_NO,240.28,0.48,0.49,0.0,-204.0816326530614,0.51,77178.74699,False,0.0,9611.470328507696
1779794152.3717325,BUY_YES,218.41,0.53,0.53,0.0,0.0,0.45999999999999996,77178.74699,False,0.0,9517.498672699325
1779794152.3754215,BUY_YES,218.41,0.53,0.54,0.0,-185.18518518518536,0.45999999999999996,77178.74699,False,0.0,9498.351458747233
1779794152.3786235,BUY_YES,218.41,0.53,0.54,0.0,-185.18518518518536,0.45999999999999996,77178.74699,False,0.0,9500.505558747232
1779794152.388573,BUY_YES,218.41,0.53,0.54,0.0,-185.18518518518536,0.45999999999999996,77178.74699,False,0.0,9502.659658747234
1779794152.399608,BUY_YES,218.41,0.53,0.54,0.0,-185.18518518518536,0.45999999999999996,77178.74699,False,0.0,9504.813758747234
1779794152.4071515,BUY_YES,218.41,0.53,0.54,0.0,-185.18518518518536,0.45999999999999996,77178.74699,False,0.0,9506.967858747234
1779794152.4149852,BUY_YES,218.41,0.53,0.54,0.0,-185.18518518518536,0.45999999999999996,77178.74699,False,0.0,9509.121958747233
1779794152.422593,BUY_YES,218.41,0.53,0.54,0.0,-185.18518518518536,0.45999999999999996,77178.74699,False,0.0,9511.276058747233
1779794152.4254076,BUY_YES,218.41,0.53,0.54,0.0,-185.18518518518536,0.45999999999999996,77178.74699,False,0.0,9513.430158747233
1779794152.4295974,BUY_YES,218.41,0.53,0.54,0.0,-185.18518518518536,0.4585556740723382,77178.74699,False,0.0,9515.584258747233
1779794152.4330876,BUY_YES,218.41,0.53,0.54,0.0,-185.18518518518536,0.45221683879266905,77178.74699,False,0.0,9517.738358747232
1779794152.4363763,BUY_YES,218.41,0.53,0.54,0.0,-185.18518518518536,0.45142341843025546,77178.74699,False,0.0,9519.892458747232
1779794152.4713554,BUY_YES,218.41,0.53,0.54,0.0,-185.18518518518536,0.44244482459869583,77178.74699,False,0.0,9522.046558747234
1779794152.4827163,BUY_YES,218.41,0.53,0.54,0.0,-185.18518518518536,0.4424508799711304,77178.74699,False,0.0,9524.200658747233
1779794152.4874334,BUY_YES,218.41,0.53,0.54,0.0,-185.18518518518536,0.43100474468505645,77178.74699,False,0.0,9526.354758747233
1779794152.4928167,BUY_YES,218.41,0.53,0.54,0.0,-185.18518518518536,0.43232683638616554,77178.74699,False,0.0,9528.508858747233
1779794152.5003104,BUY_YES,218.41,0.53,0.54,0.0,-185.18518518518536,0.4187877670393255,77178.74699,False,0.0,9530.662958747234
1779794152.504971,BUY_YES,218.41,0.53,0.54,0.0,-185.18518518518536,0.4032095797974675,77178.74699,False,0.0,9532.817058747234
1779794152.5079963,BUY_YES,218.41,0.53,0.54,0.0,-185.18518518518536,0.38602286704448385,77178.74699,False,0.0,9534.971158747234
1779794152.513258,BUY_YES,218.41,0.53,0.54,0.0,-185.18518518518536,0.367710673640225,77178.74699,False,0.0,9537.125258747234
1779794152.5198183,BUY_YES,218.41,0.53,0.54,0.0,-185.18518518518536,0.34875438840211814,77178.74699,False,0.0,9539.279358747233
1779794152.5893226,SELL_NO,582.34,0.45999999999999996,0.47,0.0,212.76595744680873,0.3289648792832691,77178.74699,False,-12.676319748738194,9341.820756411882
1779794152.5934737,SELL_NO,218.41,0.47,0.47,0.0,0.0,0.40378246364462234,77178.74699,False,-2.588975688295335,9328.686156411883
1779794152.6001866,SELL_NO,218.41,0.47,0.47,0.0,0.0,0.4126865725287817,77178.74699,False,-2.588975688295335,9315.551556411883
1779794152.6085258,SELL_NO,218.41,0.47,0.44999999999999996,0.0,-444.44444444444485,0.40061883237960805,77178.74699,False,-2.588975688295335,9232.904184316067
1779794152.6138427,SELL_NO,218.41,0.47,0.44999999999999996,0.0,-444.44444444444485,0.38804539570632623,77178.74699,False,-2.588975688295335,9215.401384316068
1779794152.6170466,SELL_NO,218.41,0.47,0.44999999999999996,0.0,-444.44444444444485,0.3752347311452783,77178.74699,False,-2.588975688295335,9197.898584316066
1779794152.6231112,SELL_NO,218.41,0.47,0.44999999999999996,0.0,-444.44444444444485,0.3624245632328452,77178.74699,False,-2.588975688295335,9180.395784316068
1779794152.6264102,SELL_NO,218.41,0.47,0.44999999999999996,0.0,-444.44444444444485,0.3498148211960719,77178.74699,False,-2.588975688295335,9162.892984316066
1779794152.6295617,SELL_NO,218.41,0.47,0.44999999999999996,0.0,-444.44444444444485,0.37014716413203375,77178.74699,False,-2.588975688295335,9145.390184316067
1779794152.632435,SELL_NO,218.41,0.47,0.44999999999999996,0.0,-444.44444444444485,0.3573950133630892,77178.74699,False,-2.588975688295335,9127.887384316067
1779794152.7972817,BUY_NO,213.68,0.48,0.48,0.0,0.0,0.51,77178.74699,False,0.0,9279.987542459789
1779794152.8036625,BUY_NO,213.68,0.48,0.49,0.0,-204.0816326530614,0.51,77178.74699,False,0.0,9332.092128507695
1779794152.8108783,SELL_NO,627.9213952092696,0.44999999999999996,0.44999999999999996,0.0,0.0,0.3459278663551274,77178.74699,False,-19.21188246373447,9094.920444795138
1779794153.0179524,BUY_NO,345.24,0.49,0.49,0.0,0.0,0.5,77178.74699,False,0.0,9301.261644795139
1779794153.2382836,BUY_NO,1146.28,0.5,0.5,0.0,0.0,0.49,77178.74699,False,0.0,9347.645844795137
1779794155.2709033,SELL_NO,238.25,0.47,0.47,0.0,0.0,0.45999999999999996,77178.74699,False,-6.626026134413223,9228.466644795139
1779794155.3496315,SELL_NO,327.0,0.45999999999999996,0.45999999999999996,0.0,0.0,0.44999999999999996,77178.74699,False,-12.353097779446472,9164.942744795138
1779794155.5643985,BUY_NO,213.68,0.48,0.48,0.0,0.0,0.51,77178.74699,False,0.0,9254.667744795139
1779794155.7169814,SELL_YES,345.24,0.51,0.51,0.0,0.0,0.03435981235896918,77178.74699,False,-6.934800000000109,9370.03904479514
1779794155.7229238,SELL_NO,643.0,0.44999999999999996,0.44999999999999996,0.0,0.0,0.43999999999999995,77178.74699,False,-28.560076164207373,9095.62084479514
1779794155.7289648,BUY_NO,1146.28,0.5,0.5,0.0,0.0,0.49,77178.74699,False,0.0,9302.814344795139
1779794155.7324898,BUY_NO,1146.28,0.5,0.51,0.0,-196.0784313725492,0.49,77178.74699,False,0.0,9321.30344479514
1779794155.739163,SELL_NO,646.12,0.4399999999999999,0.43999999999999995,1.261617073437678e-12,1.261617073437678e-12,0.4299999999999999,77178.74699,False,-38.14918297391273,9114.105344795138
1779794155.7439167,SELL_NO,646.12,0.4399999999999999,0.43000000000000005,1.261617073437678e-12,-232.55813953488004,0.4299999999999999,77178.74699,False,-38.14918297391273,9005.099444795138
1779794155.7478743,SELL_NO,646.12,0.4399999999999999,0.43000000000000005,1.261617073437678e-12,-232.55813953488004,0.4299999999999999,77178.74699,False,-38.14918297391273,8921.073844795139
1779794155.759761,SELL_YES,223.36,0.49000000000000005,0.49,-1.1328806373726088e-12,-1.1328806373726088e-12,0.02798377925035389,77178.74699,False,-8.964400000000083,9148.46004479514
1779794155.7630887,SELL_YES,223.36,0.49000000000000005,0.48,-1.1328806373726088e-12,-208.33333333333468,0.011862080582814183,77178.74699,False,-8.964400000000083,9114.99454479514
1779794155.7778313,SELL_NO,583.26,0.43000000000000005,0.43000000000000005,0.0,0.0,0.42000000000000004,77178.74699,False,-40.273227532601226,8866.130644795141
1779794155.8016758,BUY_NO,210.83,0.52,0.52,0.0,0.0,0.47,77178.74699,False,0.0,9211.08034479514
1779794155.838546,BUY_NO,428.32,0.53,0.53,0.0,0.0,0.45999999999999996,77178.74699,False,0.0,9222.51094479514
1779794155.8453643,SELL_NO,587.0,0.42000000000000004,0.42000000000000004,0.0,0.0,0.41000000000000003,77178.74699,False,-57.8606851687658,8766.91834479514
1779794155.8556697,BUY_NO,498.0,0.54,0.54,0.0,0.0,0.44999999999999996,77178.74699,False,0.0,9192.00754479514
1779794155.8606951,BUY_NO,498.0,0.54,0.55,0.0,-181.81818181818196,0.44999999999999996,77178.74699,False,0.0,9180.924144795139
1779794155.8681571,SELL_NO,610.0,0.41000000000000003,0.41000000000000003,0.0,0.0,0.4,77178.74699,False,-76.1434671911833,8668.08174479514
1779794155.871972,SELL_NO,610.0,0.41000000000000003,0.4,0.0,-250.00000000000023,0.4,77178.74699,False,-76.1434671911833,8517.26514479514
1779794155.898011,BUY_NO,490.0,0.55,0.55,0.0,0.0,0.43999999999999995,77178.74699,False,0.0,9083.03414479514
1779794155.9312243,BUY_NO,490.0,0.55,0.56,0.0,-178.5714285714287,0.43999999999999995,77178.74699,False,0.0,9065.19074479514
1779794155.9697855,SELL_NO,1076.0400000000004,0.4,0.4,0.0,0.0,0.39,77178.74699,False,-159.97390391646104,8350.96714479514
1779794155.9769013,BUY_NO,445.0,0.56,0.56,0.0,0.0,0.42999999999999994,77178.74699,False,0.0,8968.68914479514
1779794155.9827807,BUY_NO,445.0,0.56,0.5700000000000001,0.0,-175.4385964912282,0.42999999999999994,77178.74699,False,0.0,8948.30614479514
1779794155.9919424,BUY_NO,437.0,0.5700000000000001,0.5700000000000001,0.0,0.0,0.41999999999999993,77178.74699,False,0.0,8887.096144795141
1779794155.996361,BUY_NO,437.0,0.5700000000000001,0.5800000000000001,0.0,-172.4137931034484,0.41999999999999993,77178.74699,False,0.0,8850.193144795141
1779794156.000413,BUY_NO,437.0,0.5700000000000001,0.5800000000000001,0.0,-172.4137931034484,0.41999999999999993,77178.74699,False,0.0,8784.613144795141
1779794156.003863,BUY_NO,437.0,0.5700000000000001,0.5800000000000001,0.0,-172.4137931034484,0.41999999999999993,77178.74699,False,0.0,8719.033144795141
1779794156.00737,BUY_NO,437.0,0.5700000000000001,0.5800000000000001,0.0,-172.4137931034484,0.41999999999999993,77178.74699,False,0.0,8653.453144795141
1779794156.0108874,BUY_NO,437.0,0.5700000000000001,0.5800000000000001,0.0,-172.4137931034484,0.41999999999999993,77178.74699,False,0.0,8587.873144795141
1779794156.015539,BUY_NO,437.0,0.5700000000000001,0.5800000000000001,0.0,-172.4137931034484,0.41999999999999993,77178.74699,False,0.0,8522.293144795141
1779794158.0266707,SELL_NO,310.94000000000005,0.47,0.47,0.0,0.0,0.45999999999999996,77178.74699,False,-30.423223600911655,8476.57974479514
1779794166.855047,SELL_NO,553.3,0.47000000000000003,0.47,-1.1810883240693154e-12,-1.1810883240693154e-12,0.46,77178.74699,False,-54.11300835654595,8443.351744795142
1779794166.9516811,SELL_YES,213.68,0.52,0.52,0.0,0.0,0.51,77178.74699,False,-2.16680000000008,8498.81874479514
1779794167.1805062,SELL_NO,327.0,0.45999999999999996,0.45999999999999996,0.0,0.0,0.04283297142204556,77178.74699,False,-35.26302861483924,8418.85314479514
1779794167.4091423,SELL_YES,345.24,0.51,0.51,0.0,0.0,0.5,77178.74699,False,-6.934800000000109,8479.98614479514
1779794167.6699245,SELL_NO,643.0,0.44999999999999996,0.44999999999999996,0.0,0.0,0.4188518167184745,77178.74699,False,-75.74084831602943,8362.97494479514
1779794167.9376214,SELL_YES,1146.28,0.5,0.5,0.0,0.0,0.49,77178.74699,False,-34.41840000000036,8438.99594479514
1779794168.124226,SELL_NO,646.12,0.4399999999999999,0.43999999999999995,1.261617073437678e-12,1.261617073437678e-12,0.4299999999999999,77178.74699,False,-82.56941666244626,8338.94714479514
1779794168.3725376,BUY_NO,103.36,0.51,0.51,0.0,0.0,0.48,77178.74699,False,0.0,8408.310144795141
1779794168.5796306,SELL_NO,583.26,0.43000000000000005,0.43000000000000005,0.0,0.0,0.24168786473253012,77178.74699,False,-78.15733359240241,8253.223744795141
1779794168.824454,BUY_NO,210.83,0.52,0.52,0.0,0.0,0.47,77178.74699,False,0.0,8379.82894479514
1779794169.2698483,SELL_NO,553.3,0.47000000000000003,0.47,-1.1810883240693154e-12,-1.1810883240693154e-12,0.46,77178.74699,False,-47.73834674598521,8282.104444795139
1779794169.2974045,BUY_NO,207.56,0.48,0.48,0.0,0.0,0.51,77178.74699,False,0.0,8308.80914479514
1779794169.5003,BUY_NO,345.24,0.49,0.49,0.0,0.0,0.5,77178.74699,False,0.0,8332.040644795139
1779794169.7516658,SELL_NO,327.0,0.45999999999999996,0.45999999999999996,0.0,0.0,0.44999999999999996,77178.74699,False,-20.94581365078335,8267.13774479514
1779794169.945452,BUY_NO,1083.3386837697708,0.5,0.5,0.0,0.0,0.49,77178.74699,False,0.0,8331.80494479514
1779794170.189645,SELL_NO,643.0,0.44999999999999996,0.44999999999999996,0.0,0.0,0.43999999999999995,77178.74699,False,-39.05165151067655,8240.770378983629
1779794170.392289,SELL_NO,646.12,0.4399999999999999,0.43999999999999995,1.261617073437678e-12,1.261617073437678e-12,0.4299999999999999,77178.74699,False,-45.702194516451584,8151.435065821325
1779794171.6987932,SELL_NO,120.0,0.47,0.47,0.0,0.0,0.45999999999999996,77178.74699,False,-4.91242329903762,8198.901405308232
1779794173.6065068,SELL_NO,240.0,0.45999999999999996,0.45999999999999996,0.0,0.0,0.025323013639181324,77178.74699,False,-12.194846598075245,8160.2392921459295
1779794188.5938346,SELL_NO,306.28868376977096,0.47,0.47,0.0,0.0,0.45999999999999996,77178.74699,False,-12.491925048909138,8163.664084282045
1779794192.9559042,BUY_NO,190.05,0.48,0.48,0.0,0.0,0.51,77178.74699,False,0.0,8196.131084282046
1779794194.807662,SELL_NO,190.05,0.47,0.47,0.0,0.0,0.45999999999999996,77178.74699,False,-1.9305000000000092,8161.703584282045
1779794262.9421005,BUY_NO,1156.33,0.5,0.5,0.0,0.0,0.49,77178.74699,False,0.0,8236.358584282047
1779794269.9509337,BUY_NO,729.2224137789215,0.5,0.5,0.0,0.0,0.49,77178.74699,False,0.0,8236.328584282046
1779794269.9634967,SELL_YES,427.10758622107846,0.5,0.5,0.0,0.0,0.49,77178.74699,False,-12.843227586632509,8236.298584282045
1779794269.9751306,SELL_YES,1156.33,0.5,0.5,0.0,0.0,0.49,77178.74699,False,-34.71990000000039,8236.268584282047
1779794270.280131,BUY_NO,125.54317034899714,0.5,0.5,0.0,0.0,0.49,77178.74699,False,0.0,8236.238584282046
1779794272.4290526,SELL_YES,906.0624137789218,0.5,0.5,0.0,0.0,0.49,77178.74699,False,-27.211872413367928,8236.208584282047
1779794274.3823392,BUY_YES,175.72,0.51,0.51,0.0,0.0,0.48,77178.74699,False,0.0,8216.067628440767
1779794277.240168,BUY_YES,248.05,0.52,0.52,0.0,0.0,0.26014069185345157,77178.74699,False,0.0,8197.683872599488
1779794277.2444592,BUY_YES,248.05,0.52,0.53,0.0,-188.67924528301904,0.25932202685095695,77178.74699,False,0.0,8184.261116758209
1779794277.2516458,SELL_YES,154.60441587208106,0.5,0.5,0.0,0.0,0.49,77178.74699,False,-2.7177078590295167,8224.409384282048
1779794277.2551336,SELL_YES,154.60441587208106,0.5,0.49,0.0,-204.0816326530614,0.49,77178.74699,False,-2.7177078590295167,8240.864228440767
1779794277.2580328,SELL_YES,154.60441587208106,0.5,0.49,0.0,-204.0816326530614,0.49,77178.74699,False,-2.7177078590295167,8242.380272599486
1779794277.2618167,SELL_YES,154.60441587208106,0.5,0.49,0.0,-204.0816326530614,0.49,77178.74699,False,-2.7177078590295167,8243.896316758208
1779794278.5238156,BUY_NO,103.37312051698223,0.5,0.5,0.0,0.0,0.49,77178.74699,False,0.0,8224.289384282045
1779794281.1982718,SELL_NO,189.72,0.49,0.49,0.0,0.0,0.013686612952108046,77178.74699,False,-1.9271999999999991,8241.075647963376
1779794281.2009542,BUY_YES,150.87392704440828,0.51,0.52,0.0,-192.30769230769246,0.04766209932737242,77178.74699,False,0.0,8186.413996189825
1779794281.2035093,BUY_YES,189.72,0.51,0.52,0.0,-192.30769230769246,0.07788512221195587,77178.74699,False,0.0,8188.281196189825
1779794281.205975,BUY_YES,189.72,0.51,0.52,0.0,-192.30769230769246,0.10464738582074307,77178.74699,False,0.0,8190.148396189825
1779794281.2084932,BUY_YES,189.72,0.51,0.52,0.0,-192.30769230769246,0.12827382436145196,77178.74699,False,0.0,8192.015596189825
1779794281.2111084,BUY_YES,189.72,0.51,0.52,0.0,-192.30769230769246,0.14909361737936144,77178.74699,False,0.0,8193.882796189826
1779794281.2147138,BUY_YES,189.72,0.51,0.52,0.0,-192.30769230769246,0.16742481839290824,77178.74699,False,0.0,8195.749996189827
1779794281.2173028,BUY_YES,189.72,0.51,0.52,0.0,-192.30769230769246,0.1835568276006152,77178.74699,False,0.0,8197.617196189825
1779794281.2196085,BUY_YES,189.72,0.51,0.52,0.0,-192.30769230769246,0.197757993701567,77178.74699,False,0.0,8199.484396189826
1779794281.2324412,SELL_YES,1076.9168794830177,0.5,0.5,0.0,0.0,0.49,77178.74699,False,-11.076315889717534,8207.303045011602
1779794281.297146,BUY_YES,248.05,0.52,0.52,0.0,0.0,0.47,77178.74699,False,0.0,8177.8860586001665
1779794281.3009233,BUY_YES,248.05,0.52,0.53,0.0,-188.67924528301904,0.47,77178.74699,False,0.0,8168.123565394449
1779794281.3680868,BUY_YES,240.19,0.53,0.53,0.0,0.0,0.45999999999999996,77178.74699,False,0.0,8168.093565394448
1779794281.374229,BUY_YES,567.0,0.54,0.54,0.0,0.0,0.44999999999999996,77178.74699,False,0.0,8160.732972188729
1779794281.3774958,BUY_YES,567.0,0.54,0.55,0.0,-181.81818181818196,0.44999999999999996,77178.74699,False,0.0,8164.712378983011
1779794281.380874,BUY_YES,567.0,0.54,0.55,0.0,-181.81818181818196,0.44999999999999996,77178.74699,False,0.0,8170.352378983011
1779794281.383781,BUY_YES,567.0,0.54,0.55,0.0,-181.81818181818196,0.44999999999999996,77178.74699,False,0.0,8175.992378983011
1779794281.391664,SELL_YES,113.36,0.49,0.49,0.0,0.0,0.48,77178.74699,False,-4.850388082641203,8083.865938217321
1779794281.3946838,SELL_YES,113.36,0.49,0.48,0.0,-208.33333333333354,0.48,77178.74699,False,-4.850388082641203,8070.75373142304
1779794281.397685,SELL_YES,113.36,0.49,0.48,0.0,-208.33333333333354,0.48,77178.74699,False,-4.850388082641203,8071.857331423041
1779794281.4313047,SELL_YES,113.36,0.49,0.48,0.0,-208.33333333333354,0.48,77178.74699,False,-4.850388082641203,8072.960931423041
1779794281.434126,SELL_YES,113.36,0.49,0.48,0.0,-208.33333333333354,0.48,77178.74699,False,-4.850388082641203,8074.064531423041
1779794281.4367611,SELL_YES,113.36,0.49,0.48,0.0,-208.33333333333354,0.48,77178.74699,False,-4.850388082641203,8075.168131423042
1779794281.4395459,SELL_YES,113.36,0.49,0.48,0.0,-208.33333333333354,0.48,77178.74699,False,-4.850388082641203,8076.271731423042
1779794281.441956,SELL_YES,113.36,0.49,0.48,0.0,-208.33333333333354,0.48,77178.74699,False,-4.850388082641203,8077.375331423043
1779794281.4443557,SELL_YES,113.36,0.49,0.48,0.0,-208.33333333333354,0.48,77178.74699,False,-4.850388082641203,8078.478931423043
1779794281.4466891,SELL_YES,113.36,0.49,0.48,0.0,-208.33333333333354,0.47154098968222696,77178.74699,False,-4.850388082641203,8079.582531423043
1779794281.4490364,SELL_YES,113.36,0.49,0.48,0.0,-208.33333333333354,0.45478898157873615,77178.74699,False,-4.850388082641203,8080.686131423044
1779794281.451228,SELL_YES,113.36,0.49,0.48,0.0,-208.33333333333354,0.429167804934947,77178.74699,False,-4.850388082641203,8081.789731423044
1779794281.4534736,SELL_YES,113.36,0.49,0.48,0.0,-208.33333333333354,0.3944200039222029,77178.74699,False,-4.850388082641203,8082.893331423044
1779794281.4556606,SELL_YES,113.36,0.49,0.48,0.0,-208.33333333333354,0.35167277013405607,77178.74699,False,-4.850388082641203,8083.996931423045
1779794281.4578834,SELL_YES,113.36,0.49,0.48,0.0,-208.33333333333354,0.30302634380015925,77178.74699,False,-4.850388082641203,8085.100531423045
1779794281.4620097,SELL_YES,113.36,0.49,0.48,0.0,-208.33333333333354,0.25097255450894385,77178.74699,False,-4.850388082641203,8086.204131423046
1779794281.4645913,SELL_YES,113.36,0.49,0.48,0.0,-208.33333333333354,0.19792013508897788,77178.74699,False,-4.850388082641203,8087.307731423047
1779794281.4668381,SELL_YES,113.36,0.49,0.48,0.0,-208.33333333333354,0.14585361647042094,77178.74699,False,-4.850388082641203,8088.411331423047
1779794281.4691987,SELL_YES,113.36,0.49,0.48,0.0,-208.33333333333354,0.09622820108544683,77178.74699,False,-4.850388082641203,8089.5149314230475
1779794281.4904745,BUY_YES,391.69911240555575,0.55,0.55,0.0,0.0,0.43346104657110573,77178.74699,False,0.0,8046.161978983018
1779794281.4936066,BUY_YES,370.9490437492907,0.55,0.55,0.0,0.0,0.4281626138636899,77178.74699,False,0.0,8046.131978983019
1779794285.9730988,SELL_NO,240.0,0.47,0.49,0.0,408.1632653061228,0.45999999999999996,77178.74699,False,-7.230000000000004,8027.877048848039
1779794285.976099,SELL_NO,120.00000000000003,0.49,0.49,0.0,0.0,0.48,77178.74699,False,-1.230000000000004,8025.447048848038
1779794285.9825776,SELL_NO,556.12,0.43999999999999995,0.43999999999999995,0.0,0.0,0.42999999999999994,77178.74699,False,-33.397200000000026,7933.495207068889
1779794285.9854379,SELL_NO,556.12,0.43999999999999995,0.43000000000000005,0.0,-232.55813953488132,0.42999999999999994,77178.74699,False,-33.397200000000026,7850.570918713058
1779794292.092323,BUY_NO,1189.29,0.5,0.5,0.0,0.0,0.49,77178.74699,False,0.0,7963.6601372038685
1779794295.1672018,SELL_NO,301.72,0.49,0.49,0.0,0.0,0.48,77178.74699,False,-3.0472000000000037,7953.328748848038
1779794301.3961005,SELL_NO,248.05,0.48,0.48,0.0,0.0,0.044051192825085295,77178.74699,False,-4.991,7936.092560492208
1779794309.2177625,BUY_NO,782.326786896733,0.5,0.5,0.0,0.0,0.49,77178.74699,False,0.0,7955.591937203868
1779794312.2474763,SELL_YES,414.0832131032671,0.5,0.5,0.0,0.0,0.4674259504341144,77178.74699,False,-16.165416919776703,7955.561937203867
1779794312.2517276,SELL_YES,414.0832131032671,0.5,0.49,0.0,-204.0816326530614,0.44648897705931617,77178.74699,False,-16.165416919776703,7961.8721809790695
1779794312.2543511,SELL_YES,414.0832131032671,0.5,0.49,0.0,-204.0816326530614,0.418992081774497,77178.74699,False,-16.165416919776703,7965.983013110102
1779794312.2571552,SELL_YES,414.0832131032671,0.5,0.49,0.0,-204.0816326530614,0.3857306276813327,77178.74699,False,-16.165416919776703,7970.093845241134
1779794312.2700813,BUY_YES,189.72,0.51,0.51,0.0,0.0,0.48,77178.74699,False,0.0,7940.820029166598
1779794312.2732542,BUY_YES,189.72,0.51,0.52,0.0,-192.30769230769246,0.48,77178.74699,False,0.0,7929.962521129331
1779794312.2770267,BUY_YES,189.72,0.51,0.52,0.0,-192.30769230769246,0.48,77178.74699,False,0.0,7931.829721129331
1779794312.2800994,BUY_YES,189.72,0.51,0.52,0.0,-192.30769230769246,0.48,77178.74699,False,0.0,7933.696921129331
1779794312.2829673,BUY_YES,189.72,0.51,0.52,0.0,-192.30769230769246,0.48,77178.74699,False,0.0,7935.564121129331
1779794312.9246445,SELL_NO,253.05,0.48,0.48,0.0,0.0,0.24989098910196306,77178.74699,False,-5.091000000000008,7945.955753278404
1779794315.2310774,BUY_NO,236.95424844174067,0.51,0.51,0.0,0.0,0.48,77178.74699,False,0.0,7933.370444197764
1779794320.3373797,SELL_NO,213.72,0.49,0.49,0.0,0.0,0.2942922648220905,77178.74699,False,-2.439723054163693,7939.015945241135
1779794320.4050143,BUY_NO,209.05718126138163,0.51,0.51,0.0,0.0,0.48,77178.74699,False,0.0,7929.1293005725365
1779794320.4095225,SELL_NO,253.05,0.48,0.48,0.0,0.0,0.36294317702947887,77178.74699,False,-5.6626830621924285,7933.762267575435
1779794320.4158175,BUY_NO,122.38281873861837,0.51,0.51,0.0,0.0,0.48,77178.74699,False,0.0,7924.091144197765
1779794320.4201884,SELL_YES,185.83,0.48,0.48,0.0,0.0,0.17254520161227088,77178.74699,False,-7.235326296423338,7934.92609576282
1779794320.4360738,BUY_YES,240.19,0.53,0.53,0.0,0.0,0.45999999999999996,77178.74699,False,0.0,7907.496343154393
1779794320.4585984,SELL_YES,182.23,0.4699999999999999,0.47,1.1810883240693154e-12,1.1810883240693154e-12,0.38103773244167555,77178.74699,False,-9.265268782577152,7925.934646284505
1779794320.4679887,BUY_YES,420.29478674790835,0.54,0.54,0.0,0.0,0.4255471797255098,77178.74699,False,0.0,7891.6021926327085
1779794320.4724164,SELL_YES,455.0,0.46,0.46,0.0,0.0,0.45,77178.74699,False,-29.87398290271659,7897.151413866359
1779794320.4773574,BUY_YES,141.70521325209165,0.54,0.54,0.0,0.0,0.44999999999999996,77178.74699,False,0.0,7855.142192632708
1779794320.723122,BUY_YES,113.0,0.5,0.5,0.0,0.0,0.423882617380145,77178.74699,False,0.0,7870.43359471945
1779794321.2162838,SELL_YES,336.44,0.49000000000000005,0.49,-1.1328806373726088e-12,-1.1328806373726088e-12,0.46000963147773927,77178.74699,False,-11.807464017038313,7873.103945241135
1779794321.2711303,BUY_YES,127.63,0.5,0.5,0.0,0.0,0.49,77178.74699,False,0.0,7867.00919471945
1779794322.1758378,BUY_YES,139.7451765680421,0.51,0.51,0.0,0.0,0.3611592133892648,77178.74699,False,0.0,7862.190744197765
1779794322.1813939,SELL_YES,341.44,0.49,0.49,0.0,0.0,0.4749340660536287,77178.74699,False,-10.677617053433096,7868.942741709774
1779794322.2384458,BUY_YES,120.2,0.5,0.5,0.0,0.0,0.49,77178.74699,False,0.0,7862.107342953769
1779794322.244058,BUY_YES,223.33,0.51,0.51,0.0,0.0,0.40621521214593836,77178.74699,False,0.0,7856.473944197765
1779794322.2487812,BUY_YES,223.33,0.51,0.52,0.0,-192.30769230769246,0.40599831771306816,77178.74699,False,0.0,7855.30714544176
1779794322.3244696,SELL_NO,211.0,0.48,0.48,0.0,0.0,0.043869511224280955,77178.74699,False,-4.842702273321251,7851.38434046578
1779794322.5809119,SELL_NO,240.19,0.47,0.47,0.0,0.0,0.00856714474316056,77178.74699,False,-7.910397436156558,7835.969739221785
1779794322.583263,SELL_NO,240.19,0.47,0.45999999999999996,0.0,-217.3913043478263,0.0626063560006288,77178.74699,False,-7.910397436156558,7815.75133797779
1779794322.5860286,SELL_NO,240.19,0.47,0.45999999999999996,0.0,-217.3913043478263,0.10979748009087642,77178.74699,False,-7.910397436156558,7798.90803797779
1779794322.5886347,SELL_NO,240.19,0.47,0.45999999999999996,0.0,-217.3913043478263,0.15052497706284473,77178.74699,False,-7.910397436156558,7782.064737977789
1779794322.5909672,SELL_NO,240.19,0.47,0.45999999999999996,0.0,-217.3913043478263,0.1854022221362568,77178.74699,False,-7.910397436156558,7765.22143797779
1779794322.5937345,SELL_NO,240.19,0.47,0.45999999999999996,0.0,-217.3913043478263,0.2151327398769054,77178.74699,False,-7.910397436156558,7748.37813797779
1779794322.6441286,BUY_NO,381.44,0.51,0.51,0.0,0.0,0.472713864289273,77178.74699,False,0.0,7817.642344197766
1779794322.6470068,BUY_NO,381.44,0.51,0.52,0.0,-192.30769230769246,0.4521598568554003,77178.74699,False,0.0,7817.73934544176
1779794322.6592298,BUY_YES,139.2,0.5,0.5,0.0,0.0,0.49,77178.74699,False,0.0,7802.19774295377
1779794322.719158,BUY_YES,114.36652323020189,0.51,0.51,0.0,0.0,0.4766374372643206,77178.74699,False,0.0,7811.315544197765
1779794322.722214,BUY_YES,104.03684115607302,0.51,0.51,0.0,0.0,0.47399438923000703,77178.74699,False,0.0,7811.2855441977645
1779794322.7249792,SELL_NO,255.33,0.49,0.49,0.0,0.0,0.4711954951997327,77178.74699,False,-4.980692690787535,7783.485274422049
1779794322.7280955,SELL_NO,255.33,0.49,0.48,0.0,-208.33333333333354,0.468292181597466,77178.74699,False,-4.980692690787535,7761.910239534191
1779794325.1174178,SELL_YES,190.36,0.49,0.49,0.0,0.0,0.029446947974224313,77178.74699,False,-4.71450401155748,7778.318674422048
1779794325.1539917,BUY_YES,157.2,0.5,0.5,0.0,0.0,0.49,77178.74699,False,0.0,7792.8235093099065
1779794325.2709408,SELL_NO,258.18,0.49,0.49,0.0,0.0,0.15530026819020304,77178.74699,False,-5.035952449408697,7771.523074422048
1779794328.53837,BUY_NO,751.36,0.51,0.51,0.0,0.0,0.48,77178.74699,False,0.0,7793.843144197763
1779794328.594141,SELL_NO,153.2,0.5,0.5,0.0,0.0,0.49,77178.74699,False,-1.5545696966464106,7782.638109309905
1779794328.9660168,SELL_NO,258.18,0.49,0.49,0.0,0.0,0.46884126949675675,77178.74699,False,-5.181078095823565,7764.737474422047
1779794329.243711,BUY_NO,185.83,0.52,0.52,0.0,0.0,0.44517483338484454,77178.74699,False,0.0,7803.14077908562
1779794329.3637474,SELL_NO,211.0,0.48,0.48,0.0,0.0,0.3744068256558184,77178.74699,False,-7.016844766173762,7740.948639534188
1779794330.084273,BUY_NO,182.23,0.53,0.53,0.0,0.0,0.40172834647197053,77178.74699,False,0.0,7807.687513973478
1779794330.0902703,BUY_NO,560.33,0.51,0.51,0.0,0.0,0.48,77178.74699,False,0.0,7769.014444197762
1779794330.1470678,SELL_NO,158.2,0.5,0.5,0.0,0.0,0.4742842777387155,77178.74699,False,-2.292395729824918,7760.869509309903
1779794330.1858156,SELL_YES,185.83,0.48,0.48,0.0,0.0,0.14170437830583937,77178.74699,False,-6.240632504945609,7741.445639534188
1779794331.3275447,SELL_NO,168.1,0.49,0.5,0.0,200.00000000000017,0.4016616778492478,77178.74699,False,-4.114974223663509,7755.411909309903
1779794331.3310914,BUY_NO,560.33,0.51,0.51,0.0,0.0,0.48,77178.74699,False,0.0,7753.694944197761
1779794331.3899386,SELL_NO,118.2,0.5,0.5,0.0,0.0,0.49,77178.74699,False,-1.510330513725762,7749.748609309902
1779794331.3951242,SELL_NO,211.0,0.48,0.48,0.0,0.0,0.42297046689841744,77178.74699,False,-6.89255277830911,7731.081939534187
1779794331.7068164,BUY_NO,642.33,0.51,0.51,0.0,0.0,0.48,77178.74699,False,0.0,7739.8303441977605
1779794333.555784,SELL_NO,116.06,0.5,0.5,0.0,0.0,0.49,77178.74699,False,-1.3708170390644696,7739.0153093099025
1779794333.5634599,SELL_NO,168.1,0.49,0.49,0.0,0.0,0.1940449418611374,77178.74699,False,-3.65302433454022,7733.677674422044
1779794333.6861482,SELL_YES,185.83,0.48,0.48,0.0,0.0,0.13909973768436418,77178.74699,False,-6.240632504945609,7730.0210395341865
1779794333.692062,BUY_NO,418.38476660014544,0.51,0.51,0.0,0.0,0.48,77178.74699,False,0.0,7726.9283488657575
1779794333.695991,BUY_NO,418.38476660014544,0.51,0.51,0.0,0.0,0.48,77178.74699,False,0.0,7718.530653533755
1779794333.70327,BUY_YES,132.06,0.5,0.5,0.0,0.0,0.49,77178.74699,False,0.0,7725.100013977899
1779794334.8412673,SELL_YES,518.25,0.49,0.49,0.0,0.0,0.48,77178.74699,False,-11.625755686901499,7730.348774422045
1779794335.9304068,BUY_YES,169.34,0.5,0.5,0.0,0.0,0.49,77178.74699,False,0.0,7719.8575139778995
1779794336.0082412,SELL_NO,168.1,0.49,0.49,0.0,0.0,0.3588088780347749,77178.74699,False,-3.5547254007056495,7725.233374422045
1779794341.1047907,SELL_YES,501.68,0.49,0.49,0.0,0.0,0.48,77178.74699,False,-10.473477470375627,7725.203374422044
1779794341.2422779,BUY_YES,259.08,0.5,0.5,0.0,0.0,0.49,77178.74699,False,0.0,7713.0697139779
1779794341.2459962,BUY_YES,259.08,0.5,0.51,0.0,-196.0784313725492,0.49,77178.74699,False,0.0,7706.117653533755
1779794341.2488308,BUY_YES,259.08,0.5,0.51,0.0,-196.0784313725492,0.49,77178.74699,False,0.0,7708.678453533756
1779794341.2515328,BUY_YES,259.08,0.5,0.51,0.0,-196.0784313725492,0.49,77178.74699,False,0.0,7711.239253533756
1779794341.2615356,SELL_NO,168.1,0.49,0.49,0.0,0.0,0.02815103269685093,77178.74699,False,-3.5547254007056495,7711.328174422046
1779794341.2641473,SELL_NO,168.1,0.49,0.48,0.0,-208.33333333333354,0.08273208447389357,77178.74699,False,-3.5547254007056495,7706.31463486619
1779794341.2669578,SELL_NO,168.1,0.49,0.48,0.0,-208.33333333333354,0.13038119192545738,77178.74699,False,-3.5547254007056495,7701.241634866191
1779794341.269769,SELL_NO,168.1,0.49,0.48,0.0,-208.33333333333354,0.1714827888953433,77178.74699,False,-3.5547254007056495,7696.168634866191
1779794341.2724955,SELL_NO,168.1,0.49,0.48,0.0,-208.33333333333354,0.20665651394896278,77178.74699,False,-3.5547254007056495,7691.095634866191
1779794341.2753751,SELL_NO,168.1,0.49,0.48,0.0,-208.33333333333354,0.23661430884751344,77178.74699,False,-3.5547254007056495,7686.022634866191
1779794341.2780335,SELL_NO,168.1,0.49,0.48,0.0,-208.33333333333354,0.2620649289208702,77178.74699,False,-3.5547254007056495,7680.9496348661905
1779794341.2809854,SELL_NO,168.1,0.49,0.48,0.0,-208.33333333333354,0.283674153863966,77178.74699,False,-3.5547254007056495,7675.87663486619
1779794341.2838063,SELL_NO,168.1,0.49,0.48,0.0,-208.33333333333354,0.30203097575639504,77178.74699,False,-3.5547254007056495,7670.803634866191
1779794341.2864525,SELL_NO,168.1,0.49,0.48,0.0,-208.33333333333354,0.317648775920891,77178.74699,False,-3.5547254007056495,7665.7306348661905
1779794341.2898176,SELL_NO,168.1,0.49,0.48,0.0,-208.33333333333354,0.3309690504067244,77178.74699,False,-3.5547254007056495,7660.65763486619
1779794341.2927816,SELL_NO,168.1,0.49,0.48,0.0,-208.33333333333354,0.342355711343739,77178.74699,False,-3.5547254007056495,7655.584634866191
1779794341.3297539,BUY_NO,185.83,0.52,0.52,0.0,0.0,0.32996063302025036,77178.74699,False,0.0,7721.84759308961
1779794341.3327246,BUY_NO,185.83,0.52,0.53,0.0,-188.67924528301904,0.26385109842189947,77178.74699,False,0.0,7729.0993326454645
1779794341.3358035,BUY_NO,185.83,0.52,0.53,0.0,-188.67924528301904,0.19183410581155735,77178.74699,False,0.0,7719.7778326454645
1779794341.3393476,BUY_NO,185.83,0.52,0.53,0.0,-188.67924528301904,0.11854521499496296,77178.74699,False,0.0,7710.456332645464
1779794341.3427775,BUY_NO,156.61072393717004,0.52,0.53,0.0,-188.67924528301904,0.04775887935281986,77178.74699,False,0.0,7702.595796448605
1779794341.5898838,SELL_NO,211.0,0.48,0.48,0.0,0.0,0.47,77178.74699,False,-8.395387220623164,7646.964634866189
1779794341.6193573,SELL_NO,240.19,0.47,0.5,0.0,600.0000000000006,0.2659032365533164,77178.74699,False,-11.954565196784259,7662.813399499155
1779794341.622573,BUY_NO,501.68,0.51,0.51,0.0,0.0,0.48,77178.74699,False,0.0,7666.693931815638
1779794341.9893656,SELL_NO,257.02,0.5,0.5,0.0,0.0,0.49,77178.74699,False,-3.8194239155685636,7657.736599499155
1779794342.2173848,SELL_NO,168.1,0.49,0.49,0.0,0.0,0.323027536300854,77178.74699,False,-4.189414754521337,7642.847067182672
1779794342.2227333,BUY_NO,446.71,0.51,0.51,0.0,0.0,0.4303734607864548,77178.74699,False,0.0,7660.239931815638
1779794342.235277,SELL_NO,257.02,0.5,0.5,0.0,0.0,0.49,77178.74699,False,-3.279471188362436,7651.498499499154
1779794342.2384534,SELL_NO,257.02,0.5,0.49,0.0,-204.0816326530614,0.49,77178.74699,False,-3.279471188362436,7637.61666718267
1779794342.2416563,SELL_NO,257.02,0.5,0.49,0.0,-204.0816326530614,0.49,77178.74699,False,-3.279471188362436,7635.01646718267
1779794342.252742,SELL_NO,168.1,0.49,0.49,0.0,0.0,0.061760728976661294,77178.74699,False,-3.8362669316151568,7631.62446718267
1779794342.7248154,BUY_NO,488.83000000000004,0.52,0.52,0.0,0.0,0.46685765525191536,77178.74699,False,0.0,7666.35036413212
1779794342.998537,SELL_NO,100.54,0.51,0.51,0.0,0.0,0.5,77178.74699,False,-0.9433019641958325,7655.116431815637
1779794343.0013213,SELL_NO,219.02,0.5,0.5,0.0,0.0,0.49,77178.74699,False,-4.2097702824564465,7640.866299499153
1779794343.00405,BUY_NO,488.83,0.52,0.52,0.0,0.0,0.47,77178.74699,False,0.0,7654.10376413212
1779794343.0066876,BUY_NO,488.83,0.52,0.53,0.0,-188.67924528301904,0.47,77178.74699,False,0.0,7641.154296448603
1779794343.17243,SELL_NO,168.1,0.49,0.49,0.0,0.0,0.48,77178.74699,False,-5.042772580786192,7611.22736718267
1779794343.1975935,SELL_NO,211.0,0.48,0.48,0.0,0.0,0.35235124603602974,77178.74699,False,-8.432058385162918,7594.442634866186
1779794343.2341413,BUY_NO,176.91,0.53,0.53,0.0,0.0,0.421233383763719,77178.74699,False,0.0,7635.921696448602
1779794343.2950082,SELL_NO,240.19,0.47,0.47,0.0,0.0,0.32272408383184015,77178.74699,False,-12.422788862039866,7569.546502549703
1779794343.3277175,BUY_NO,486.0,0.54,0.52,0.0,384.6153846153849,0.4423309657261906,77178.74699,False,0.0,7595.64416413212
1779794343.3323495,BUY_NO,486.0,0.54,0.52,0.0,384.6153846153849,0.4202659879263968,77178.74699,False,0.0,7566.454164132119
1779794343.335428,BUY_NO,486.0,0.54,0.52,0.0,384.6153846153849,0.3832608319111189,77178.74699,False,0.0,7537.264164132119
1779794343.338121,BUY_NO,478.94398992411175,0.54,0.52,0.0,384.6153846153849,0.3306351794925809,77178.74699,False,0.0,7508.497524736672
1779794343.3407109,BUY_NO,230.0520467834766,0.54,0.52,0.0,384.6153846153849,0.2649595899577538,77178.74699,False,0.0,7494.664401929664
1779794343.3433805,SELL_YES,486.0,0.46,0.48,0.0,416.6666666666659,0.19096031149235193,77178.74699,False,-21.82892009176058,7527.364114132033
1779794343.3462265,SELL_YES,486.0,0.46,0.48,0.0,416.6666666666659,0.11392888181820593,77178.74699,False,-21.82892009176058,7517.614114132033
1779794343.3488836,SELL_YES,486.0,0.46,0.48,0.0,416.6666666666659,0.038468741298367526,77178.74699,False,-21.82892009176058,7507.864114132033
1779794343.3533165,SELL_NO,516.0,0.45999999999999996,0.51,0.0,980.3921568627459,0.015944752538721407,77178.74699,False,-38.810559931825765,7416.776829980256
1779794343.355718,BUY_NO,200.12,0.52,0.52,0.0,0.0,0.4636084212253765,77178.74699,False,0.0,7388.709601929662
1779794343.3586512,BUY_NO,200.12,0.52,0.53,0.0,-188.67924528301904,0.44267199288179393,77178.74699,False,0.0,7356.639973879069
1779794343.3612175,BUY_NO,200.12,0.52,0.53,0.0,-188.67924528301904,0.40700009609569676,77178.74699,False,0.0,7346.603973879068
1779794343.6856387,BUY_YES,219.02,0.5,0.5,0.0,0.0,0.40623195918928534,77178.74699,False,0.0,7424.682058030847
1779794343.6889596,SELL_YES,200.12,0.48,0.48,0.0,0.0,0.3902255523073832,77178.74699,False,-4.6717610068371584,7472.343714132032
1779794343.7826097,SELL_YES,176.91,0.47000000000000003,0.47,-1.1810883240693154e-12,-1.1810883240693154e-12,0.206095705725922,77178.74699,False,-5.90250765400539,7498.160742182625
1779794343.7861776,SELL_YES,176.91,0.47000000000000003,0.46,-1.1810883240693154e-12,-217.39130434782626,0.12887318136116505,77178.74699,False,-5.90250765400539,7527.515970233217
1779794344.0935822,BUY_YES,293.93,0.5,0.5,0.0,0.0,0.49,77178.74699,False,0.0,7409.945058030846
1779794344.2512972,BUY_YES,205.0,0.51,0.51,0.0,0.0,0.20085403384095368,77178.74699,False,0.0,7383.4691299802535
1779794344.2546864,BUY_YES,205.0,0.51,0.52,0.0,-192.30769230769246,0.2358107679357253,77178.74699,False,0.0,7361.0932019296615
1779794344.2572806,BUY_YES,205.0,0.51,0.52,0.0,-192.30769230769246,0.26524178370509477,77178.74699,False,0.0,7363.113201929661
1779794344.2601871,BUY_YES,205.0,0.51,0.52,0.0,-192.30769230769246,0.28997671429256133,77178.74699,False,0.0,7365.1332019296615
1779794344.4960968,BUY_YES,266.93,0.5,0.5,0.0,0.0,0.48032966646390163,77178.74699,False,0.0,7401.595058030847
1779794345.272125,SELL_NO,229.0,0.49,0.49,0.0,0.0,0.022006336126842663,77178.74699,False,-9.682022629905617,7412.56168608144
1779794350.4384482,SELL_NO,334.93,0.5,0.5,0.0,0.0,0.49,77178.74699,False,-10.797520696219607,7399.245058030847
1779794351.520296,SELL_NO,269.0,0.49,0.49,0.0,0.0,0.37894045233477147,77178.74699,False,-11.367965447356369,7403.77238608144
1779794351.5268044,SELL_YES,121.25,0.49,0.49,0.0,0.0,0.46798620858347695,77178.74699,False,-1.9428272520076604,7403.74238608144
1779794356.2298043,BUY_YES,307.4654816900638,0.5,0.5,0.0,0.0,0.49,77178.74699,False,0.0,7395.252558030847
1779794357.4238892,SELL_NO,344.93,0.5,0.5,0.0,0.0,0.49,77178.74699,False,-11.119006400582293,7395.222558030848
1779794357.6992712,SELL_NO,269.0,0.49,0.49,0.0,0.0,0.4646900225304351,77178.74699,False,-11.367965447356369,7391.748431264539
1779794357.7754552,SELL_YES,222.37,0.49,0.49,0.0,0.0,0.34729640164899656,77178.74699,False,-3.2993255448846384,7391.7184312645395
1779794360.0183885,BUY_YES,298.62876639156093,0.5,0.5,0.0,0.0,0.49,77178.74699,False,0.0,7390.2188580308475
1779794360.8082135,SELL_NO,344.93,0.5,0.5,0.0,0.0,0.49,77178.74699,False,-11.119006400582293,7390.188858030848
1779794361.0579367,SELL_NO,265.0,0.49,0.49,0.0,0.0,0.4515771810034659,77178.74699,False,-11.199371165611296,7379.8928436006245
1779794362.3699093,SELL_NO,340.93,0.5,0.5,0.0,0.0,0.49,77178.74699,False,-10.990412118837213,7387.478858030849
1779794362.6045716,SELL_NO,265.0,0.49,0.49,0.0,0.0,0.48,77178.74699,False,-11.199371165611296,7371.1235436006245
1779794364.0476325,BUY_YES,128.51000000000002,0.5,0.5,0.0,0.0,0.49,77178.74699,False,0.0,7384.768858030848
1779794364.0505333,BUY_YES,128.51000000000002,0.5,0.51,0.0,-196.0784313725492,0.49,77178.74699,False,0.0,7400.984372461072
1779794364.542944,SELL_NO,120.0,0.49,0.49,0.0,0.0,0.48,77178.74699,False,-5.087828452352291,7366.063343600625
1779794364.549021,SELL_NO,242.70603382842387,0.5,0.5,0.0,0.0,0.49,77178.74699,False,-7.832652023840581,7383.478858030849
1779794400.732505,SETTLE_YES,1987.2574768507848,0.0,0.0,0.0,0.0,0.0,77240.86137893917,False,-1000.3904317200612,6389.850119605456
1779794401.1095498,BUY_NO,319.27,0.5,0.5,0.0,0.0,0.49,77240.79732293866,False,0.0,6389.820119605456
1779794402.9420292,BUY_NO,311.97,0.5,0.5,0.0,0.0,0.49,77240.79732293866,False,0.0,6389.790119605455
1779794403.0635865,BUY_YES,180.29,0.51,0.51,0.0,0.0,0.19449313271667756,77240.79732293866,False,0.0,6383.447719605456
1779794403.3698807,BUY_NO,311.97,0.5,0.5,0.0,0.0,0.49,77240.79732293866,False,0.0,6387.927219605455
1779794403.376867,BUY_YES,170.29,0.51,0.51,0.0,0.0,0.4693682397470551,77240.79732293866,False,0.0,6380.268019605455
1779794403.7107916,SELL_NO,125.93,0.48,0.48,0.0,0.0,0.027401200680020832,77240.79732293866,False,-2.5486000000000004,6392.979719605455
1779794407.0390322,BUY_NO,396.97,0.5,0.5,0.0,0.0,0.49,77240.79732293866,False,0.0,6383.615719605455
1779794407.101251,BUY_NO,346.97,0.5,0.5,0.0,0.0,0.49,77240.79732293866,False,0.0,6383.585719605454
1779794409.657054,SELL_YES,133.81,0.49000000000000005,0.49,-1.1328806373726088e-12,-1.1328806373726088e-12,0.018262988193289587,77240.79732293866,False,-2.7061999999999955,6395.662119605455
1779794413.1833768,SELL_YES,135.12,0.48000000000000004,0.48,-1.1564823173178715e-12,-1.1564823173178715e-12,0.015880434445745772,77240.79732293866,False,-4.083600000000004,6409.076619605454
1779794422.9132912,BUY_NO,142.26894951849863,0.4799999999999999,0.48,-1.1564823173178715e-12,-1.1564823173178715e-12,0.51,77240.79732293866,False,0.0,6414.737377586194
1779794422.9172943,BUY_NO,142.26894951849863,0.4799999999999999,0.48,-1.1564823173178715e-12,-1.1564823173178715e-12,0.51,77240.79732293866,False,0.0,6420.398135566934
1779794426.8119752,BUY_YES,262.28,0.53,0.53,0.0,0.0,0.4011885862612149,77240.79732293866,False,0.0,6332.162740615084
1779794426.8191028,SELL_YES,343.92999999999995,0.52,0.52,0.0,0.0,0.51,77240.79732293866,False,-1.8362999999999943,6347.151019605454
1779794426.831042,BUY_YES,365.0,0.54,0.54,0.0,0.0,0.44999999999999996,77240.79732293866,False,0.0,6310.205861624714
1779794426.8702419,SELL_YES,365.0,0.52,0.52,0.0,0.0,0.51,77240.79732293866,False,-7.3300000000000125,6339.7910196054545
1779794427.0615857,BUY_YES,785.0,0.55,0.55,0.0,0.0,0.43999999999999995,77240.79732293866,False,0.0,6284.388282634345
1779794427.0857513,SELL_YES,178.37,0.52,0.52,0.0,0.0,0.51,77240.79732293866,False,-5.3811000000000035,6316.181019605454
1779794427.2605968,SELL_YES,606.63,0.52,0.52,0.0,0.0,0.51,77240.79732293866,False,-18.228899999999953,6316.151019605454
1779794493.41431,BUY_YES,301.58,0.53,0.53,0.0,0.0,0.4272755779014207,77240.79732293866,False,0.0,6297.663440615084
1779794494.459613,SELL_YES,301.58,0.52,0.52,0.0,0.0,0.51,77240.79732293866,False,-3.045800000000014,6313.075219605454
1779794496.4419267,BUY_YES,327.0,0.54,0.54,0.0,0.0,0.42437160719312184,77240.79732293866,False,0.0,6276.130061624714
1779794509.108633,SELL_YES,327.0,0.52,0.52,0.0,0.0,0.51,77240.79732293866,False,-6.570000000000022,6306.475219605454
1779794509.142983,BUY_YES,790.0,0.55,0.55,0.0,0.0,0.43999999999999995,77240.79732293866,False,0.0,6251.072482634345
1779794509.1459603,BUY_YES,790.0,0.55,0.56,0.0,-178.5714285714287,0.43999999999999995,77240.79732293866,False,0.0,6248.384903643975
1779794509.149276,BUY_YES,790.0,0.55,0.56,0.0,-178.5714285714287,0.43999999999999995,77240.79732293866,False,0.0,6256.254903643975
1779794509.1524456,BUY_YES,790.0,0.55,0.56,0.0,-178.5714285714287,0.43999999999999995,77240.79732293866,False,0.0,6264.124903643975
1779794509.1554596,BUY_YES,790.0,0.55,0.56,0.0,-178.5714285714287,0.4346118390189222,77240.79732293866,False,0.0,6271.994903643974
1779794509.158489,BUY_YES,790.0,0.55,0.56,0.0,-178.5714285714287,0.4185276382502965,77240.79732293866,False,0.0,6279.864903643975
1779794509.1613162,BUY_YES,790.0,0.55,0.56,0.0,-178.5714285714287,0.39320281229046783,77240.79732293866,False,0.0,6287.734903643974
1779794509.1658483,BUY_YES,790.0,0.55,0.56,0.0,-178.5714285714287,0.35810397413821193,77240.79732293866,False,0.0,6295.6049036439745
1779794509.1687255,BUY_YES,790.0,0.55,0.56,0.0,-178.5714285714287,0.31425426671088375,77240.79732293866,False,0.0,6303.474903643973
1779794509.189858,BUY_YES,790.0,0.55,0.56,0.0,-178.5714285714287,0.26379186023754175,77240.79732293866,False,0.0,6311.344903643973
1779794513.8997664,SELL_YES,230.21000000000004,0.52,0.52,0.0,0.0,0.51,77240.79732293866,False,-6.936300000000031,6069.145219605454
1779794528.8251681,SELL_YES,849.06,0.52,0.52,0.0,0.0,0.51,77240.79732293866,False,-25.501800000000117,6069.115219605454
1779794533.4120197,SELL_NO,181.58,0.47,0.47,0.0,0.0,0.3406519218027131,77240.79732293866,False,-4.917560687009981,5809.441814557304
1779794533.4164102,SELL_YES,828.22,0.52,0.52,0.0,0.0,0.51,77240.79732293866,False,-24.876600000000053,6067.239419605454
1779794533.6261444,SELL_YES,807.38,0.52,0.52,0.0,0.0,0.51,77240.79732293866,False,-24.251400000000103,6067.209419605453
1779794533.677682,SELL_NO,181.58,0.47,0.47,0.0,0.0,0.45999999999999996,77240.79732293866,False,-4.917560687009981,5880.237014557304
1779794533.6824586,SELL_YES,786.54,0.52,0.52,0.0,0.0,0.51,77240.79732293866,False,-23.626200000000097,6065.333619605454
1779794533.9981287,SELL_NO,327.0,0.45999999999999996,0.45999999999999996,0.0,0.0,0.18125290408460826,77240.79732293866,False,-12.101808264413847,5864.184093547674
1779794534.0017788,SELL_NO,327.0,0.45999999999999996,0.44999999999999996,0.0,-222.22222222222243,0.11954662935686633,77240.79732293866,False,-12.101808264413847,5802.294172538043
1779794534.1515374,BUY_NO,203.41647134432742,0.48,0.48,0.0,0.0,0.51,77240.79732293866,False,0.0,5917.500594420706
1779794534.420854,SELL_YES,562.2835286556726,0.52,0.52,0.0,0.0,0.51,77240.79732293866,False,-16.89850585967025,6052.1336196054535
1779794550.1100125,SELL_NO,181.58,0.47,0.47,0.0,0.0,0.45999999999999996,77240.79732293866,False,-4.31209749027667,5900.994214557303
1779794550.1143777,SELL_YES,744.86,0.52,0.52,0.0,0.0,0.51,77240.79732293866,False,-22.375800000000083,6050.257819605454
1779794552.8041012,SELL_NO,327.0,0.45999999999999996,0.45999999999999996,0.0,0.0,0.06018033778139198,77240.79732293866,False,-11.011454341449905,5889.607093547674
1779794552.8085542,SELL_NO,327.0,0.45999999999999996,0.44999999999999996,0.0,-222.22222222222243,0.009913924211518155,77240.79732293866,False,-11.011454341449905,5834.466972538044
1779794554.1445765,BUY_NO,744.86,0.48,0.48,0.0,0.0,0.51,77240.79732293866,False,0.0,5951.081735566933
1779794554.2095075,SELL_NO,141.58,0.47000000000000003,0.47,-1.1810883240693154e-12,-1.1810883240693154e-12,0.13311742711513058,77240.79732293866,False,-1.8471020470561967,5921.055414557304
1779794560.5108137,SELL_NO,149.99999999999997,0.47,0.47,0.0,0.0,0.2946169754744281,77240.79732293866,False,-1.9551681526940996,5912.0254145573035
1779794560.5142133,SELL_NO,149.99999999999997,0.47,0.45999999999999996,0.0,-217.3913043478263,0.23989983324490494,77240.79732293866,False,-1.9551681526940996,5877.078093547674
1779794560.7214024,BUY_NO,772.77,0.48,0.48,0.0,0.0,0.51,77240.79732293866,False,0.0,5959.793535566934
1779794561.5533774,SELL_NO,291.58,0.47000000000000003,0.47,-1.1810883240693154e-12,-1.1810883240693154e-12,0.46,77240.79732293866,False,-3.270361185284628,5924.079114557304
1779794561.557086,SELL_NO,291.58,0.47000000000000003,0.45999999999999996,-1.1810883240693154e-12,-217.39130434782751,0.46,77240.79732293866,False,-3.270361185284628,5882.533093547674
1779794571.7646637,BUY_NO,563.6795983259574,0.4799999999999999,0.48,-1.1564823173178715e-12,-1.1564823173178715e-12,0.51,77240.79732293866,False,0.0,5953.092719499972
1779794572.0211394,SELL_NO,171.58,0.47,0.47,0.0,0.0,0.1624723225066207,77240.79732293866,False,-1.8508695080534352,5924.383494473602
1779794572.0254998,SELL_YES,667.77,0.52,0.52,0.0,0.0,0.51,77240.79732293866,False,-20.06310000000002,6024.854619605454
1779794580.1850636,BUY_NO,219.76850019820063,0.48,0.48,0.0,0.0,0.51,77240.79732293866,False,0.0,5979.925259507901
1779794581.152475,SELL_YES,448.00149980179935,0.52,0.52,0.0,0.0,0.51,77240.79732293866,False,-13.470044994054064,6024.7946196054545
1779794581.6277907,SELL_YES,667.77,0.52,0.52,0.0,0.0,0.51,77240.79732293866,False,-20.06310000000002,6024.764619605454
1779794582.1725934,BUY_NO,145.46717121329175,0.4799999999999999,0.48,-1.1564823173178715e-12,-1.1564823173178715e-12,0.51,77240.79732293866,False,0.0,6030.2848063485035
1779794582.184235,SELL_YES,520.2128287867082,0.52,0.52,0.0,0.0,0.51,77240.79732293866,False,-15.636384863601279,6024.704619605454
1779794582.2360518,SELL_NO,109.77,0.47,0.47,0.0,0.0,0.2941345979770317,77240.79732293866,False,-1.17794852584165,6051.036794473602
1779794582.6892152,BUY_NO,187.06329788534913,0.48,0.48,0.0,0.0,0.51,77240.79732293866,False,0.0,6052.997351415386
1779794582.6966238,SELL_YES,523.9467021146509,0.52,0.52,0.0,0.0,0.51,77240.79732293866,False,-15.748401063439587,6023.516919605454
1779794582.8161037,BUY_YES,104.77,0.53,0.53,0.0,0.0,0.45999999999999996,77240.79732293866,False,0.0,6010.884844631824
1779794587.7351182,SELL_YES,368.51544064116786,0.52,0.52,0.0,0.0,0.51,77240.79732293866,False,-8.990063219235083,6022.4092196054535
1779794609.0149615,BUY_NO,111.99,0.47,0.47,0.0,0.0,0.5170267197480469,77240.79732293866,False,0.0,6105.29626650566
1779794610.6004934,BUY_YES,361.01,0.53,0.53,0.0,0.0,0.45999999999999996,77240.79732293866,False,0.0,6007.109690225412
1779794610.6077347,BUY_YES,361.01,0.53,0.54,0.0,-185.18518518518536,0.45999999999999996,77240.79732293866,False,0.0,5997.940460845371
1779794610.6255035,BUY_YES,361.01,0.53,0.53,0.0,0.0,0.45999999999999996,77240.79732293866,False,0.0,6007.049690225412
1779794610.6818771,SELL_YES,614.48,0.52,0.52,0.0,0.0,0.49489760916122016,77240.79732293866,False,-6.174800000000062,6012.548819605453
1779794612.8214889,SELL_NO,120.0,0.47,0.47,0.0,0.0,0.17212648135501718,77240.79732293866,False,-1.192742746989488,6063.688466505659
1779794613.9479773,SELL_YES,468.54999999999995,0.52,0.52,0.0,0.0,0.51,77240.79732293866,False,-4.715500000000048,6011.288819605453
1779794614.220476,BUY_YES,481.01,0.53,0.53,0.0,0.0,0.45999999999999996,77240.79732293866,False,0.0,5996.099390225412
1779794616.6926637,SELL_YES,212.22000000000003,0.52,0.52,0.0,0.0,0.51,77240.79732293866,False,-2.1522000000000077,6006.418719605454
1779794616.715969,SELL_NO,1418.81,0.45999999999999996,0.45999999999999996,0.0,0.0,0.0257819487891765,77240.79732293866,False,-27.965691973801313,5967.713095885701
1779794620.0275812,BUY_NO,678.68,0.48,0.48,0.0,0.0,0.51,77240.79732293866,False,0.0,5998.263437125618
1779794624.4160554,BUY_NO,673.68,0.4799999999999999,0.48,-1.1564823173178715e-12,-1.1564823173178715e-12,0.51,77240.79732293866,False,0.0,6025.180637125618
1779794625.8416576,BUY_NO,126.61091162049843,0.48,0.48,0.0,0.0,0.51,77240.79732293866,False,0.0,6030.215073590438
1779794626.31921,SELL_YES,268.78999999999996,0.52,0.52,0.0,0.0,0.51,77240.79732293866,False,-2.7179000000000144,5977.892519605453
1779794700.1461577,SETTLE_NO,1576.1038496246224,1.0,1.0,0.0,0.0,0.0,77163.960785,True,819.5741593585277,6797.466521410257
1779794703.0022266,BUY_NO,114.64,0.49,0.49,0.0,0.0,0.06624253444214356,77163.960785,False,0.0,6799.729321410257
1779794703.373965,BUY_NO,184.64,0.49,0.49,0.0,0.0,0.5,77163.960785,False,0.0,6803.3921214102575
1779794703.4646378,BUY_NO,172.4,0.49,0.49,0.0,0.0,0.5,77163.960785,False,0.0,6806.810121410257
1779794715.2355084,BUY_YES,101.25,0.52,0.52,0.0,0.0,0.2559953784735808,77163.960785,False,0.0,6792.629721410256
1779794715.2666306,BUY_NO,409.65,0.5,0.5,0.0,0.0,0.49,77163.960785,False,0.0,6800.008321410257
1779794715.2820761,BUY_YES,398.77,0.53,0.53,0.0,0.0,0.45999999999999996,77163.960785,False,0.0,6776.575921410257
1779794715.5175612,BUY_NO,103.36,0.51,0.51,0.0,0.0,0.48,77163.960785,False,0.0,6782.104921410257
1779794715.742756,BUY_YES,164.47753810844654,0.54,0.54,0.0,0.0,0.18204819808982597,77163.960785,False,0.0,6767.534821410258
1779794726.911322,BUY_YES,440.52246189155346,0.54,0.54,0.0,0.0,0.44999999999999996,77163.960785,False,0.0,6767.504821410257
1779794726.917372,BUY_YES,360.0,0.53,0.53,0.0,0.0,0.45999999999999996,77163.960785,False,0.0,6766.271521410257
1779794726.9217055,BUY_YES,360.0,0.53,0.55,0.0,-363.6363636363639,0.45999999999999996,77163.960785,False,0.0,6783.048121410257
1779794726.9260619,BUY_YES,360.0,0.53,0.55,0.0,-363.6363636363639,0.45999999999999996,77163.960785,False,0.0,6790.2181214102575
1779794726.929745,BUY_YES,360.0,0.53,0.55,0.0,-363.6363636363639,0.45999999999999996,77163.960785,False,0.0,6797.388121410258
1779794726.9395084,SELL_NO,600.0,0.48,0.48,0.0,0.0,0.47,77163.960785,False,-9.785720074338087,6664.135021410258
1779794727.031359,SELL_NO,384.68999999999994,0.4499999999999999,0.44999999999999996,1.2335811384723962e-12,1.2335811384723962e-12,0.4399999999999999,77163.960785,False,-17.825579925661913,6560.826121410258
1779794741.394454,BUY_NO,120.81,0.49,0.49,0.0,0.0,0.46475026693106114,77163.960785,False,0.0,6665.0131214102585
1779794741.4034696,SELL_NO,120.81,0.48,0.48,0.0,0.0,0.47,77163.960785,False,-1.2381000000000029,6635.908621410258
1779794741.4905152,BUY_NO,409.65,0.5,0.5,0.0,0.0,0.225807374586809,77163.960785,False,0.0,6686.779021410259
1779794741.5831115,SELL_NO,409.65,0.48,0.48,0.0,0.0,0.47,77163.960785,False,-8.223000000000013,6627.655621410258
1779794741.944235,BUY_NO,103.36,0.51,0.51,0.0,0.0,0.47045155080900203,77163.960785,False,0.0,6701.909021410259
1779794751.049565,SELL_NO,103.36,0.49,0.49,0.0,0.0,0.48,77163.960785,False,-2.097200000000001,6650.978621410259
1779794760.2229853,BUY_NO,235.6185998198452,0.5,0.5,0.0,0.0,0.07266905357840414,77163.960785,False,0.0,6676.398821410259
1779794760.32925,SELL_NO,235.6185998198452,0.49,0.49,0.0,0.0,0.48,77163.960785,False,-2.3861859981984566,6648.56243541206
1779794760.4341109,BUY_NO,203.0814001801548,0.5,0.5,0.0,0.0,0.3947543531137201,77163.960785,False,0.0,6673.98263541206
1779794760.4411006,SELL_NO,157.9914001801548,0.48999999999999994,0.49,1.1328806373726088e-12,1.1328806373726088e-12,0.4799999999999999,77163.960785,False,-1.609914001801556,6647.373421410259
1779794760.4612567,SELL_YES,108.36,0.48999999999999994,0.49,1.1328806373726088e-12,1.1328806373726088e-12,0.02684042553271232,77163.960785,False,-4.57888299031049,6647.343421410258
1779794769.1710088,BUY_NO,432.82,0.5,0.5,0.0,0.0,0.41837075620939945,77163.960785,False,0.0,6671.229121410259
1779794769.2297184,SELL_NO,477.90999999999997,0.49,0.49,0.0,0.0,0.48,77163.960785,False,-4.809100000000001,6642.053421410258
1779794769.2822165,BUY_NO,108.36,0.51,0.51,0.0,0.0,0.48,77163.960785,False,0.0,6688.589421410258
1779794769.7823906,SELL_NO,108.36,0.48999999999999994,0.49,1.1328806373726088e-12,1.1328806373726088e-12,0.019018094425637788,77163.960785,False,-2.1972000000000094,6639.826221410258
1779794784.767,BUY_NO,180.12,0.52,0.52,0.0,0.0,0.47,77163.960785,False,0.0,6705.691221410259
1779794784.772037,SELL_NO,128.12,0.48,0.48,0.0,0.0,0.47,77163.960785,False,-5.154800000000002,6610.274821410258
1779794784.7771363,BUY_NO,390.32,0.53,0.53,0.0,0.0,0.45999999999999996,77163.960785,False,0.0,6706.058621410259
1779794784.780719,BUY_NO,390.32,0.53,0.54,0.0,-185.18518518518536,0.45999999999999996,77163.960785,False,0.0,6698.649621410259
1779794784.7881777,SELL_NO,115.32,0.47,0.47,0.0,0.0,0.45612544076404415,77163.960785,False,-6.877180399692541,6579.419021410258
1779794784.7912602,SELL_NO,115.32,0.47,0.47,0.0,0.0,0.4504455801442824,77163.960785,False,-6.877180399692541,6572.469821410259
1779794784.7941842,BUY_NO,120.00000000000001,0.51,0.51,0.0,0.0,0.47611060768072566,77163.960785,False,0.0,6643.426221410259
1779794784.7969263,SELL_NO,235.32,0.47,0.47,0.0,0.0,0.45522797071633847,77163.960785,False,-13.244436710095144,6560.690621410258
1779794793.6923683,BUY_NO,422.82,0.5,0.5,0.0,0.0,0.49,77163.960785,False,0.0,6619.160021410259
1779794794.0272825,SELL_NO,423.61,0.49,0.49,0.0,0.0,0.48,77163.960785,False,-10.194871266639979,6595.386221410259
1779794795.0438244,BUY_NO,258.36,0.51,0.51,0.0,0.0,0.48,77163.960785,False,0.0,6629.20442141026
1779794809.769128,SELL_NO,128.12,0.48,0.48,0.0,0.0,0.47,77163.960785,False,-4.207827719722509,6573.27732141026
1779794809.7747073,SELL_NO,128.12,0.48,0.47,0.0,-212.76595744680873,0.47,77163.960785,False,-4.207827719722509,6548.63602141026
1779794809.7775252,SELL_NO,128.12,0.48,0.47,0.0,-212.76595744680873,0.47,77163.960785,False,-4.207827719722509,6542.200021410259
1779794810.514465,SELL_NO,235.32,0.47,0.49,0.0,408.1632653061228,0.019081151784118067,77163.960785,False,-10.056681259796292,6574.292621410259
1779794810.5741801,SELL_NO,124.57,0.49,0.49,0.0,0.0,0.48,77163.960785,False,-2.8463668049159594,6571.7712214102585
